 MeshVersionFormatted 2
 Dimension
 3
 Vertices
 5353
      196.92209233845          -121.90414894119           20.161265612903      0
      196.92209233845          -121.90414894119           26.401955218725      0
      196.95233482719          -105.59125301993           20.161265612903      0
      196.92209233845          -105.60414894119           26.411265612903      0
      196.95848100187          -115.75425659537           20.161265612903      0
      196.95848100187          -115.75425659537           26.411265612903      0
      196.95848100187          -99.454256595371           20.161265612903      0
      196.95848100187          -99.454256595371           26.411265612903      0
      201.90274188438          -125.18360957021           20.161265612903      0
      201.90274188438          -125.18360957021           26.511265612903      0
      201.90274188438          -108.88360957021           20.161265612903      0
      201.90274188438          -108.88360957021           26.511265612903      0
      201.92200481472          -121.93373322039           20.161265612903      0
      201.92200481472          -121.93373322039           26.411265612903      0
      201.92200481472          -105.63373322039           20.161265612903      0
      201.92200481472          -105.63373322039           26.411265612903      0
      201.95839347814          -115.78384087457           20.161265612903      0
      201.95839347814          -115.78384087457           26.411265612903      0
      201.95839347814          -99.483840874573           20.161265612903      0
      201.95839347814          -99.483840874573           26.411265612903      0
      201.97749901077          -112.55489653204           20.161265612903      0
      201.97757951976          -112.54129005179           26.511265612904      0
      201.97757951976           -96.24129005179           20.161265612903      0
      201.97757951976           -96.24129005179           26.511265612904      0
      207.37703497978          -125.24106774153           20.161265612903      0
      207.59981384823          -108.94238591506           20.161265612903      0
      207.54883388491          -108.94208426868           26.496482566071      0
      207.02185659449          -112.55674811167           20.161265612903      0
      207.39106050707          -112.55072581903           26.511265612904      0
      207.45217904896           -96.24129005179           20.161265612903      0
      207.80107831603          -96.243354474593           26.511265612904      0
      211.27341694057          -125.26412247546           26.511265612904      0
      212.20965975359          -108.96966218619           26.511265612904      0
      210.59576498189          -122.08505725779           20.161265612903      0
      210.59576498189          -122.08505725779           26.511265612904      0
      210.59576498189          -105.78505725779           20.161265612903      0
      210.59595000033          -105.75378808295           26.511265612903      0
      210.63333701648          -115.73516841292           20.161265612903      0
      210.63333701648          -115.73516841292           26.511265612904      0
      210.63333701648          -99.435168412915           20.161265612903      0
      210.63333701648          -99.435168412915           26.511265612904      0
      211.85335549157          -112.56733163418           26.511265612903      0
       213.6644249187          -125.27826997263           23.336265612903      0
       213.6644249187          -108.97826997263           23.336265612903      0
      213.68321093599          -122.10332555019           23.336265612903      0
      213.68321093599          -105.80332555019           23.336265612903      0
      213.71851672259          -125.27859003164           22.925390378803      0
      213.72138943904          -125.27860702938           23.754076319427      0
      213.71851672259          -108.97859003164           22.925390378803      0
      213.70196305961          -108.97849208428           23.756294028938      0
      213.72078297058          -115.75343670532           23.336265612903      0
      213.71225717362          -99.453386258527            23.26209748686      0
      213.73730273988           -122.1036456092           22.925390378803      0
      213.73730273988           -122.1036456092           23.747140847004      0
      213.73437246415          -105.80362827088           22.947648422349      0
      213.73551783657            -105.803635048           23.778377569734      0
      213.77487477447          -115.75375676433           22.925390378803      0
      213.77147252848          -115.75373663338           23.737986933426      0
      213.77487477447           -99.45375676433           23.747140847004      0
       213.7884895069          -112.57878174361           22.964670874638      0
      213.76384740941          -112.60800027062           23.522001481972      0
       213.7884895069          -96.278781743612           22.964670874638      0
      213.73377604949          -96.278458006305           23.607917493588      0
       213.8771058672          -125.27952839717           22.542515612904      0
      213.87314526446          -125.27950496244             24.1562161782      0
      213.86306289879          -108.97944530549           22.576418931179      0
       213.8771058672          -108.97952839717           24.130015612903      0
       213.8958918845          -122.10458397473           22.542515612904      0
       213.8958918845          -122.10458397473           24.130015612903      0
       213.8958918845          -105.80458397473           22.542515612904      0
       213.8958918845          -105.80458397473           24.130015612903      0
      213.93346391908          -115.75469512986           22.542515612904      0
      213.93346391908          -115.75469512986           24.130015612903      0
      213.93346391908          -99.454695129863           22.542515612904      0
      213.93346391908          -99.454695129863           24.130015612903      0
      213.95224993638          -112.57975070743           22.542515612904      0
      213.95224993638          -112.57975070743           24.130015612903      0
      213.95224993638          -96.279750707427           22.542515612904      0
      213.98428077253          -96.279940232585           24.171759742018      0
      214.12938476442          -125.28102112117            22.21373359777      0
      214.12938476442          -125.28102112117           24.458797628037      0
      214.12938476442          -108.98102112116            22.21373359777      0
      214.12938476442          -108.98102112117           24.458797628037      0
      214.14817078171          -122.10607669873            22.21373359777      0
      214.14817078172          -122.10607669873           24.458797628037      0
      214.14817078171          -105.80607669873            22.21373359777      0
      214.14817078172          -105.80607669873           24.458797628037      0
       214.1857428163          -115.75618785386            22.21373359777      0
       214.1857428163          -115.75618785386           24.458797628037      0
       214.1714562957          -99.456103321096           22.232352479823      0
       214.1857428163          -99.456187853859           24.458797628037      0
      214.20452883359          -112.58124343142            22.21373359777      0
      214.25305853771          -112.58153057971           24.536458159979      0
      214.20452883359          -96.281243431424            22.21373359777      0
      214.27687808365             -96.281671519           24.524936181947      0
      214.45816102431          -125.28296647695           21.961450284396      0
      214.45816102431          -125.28296647695           24.711080941411      0
      214.48772227489          -108.98314138967           21.949205399142      0
      214.45816102431          -108.98296647695           24.711080941411      0
       214.4769470416          -122.10802205452           21.961450284396      0
       214.4769470416          -122.10802205452           24.711080941411      0
       214.4769470416          -105.80802205452           21.961450284396      0
       214.4769470416          -105.80802205452           24.711080941411      0
      214.62987622982          -115.75881577324           21.897821946906      0
      214.51451907619          -115.75813320965           24.711080941411      0
      214.58662751026          -99.458559872323           24.764268249486      0
      214.67859334723          -112.58404845191           21.863177339397      0
      214.55073309334          -96.322008251657           21.954136356484      0
      214.84102908808          -125.28523189175            21.80285836367      0
      214.84102908808          -125.28523189175           24.869672862137      0
      214.94551211367          -108.98585011357           21.787540306393      0
      214.84102908808          -108.98523189175           24.869672862137      0
      214.85981510538          -122.11028746931            21.80285836367      0
      214.89104029882          -122.11047222751           24.873783808802      0
      214.89176175512          -105.81047649634           21.798652433817      0
      214.80896531633          -105.80998659317           24.848609821167      0
      214.89738713996          -115.76039862444           24.869672862137      0
      214.90076667529          -99.460418621014           21.763756657417      0
      214.77762919156          -112.58463444298           24.846943869709      0
      214.91617315726          -96.285454202005            21.80285836367      0
      214.96660568839          -96.285752609245           24.913328932954      0
      215.25189712992          -125.28766298128           20.161265612903      0
      215.29518574337          -125.28791911824           21.754464766744      0
      215.25189712992          -125.28766298128           24.923765612904      0
      214.80652915754          -125.28502775706           26.511265612904      0
      215.21126812558          -108.98742258111           20.194403608469      0
      215.32955941422          -108.98812250586           21.758990225579      0
      215.25189712992          -108.98766298127           24.923765612904      0
      214.71867207614          -108.98450791027           26.511265612904      0
      214.87158246536           -122.1103570963           20.161265612903      0
      215.29046810131          -122.11283562561           21.718908770119      0
      215.27068314721          -122.11271855884           24.923765612904      0
      215.27068314721          -122.11271855884           26.511265612904      0
      215.06085832114          -105.81147703386           20.161265612903      0
      215.27068314721          -105.81271855884           21.748765612904      0
      215.27068314721          -105.81271855884           24.923765612904      0
      215.27068314721          -105.81271855884           26.511265612904      0
      215.13551467225          -115.76180761538           20.164400958452      0
      215.19305305676          -115.76214806767           21.763932525886      0
       215.3082551818          -115.76282971397           24.923765612904      0
       215.3035298016          -115.76280175409           26.511265612904      0
      214.84194828605          -99.460070594992           20.161265612903      0
       215.3082551818          -99.462829713969           24.923765612904      0
      214.88061739016          -99.460299398511           26.511265612904      0
      215.32704119909          -112.58788529153           20.161265612903      0
      215.32704119909          -112.58788529153           21.748765612904      0
      215.32704119909          -112.58788529153           24.923765612904      0
       214.8086254035          -112.58481784631           26.511265612904      0
      215.17462678899          -96.286983461654           20.161265612903      0
      215.32704119909          -96.287885291533           21.748765612904      0
      215.12915387454          -96.286714400265           26.511265612904      0
      215.66276517175           -125.2900940708            21.80285836367      0
      215.66276517175           -125.2900940708           24.869672862137      0
      215.66276517175           -108.9900940708            21.80285836367      0
      215.67362206535           -108.9901583106           24.865175710842      0
      215.69826526609          -122.11524854488           21.765558147651      0
      215.68155118905          -122.11514964837           24.869672862137      0
      215.70964810951          -105.81531589671           21.814496692911      0
      215.68155118905          -105.81514964837           24.869672862137      0
      215.71912322363           -115.7652608035            21.80285836367      0
      215.72921339408          -115.76532050663           24.865493303528      0
      215.71912322363          -99.465260803497            21.80285836367      0
      215.71912322363          -99.465260803498           24.869672862137      0
      215.73790924093          -112.59031638106            21.80285836367      0
      215.73790924093          -112.59031638106           24.869672862137      0
       215.7630395433          -96.311985006992           21.813320599906      0
      215.73790924093          -96.290316381062           24.869672862137      0
      216.02372383043          -125.24846828272           21.952267700118      0
      216.04563323553           -125.2923594856           24.711080941411      0
      216.04563323553           -108.9923594856           21.961450284396      0
      216.04563323553           -108.9923594856           24.711080941411      0
      216.06441925282          -122.11741506316           24.711080941411      0
      231.46320424427          -108.09129005179           20.161265612903      0
      216.06441925282          -105.81741506316           24.711080941411      0
      216.01720577387          -125.24815315293           20.261987866692      0
      215.89172548801           -125.2914488197           26.427029136996      0
      216.10400443677          -108.99270486563           20.282031507201      0
      216.07363321359          -108.99252516033           26.403080111371      0
      216.03541572376          -122.11724345046           20.263544921107      0
      216.09241923088           -122.1175807379           26.403080111371      0
      215.95255034458          -105.81675313937            20.25103670388      0
      216.09241923088           -105.8175807379           26.403080111371      0
      216.11881411113          -115.76762575826           21.974359117018      0
      216.11764849493          -115.76761886135           24.699066533211      0
      216.10199128741          -99.467526218292           21.961450284396      0
      216.10199128741          -99.467526218292           24.711080941411      0
       216.1207773047          -112.59258179586           21.961450284396      0
       216.1207773047          -112.59258179586           24.711080941411      0
       216.1207773047          -96.292581795857           21.961450284396      0
       216.1207773047          -96.292581795857           24.711080941411      0
      216.06145730608          -115.76728638037           20.260428289571      0
      216.12999126547          -115.76769189303           26.403080111371      0
      216.14347435318          -99.467771671909           20.275036089994      0
      215.95976557202          -99.466684674506           26.425491141366      0
      216.11093416258          -112.59252355438           20.291603919624      0
      216.14877728276          -112.59274747059           26.403080111371      0
      216.20253059595          -96.323690505114           20.291791912517      0
      216.14877728276          -96.292747470591           26.403080111371      0
      216.37440949542          -125.29430484138            22.21373359777      0
      216.43595213285          -125.28824662526           24.378641820252      0
      216.39808392733          -108.99444492204           22.244587258215      0
      216.37440949542          -108.99430484139           24.458797628037      0
      216.30158969852          -122.11881839107           22.143440753827      0
      216.39319551271          -122.11936041895           24.458797628037      0
       216.3715775138          -105.81923250613           22.197145233405      0
      216.39319551271          -105.81936041895           24.458797628037      0
       216.4307675473          -115.76947157408            22.21373359777      0
       216.4307675473          -115.76947157408           24.458797628037      0
       216.4307675473          -99.469471574079            22.21373359777      0
       216.4307675473          -99.469471574079           24.458797628037      0
      216.44955356459          -112.59452715164            22.21373359777      0
       216.4182129533          -112.63198511167           24.482675638686      0
       216.4386226649          -96.294462473953           22.194480453659      0
      216.44955356459          -96.294527151643           24.458797628037      0
      216.62668839264          -125.29579756538           22.542515612904      0
      216.62668839264          -125.29579756538           24.130015612903      0
      216.62668839264          -108.99579756538           22.542515612904      0
      216.62668839264          -108.99579756538           24.130015612903      0
      216.64547440993          -122.12085314295           22.542515612904      0
      216.64734753739          -122.12086422617           24.125493404019      0
      216.64547440993          -105.82085314295           22.542515612904      0
      216.68748471144           -105.8211017162           24.070144077322      0
      216.71616716247          -115.77116027202           22.563273671583      0
      216.68304644452          -115.77096429808           24.130015612903      0
      216.68304644452          -99.470964298075           22.542515612904      0
      216.69082098409           -99.47101029971           24.138614349739      0
      216.70183246181          -112.59601987564           22.542515612904      0
      216.70183246181          -112.59601987564           24.130015612903      0
      216.70183246181          -96.296019875639           22.542515612904      0
      216.78527753725          -125.29673593091           22.925390378803      0
      216.78527753725          -125.29673593091           23.747140847004      0
      216.78527753725          -108.99673593091           22.925390378803      0
      216.78527753725          -108.99673593091           23.747140847004      0
      216.80406355454          -122.12179150848           22.925390378803      0
      216.80406355454          -122.12179150848           23.747140847004      0
      216.80406355454          -105.82179150848           22.925390378803      0
      216.83409388359          -125.27203522031           20.584388506123      0
      216.83936934114          -125.29705598992           23.336265612903      0
      216.83936934114          -125.29705598992           26.085896269919      0
      216.83936934114          -108.99705598992           20.586634955888      0
      216.83936934114          -108.99705598992           23.336265612903      0
      216.83936934114          -108.99705598992           26.085896269919      0
      216.84163558913          -115.77190266361           23.747140847004      0
      216.84163558913          -99.471902663607           22.925390378803      0
      216.84163558913          -99.471902663607           23.747140847004      0
      216.85815535843          -122.12211156749           20.586634955888      0
      216.85211724787          -122.15219158018           23.291754298106      0
      216.85815535843          -122.12211156749           26.085896269919      0
      216.78767074741          -105.84614577524           20.557498689172      0
      216.85815535843          -105.82211156749           23.336265612903      0
      216.70399569811          -105.82119941103           26.149752409778      0
      216.86042160642          -112.59695824117           22.925390378803      0
      216.86544654773          -112.59906477385           23.708878622689      0
      216.86042160642          -96.296958241172           22.925390378803      0
      216.89280777689          -96.297149868828           23.770037665022      0
      216.88200358844          -115.77214151942           20.619237619819      0
      216.89572739302          -115.77222272262           23.336265612903      0
      216.89572739302          -115.77222272262           26.085896269919      0
      216.92106892709          -99.472372667444           20.606080539287      0
      216.89572739302          -99.472222722615           23.336265612903      0
      216.89572739302          -99.472222722616           26.085896269919      0
      216.91451341031          -112.59727830018           20.586634955888      0
      216.91451341031          -112.59727830018           23.336265612903      0
      216.93276153344          -112.59738627358           26.071893747449      0
      216.91451341031           -96.29727830018           20.586634955888      0
      216.82230145557          -96.296732685786           26.124092380798      0
      217.43160620238          -125.30056023139           21.041082237778      0
      217.49692186091          -125.30094670149           25.581329643171      0
      217.49829310913          -109.00095481512           21.092988659381      0
      217.33276366964          -108.99997538414           25.707294858622      0
      217.55398742897          -122.12622877761           21.141089337725      0
       217.4809677163           -122.1382891879           25.607930455771      0
      217.51570787821          -105.82600227906           21.091201582636      0
      217.51570787821          -105.82600227906           25.581329643171      0
      217.53568584259          -115.75018928914           21.077583714215      0
      217.51873438175          -115.77590902968           25.607837825476      0
      217.56303045827          -99.442890646464           21.103652337655      0
      217.44049383944           -99.47544608357           25.645344632308      0
      217.57206593009          -112.60116901175           21.091201582636      0
      217.56695758813           -112.6011387859           25.585249480433      0
      217.57892076857          -96.301209571554           21.100135138455      0
      217.54578944257          -96.301013534843           25.601492654144      0
      218.00147965535          -125.30393214949           21.748765612904      0
      218.00147965535          -125.30393214949           24.923765612904      0
       217.9453669057          -109.00360013262           21.675636773716      0
          217.9126629          -109.00340662435           25.039515888188      0
      218.05073120756          -122.13691842694           21.822427919506      0
      217.96380191642           -122.1286536333           24.953090609347      0
      218.02026567264          -105.82898772705           21.748765612904      0
      218.04422922801          -105.82912951844           24.865911459823      0
      218.05783770723          -115.77909888218           21.748765612904      0
      218.05783770723          -115.77909888218           24.923765612904      0
      218.05783770723          -99.479098882181           21.748765612904      0
      218.05783770723          -99.479098882181           24.923765612904      0
      218.07662372453          -112.60415445975           21.748765612904      0
      218.07662372453          -112.60415445975           24.923765612904      0
      218.07662372453          -96.304154459745           21.748765612904      0
      218.07662372453          -96.304154459746           24.923765612904      0
       218.3389936364           -125.2892723637            22.66823415524      0
      218.31865794458          -125.30580888055           24.158016081104      0
      218.28052530099          -109.00558325125           22.422453187844      0
      218.31194480781          -109.00576915919           24.174223310634      0
      218.33958436287          -122.16564747412           22.532336072218      0
      218.33744396188          -122.13086445812           24.158016081104      0
      218.33742909602          -105.83337687213           22.514515144703      0
      218.33744396188          -105.83086445812           24.158016081104      0
      218.33935421577          -115.78076460394           22.428418482987      0
      218.37501599646          -115.78097561325           24.158016081104      0
      218.37501599646          -99.480975613246           22.514515144703      0
      218.34895273267          -99.452388987718           24.221345611768      0
      218.37973307791          -112.60594794549           22.480549134408      0
      218.34548926141          -112.60574532622           24.186455882242      0
      218.39380201375           -96.30603119081           22.514515144703      0
      218.37952831817          -96.305946733933           24.192476433792      0
      218.42012538469          -125.30617196303           23.387291528853      0
      218.42684155235          -109.00644899857           23.336265612903      0
      218.44341533735          -122.17071624049           23.321224623636      0
      218.44562756965          -105.83150457613           23.336265612903      0
      218.48319960423          -115.78161573126           23.336265612903      0
      218.47911126594          -99.459963605558           23.368292192797      0
      218.49709866121          -112.60664239288           23.299144814213      0
      218.50198562153          -96.306671308827           23.336265612903      0
      221.12200515895          -116.51629005179           20.161265612903      0
      221.12200515895          -116.51629005179           29.671265612904      0
      221.12200515895          -104.91629005179           20.161265612903      0
      221.12200515895          -104.91629005179           29.671265612904      0
      221.23019066048          -117.33804051999           20.161265612903      0
      221.22210559085          -117.27662831911           29.671265612904      0
      221.23019066048          -115.69453958359           20.161265612903      0
      221.23009097239          -115.69529678978           29.671265612904      0
      221.22496865079          -105.66859421539           20.161265612903      0
      221.22706440889          -105.71429428165           29.671265612904      0
      221.22829972776          -104.10890264359           20.189202328195      0
      221.22200163195          -104.15674143071           29.671265612904      0
      221.47419420021          -117.92711717488            20.18920503811      0
      221.60387366401          -118.17742119335           29.663783114706      0
      221.64453171786          -114.80217230283           20.161265612903      0
      221.54737450193          -114.92879005179           29.671265612904      0
      221.55591161077          -106.45183448777           20.161265612903      0
      221.54940738353          -106.50643935467           29.671265612904      0
      221.55233584045          -103.32232430955           20.161265612903      0
      221.54053331642          -103.34530613463           29.670613826377      0
      221.93590938951          -118.61013857552           20.163569222273      0
      222.05194112868          -118.76135408206           29.647738149638      0
      222.05194112868          -114.27122602152           20.161265612903      0
      222.05194112868          -114.27122602152           29.671265612904      0
      222.06250319147          -107.16945863789           20.186969128586      0
      222.05194112868          -107.16135408206           29.671265612904      0
      222.07354266123          -102.69869857965           20.161265612903      0
      222.03767146384           -102.7063174075           29.671265612904      0
      222.64996890714          -119.22023693603           20.161265612903      0
      222.69787935119          -119.25699991275           29.671265612903      0
      222.68152300709            -113.810983891           20.161265612903      0
      222.70950515895          -113.76665939477           29.671265612904      0
      222.70950515895          -107.66592070881           20.161265612903      0
      222.70950515895          -107.66592070881           29.671265612904      0
      222.58108606517           -102.2651988312           20.161265612903      0
      222.74290435835          -102.16809332504           29.671342303409      0
      223.28457117979          -116.54337666926           29.686265612904      0
      223.32054299266          -116.69585054522           29.119440152592      0
      223.32583100488          -116.32541126189           29.105387345154      0
      223.35612388414          -105.21495055638           29.089612239417      0
      223.31562451944          -105.17925020161           29.686265612904      0
      223.30661437093          -104.83253829685           29.124306413302      0
      223.36358965463          -116.89504828152           29.686265612904      0
      223.33091271749          -104.61642092687           29.686265612904      0
      223.43417412123          -117.04651105117           29.351503422858      0
      223.43351549814          -115.98692738673           29.275368400938      0
       223.4130281356          -105.41440333278           29.271686702614      0
      223.43424473481          -104.39365212236           29.160828344355      0
      223.44823913073          -105.14371622361           28.670265612903      0
      223.46512901269            -116.540521951           28.626998051543      0
      223.45730314397          -104.77699448495           28.649775791268      0
      223.47525469075          -119.58310455026           20.161265612903      0
      223.47525469075          -119.58310455026           29.671265612904      0
      223.47525469075          -113.44947555332           20.191073414007      0
      223.47525469075          -113.44947555332           29.671265612904      0
      223.50811547208          -107.98743075419           20.161265612904      0
        223.510921226          -107.98780013871           29.660668112186      0
      223.47525469075          -101.84947555332           20.161265612903      0
      223.53120265309          -101.84906942831           29.671309810009      0
      223.50180646878          -105.53465124252           29.686265612904      0
      223.52213409035           -116.9248695327           28.674200423655      0
       223.4918983137          -116.17248339206           28.685944178637      0
      223.59164582656           -117.2521915188           29.686206891947      0
      223.57858466926           -104.1978695621           29.686265612904      0
      223.58064771066          -105.44869478139           28.749542765596      0
       223.6058438295          -104.38594331066           28.670265612904      0
      223.65538915148          -117.29364469348           29.289621733838      0
      223.66235004894           -115.7727720573            29.06226622256      0
      223.64929148266          -105.67888932365           29.148430865936      0
      223.70762304593          -104.10696163372           29.154263010496      0
      223.78945084844          -117.15641317557           28.615899129317      0
      223.76665841781          -115.82512872234           28.670265612903      0
       223.7631116885          -105.77630310335           29.648511395618      0
      223.80530625741          -105.01242464643           28.299116255355      0
      223.78988679856          -116.34478373172           28.333224724467      0
      223.77759332789          -116.69054668572           28.345634909948      0
        223.874492257          -117.43158177746           29.686265612904      0
      223.90303846187          -115.58917410091           29.686265612904      0
      223.84975423686          -104.01124514957           29.686265612904      0
      223.87562927423          -104.57813300165           28.339232758236      0
      223.98724812755          -116.90842009825           28.298741638772      0
      223.87998245615          -105.39777352668           28.434929683084      0
      223.90960131336           -105.6923116591           28.664279336619      0
      223.90451508531          -104.11513338742           28.741853452081      0
      224.01373476568          -116.09179779712           28.308292261076      0
      223.95294423602           -117.4493069736           29.127336828386      0
      224.03404500912          -115.53490941228           29.207399419368      0
      224.05237614642          -105.89013447609            29.14145103882      0
      224.13697832917           -105.9238766729            29.68617769336      0
      224.13728632796           -103.9213174348           29.189822046728      0
      224.01067123534          -117.34065569029           28.670265612903      0
      224.06344984739          -115.70199691105           28.640762337969      0
      224.20146671331          -105.39874850698           28.298383802658      0
      224.19184549434          -104.41232972347           28.312450791945      0
      224.23405309794          -116.99445842806           28.298383802658      0
      224.30302614942          -119.69129005179           20.161265612903      0
      224.36900642077          -119.68181090584           24.017891728989      0
      224.29700515895          -119.69129005179           29.671265612904      0
      224.29689591012          -117.53227566891           29.235644551485      0
      224.29700515895          -117.53229005179           29.686265612904      0
       224.4113131374          -115.53278640044           29.113708028095      0
      224.37700611682          -115.50489240255           29.686224413447      0
      224.29700515895          -113.34129005179           20.161265612903      0
      224.46123639006          -113.34129005179           23.971265612904      0
      224.29700515895          -113.34129005179           29.671265612904      0
      224.69955196503          -108.09129005179           20.161265612903      0
      224.29700515895          -108.09129005179           23.980329912026      0
      224.32940109014          -108.08702504654           29.649022735407      0
       224.2429631585          -105.79311323815           28.689619840255      0
      224.33505152492          -104.04259169914           28.670265612903      0
      224.18886928531          -103.91452640963           29.686265612904      0
      224.29700515895          -101.74129005179           20.161265612903      0
        224.608317766          -101.74129005179           23.971265612904      0
      224.31270454659          -101.74335691538           29.643409476706      0
      224.29700515895          -115.92512566149           28.385182720492      0
      224.43212663662          -117.38664551147           28.705184735273      0
      224.46409637772          -105.92418333433           29.686169101147      0
       224.5509370743          -105.35611303085           28.302594808744      0
      224.48284068714          -104.43590839901           28.314006778085      0
      224.52709105764          -115.66862571852           28.670265612903      0
      224.65833311217          -116.96959578562           28.378669962758      0
      224.45650915536          -105.91129095229           29.194091307384      0
       224.5506051055          -103.95634348301           29.094397284103      0
      224.59794632052          -103.91060909559           29.686006434486      0
       224.5005828293          -116.12048270297           28.298383802658      0
      224.55603737139          -105.75196442932           28.670265612903      0
      224.68296184169          -104.11483044168           28.733567048719      0
      224.66576116059          -117.41483607934           29.043751742775      0
      224.63354394408          -117.46719342265           29.654383525652      0
      224.76212125308          -116.25126663673            28.33020713325      0
      224.79198692077          -105.06151145403           28.311953166884      0
      224.71438447291          -104.67994010667           28.298383802658      0
      224.79204148912          -116.58146282105           28.298383802659      0
      224.82305764746          -115.65688148131           29.158661693211      0
      224.80500515895          -115.63640824154           29.686265612904      0
      224.83235789736          -105.77518336766           29.202743219437      0
      224.80500515895          -105.79617186203           29.686265612904      0
      224.87186428135          -115.89556299971           28.641483764515      0
      224.91021540379          -104.11713890182           29.178265612903      0
      224.91021540379          -104.11713890182           29.686265612904      0
      224.91834501534          -117.13762990818           28.670265612903      0
      224.87731103168          -105.49659592453           28.612731258377      0
      224.97392209524          -104.39049822637           28.656191919011      0
       225.0236013817           -117.2240557187           29.200823394205      0
      224.99103810284          -117.31546254072           29.685882291818      0
      225.09934241285          -105.55731576581           29.686072497984      0
      225.05426102086           -115.9133367852           29.030917456711      0
      225.07852819291           -115.8801063989           29.679627112876      0
      225.07859881345          -105.51182683553           29.086127924848      0
         225.03167284          -116.86269661563           28.610384310067      0
      225.11394992835          -116.17958325707           28.716620946301      0
      225.07690102061          -119.58861481374           23.971265612904      0
      225.11875562715          -119.58310455026           29.671265612904      0
      225.24502015463          -113.50177603305           23.971265612904      0
      225.11875562715          -113.44947555332           29.671265612904      0
      225.24966686492          -107.92887934011           23.971265612903      0
      225.11875562715          -107.98310455026           29.671265612904      0
      225.19067907338          -101.87926722021            23.99133852795      0
      225.11875562715          -101.84947555332           29.671265612904      0
      225.14996917038          -105.16095230499           28.709356581833      0
      225.14182867022          -104.79008525198           28.653144784481      0
      225.16400029209          -116.60525242488           28.670265612903      0
      225.17688696919          -117.02429005179           29.686265612904      0
      225.19386352956          -104.49168549945           29.117695325857      0
      225.17688696919          -104.40829005179           29.686265612904      0
      225.21163500367          -116.87603545503           29.086339304495      0
      225.25895748343          -105.22615430326           29.686265612904      0
      225.23074926476          -116.13832513626           29.178265612903      0
      225.27838579846          -116.25332990197           29.686265612904      0
       225.2765782976           -105.1836138947           29.257225662338      0
      205.81200300541          -106.82945215516           24.549869376461      0
      225.29763003786          -116.63307569101           29.681547894316      0
      225.28580731151          -116.51629005179           29.077630243051      0
      225.28617430087          -104.91629005179           29.078988148664      0
      210.61667698079          -102.25080977873           22.926680358787      0
      242.22535939715          -104.51242181725           20.161265612903      0
      226.68720605915          -119.64843456237           23.971265612904      0
      205.29467502954           -122.1023226639           23.057088206702      0
      225.89624054607          -113.34129005179           23.971265612904      0
      226.01971654472          -108.09129005179           23.928843696954      0
      226.63736105096          -101.74129005179           23.971265612904      0
      225.89531987911          -119.25762228215           23.971265612904      0
      225.88450515895          -113.76665939477           23.971265612904      0
      225.88450515895          -113.76665939477           29.671265612904      0
      225.88450515895          -107.66592070881           23.971265612904      0
      225.88450515895          -107.66592070881           29.671265612904      0
      225.88450515895          -102.16665939477           23.971265612904      0
      225.82989770173          -102.14404024539           29.671265612904      0
       226.5681448021          -118.72737168173           24.002470047174      0
      226.54206918921          -118.76135408206           29.671265612904      0
      226.54206918921          -114.27122602152           23.971265612904      0
      226.46960665419          -114.23743444929           29.671265612904      0
      226.44909648242          -107.23269454913           23.971265612904      0
      226.54206918921          -107.16135408206           29.671265612904      0
      226.54206918921          -102.67122602152           23.971265612904      0
      226.54206918921          -102.67122602152           29.671265612904      0
      227.05260746741          -118.08937320989           23.971265612904      0
       227.0157084618          -118.13533613113           29.671265612904      0
      227.04663581596          -114.92879005179           23.971265612904      0
      227.04663581596          -114.92879005179           29.671265612904      0
      227.04663581596          -106.50379005179           23.971265612904      0
      227.04663581596          -106.50379005179           29.671265612904      0
      227.04663581596          -103.32879005179           23.971265612904      0
      227.00984745061          -103.33424051941           29.671265612904      0
      227.33617317501          -117.40478503276           23.971265612904      0
      227.36381965742          -117.33804051999           29.671265612904      0
      227.36381965742          -115.69453958359           23.971265612904      0
      227.36381965742          -115.69453958359           29.671265612904      0
      227.31351753695          -105.85948058144           23.971265612904      0
      227.36963125204           -105.6938970762           29.671265612904      0
      227.32251537794           -103.9948222319           23.971265612904      0
      227.36381965742          -104.09453958359           29.671265612904      0
      227.47200515895          -116.51629005179           23.971265612904      0
      227.46377423808          -116.57881010285           29.648452869036      0
      227.45956476421          -104.82179587232           23.971265612904      0
      227.47200515895          -104.91629005179           29.671265612904      0
      230.07291265166          -119.69129005179           23.947192482082      0
      230.64700515895          -113.34129005179           23.971265612904      0
      230.64700515895          -108.09129005179           23.971265612904      0
      230.16249799667          -101.74129005179           23.971265612904      0
      231.46875562715          -119.69129005179           24.079451114436      0
      231.46875562715          -113.34129005179           24.079451114436      0
      231.46875562715          -108.09129005179           24.079451114436      0
      231.46875562715          -101.74129005179           24.079451114436      0
      232.23450515895          -119.69129005179           24.396634955888      0
      232.23450515895          -113.34129005179           24.396634955888      0
      232.23450515895          -108.09129005179           24.396634955888      0
      232.23450515895          -101.74129005179           24.396634955888      0
      232.89206918921          -119.69129005179           24.901201582636      0
      232.89206918921          -113.34129005179           24.901201582636      0
      232.89206918921          -108.09129005179           24.901201582636      0
      232.89206918921          -101.74129005179           24.901201582636      0
      233.39663581596          -119.69129005179           25.558765612903      0
      233.43912777125          -113.34129005179           25.661350267649      0
      233.39663581596          -108.09129005179           25.558765612903      0
      233.39663581596          -101.74129005179           25.558765612903      0
      233.72901460112          -119.69129005179           26.339910265181      0
      233.72742059812          -113.38403150801           26.427824545969      0
      233.71381965742          -108.09129005179           26.324515144703      0
      233.71381965742          -101.74129005179           26.324515144703      0
      233.82200515895          -101.74129005179           27.146265612903      0
      233.93019066048          -119.69129005179           27.968016081104      0
      233.92192932939          -113.34129005179           27.905265041491      0
      233.93019066048          -108.09129005179           27.968016081104      0
      233.92432789522          -101.74129005179           27.923483957813      0
      234.23711485166          -119.69129005179           28.708996626072      0
      234.24737450193          -113.34129005179           28.733765612904      0
      234.32062840474          -108.09129005179             28.8292319577      0
      234.21586231819          -101.74129005179           28.657688471532      0
      234.75194112868          -119.69129005179           29.391329643171      0
      234.75194112868          -113.34129005179           29.391329643171      0
      234.82887454043          -108.09129005179           29.450362726284      0
      234.75194112868          -101.74129005179           29.391329643171      0
      235.40323216394          -119.69129005179           27.092151656698      0
      235.40585744567          -119.65357554346           29.893097281078      0
      235.58312881357          -113.34129005179           29.967813542412      0
      235.40950515895          -108.09129005179           27.146265612903      0
      235.40950515895          -108.09129005179           29.895896269919      0
      235.40950515895          -101.74129005179           27.146265612903      0
      235.40950515895          -101.74129005179           29.895896269919      0
      235.46359790971          -119.69129005179           27.557140847004      0
      235.42484057619          -113.34129005179           26.748393401688      0
      235.46359790971          -113.34129005179           27.557140847004      0
      235.46359790971          -108.09129005179           26.735390378803      0
      235.46359790971          -108.09129005179           27.557140847004      0
      235.46359790971          -101.74129005179           26.735390378803      0
      235.46359790971          -101.74129005179           27.557140847004      0
      235.59864117427          -119.69129005179           26.409367097993      0
      235.62218983044          -119.69129005179           27.940015612904      0
      235.62218983044          -113.34129005179           27.940015612904      0
      235.62218983044          -108.09129005179           26.352515612903      0
      235.62218983044          -108.09129005179           27.940015612904      0
      235.62218983044          -101.74129005179           26.352515612903      0
      235.62218983044          -101.74129005179           27.940015612904      0
      235.87447314381          -119.69129005179            26.02373359777      0
      235.87447314381          -119.69129005179           28.268797628037      0
      235.84856144635          -113.34129005179           26.057502379358      0
      235.87447314381          -113.34129005179           28.268797628037      0
      235.87447314381          -108.09129005179            26.02373359777      0
      235.87447314381          -108.09129005179           28.268797628037      0
      235.87447314381          -101.74129005179            26.02373359777      0
      235.87447314381          -101.74129005179           28.268797628037      0
      236.18553147975          -119.67350708887           30.214433076311      0
       236.1185967673          -113.34129005179           30.189611631065      0
      236.17525469075          -108.09129005179           30.213080111371      0
      236.24401878819          -101.74129005179           30.222133076545      0
      236.16665613886          -119.69129005179           25.799533700244      0
      236.20325515895          -119.69129005179           28.521080941411      0
      236.20325515895          -113.34129005179           25.771450284396      0
      236.20325515895          -113.34129005179           28.521080941411      0
      236.23266402632          -108.06740330286           25.759268732675      0
      236.20325515895          -108.09129005179           28.521080941411      0
      236.20325515895          -101.74129005179           25.771450284396      0
      236.20325515895          -101.74129005179           28.521080941411      0
       236.5787291084          -119.67734740484           25.615923882215      0
      236.58612992485          -113.34129005179            25.61285836367      0
      236.59753810042          -108.05591216098           25.611356448862      0
      236.58612992485          -101.74129005179            25.61285836367      0
      236.58612992485          -101.74129005179           28.679672862137      0
      236.99700515895          -119.69129005179           25.558765612903      0
      236.74592087579          -119.69129005179           28.733765612904      0
      236.96657205338          -119.69129005179           30.317259018546      0
      236.99700515895          -113.34129005179           25.558765612903      0
      236.73924971023          -113.34129005179           28.733765612904      0
       236.8549779278          -113.34129005179           30.302567373198      0
      237.12849135901          -108.09129005179           25.558765612903      0
      236.74523448344          -108.09129005179           28.733765612904      0
      236.88986786483          -108.09129005179           30.307160720548      0
      236.99008846536          -101.74129005179           25.559676212889      0
      237.05286659321          -101.74129005179           28.733765612904      0
      236.99525494338          -101.74129005179           30.321035192653      0
      237.40788039305          -119.69129005179            25.61285836367      0
      237.40788039305          -119.69129005179           28.679672862137      0
      237.40788039305          -113.34129005179            25.61285836367      0
      237.40788039305          -113.34129005179           28.679672862137      0
      237.40788039305          -108.09129005179           28.679672862137      0
      237.40788039305          -101.74129005179            25.61285836367      0
      237.35979976949          -101.76816672467           28.686002796314      0
      237.79075515895          -119.69129005179           25.771450284396      0
      237.79075515895          -113.34129005179           25.771450284396      0
      237.91427279566          -113.34129005179           28.426302525266      0
      237.74380380847          -108.07409106799           25.752002398257      0
      237.79075515895          -108.09129005179           28.521080941411      0
      237.87752950851          -101.74129005179           25.796603603838      0
      237.79075515895          -101.74129005179           28.521080941411      0
       237.8126129353           -126.1652915798             21.2235487758      0
       237.8126129353          -126.11091752869           21.664726366557      0
      237.85546526126          -126.00922358309           20.720529792066      0
      237.82917026397           -126.0098910605           22.053719856557      0
      237.85079250066           -125.7702006243           20.438290757898      0
      237.85288886954          -125.76456073087           22.377798567992      0
       237.8126129353           -125.4972982814           21.416602052002      0
       237.8126129353            -125.429887679           21.146381002492      0
       237.8126129353            -125.429887679            21.66389266281      0
       237.8126129353          -125.28271537865           20.287020486623      0
       237.8126129353          -125.28271537865           20.959758114227      0
      237.81577055431          -125.28271537865           21.923546866939      0
       237.8126129353          -125.28271537865           22.611933213136      0
       237.8126129353          -124.39042558306           20.299739462015      0
       237.8126129353          -124.56138595971           20.959758114227      0
       237.8126129353          -124.51461552093           21.871962861366      0
       237.8126129353          -124.56138595971           22.611933213136      0
       237.8126129353          -124.34747563865           21.179151267414      0
       237.8126129353          -124.35910896073           21.494298017805      0
      237.82925820173          -124.06996418568           20.458798834325      0
       237.8126129353          -124.11530452429           22.355159072543      0
       237.8126129353          -123.85903431688           20.735512859153      0
      237.82857926525          -123.80867578669           22.008709190854      0
      237.81365917452          -123.66230722253           21.373924515522      0
       237.8126129353          -98.138655132798           21.405578998505      0
       237.8126129353           -98.05334308989           21.908016337913      0
       237.8126129353          -98.062559974479           20.869734424076      0
      237.83894863908          -97.799997560352           20.477917897485      0
      237.84157239977          -97.793589471673           22.342072465078      0
       237.8126129353          -97.499114204332           21.405136832651      0
       237.8126129353          -97.475571242989           21.148808145227      0
       237.8126129353             -97.429887679            21.66389266281      0
       237.8126129353          -97.289014417469           20.200985586541      0
       237.8126129353           -97.28271537865           20.959758114227      0
       237.8126129353          -97.282715378651           21.908737962978      0
       237.8126129353           -97.41618055286           22.555887627414      0
      237.81896436009          -96.561385959712            20.19403529529      0
       237.8126129353          -96.561385959712           20.959758114227      0
       237.8126129353          -96.561385959712           21.902757757906      0
       237.8126129353          -96.561385959712           22.611933213136      0
      237.84003148378          -96.408032573376            21.15851207355      0
       237.8126129353          -96.414213659363            21.66389266281      0
       237.8126129353          -96.344987134031           21.405136832651      0
      237.84610782248          -96.125222461714           22.405431100611      0
       237.8126129353          -95.989098346644           20.565102739547      0
       237.8126129353          -95.805025437322            21.92810010104      0
       237.8126129353          -95.734469158352           20.997540424115      0
       237.8126129353          -95.668552603004           21.489134055167      0
      237.81875562715          -119.69129005179           30.213080111371      0
      237.79329750033          -113.37575249489           30.216431737351      0
      237.81875562715          -108.09129005179           30.213080111371      0
      237.72750870478          -101.74129005179           30.225092996598      0
      237.89453684207          -125.28271537865           20.142810349509      0
      237.89453684207          -124.56138595971           20.142810349509      0
       238.2317575459          -124.54174656376           22.667463315794      0
      238.21562672627           -97.28271537865           20.142810349509      0
      237.89453684207          -97.282715378651           22.667463315794      0
      238.34136088379          -96.561385959712            20.15148437565      0
      238.10553687771          -124.19324611347           20.142810349509      0
      251.70328798276          -116.72321816209           22.940316942161      0
      238.11953717408          -119.69129005179            26.02373359777      0
      237.93456238024          -119.69129005179           28.410733779446      0
      238.11953717408          -113.34129005179            26.02373359777      0
      236.30353573619          -116.17678900235           28.562618516549      0
      238.11953717408          -108.09129005179            26.02373359777      0
       238.1630386438          -108.09129005179           28.271288280875      0
      238.19170665889          -101.74129005179           26.085549080293      0
      238.11953717408          -101.74129005179           28.268797628037      0
      238.29011229175          -125.77559014921           20.142810349508      0
      238.29776202296          -126.50343436918           21.446767132641      0
      238.35360999951          -126.47963854014           20.975561071621      0
      238.35360999951          -126.45715129841           21.903921338594      0
      238.35360999951          -126.31990250721           20.598086609221      0
       238.2943880121          -126.23965904871           22.272642552808      0
      238.35360999951          -126.00804384789           20.199019223149      0
      238.35360999951          -126.00804384789           22.611254442152      0
      238.35360999951          -123.87474004289            20.17091478633      0
      238.35360999951          -123.87474004289           22.639358878973      0
      238.28494532206          -123.62028155602           20.522718027312      0
      238.35360999951          -123.43937427847           22.065266860363      0
      238.35360999951          -123.33452580144           21.067697848478      0
      238.35360999951          -123.31679263901           21.573856324738      0
      238.35360999951          -98.545041861793            21.40513683265      0
      203.52130671916          -123.58366595899           23.439847045216      0
      238.35360999951          -98.404727059897           20.745006804938      0
      238.29997034254          -98.378033101138           22.032335191662      0
      238.28575429631           -98.17436986991           20.450978746672      0
      238.32187491871          -98.135478462332           22.438278761749      0
      238.35360999951          -97.930678743053           20.142810349508      0
      238.29475026716          -97.864285668042           22.667463315793      0
      238.35360999951          -95.913422595309           20.142810349509      0
      238.35360999951          -95.913422595309           22.667463315794      0
      238.31249564583          -95.680695163685           20.412305350055      0
      238.35360999951          -95.722540437158           22.485180846975      0
       238.2809193298          -95.504577115474           20.728462250455      0
      238.30965684959          -95.499806553955            22.11165533904      0
      238.30798076193          -95.360425643531           21.110699217323      0
      238.35360999951          -95.316792639005           21.573856324738      0
      238.37182048746          -119.69129005179           26.352515612903      0
      238.37182048746          -119.69129005179           27.940015612904      0
      238.38140771457          -113.34129005179           26.375661226623      0
      238.31878046024          -113.34842990737           28.009138722142      0
      238.37182048746          -108.09129005179           26.352515612903      0
      238.37182048746          -108.09129005179           27.940015612904      0
      238.43111775276          -101.76525813302           26.495671875006      0
      238.37182048746          -101.74129005179           27.940015612904      0
      238.53041240818          -119.69129005179           26.735390378803      0
      238.53041240818          -119.69129005179           27.557140847004      0
      238.50441970309          -113.34717469993           26.672638437646      0
      238.53041240818          -113.34129005179           27.557140847004      0
       238.5593148659          -108.09129005179           26.801660187102      0
      238.53041240818          -108.09129005179           27.557140847004      0
      238.53041240818          -101.74129005179           27.557140847004      0
      238.57954131392          -119.69129005179           27.108561466594      0
      238.58203600351          -119.69129005179           29.851198104892      0
      238.58450515895          -113.34129005179           27.146265612903      0
           238.663346          -113.34129005179           29.835399564826      0
      238.58803133691          -108.09129005179           29.893190538407      0
      238.59191441701          -101.74129005179           27.049449985024      0
      238.56282687947          -101.75786440957           29.904875707289      0
      238.62410853161           -126.5232438706           21.612530523213      0
      238.61980277966          -126.51987120258            21.16565440228      0
      238.62410853161           -126.4047270599           22.065266860363      0
      238.64018173414          -126.35514303988           20.680438403778      0
      238.62850574917          -126.19092033723              22.403792279      0
      238.62368097757          -125.97700396861           20.176467497071      0
      238.62410853161          -125.93067874305           22.667463315793      0
      238.67226008724          -123.94835306295           20.157709074761      0
      238.62410853161          -123.85027387887           22.621583222561      0
      238.62410853161          -123.66031751506           20.394198448384      0
      238.62410853161          -123.59423441053           22.333492040351      0
      238.62410853161          -123.43937427846           20.745006804939      0
      238.62410853161          -123.38796887855           21.907057007322      0
      238.62410853161          -123.30159387009           21.381023728841      0
      238.62410853161          -98.545041861793            21.40513683265      0
      238.62410853161          -98.487348414204           21.810983996215      0
      238.62627332939          -98.477604563429           20.973945836463      0
      238.62410853161          -98.309390639913            22.23039411467      0
      238.60645133503          -98.279749865503           20.528540306987      0
      238.62410853161            -98.0179408083           20.210010923023      0
      238.62410853161          -98.008043847888           22.611254442152      0
      238.69032111786          -95.990865630741           22.667463315794      0
      238.64434760178          -95.839637512858           20.215097314889      0
      238.60012989352           -95.65153729916           22.406323788809      0
      238.62538704847          -95.625854464326           20.433740416282      0
      238.62410853161          -95.418919541336           20.807960132034      0
      238.67941333833          -95.501181379502           22.098984021101      0
      238.58602720914          -95.349032225397            21.78722208368      0
      238.62410853161          -95.316792639005           21.236417340565      0
       238.9330957146          -126.33925032244           21.162909919171      0
      238.92881264921          -126.33991613878           21.641028954294      0
      238.98203625071          -126.18611544517           20.725049474076      0
      238.93363630444          -126.17845798477           22.098487289046      0
      238.87105911011          -125.98436148897            20.41741106919      0
      238.89460706371          -125.95244102379            22.40498112285      0
      238.88164411386          -125.62946203563           20.142810349509      0
      238.89460706371          -125.61430041392           22.667463315794      0
       238.8812283909          -124.23316145462           20.142810349509      0
      238.84531044602          -124.17214300882           22.667463315794      0
      238.88070087681          -123.84041391156           20.448428269016      0
      238.89173768342          -123.86114110034             22.3739292953      0
      238.98629527344          -123.62577128393           20.780846760784      0
      238.90525990045          -123.63440576935           22.044382257678      0
      238.95388604582          -123.50928596606           21.689559295639      0
      238.89460706371            -123.499021452           21.218374274984      0
      238.89460706371          -98.344023423717           21.601950917453      0
      238.90723042473          -98.341862212482           21.187760285427      0
      238.91703580924          -98.221178942677           22.024492490037      0
      238.93244534803           -98.21015505966           20.766687268011      0
      238.89733381917          -97.960997930719           22.395477727006      0
      238.89460706371          -97.970796121829           20.425677918128      0
      238.85426918488          -97.661480081061           20.142810349509      0
      238.84007691013          -97.628377206543           22.667463315794      0
      238.91945111596          -96.173335560452           20.182143399419      0
      238.96231638035          -96.252591523978           22.667463315794      0
      238.89344829838          -95.902620620609           22.418301933208      0
      238.99281422693          -95.825552091976           20.478713068445      0
      238.99050864005          -95.680043442054            22.12342895008      0
      238.98155153644          -95.590257085444           20.861008476844      0
      238.93480794173          -95.510379982592             21.6999681226      0
      238.92287010757          -95.495658229096           21.250373065073      0
      239.25588320358          -119.69129005179           29.373326869153      0
      239.27706764709          -113.34129005179           29.345718764857      0
      239.24206918921          -108.09129005179           29.391329643171      0
      239.24206918921          -101.78489776171           29.391329643171      0
      239.70821676642          -119.69129005179           28.733765612904      0
      239.74663581596          -113.34129005179           28.733765612904      0
      239.74663581596          -108.09129005179           28.733765612904      0
      239.73844352483          -101.74129005179           28.744442014571      0
      240.06381965741          -119.69129005179           27.968016081104      0
      240.08221233943          -113.34129005179           27.828309791051      0
      240.06381965741          -108.09129005179           27.968016081104      0
      240.06381965741          -101.74129005179           27.968016081104      0
      227.28530401762          -117.41705496233           20.161265612903      0
      240.28019066048          -119.69129005179           26.324515144703      0
      240.28019066048          -113.34129005179           26.324515144703      0
      240.21188274224          -108.09129005179              26.583467903      0
      240.28019066048          -101.74129005179           26.324515144703      0
      240.54464810953          -125.49911420433           21.405136832651      0
      240.54464810953          -125.44756323376           21.629202414014      0
      240.54386622819          -125.43968879989           21.165616796041      0
      240.51549451722             -125.31739602           20.142810349509      0
      240.54464810953          -125.28271537865           20.959758114228      0
      240.54464810953          -125.28271537865           21.850515551075      0
      240.54464810953          -125.28271537865           22.667463315794      0
      240.54464810953          -124.97803521126           21.369453786816      0
      240.54464810953          -124.56138595971           20.142810349509      0
      240.54464810953          -124.56138595971           20.959758114228      0
      240.54464810953          -124.56138595971           21.850515551076      0
      240.54464810953          -124.56138595971           22.667463315794      0
      240.54464810953           -124.4551965313           21.065947542643      0
      240.54464810953          -124.41421365936            21.66389266281      0
      240.51610232279          -124.34630718449           21.396802410663      0
      240.50308547185          -97.479951107764           21.284146507701      0
      240.53936717929          -97.463820914852           21.597294900508      0
      240.50763999368           -97.28271537865           20.142810349509      0
      240.54464810953          -97.279288187846           20.879674152676      0
      240.54464810953          -97.282715378651           21.850515551075      0
      240.54464810953          -97.282715378651           22.667463315794      0
      240.54464810953          -96.921994712163           21.450575093987      0
      240.54464810953          -96.561385959712           20.142810349509      0
      240.54464810953          -96.561385959712           20.959758114228      0
      240.54464810953          -96.561385959712           21.946777951417      0
      240.54464810953          -96.561385959712           22.667463315794      0
      240.54464810953          -96.414213659363           21.146381002493      0
      240.54464810953          -96.404985033351           21.645780454348      0
       240.5349109133          -96.344987134031           21.405136832652      0
      240.59737450193          -119.69129005179           25.558765612903      0
      240.59737450193          -113.34129005179           25.558765612903      0
      240.59737450193          -108.09129005179           25.558765612903      0
      240.57136520484          -101.74129005179           25.621557610688      0
      241.10194112868          -119.69129005179           24.901201582636      0
      241.10194112868          -113.34129005179           24.901201582636      0
      241.17366618719          -108.09129005179           24.846165009528      0
      241.10194112868          -101.74129005179           24.901201582636      0
      241.75950515895          -119.69129005179           24.396634955888      0
      241.71122039514          -113.34129005179           24.433685158264      0
      241.75950515895          -108.09129005179           24.396634955888      0
      241.75950515895          -101.74129005179           24.396634955888      0
      242.44433889631          -119.69129005179             24.1129675339      0
      242.52525469075          -113.34129005179           24.079451114436      0
      242.52525469075          -108.09129005179           24.079451114436      0
      242.45226758979           -101.7799541436           24.109683361532      0
      243.34700515895          -119.69129005179           23.971265612904      0
      243.34700515895          -113.34129005179           23.971265612904      0
      243.34700515895          -108.09129005179           23.971265612904      0
      243.34700515895          -101.74129005179           23.971265612904      0
      251.29670827626          -116.47731504577           23.971265612904      0
      251.28560226143          -116.52462337247           26.039077441551      0
      251.28450515895          -104.91629005179           26.206465612904      0
      251.33859790971          -116.92716528589           23.971265612904      0
      251.33859790971          -116.92716528589           26.206465612904      0
      251.33859790971          -116.10541481769           23.971265612904      0
      251.33080945766          -116.16457398442           26.090797936495      0
      251.30390493602           -105.2264660552           23.971265612904      0
      251.36433869104          -105.38930902929           26.144667667486      0
       251.3199188032          -104.64729671784           23.982401136684      0
      251.33859790971          -104.50541481769           26.206465612904      0
      251.38054959284          -116.56186640126           26.421991759809      0
      251.40753491506          -104.84138388087           26.431488081714      0
      251.43336322255          -116.11524971454           26.422837390017      0
      251.52044364545          -104.36575717285           26.432465163546      0
       251.4731820034          -117.32961429233           23.971265612904      0
      251.49718983044          -117.31004005179           26.189831461831      0
      251.51130797248          -115.75258961653           23.971265612904      0
      251.48849515347          -115.74353085886           26.101941534455      0
      251.49718983044          -105.71004005179           23.971265612904      0
      251.49718983044          -105.71004005179           26.206465612904      0
      251.49718983044          -104.12254005179           23.971265612904      0
      251.49718983044          -104.12254005179           26.206465612904      0
      251.50853228941          -116.99943039011           26.438589456332      0
      251.48963774991          -105.43603460687           26.425556597056      0
      251.57517038961          -115.76756214862           26.421991759809      0
      251.73434699691           -104.8492526841           26.511265612904      0
      251.73252134745          -116.51568607968           26.511265612904      0
      251.94194789043          -104.29860047322           26.511265612904      0
      251.76128136891          -117.64788283672           24.010086515576      0
      251.69614896111          -117.56932863904           26.042771589327      0
      251.74947314381          -115.39375803666           23.971265612904      0
      251.74947314381          -115.39375803666           26.097873305098      0
      251.76541074124          -106.09816343597           23.971265612904      0
      251.74947314381          -106.03882206692           26.091845342433      0
      251.74947314381          -103.79375803666           23.971265612904      0
       251.7421991776          -103.80323765398           26.028080510689      0
      251.76343211315           -105.5563249982           26.511265612904      0
      251.81314400375          -117.57515120698           26.421991759809      0
      251.89104595995          -115.39765262319           26.421991759809      0
      251.79454407015          -105.95091130158           26.421991759809      0
      251.88434488691          -103.80279453738           26.421991759809      0
      251.86514558525          -117.28888057579           26.511265612904      0
      252.01148276092          -115.62738149882           26.511265612904      0
      251.88784422933          -126.92089659803            21.39637079192      0
      251.87200515895          -126.83835313672           20.849959689038      0
      251.87200515895          -126.85390232176           21.922774922856      0
      251.87200515895          -126.65721852001           20.412662040775      0
      251.87200515895          -126.65410147675           22.405136832651      0
      251.87200515895          -126.45281128657           20.142810349509      0
      251.87200515895          -126.36190693423           21.378472248712      0
      251.87200515895          -126.33626423156           22.819350395025      0
      199.42123532564          -102.98266157377           26.411265612903      0
      251.87200515895          -126.28658448168           21.848500878008      0
      251.87200515895          -126.27371691291            20.82122312987      0
      251.87200515895          -126.08918619422           22.253110418338      0
      251.87200515895          -125.95860741723           20.412141007471      0
      251.87200515895          -125.95737791501           23.110080091083      0
      251.87200515895          -125.61430041392           20.142810349509      0
      251.87200515895          -125.61430041392           22.667463315793      0
      251.91493858165          -125.43968875939            23.33698848523      0
      251.87200515895          -124.92205066918           23.405136832652      0
      251.87200515895          -124.40441257898            23.33698848523      0
      251.88567825473          -124.22980092444           20.142810349509      0
      251.87200515895          -124.22980092444           22.667463315794      0
      251.87200515895          -123.90399777297           23.123335165745      0
      251.87200515895           -123.8558193919           22.365175796199      0
      251.87200515895          -123.75491514414           20.557163246966      0
      251.87200515895           -123.6041161798           21.991919199728      0
      251.87200515895          -123.55505056053           20.969363285007      0
      251.87200515895          -123.55960172265           22.829017753155      0
      251.83432503197          -123.48561997673            21.46439342181      0
      251.87200515895          -123.39129005179           20.142810349509      0
      251.87200515895          -123.15225511097           20.496260721559      0
      251.87200515895          -123.18999986161           22.405136832652      0
      251.87200515895           -122.9901990166           20.887498742447      0
      251.90628306295          -122.99131247462           21.925463048304      0
      251.87200515895          -122.95272335988           21.463198748839      0
      251.87200515895           -98.91268991372           21.476238829446      0
      251.87200515895          -98.858234059119            20.92040155431      0
      251.87200515895          -98.823910353932           21.995181938347      0
      251.87200515895          -98.697640412869           20.510249122721      0
      251.90942234852          -98.599196592913           22.476690270362      0
      251.87200515895          -98.452811286573           20.142810349509      0
      251.87200515895          -98.300929538562           22.831628639468      0
      251.87200515895          -98.359884009896           21.451048172757      0
      251.85286308729          -98.259129332983           20.877274320685      0
      251.87200515895          -98.267123580238           21.908395521045      0
      251.87200515895          -98.010382864501           20.469643394056      0
      251.87200515895          -98.025457711521           22.323887978778      0
      251.90220566901          -97.906436946376           23.143655055966      0
      251.87200515895          -97.614300413925           20.142810349509      0
      251.87200515895          -97.614300413925           22.667463315793      0
      251.87200515895          -97.439688759387            23.33698848523      0
      251.87200515895          -96.922050669182           23.405136832652      0
      251.87200515895          -96.424957250477           23.339693242545      0
      251.87200515895          -96.229800924437           20.142810349509      0
      251.87200515895          -96.229800924438           22.667463315794      0
      251.85267849806           -95.93889434822           22.457439765032      0
      251.87200515895          -95.922050669182           23.137187640221      0
      251.87200515895          -95.797847523253           20.509482070061      0
      251.85703958237          -95.702522173236           22.162363217408      0
      251.87200515895          -95.588218676443           20.867282070071      0
      251.87200515895          -95.517965534637            21.72677412643      0
      251.87200515895          -95.507837106809           22.819350395025      0
      251.84760947118          -95.488732378861           21.316267843362      0
      251.87200515895          -95.457331379597           20.142810349509      0
      251.87200515895          -95.189999861613           20.405136832652      0
      251.88843872068          -95.189999861613           22.405136832652      0
      251.87200515895          -94.981061273869           20.956906789404      0
      251.87200515895          -94.990199016604           21.922774922857      0
      251.87200515895          -94.926180162785           21.436503450674      0
      252.07825515895           -117.8911053803           23.971265612904      0
      252.07825515895           -117.8911053803           26.206465612904      0
      252.17262996697          -115.10238339785           24.006098045817      0
      252.07825515895          -115.14147472328           26.206465612904      0
      252.07825515895           -106.2911053803           23.971265612904      0
      252.07288943625          -106.28698811646           26.083908269347      0
      252.07825515895          -103.54147472328           23.971265612904      0
      252.07825515895          -103.54147472328           26.206465612904      0
      228.83045890915          -115.78012974431           21.798564283798      0
      248.45512679127          -105.74381927519           21.979042392909      0
      229.66938798962          -117.76537029893           22.071688097563      0
      226.92490134726          -118.26243750015           26.881913427007      0
      252.36936509053          -103.95481870589           26.511265612904      0
      252.48227333934          -118.05248088435           24.000362394713      0
      252.46179368859          -118.04978468718           26.128296062912      0
      252.57478986085          -114.96791918811           23.980583016622      0
      252.58895000658          -114.96605496955           26.069497950655      0
      252.46112992485          -106.44969730102           23.971265612904      0
      252.46112992485          -106.44969730102           26.206465612904      0
      252.46112992485          -103.38288280256           23.971265612904      0
      252.46112992485          -103.38288280256           26.129541810676      0
      252.48443507707          -117.96272128887           26.421991759809      0
      252.48443507707          -115.06985881471           26.421991759809      0
      252.18055622811          -106.23354889631           26.423255247331      0
      252.45717695933           -103.4957470679           26.427578008436      0
       252.5692245933          -106.07373735935           26.511265612904      0
      252.87200515895          -126.92205066918           21.405136832651      0
      252.87200515895          -126.85501265189            20.89593253706      0
      252.87200515895          -126.85390232176           21.922774922856      0
        252.869546314          -126.68799903675            20.48697278174      0
      252.87200515895          -126.65410147675           22.405136832651      0
      252.86543420152          -126.45281128657           20.142810349509      0
      252.87200515895          -126.33626423156           22.819350395024      0
      252.87200515895          -125.92205066918            23.13718764022      0
      252.87200515895           -125.4714257851           20.142810349509      0
      252.86229451648          -125.47057677913           23.324194248537      0
      252.87200515895          -124.92205066918           23.405136832652      0
      252.87200515895          -124.36044850751           23.318777970571      0
      252.84856658802          -123.90642783809           23.125199820292      0
      252.83762895232          -123.51722994616           22.826557774152      0
      252.87200515895          -123.39129005179           20.142810349509      0
      252.87200515895          -123.18999986161           20.405136832652      0
      252.87200515895          -123.18999986161           22.405136832652      0
      252.87200515895          -123.00025505314           20.863221322664      0
      252.87200515895          -123.01062507866           21.852647797001      0
      252.87200515895          -122.92823221101           21.358183360853      0
      252.66942203165          -119.69129005179           20.163349614565      0
      252.57620476563          -119.69129005179           23.943692318705      0
      252.87200515895          -118.10379005179           26.206465612904      0
      252.98670121787          -117.98109564176           26.429199096265      0
      252.95238140075          -115.02941597842           26.421991759809      0
      252.91239278778            -114.934107184           26.100092625026      0
      252.74123300348          -113.34129005179           20.199690360469      0
      252.87200515895          -113.34129005179           23.971265612904      0
      252.87200515895          -108.09129005179           20.161265612903      0
      252.80608807613          -108.09129005179           23.971265612904      0
        252.849246013          -106.46148035059           23.971265612904      0
      252.87417595571          -106.50350426097            26.10704557038      0
      252.84929110483          -106.37733099081           26.435718198352      0
      252.96730822476          -103.43138113208           26.421991759809      0
      252.86781492001          -103.31046242493           23.971265612904      0
      252.87200515895          -103.32879005179           26.206465612904      0
      252.67196441676          -101.74129005179           20.161265612903      0
      252.87200515895          -101.74129005179           23.971265612904      0
      252.87200515895          -98.921667066032           21.402223077453      0
      252.87200515895          -98.865981895882           20.979252217268      0
      252.87200515895           -98.85390232176           21.922774922856      0
      252.87200515895          -98.721615471972            20.59314145788      0
      252.87200515895          -98.654101476751           22.405136832651      0
      252.87200515895          -98.452811286573           20.142810349509      0
      252.83406450349          -98.336264231555           22.819350395024      0
      252.83727177971          -97.943495663315           23.120732317465      0
      252.87200515895          -97.720592551166           20.164768012615      0
      252.87060170925          -97.455759135401           23.330331917532      0
      252.87200515895          -96.922050669182           23.405136832652      0
      252.87200515895          -96.412163524891           23.313646890438      0
      252.87200515895          -96.511185965924           20.142810349509      0
      252.87200515895          -95.922050669182           23.137187640221      0
      252.87200515895          -95.520592089346           22.784044409066      0
      252.87200515895           -95.39129005179           20.142810349509      0
      252.87200515895          -95.181726719826           20.487521043068      0
      252.87200515895          -95.163621341266           22.341453451074      0
      252.87200515895          -94.990199016603           20.887498742447      0
      252.87200515895          -94.979536954075           21.841788517557      0
      252.83815268733          -94.931681664511           21.331982160272      0
      253.03765839261          -117.77455128266           26.511265612904      0
       252.9066813599          -115.37700387421           26.511265612904      0
      253.11484051238           -103.6899987017           26.511265612904      0
      253.39858777925          -117.87027672573           26.435333514213      0
       253.3923090879          -106.30883201937           26.419558592072      0
      198.93638552798          -99.465959776179           24.426751933747      0
      252.94566317039          -118.11634204231           23.971265612904      0
      253.28288039305          -118.04969730102           26.206465612904      0
       253.1124564762           -114.9453798285           23.971265612904      0
      253.28288039305          -114.98288280256           26.139669037211      0
      253.28288039305          -106.44969730102           23.971265612904      0
      253.28288039305          -106.44969730102           26.206465612904      0
      253.28288039305          -103.38288280256           23.971265612904      0
      253.28288039305          -103.38288280256           26.206465612904      0
      253.51204010535          -106.02486309759           26.511265612904      0
      253.62073306212          -115.21945528245           26.421991759809      0
      253.52199995139          -103.59609771675           26.428703655178      0
      253.66575515895           -117.8911053803           23.971265612904      0
      253.66575515895           -117.8911053803           26.206465612904      0
      253.66575515895          -115.14147472328           23.971265612904      0
      253.66547940878          -115.14136050382            26.13143303814      0
      253.66575515895           -106.2911053803           23.971265612904      0
      253.67307524195          -106.28548848306           26.121639136563      0
      253.66575515895          -103.54147472328           23.971265612904      0
      253.66575515895          -103.54147472328           26.206465612904      0
      253.64230279338          -119.58987844433           20.161265612903      0
      253.62769185575          -119.59180201076           23.971265612904      0
      253.62277814674          -113.44013119075           20.161265612903      0
      253.72208618182          -113.48400247713           23.971265612904      0
      253.69375562715          -107.98310455026           20.161265612903      0
      253.73431390285           -107.9663047624            23.96002183912      0
      253.79768413997          -101.89252415285           20.161265612903      0
      253.76541336647           -101.8791571608           23.971265612904      0
        253.695452419          -115.57570826689           26.511265612904      0
      253.81258694385          -117.33973731184           26.511265612904      0
      253.91035933561          -117.59088676506           26.421991759809      0
      253.88241642453          -105.99940520191           26.426238457908      0
      253.88810334604           -103.9001918647           26.446827420619      0
      253.97897084559          -117.65076653088           23.988163430391      0
      253.99453717408          -117.63882206692           26.206465612904      0
      253.99453717408          -115.39375803666           23.971265612904      0
      253.99453717408          -115.39375803666           26.206465612904      0
      253.99453717408          -106.03882206692           23.988383110075      0
      253.99453717408          -106.03882206692           26.206465612904      0
      254.01393157327          -103.80734341563           23.971265612904      0
      253.99453717408          -103.79375803666           26.206465612904      0
      254.05542229728          -104.51344596176           26.511265612904      0
      254.10845772787          -105.24759651911           26.511265612904      0
      254.02311490009          -116.52971046692           26.511265612904      0
      254.17125434587          -117.30402993758           26.360032232463      0
      254.10757723328           -115.7512860932           26.438019641338      0
      254.19466090889          -105.57508410447            26.42636615289      0
      254.24682048746          -117.31004005179           23.971265612904      0
      254.24204682443          -117.31626121056            26.03214028155      0
      254.24682048746          -115.72254005179           23.971265612904      0
      254.24682048746          -115.72254005179           26.206465612904      0
      254.24682048746          -105.71004005179           23.971265612904      0
      254.24594219312          -105.71118466725           26.093104012536      0
      254.25083446832          -104.13223065883           24.012058929285      0
      254.24682048746          -104.12254005179           26.206465612904      0
      254.31843639602          -116.90386013367           26.421991759809      0
      254.30655529035          -105.24558772049           26.430021512304      0
      254.32964481082          -116.31830732442           26.427638977782      0
      254.35428092269          -104.80098618075           26.421991759809      0
      254.41161976977          -116.88001569353           24.002754319151      0
      254.40541240818          -116.92716528589           26.206465612904      0
      254.40541240818          -116.10541481769           23.971265612904      0
      254.39987553162          -116.10689841929           26.220185966849      0
      254.41779431951          -105.23311533197           23.995507743241      0
      254.40541240818          -105.32716528589           26.206465612904      0
      254.38828770301          -104.46407212221           23.997875713604      0
      254.40541240818          -104.50541481769           26.148449384744      0
      254.45950515895           -119.2659207088           20.161265612903      0
      254.52724236047          -119.21394412598           23.971265612904      0
      254.45950515895          -116.51629005179           23.971265612904      0
      254.45950515895          -116.51629005179           26.206465612904      0
      254.40646874661          -113.74469099348           20.161265612903      0
      254.45950515895          -113.76665939477           23.971265612904      0
      254.45950515895          -107.66592070881           20.161265612903      0
      254.45950515895          -107.66592070881           23.971265612904      0
      254.45202618412          -104.85948159798           24.014909904389      0
      254.45950515895          -104.91629005179           26.206465612904      0
      254.45950515895          -102.16665939477           20.161265612903      0
      254.45950515895          -102.16665939477           23.971265612904      0
      255.11706918921          -118.76135408206           20.161265612903      0
      255.13670626538          -118.73576254615           23.971265612904      0
      255.10602431334           -114.2838031969           20.161265612903      0
      255.12723756542          -114.28447770739           23.971265612904      0
      255.11706918921          -107.16135408206           20.161265612903      0
      255.11706918921          -107.16135408206           23.971265612904      0
      255.11706918921          -102.67122602152           20.161265612903      0
      255.09167667594          -102.65174166079           23.971265612904      0
      255.62163581596          -118.10379005179           20.161265612903      0
      255.62163581596          -118.10379005179           23.971265612904      0
      255.62163581596          -114.92879005179           20.161265612903      0
      255.62438771419          -114.93543372182           23.971265612904      0
      255.62163581596          -106.50379005179           20.161265612903      0
      255.62163581596          -106.50379005179           23.971265612904      0
       255.5677740763           -103.2834330249           20.161265612903      0
      255.62326454313            -103.332722147            23.93582799696      0
      255.94002984109          -117.32884826233           20.161265612903      0
      255.92486561573          -117.37172855669           23.971265612904      0
        255.906791267          -115.61721620906           20.161265612903      0
      255.93881965741          -115.69453958359           23.971265612904      0
      255.91270051292          -105.80109771287           20.204280272308      0
      255.93881965741          -105.73804051999           23.971265612904      0
      255.92964056418           -104.0723792922           20.161265612903      0
      255.94109238564            -104.171674637           23.971265612904      0
      256.02579295432          -116.35516736129           20.161265612903      0
      256.04599346004          -116.52397466789           23.971265612904      0
      256.03949756221          -104.97331591057           20.161265612903      0
      256.03270902033          -105.02488000549           23.971265612904      0
      199.56685069949          -119.14616328753           23.425286737954      0
      203.27049648814          -101.68837234085           22.103169866224      0
      207.87510956323          -120.32469984185           22.457096944442      0
       206.9494968528          -102.78029096688           22.531927755515      0
      199.48050517673          -99.469179310058           21.955266610348      0
      222.37396393473          -115.95759424439           21.990221771827      0
      222.97144748531           -116.1661042111            28.37362221469      0
      225.76980835991          -115.21008891839           22.891643771626      0
      225.55878591399          -116.24946033652           28.357200157238      0
      226.58833480739          -105.52402094509           22.410930147391      0
       225.3643697562          -106.08938692875           28.489377216177      0
      232.71297072279          -115.67741809704           22.130773176132      0
      231.48696184118          -106.17545404205           22.026699389371      0
      235.34244752201          -115.89339561293           25.026619410648      0
      235.69513775707          -106.35043824095           24.812948055215      0
      240.90232463587          -116.50024495085           22.372189117837      0
      240.48301593792          -105.58101911989           23.065751753185      0
      251.54552156042          -106.26011373946           22.935650629911      0
      254.38155461836          -116.19495627087           22.328144896308      0
      253.81595916735          -105.47636992318           22.610621192328      0
       242.0104971027          -98.226386198705            22.01547326664      0
      248.12555578498          -101.74129005179           22.184539536638      0
       235.2379122203          -108.09129005179           23.076049402094      0
      213.39719054144          -107.38800613367           20.161265612903      0
      240.18300510883           -103.7117334917           27.062712698365      0
      205.99511744855          -121.12207009374           24.765880312771      0
      223.58169127098          -115.79548578277           29.671265612904      0
       196.9400648396          -118.86669340223           23.198490201083      0
       201.4166498019          -103.51386865916           22.116478975201      0
      207.53371813649          -122.73937722858           23.503871622997      0
      206.06010104586          -118.43961533528           24.175504507596      0
      208.76635146455          -98.410561077499           24.322372976404      0
      227.26684357868          -103.45538259908           22.194834738139      0
      235.05665850453           -116.6053369992           21.965070253687      0
      251.48453555573          -106.11964793302           20.161265612903      0
        204.403470603           -96.24129005179           22.285349101127      0
      204.53567825422          -108.91124486601           24.582377852142      0
      204.41643984354          -125.20999333985           23.279748331165      0
      203.83381650313          -104.11185971405           24.361033856966      0
      240.06880149128          -116.79365429688           27.930175296051      0
      241.51108122127          -103.25677282976           21.608251492628      0
      199.52886706844          -105.61957312147           22.149363525569      0
      242.93744293871          -115.19392140216           21.679974705714      0
      205.70090007462          -120.93180089166           20.161265612903      0
      208.55953172204           -106.7267179113           24.596570140332      0
      226.84403058561          -108.09129005179           22.126332799846      0
      199.13806064039           -121.9172607357           23.567215059944      0
      199.68792811497          -115.77040662317           22.553990787581      0
      212.26211583545          -97.956769510349           24.086285623076      0
      235.66343866452          -113.34129005179           22.350230822777      0
      241.11895847847          -113.34129005179            22.09952587684      0
      249.58743015521          -117.22244073981           23.971265612904      0
      199.48403362019          -118.79707712019           20.161265612903      0
      249.48994883786          -115.57752155831           23.971265612904      0
      199.27299117012          -119.08459516921           26.411265612903      0
      199.48452151155          -102.63910729579           20.161265612903      0
      236.53460400579          -101.74129005179           24.250419929883      0
      239.68954939387          -101.74129005179           21.945783435607      0
      239.98994995948          -108.09129005179            23.28659469062      0
      205.44281055664          -98.780608563983           23.695251236245      0
      249.79876298492          -101.74129005179            20.16170716042      0
      236.68587726321          -104.76975651201           21.971575083032      0
      231.71173423626          -119.69129005179           21.919849650171      0
      227.46416459273          -104.97584506486             27.3411512813      0
      238.44976711302          -119.69129005179           22.078017911428      0
      241.02015699111          -119.69129005179           22.774327539208      0
      228.46427014135          -108.09129005179           20.161265612903      0
      207.96059003589          -104.84357541225           20.161265612903      0
      208.61677121195          -112.54818089635           22.621934652594      0
      244.90599904289          -95.883070449654           22.395441123496      0
      240.07527313761           -104.9486117554           27.881018261787      0
      213.22372521822          -98.304169836676           25.210886183577      0
      204.97284831148          -105.54490123029           26.511265612903      0
      210.06933544776          -96.256775659985           24.796671013836      0
      248.16700824913          -119.69129005179           20.161265612903      0
       244.1949530733          -113.34129005179           21.864615454045      0
      246.20639784591           -105.2774763324           23.971265612904      0
      247.41867205089          -101.74129005179           20.161265612903      0
      222.04159518303          -118.74787098318           27.239744395941      0
      221.96307378757          -118.64553990831           23.916474117809      0
      209.50803205831          -123.55430295197           24.646717418058      0
      247.94299344074          -119.69129005179           21.952122380948      0
      240.51445967722          -95.861970997207            22.37200783735      0
      208.55210226143          -120.90111072027           24.847578946975      0
       245.0832776466          -103.57583901342           22.261269096643      0
      244.02193166242          -106.00351506167           21.929063653327      0
      242.41827047092           -123.7477532312           22.240705633086      0
      240.01150256471          -123.79988168145           22.303050753917      0
      249.34495792303          -123.86206860599           22.372116242745      0
      212.80902954235          -115.74804189729           26.511265612904      0
      221.22691441727          -105.71315498212           28.250764169965      0
      212.93579699161          -107.22189239302           21.497368900415      0
      221.12200515895          -116.51629005179           28.135485542528      0
      221.12724539284          -116.47648652366           22.736958193228      0
      221.25024118628          -115.64613333227           22.798076229432      0
      221.23019066048          -115.69453958359           27.146868257418      0
      228.13352874423          -108.09129005179           23.971265612904      0
      221.14624689166          -116.33215581084           25.414417383474      0
      212.18860779202          -98.001816809574            21.41729700647      0
       241.3916280084          -126.33441654294            21.69335388712      0
         199.45843724          -99.469048734972           20.161265612903      0
      199.45525629392          -105.61913756951           26.411265612903      0
      199.61108139374          -115.76995192423            26.37195850627      0
      239.79817882311          -115.95592424835           28.609329786006      0
      230.61077707414            -115.199221416           22.219986736815      0
      216.06441925282          -105.81741506316           21.961450284396      0
      207.50483069299          -108.94182390358           23.039174075808      0
      225.70912189348          -101.74129005179           22.258184598131      0
      225.88885824359          -119.26258046948           27.601430512439      0
      247.17844958723          -96.229800924438           22.667463315794      0
      226.79229864934          -106.01722768977           20.161265612903      0
      225.97750085357          -102.23801750102           26.192634129751      0
      199.54389336534          -105.61966203146           20.191433282979      0
      208.73103069842          -119.49083743668           20.161265612903      0
      228.18475753239          -113.34129005179           23.971265612904      0
      241.17574443142          -123.87588322404           20.422814754367      0
       209.1568768578          -107.21312262951           22.138316357487      0
      248.91238206414          -123.80075406357           20.506254034111      0
      250.76825632691          -116.64512484983           20.161265612903      0
      254.32725091238          -102.11187789217            22.03032249378      0
         199.45843724          -99.469048734972           26.411265612903      0
      234.01570031739           -115.4804356045           23.650963671372      0
      221.61482049053          -114.84089272815           24.800499936469      0
      243.86268333133          -97.546292738174           22.667463315793      0
      250.21202461516          -97.556692198131           22.667463315794      0
       247.3082718957          -97.614300413925           22.667463315794      0
      210.61730951902          -118.44390719756           22.700666644623      0
      196.93996771468          -102.58310806884           22.627975141412      0
      248.99019723346          -113.34129005179           22.252741775275      0
      230.72615379007          -116.25825135522           20.161265612903      0
      235.88773554728           -115.1745459952           20.161265612903      0
      239.05902006624          -115.45524756267           20.161265612903      0
      233.94350756359          -117.10945850683           20.161265612903      0
      240.19471008965          -117.76184021477           20.161265612903      0
      245.10987551924           -116.1944969774           20.161265612903      0
      231.85787711308          -119.69129005179           20.161265612903      0
      234.46196380318          -119.69129005179           20.161265612903      0
      210.28422413944          -114.17895216174           22.386161121581      0
      205.04289055043          -103.10031642445           20.161265612903      0
      209.09279019188           -123.3080221164           21.946915373297      0
       248.5586843176          -123.52310966714           21.067667488089      0
      243.80726410586          -123.65168696932            20.73595951984      0
      247.52646083526          -97.218478527992            21.68106120098      0
      199.40385719548          -102.15610131813           23.841521576579      0
      207.45284245132          -122.84537744317           26.511265612904      0
       208.6342700559            -118.203147118           24.715612075526      0
      199.07995065634          -121.91691690128           26.411265612903      0
      223.32926336957          -116.14279760942           29.685784285255      0
      211.73669429581           -96.26664135462           22.720201088852      0
      240.56268051149          -95.500046427714           21.601651340606      0
      203.76454150203          -107.41665423049           24.904971216423      0
      237.62183080766          -115.51012773636           23.069981411492      0
      241.78523106383          -95.719252147527           22.191340355225      0
       240.1818849625          -95.628504877867           22.034161623577      0
      246.32769036015          -95.749259823305           22.243315124672      0
      244.04526001558          -95.657235853687           22.083925085941      0
      204.26126330043          -116.17650450666           23.856953491463      0
      225.35012588332          -104.90183238452           29.685291315676      0
      229.10401856712          -113.34129005179           22.097990922214      0
      239.52121246449          -97.282715378651           20.867534853948      0
      239.08925703379           -97.28271537865           20.142810349509      0
      246.77756515876          -114.78483770844           21.896539013703      0
      239.57134061316          -97.477594761369           21.541004456529      0
      239.14490738821          -97.442115908199           21.170380266963      0
      202.01787549319          -99.589166261932           26.511265612904      0
      245.91583568715          -108.09129005179           20.161265612903      0
      207.86600548716           -101.0429503901           26.511265612904      0
      228.76738486169          -119.69129005179           20.161265612903      0
      227.65806613021          -113.34129005179           20.161265612903      0
       206.8107186951          -117.97669869098           20.161265612903      0
      239.31612346283          -114.57571148669           24.909195205362      0
      235.48094832581          -103.30338707106           21.706550542883      0
      201.43530257447          -103.76591206458           24.361974645589      0
      239.08030267645          -96.347506708626            21.38922895743      0
      228.45930965829          -101.74129005179           22.213069822809      0
      247.32976703373          -124.70660072178           21.743216006888      0
      207.11546194631          -98.462350151511           26.511265612904      0
      204.05628000577          -97.756001410044            25.28658736116      0
      221.13438620292          -104.82224668614           23.721566768886      0
      221.24142076164          -105.76515238253           26.265140401869      0
      221.12957438097          -104.85879610248           28.153202102017      0
      221.13230695405           -104.8380401493            26.07885768364      0
      221.21840305823          -105.64850479177            23.97350442938      0
      221.23019066048          -105.73804051999           21.873596784015      0
      239.00564974172          -96.412162460436           21.659866956001      0
      239.25519170421          -118.72286293593           29.374228048672      0
      226.53932938599          -107.16345640701           26.685596265575      0
      203.71491130359          -104.22119747059           26.511265612903      0
      251.60001859961          -115.03171254867           20.161265612903      0
      250.14192124288          -118.10047305965           22.646936816655      0
      248.62800656569          -97.951149929415           22.406415026592      0
      240.01539054093          -98.098687312423           22.236654014599      0
      243.65463199584          -97.933334630838           22.426200894988      0
      241.80920659402          -97.949060905509           22.408735119736      0
      196.93189495654          -103.94745038883           24.708826531229      0
      240.24822924403          -126.19920084107           22.062559642336      0
      239.33330758245           -125.4389674918           21.164201148414      0
      238.89460706371          -97.282715378651           22.667463315794      0
      240.56548553412           -116.3781381246           25.635752391479      0
      221.54737450193          -114.92879005179           22.465152609637      0
      225.47849137114             -106.31781722           29.680107349364      0
      208.07968188632          -100.53404568192           22.887627127972      0
      238.95237866809          -125.28271537865           22.628130490086      0
      222.96050193036            -105.857474597           24.803284791877      0
      244.76709879479          -124.22980092444           22.667463315794      0
       196.9491328808          -101.03414254869           24.683067125788      0
      224.89470905252          -104.58802311852           20.161265612903      0
      234.66772805184          -115.90709561041           26.376622661956      0
      241.43114422862          -123.63073689346           20.772246080999      0
      236.08229297981          -115.58672870661           29.367806871717      0
      236.34908456006          -103.19695856257            29.38234802673      0
      237.77412594479          -114.79669294727            29.38533089103      0
       237.9000917443          -104.34312636427           29.350635474059      0
      246.32133632446          -105.09622500796           20.161265612903      0
      249.33946982779           -95.61460296944           22.010082834847      0
      248.66912094744          -126.23370185887           22.002802183642      0
      250.52877577189          -95.885524679449           22.398166818354      0
      250.80695318153          -123.77822758964           20.531272186169      0
      247.98037537639          -126.34143016195           21.626624048322      0
      248.59605402116          -125.61430041392           22.667463315794      0
      204.10019079845          -100.78480236823           20.161265612903      0
      223.03644964465          -103.43583177698            25.77756247065      0
       247.1653172197          -123.75451132662           20.557862678761      0
       227.4592305548          -101.74129005179           20.161265612903      0
      202.52068728519          -119.33055122499           24.148569645044      0
      199.73693547751          -105.62080425381           24.748613813729      0
       240.6786462843          -105.72032559798           25.452850164019      0
      240.28019066048          -106.66398849806           26.324515144703      0
      240.35454004538          -104.27192728237           26.145019851312      0
      250.36045487346          -98.360998897901           21.369832897468      0
       206.9522754288          -114.03603020565           24.774737613844      0
      249.07485510174          -98.239985158559           21.991919199728      0
      246.98063012254          -116.24580622721           23.971265612904      0
      241.34109126332          -98.344073764937           21.601471954813      0
      243.11607603219          -98.343873253082           21.603379689424      0
      204.51177657869          -123.38601247374           20.161265612903      0
      204.50504548536          -106.58742673163           20.161265612903      0
      205.01226603983          -98.786886823555           20.161265612903      0
      204.67861383448          -115.02081565383           20.161265612903      0
      248.17526207174          -116.60300312923           20.161265612903      0
      202.00078355694          -118.96561610734           26.511265612903      0
      237.36833463558          -117.96124442521           28.684879159877      0
      236.80805248334          -117.38502902595           28.708889521234      0
      228.60621196668          -119.69129005179           22.321564872235      0
      236.06028708149          -116.61383756932           25.881153548645      0
      236.43909726636          -116.63114625653           25.673761284925      0
      237.83018761124          -117.02723679094           25.801707869246      0
      237.80276604705          -116.84382260325           28.511864662822      0
      235.43906433861          -116.52667509454           26.921741352373      0
       236.0666537983           -105.6199814215           25.876268195015      0
      238.55207586472           -116.8729053947           26.899940667937      0
      235.57044415311          -116.09939977713           27.815090496893      0
      236.51962141798          -105.33733464038           25.640407089229      0
       236.3569611709          -104.76309625177            28.58474805618      0
      237.67160601791          -105.03841657356           25.722097094234      0
      237.63303131533          -104.79201969046           28.586412296548      0
      238.44686535267          -116.36199742871           27.758841281515      0
      235.43277979321          -115.87163162351           27.323054011824      0
      235.75273229002          -116.83816598534           26.182389367348      0
      238.55745878356          -116.51629005179           27.351703229954      0
       235.5474750017          -116.74799570945           26.532893165765      0
      238.40941056084          -116.19618269853           26.443266077875      0
      235.43655153433          -104.91629005179           26.940827995853      0
      238.54715096715          -105.47506493418           26.862532356939      0
      235.56201341489          -104.71257832453           27.794736894346      0
      238.41578456378          -104.60262371722           27.833876943591      0
      237.34817366512          -117.25825226152           25.604997823815      0
       245.2560898226          -95.510917533559           21.705082556288      0
      243.01338557791           -95.51816640569           21.727392345482      0
      236.93603719769          -115.89857559084           25.566792197276      0
      235.44776409005          -105.25738605021           27.436871046147      0
      235.75014134754          -104.68242392064           26.185765949322      0
      238.55745878356          -104.91629005179           27.351703229954      0
      235.55498804764          -105.71164303829           26.514755068351      0
      238.38578173971          -104.41991289939           26.386221057444      0
      237.09629042951          -104.61689903885           25.571836766747      0
      204.08386569025          -114.43473279748           23.064638685632      0
      201.90762700804          -124.35943341693           25.774575795126      0
      207.79331295573          -104.73517245659           23.528274572689      0
      202.68746787294          -123.91003558314           25.727040719753      0
      210.61357276337          -102.77544028673           20.161265612903      0
       245.9816327392          -118.08914420253           23.971265612904      0
      210.61555568878          -102.44031454535           26.511265612904      0
      223.49167266189          -119.58526601716           23.995215457639      0
      202.52291628459           -124.6037704701           26.511265612903      0
      203.64799354818          -114.87465894536           26.511265612903      0
      239.59350216825          -124.34787941763           21.386875779117      0
      210.61743531989          -118.42264613217           20.186755014172      0
      227.35484225752          -105.75971388058           27.005749724909      0
      210.61435805592          -118.94272135096           26.511265612904      0
      224.28870379387           -116.5300322561           20.161265612903      0
      232.89708366976          -116.44865235092           24.907736580914      0
      233.45303965532           -116.3622725495           25.694936526839      0
      233.71381965742          -116.51629005179           26.324515144703      0
      233.93019066048          -116.51629005179           27.968016081104      0
      234.23668437855          -117.09390381719           28.707957372043      0
      234.71931557991          -116.01236446939           29.348811200205      0
      235.40950515895          -116.70461203684           29.895896269919      0
      235.84081478671          -116.68020978937           28.224933203048      0
      236.17525469075          -115.86494618136           30.213080111371      0
      201.07454434553          -101.34170427044            21.80252432165      0
      223.11689530546          -103.69780355347           29.679803904992      0
      236.97493690784          -116.62459544356           30.318360272528      0
      225.87227001244          -115.05470190005           20.161265612903      0
      240.26714205951          -115.66432339532           26.423629109163      0
      242.17741840637          -124.23992804725           22.667463315794      0
      237.81875562715          -116.12499224039           30.213080111371      0
      238.21324065704          -117.02347101884           26.145850354281      0
      238.19159449756          -116.03446672501           28.174890695785      0
      238.66286497293          -116.29916011623           29.835768669879      0
      241.72632903863          -116.70327209878           24.422091888367      0
      242.52525469075          -117.81047961848           24.079451114436      0
      243.34700515895          -116.51629005179           23.971265612904      0
      253.07402078141          -116.49538492699           20.161265612903      0
      201.97757951976           -96.24129005179           22.744256872337      0
      208.48642020573          -125.24763192889           23.092974022964      0
      207.35334885304           -96.24129005179           23.162973458192      0
      210.59576498189          -122.08505725779           23.336265612903      0
      210.59576498189          -105.78505725779           23.116549882103      0
      210.63333701648          -99.435168412915           23.336265612903      0
      201.26893707739           -105.6298690451           25.815428810993      0
      232.96059190386          -105.87275503705           24.990502122981      0
      233.36719577847          -104.77139526983           25.520398609066      0
      233.73504847903          -104.83476008432           26.485764053806      0
      233.93019066048          -104.91629005179           27.968016081104      0
      234.31613163807          -106.13447205088           28.823371657285      0
      234.90417363843          -105.59409442784           29.508141756347      0
      235.54181131276           -104.4788721639           29.950699273214      0
      236.25488116601          -103.40911346899           20.161265612903      0
      200.71552000394          -121.92659449873           25.282190533367      0
      235.85439930314          -104.24320773274           28.242636889543      0
      236.17525469075          -105.00305624075           30.213080111371      0
      225.13192989049          -117.55116110453           21.413236157195      0
        204.139887665           -120.0404751703           23.228390837088      0
      236.99552793359          -104.89450255901           28.733571132495      0
      236.96349734675          -104.81574628614           30.316854225739      0
      201.86042186761          -101.38117406336           24.599886795512      0
      251.54490493194          -101.74129005179           21.882056521006      0
      237.91545826074          -105.21532304568           30.173024569019      0
      238.11953717408          -105.25683881664            26.02373359777      0
      238.11820294168          -104.89492401741           28.269821420564      0
       238.6788557764          -105.00898216122           29.823498494814      0
      245.62819251022          -98.089186194224           22.253110418338      0
      241.09530597517          -104.75570834362           24.909848683046      0
      241.82696375152          -105.03542782107           24.368692691947      0
      242.52525469075          -104.91629005179           24.079451114436      0
      243.81340031017          -105.39728776452           23.971265612904      0
      253.41002450568          -105.45092307758           20.161265612903      0
      201.90298795944          -125.14209389701           23.202038416962      0
      201.90291004914          -108.85523825544           23.544944761187      0
      201.92297931846          -124.42473450122           26.511265612903      0
      233.22309495385          -113.34129005179           22.026371861294      0
      233.22660238407          -101.74129005179           22.265106699073      0
      204.52907204584           -114.4643175035           26.511265612904      0
      222.67664384414          -119.24070533509           28.297653205216      0
      222.64144339603          -119.21369508127           22.156791402636      0
      222.59672984128          -119.17938516398           26.122665028122      0
      224.26704637734          -117.56589068927           27.455140515173      0
      222.75221694283          -119.28361250896           24.025233983611      0
      201.96839292416          -97.793877277526           24.977593819174      0
       205.0881376427            -101.745002958           24.332897973466      0
      255.27155752468           -104.1455716357            22.87474562745      0
      201.26632964343          -104.17986809977           26.411265612903      0
      199.23769968841          -117.64513641681            24.79518094124      0
      242.51919602775          -124.22980092444           20.142810349509      0
      203.24059507384          -116.42093838748           25.917455487486      0
      248.49495920574          -113.34129005179           23.971265612904      0
      251.45889723425          -104.91286082893           22.831024434202      0
      196.92209233845          -121.90414894119           23.157997128655      0
      196.95830769146          -115.78354704611           23.420213367595      0
      196.95848100187          -99.454256595371            23.07141278835      0
      201.92200481472          -121.93373322039           23.286265612903      0
      201.92200481472          -105.63373322039           23.286265612903      0
      205.50828079373          -103.12032932936           26.511265612904      0
      246.06492289052          -101.74129005179           23.971265612904      0
      201.95864279306           -115.7417052262           22.906961281973      0
      201.95839347814          -99.483840874573           23.286265612903      0
      211.57026443069          -96.285249677691           20.161265612903      0
      206.73377623576          -125.23431609881           26.511265612903      0
       253.0017380942          -116.70597360561           23.431257949957      0
       237.3334604692          -115.79627644494           28.689470430982      0
      227.26312781805          -104.19318500238           20.161265612903      0
       204.0358523443          -123.19537573537           26.511265612903      0
      250.69388356457          -105.50954504641           23.971265612904      0
      233.72469316143          -108.09129005179           20.161265612903      0
      233.03673595258          -103.59517621915            21.40783489849      0
      223.27501925543           -116.6933513992           27.994683528734      0
      237.29425487272           -117.6606426451           22.702468738842      0
       202.4795719803          -105.90110369658           26.511265612903      0
      208.73002760826          -98.345107466776           20.161265612903      0
      239.72999671833          -126.34193912224           21.188492029731      0
      201.96768716263          -97.913155013623           21.621244404621      0
      203.33219839855           -96.24129005179           24.775255243906      0
      215.67096246503          -122.11508699532           21.117905837845      0
      213.22017434533          -105.80058578148           26.511265612904      0
      212.76332976916          -99.447771493587           20.200487534522      0
      228.65839333329          -115.14031444867           23.971265612904      0
      213.19747884985          -122.10045149315           20.161265612903      0
      212.93322406455          -122.09888790831           26.511265612904      0
      204.82033276365          -108.91423259928           22.038386014296      0
      204.04569790973          -118.97303109937           20.161265612903      0
       213.8765959538           -105.8044698015           20.175686127283      0
      203.38327651569          -100.36006209479           23.969483545588      0
      228.51720379667          -103.33589211557           23.971265612904      0
      245.99871605754          -117.95259679611           22.165605881753      0
      254.92811117612          -116.95209272663           20.161265612903      0
      251.99150038856          -125.68977061582           21.616334088548      0
      235.33440499942          -118.35400019987           22.094531390157      0
      201.98369162069          -122.14810929426           26.511265612903      0
      202.64355340412          -105.00252669309           25.202032253012      0
      202.04568793482          -115.78956618478           26.511265612903      0
      196.94028667016          -102.52920276828           20.161265612903      0
      196.94028667016          -102.52920276828           26.411265612903      0
      207.26248650827          -120.12671231578           26.511265612904      0
      206.92444551191          -117.64630224753           26.511265612904      0
      196.94028667016          -118.82920276828           20.161265612903      0
      196.93919352607          -119.01395037355           26.411265612903      0
      201.82279749766          -119.14927434919           20.161265612903      0
      201.86071064185          -118.68173600339           26.411265612903      0
      202.20862052391          -102.56015648613           20.161265612903      0
      201.85103693273          -102.03548598878           26.411265612903      0
      247.80487626616          -108.09129005179           21.922201605583      0
      248.60764930477          -108.09129005179           23.971265612904      0
      216.51477763112          -122.50185450279            21.63152550412      0
      216.95054220134          -122.12265821669           21.193435228999      0
      251.49797455343          -119.69129005179           22.044831002745      0
      222.81152739538          -113.72440040078           23.367529269079      0
      216.43435964428          -122.11960398545           21.893258322762      0
      248.07845490859          -106.25979045638           23.971265612904      0
      208.76209622206          -114.50660012859           20.161265612903      0
      222.15179149356          -114.19460814179           25.088849270136      0
      252.64337442019          -116.15086332578           23.444422526319      0
      204.20115289852          -117.08580702093           22.092067893457      0
      222.09302335305          -114.23970252204           22.646240816597      0
      231.53838548799          -101.74129005179            22.34835294719      0
      246.97520671516          -103.65600396071           21.269344341591      0
      201.29291105059          -105.17715561474           26.411265612903      0
      204.08981694774          -112.54129005179           24.702161079624      0
      248.93053606567          -117.95908941816           21.727694087909      0
      226.69858647943          -119.66991165748           20.161265612903      0
      201.41817508622          -117.52172166184           24.458304317903      0
      206.36190540722          -106.55111439056           22.123322754175      0
      246.63516629808          -98.255425782925           21.944397727646      0
      237.13043586047          -117.79751665024           20.161265612903      0
      250.81773376328          -95.486157830086           21.340762932768      0
      240.75268871404          -95.500651488799           21.202865577916      0
      224.84087677674           -118.3458700311            24.99569851807      0
      231.98430444445          -117.82128313916           22.539210957293      0
      205.43490700496           -107.4063735111           26.511265612903      0
      244.90079662534          -95.495882807138           21.248236356971      0
        244.314223963           -125.8873776987           22.477241174061      0
      243.39459900815          -95.499767171284           21.211279260655      0
      202.00078355694          -102.62473037161           26.511265612903      0
      237.85630812502          -101.74129005179           20.161265612903      0
      213.36079150838           -99.45130665045           26.511265612904      0
      244.93799854996          -119.69129005179           20.161265612903      0
      213.46221792845          -96.276851207924           20.161265612903      0
      255.20958951533          -104.07305894346           23.528156375157      0
      214.52601500896          -123.06120247136           21.059028241839      0
      239.32667148538          -106.47835047519           21.590235960602      0
      224.24786995772          -101.74775882375           26.424096516816      0
      239.59093277424          -126.18882941292           22.080523465691      0
      224.72040973202          -117.35464590492           23.765601140158      0
      244.20499385714          -96.229800924438           22.667463315794      0
      232.65509190418           -115.1487158966           20.161265612903      0
      208.90239496988          -101.66944673821           24.623741879951      0
      233.90573311641          -104.20547344984           24.139244348364      0
      241.45309692123          -97.614300413925           22.667463315794      0
      209.57320000315          -108.95406236084           26.511265612904      0
      200.69245460047          -120.38837749559           22.087302474115      0
      229.24451749242          -108.09129005179           21.988003099998      0
      238.24632445762           -118.2305818348           24.476949954958      0
      234.14655955013          -103.05602555433           22.646132265854      0
      255.43976570678          -104.58986009671           23.491299261172      0
      241.82759155108          -123.49500935006           21.256546709982      0
      226.23266354446          -104.34893114135           23.256661364742      0
      203.20224899826          -97.532125484039           26.511265612904      0
      248.92970070801          -104.85023580887           23.971265612904      0
      203.29787590461          -115.60440968845           26.010902997293      0
      252.03269583845          -96.440032097032           21.425498966008      0
      245.60247172332          -123.48996619152           21.505744714455      0
      224.44951904043          -105.90073888166           25.654953825501      0
      203.73474570543          -99.359192684835           22.097041573176      0
      241.64472010937          -108.09129005179           21.670708377784      0
      201.91227659837          -123.57499442452           25.818588080505      0
       201.9121689583          -123.59315453319           24.824561261663      0
      214.16931265906          -106.70342883959           21.109625362061      0
      203.38107464284           -101.9995380922           23.870851324523      0
      247.60832434417          -123.49744435323           21.576894362742      0
      243.24340289723          -123.50692703609           21.667115673233      0
       243.5350831711          -119.69129005179           21.907989555278      0
      201.31884265991          -104.66810980531           26.411265612903      0
      221.56914100599          -106.51314119572           25.571174841305      0
      228.11974582116          -105.85267735465           22.359217320533      0
      217.50412486077          -107.78359850697           21.091201582636      0
      207.02774064698          -116.39503495945           24.725931122382      0
      250.51813207494          -119.69129005179           20.161265612903      0
      217.54424854472          -113.45353073644           22.451944237285      0
      214.14660469836          -114.61659260279           21.072362534201      0
      223.63422185662          -104.39353033373           27.588583791819      0
      215.28688415164          -114.04685665457           25.747297379378      0
      222.56689161664           -105.6391931038           22.583241804493      0
      223.68134792954          -103.76931084729           23.746428401338      0
      225.36643830479          -118.84815593036           24.329468010267      0
      250.77678967673          -104.46652111992           23.480354630381      0
      250.70612310125          -106.60053665305           21.322348288429      0
      201.44051466281          -102.01453865146           25.872263537538      0
      224.54417329039          -107.38458655673            22.25362939402      0
       208.9808944046          -107.09686184274           26.511265612904      0
      252.87200515895          -97.996197343145           21.275528995247      0
      217.60466718992          -106.62876028334           23.666987471508      0
      251.52535323265          -97.425065041795            20.87161200257      0
      201.91217656949          -123.59187043864           21.763516627736      0
       201.9127279678          -107.19884324647           21.650862532789      0
      208.57645032722           -123.7809369626           20.161265612903      0
      209.04275803272          -114.13822923235           26.511265612904      0
       209.7047126361          -112.55461820161           26.511265612904      0
        214.089736018          -97.097018489372           25.458314427339      0
      217.41395426989          -113.32887608115            24.48819038189      0
      240.70430269966          -106.13306864675           20.161265612903      0
      238.44883280046          -104.17115966833           25.072236511663      0
       212.3933148839          -99.445582130528           24.337568371382      0
      241.82073093756          -125.22039984663           21.105418293067      0
      215.08686092363          -115.13861639455           25.619650101985      0
      236.13420397628          -106.84824523157           29.355028773991      0
      242.66769042613          -125.59434656821           20.142810349509      0
      224.73425677873          -106.37676107604           27.274216632172      0
      251.27598177667          -108.09129005179           22.035781177397      0
         237.91139607          -106.21838418166           22.826878876568      0
      215.16303553214          -108.34235140973           25.502978114511      0
      212.28607972821          -125.27011436008           23.426568475157      0
      202.01243687378           -121.4978207387           25.855395639889      0
       214.9252863465          -113.41105061864           20.911800020866      0
      215.36195468037          -124.64929958652           21.116935297619      0
      215.51030420907          -123.00460966054           20.982867158463      0
       243.3357987502          -124.22980092444           20.142810349509      0
      201.90276526253          -121.93361938074            24.79424730095      0
      214.32007977136          -106.69130652334           26.511265612904      0
      212.39348214992          -105.79569427731           24.411901489135      0
      212.25526493388          -115.74476529458           22.506141323053      0
      212.02358260034          -115.74339443961           24.182702161605      0
      212.07500331247          -122.09380985095           22.328293640809      0
      241.78066956558          -124.30579253689           20.142810349509      0
      212.37604599519          -122.09559110829            24.54597386953      0
      212.27565653399          -105.79499710792            22.38188974256      0
      217.62803944857          -113.28982300434           23.751177288831      0
       231.5373842266          -113.34129005179            22.52444591178      0
      236.56259807956          -115.32512226783           24.550124885044      0
      216.91852917936          -106.76238985996           25.079585547835      0
      245.00138875338          -124.22980092444           20.142810349509      0
      249.72387495555          -108.09129005179           22.087844914602      0
      248.64911354448          -124.22980092444           20.142810349509      0
      217.53230365997          -122.93802295264           22.947786619053      0
      223.60743704957          -114.60783601676           21.540139336247      0
      209.75838780506           -112.5549357954           20.161265612903      0
      225.62979992026          -105.27567963986             28.4367791341      0
      227.04663581596          -103.32879005179           25.571609743908      0
      217.01423086476          -115.07747211936           24.945719136432      0
      217.68140414394          -106.82190059597           22.997964576878      0
      250.49173643648          -124.22980092444           20.142810349509      0
      217.62741873197          -108.12576641967           22.992044509081      0
      217.51392914197          -108.23660477872           23.778802882735      0
       216.2070265829          -124.40621944186           21.145019977648      0
      216.29955917067           -122.9275475199           21.119242382997      0
      211.52174617667          -96.265369515322           26.511265612904      0
      224.30157430543          -119.69068851224            26.39287438814      0
      224.28568519793          -113.34278035293           26.932724887953      0
      224.28646726877          -108.08990271223            26.84233463976      0
      225.11875562715          -119.58310455026           27.080350193911      0
      225.17504875704          -113.47279293119           27.048222314488      0
      212.57127439939          -112.57157953122           22.093683275874      0
      225.04241666902          -107.99315476476             27.2442868782      0
       225.1860945583          -101.87736825188           27.371804571787      0
      227.32938942907          -117.42116244422           26.990722822601      0
      227.38160551751          -104.22963660357           28.140651791528      0
      227.45678958728          -116.40071631072           26.255535564297      0
      240.46851377954          -125.97736298898           20.432971153699      0
      217.42915803069          -106.52278181981           22.422383081224      0
      253.76850052514          -117.38912889829            23.47565623342      0
      216.76992926887           -113.4202258012           25.055849874805      0
      217.22262679191          -113.43613614961           21.800865434215      0
      215.65190739892          -114.98031458029           20.999338658538      0
      205.40270976036          -123.53819450204           24.921398451447      0
      214.61051013282          -108.98386792044           20.900307920456      0
      212.31606700291          -99.445125057951           22.037171069713      0
      249.02056321113          -126.15448689423           20.670267269172      0
      217.63432786969          -114.74539393816           22.627006028162      0
      203.35448067489          -116.18471875671           26.511265612903      0
      216.94043867911          -123.18204707316           21.632492729695      0
      213.77225623801          -115.75374127056           25.566377553298      0
      213.22409605143          -115.75049782898           21.428302068165      0
      206.57805339444          -112.54129005179           23.847658821429      0
       223.5808723885          -116.40507138765           27.509960145004      0
      236.39914596321          -118.71382330119            23.20428956077      0
      239.79947668405          -102.97642997841           20.161265612903      0
      216.89927670715          -97.133380077383           25.114612935923      0
      217.62986775547          -122.97478303447           23.717604823596      0
      214.23682210509          -125.28165682355           25.672967852236      0
      215.41840038514          -97.110043164788           26.498597723052      0
      214.44242263122          -114.86696758807           25.611257519482      0
      247.93620480411          -103.37747631346           23.971265612904      0
      237.35705616487          -108.09129005179           22.410009080206      0
      215.75124550948           -115.0274842996           25.640177950847      0
      246.35512953394          -126.20336896865           22.055340240477      0
      216.62233701962          -113.35525828338           21.459099014118      0
      203.86445433686          -107.16382893591           22.890237432072      0
      216.25462026528          -106.76159430635           25.453172957869      0
      213.04041174885          -99.449410976416           25.295351412866      0
      205.45679593233          -125.22091291565           24.930776691513      0
      221.23950633855          -104.07204954725           24.859881048229      0
      221.23019066048          -104.09453958359           27.834482904005      0
      215.79686722464          -97.098406642973           20.963924513961      0
      201.97757951976          -112.54129005179           24.383076610634      0
      206.01692965891          -104.47958608199           21.444647920329      0
      203.68795719009          -123.54807911242           25.215676456389      0
      215.28741426643          -108.31266909235            21.06454462491      0
      252.44587411142          -115.12361523254           22.886141715788      0
      217.33172880173          -108.16744897355           22.102764827704      0
      239.86480898771          -125.28271537865           21.850515551075      0
      251.44766138786          -118.22097111397           23.294967853384      0
      253.72726159664           -117.7945677385           20.161265612903      0
      201.75256315349          -101.86469860189           23.450796081631      0
      216.08810543451          -97.297454166172           25.591357922643      0
      247.45951197353          -95.593227521288           21.917987151649      0
      241.52865944125          -126.16545844941           22.121003123259      0
      210.60498502854          -104.22681661424           24.972076012972      0
      216.59737741889          -108.04697258777           25.255919864616      0
      216.95455197552          -124.32685239542           21.754923384454      0
      223.02523251207          -115.35012549644           24.081702424569      0
      253.58374844178          -103.37769846417           22.472431178791      0
      216.81898838058          -114.70818134694           21.512310889612      0
      213.21679423637          -105.80056578151           25.227916327704      0
      212.77542918879          -122.09795424244           21.302802685973      0
      213.04469350681          -105.79954746848           21.278207689129      0
      250.84281190738          -104.15319635547           23.971265612904      0
      233.83201756488          -117.88385515816           23.435871303213      0
      216.01280668183           -113.3753382169           21.047477043928      0
      216.05649017301          -113.41130072966           25.602029813492      0
      223.74968619176          -107.14208404136           23.927058409726      0
       214.4489107204           -96.28268942913           25.685898743961      0
      201.91305645768          -107.14342325314           25.058017601589      0
      241.93374283234           -125.5505384677           22.667463315794      0
      245.32010288337          -125.61430041392           22.667463315794      0
      239.93273820455          -125.95672889057           22.400218970389      0
      201.42486224999          -101.08742656519           26.411265612903      0
      217.51016499656          -114.94518581442           24.335857072373      0
      242.14334394459           -125.9515096108           22.406015560453      0
      225.83023152438          -107.68840158432           27.487399091964      0
       216.9387901807           -107.3238720102           21.625506394861      0
      242.14949030314          -114.76325675201           22.843651194323      0
      205.94551217395          -122.87803742885           21.552153530703      0
      205.94508002114          -125.22603794464           21.718072021571      0
       228.3539028601           -106.9810521403           21.393095389544      0
      217.26067405143          -123.10919634761           22.234052422518      0
      207.46631813407          -115.19326960766           26.511265612904      0
      239.34704175689          -119.69129005179           24.008095100232      0
      213.72350497344          -114.16287668027           20.161265612903      0
      217.55132851802          -124.62256956628           23.029204105359      0
      251.06359203068          -104.28439370711           22.957927566655      0
      224.56028161684          -102.99801077461           25.613504759259      0
      201.08655796012          -99.478682259196           25.516016996508      0
      225.43329787481          -115.69293561774           26.376903887864      0
       251.6256032341          -103.83372560075            23.10301048102      0
      205.68264917659          -100.80579475051           22.303363566776      0
      217.23899327442          -108.23101511963           24.682019387979      0
      216.99900545696          -96.297778236191           25.066993202324      0
       223.8721825971          -108.03142012871           23.404994612956      0
      251.14934239446          -117.99260266237           21.407843333431      0
      215.08008778973          -96.946079204465            25.65692609722      0
      251.19023451661          -103.81916121596           23.458422832625      0
      215.96375842845           -97.20867181697           24.773873959165      0
       224.2641504245          -104.82663611043           27.543997499096      0
      196.93174986188          -120.27197221767           24.826665791107      0
      235.18946179948          -117.35597510446           25.113822342016      0
      216.73864728571          -108.99646002161           25.106867469852      0
      224.62657222815          -103.16950769282           20.161265612903      0
       203.6411870081          -121.89693096085           24.370338335173      0
       217.5755425929          -115.05343197008           23.461974994716      0
      233.74601143903          -119.69129005179           22.821868856375      0
      216.31554238445          -97.249849080248           22.115242320017      0
       222.0303719112          -102.69933557301           28.159527162888      0
      224.38914850006          -118.52478376585           22.387840735281      0
      221.55372156537          -114.92051839767            27.04631980663      0
      244.91355499067          -114.89178571222           23.971265612904      0
       200.6671977146          -120.71316396576           24.667137880124      0
      250.73339033016          -108.07533621911           20.161265612903      0
      200.95956045319          -100.68561468842           24.957451497784      0
      203.19794524171          -125.19720402252             25.1330507428      0
      246.85516309756          -125.59730142003           22.667463315793      0
      214.22636016925          -115.76401021926           26.511265612904      0
       217.6473427432          -113.39462503014           25.477110370888      0
      203.93962718371          -104.79998836612            22.40018693699      0
       201.2013666728          -117.29195319224           26.411265612903      0
      201.21149127513          -121.92952914062           26.411265612903      0
      210.87866452358          -108.96178674143           20.161265612903      0
      206.27372516475          -97.637922250313           25.140814462829      0
      239.86173748249          -125.49911420433           21.405136832651      0
      210.63992462124          -107.22516078521           24.718136959436      0
       213.6969766568          -124.31079832445           23.540035222362      0
      213.82327612878          -124.08047232703           23.982933422482      0
      215.80343717722          -123.94518319994           24.814701793561      0
      215.40389929386          -124.13038092681           24.904655985347      0
      203.72577256869          -122.09098625147           21.771613512578      0
      212.82968493237           -115.7481641144            25.06401714535      0
      216.87886977029          -115.02569160683           23.497861063161      0
      217.14635199835          -106.48431326157            21.84507927166      0
      245.80801652488          -125.28081728806           21.946660620225      0
      250.79701734339          -114.90589563687           21.440042494287      0
      214.73639317879           -115.0515155447           20.161265612903      0
      208.99689125033          -117.96171107448           21.478025468467      0
       202.4947385341          -117.19444151759           26.153091968773      0
       252.1629707958          -116.44891927487           23.211478693317      0
      239.61191442682          -123.53342731177           21.774360700202      0
      223.47525469075          -119.58310455026           24.957914780514      0
      215.26182595761          -106.48170172717           24.923120679231      0
      209.62617562128          -108.95437581543           23.757508766338      0
      217.18640780321          -114.18989843962           24.759340591575      0
      203.38312113162          -125.19914762835            21.59102089621      0
      215.46447078237          -108.46346754532           25.987106959418      0
      217.33118010835          -122.60414619577           21.676146635953      0
      214.68238396921          -96.976765819558           26.511265612904      0
      251.44189205358          -103.21478245786            22.92498985597      0
       212.0973921081          -123.77736144841           20.161265612903      0
      224.29072263782           -116.9380730046           27.617264134053      0
       251.7936518319           -116.2268626571           22.562977668079      0
       244.2450836319          -123.59748300285           21.971504330095      0
      248.57820547578          -123.59893077413           21.975960122872      0
      207.81167768473          -117.82230151276           22.796910110117      0
      222.21691713727          -117.20567172492            21.63026452034      0
      204.26544603013          -112.54129005179           20.161265612903      0
      204.33714606679          -112.54129005179           26.511265612904      0
      204.71487928436           -96.24129005179           20.161265612903      0
      204.71487928436           -96.24129005179           26.511265612904      0
      204.27436984822          -125.20850217342           20.186549270369      0
      204.63988843208          -108.91233865587           20.161265612903      0
      204.17107229699          -108.90741796249           26.511265612903      0
      224.36591096019          -108.08221843096           28.186475311984      0
      246.44433417094          -123.60222789535           21.986107643497      0
      223.70369575312          -105.78155008725            27.98279083488      0
      238.10023492769           -103.2251673068           21.850305654432      0
      207.89461186009          -98.428807037176           21.917686637112      0
      222.85473480426          -107.72607679755           27.730672674799      0
      207.20623318366          -123.91111567595           21.651813353919      0
      214.63042867522          -106.60019597977           20.161265612903      0
      212.12183972991          -124.01673660644            24.50035083364      0
      212.53605556022          -114.25669975503           24.134890103005      0
      252.78560238259          -115.41521869923           23.505123611537      0
      239.64088872942          -105.00948005551           28.871577899191      0
      254.92578034046          -105.18426644043           20.161265612903      0
      225.07962840107          -106.92333509775           22.788486860128      0
      204.86055824987          -98.533008077489           26.511265612904      0
      241.53050384642          -123.54519113737           21.810566121462      0
      236.80601139593          -115.37665421963           28.708620806979      0
      208.64614915181          -103.78953075816           26.511265612904      0
      248.34422757504          -116.34963879667           22.427036359511      0
      225.76474167685          -101.74129005179           20.188769299552      0
      214.82408513032          -106.81834158018           25.640280781367      0
      222.74976267172          -106.22866852224           26.456891657023      0
      234.65018221131          -117.34518322717           26.367238609696      0
         202.00631841           -118.3423332042           22.349064987546      0
      213.77914530715          -97.974367628757           26.511265612904      0
      242.95445325039           -126.3613196758           21.437388783188      0
      212.46109953512          -107.29377481313           23.566449815832      0
      254.24690943714           -102.9356190352           22.401846964626      0
      250.18720397568          -95.510263422816           21.698859135201      0
      232.05436245395          -104.69158648189           20.161265612903      0
      212.79566107546          -107.48185788448           22.625714536151      0
      213.53969778867          -123.43777056392           21.179367882209      0
      253.08381159497          -115.12989383657           22.995902890203      0
      202.36771728944          -123.96484573736           26.511265612903      0
      248.02089342827          -101.74129005179           23.971265612904      0
       252.2752809699           -118.0855060677           20.161265612903      0
      209.45834530827          -96.253160456126           22.954284507508      0
      228.68183366972          -106.93222782795           23.971265612904      0
      222.71810024883          -115.66397920625           26.176004113368      0
       224.4578542602          -118.07236310601            27.87423097824      0
      215.29330078586          -125.28790796503           21.038336404618      0
      214.51914656405          -125.28332732592           21.021854912407      0
      214.97139388482          -105.81094767642           20.884503190593      0
      208.78134994683          -116.17709174476           21.526844807553      0
      241.05450680772          -96.220628329916           22.661073803841      0
      217.10337368102          -122.12356251435           21.858961395955      0
      216.99959518729          -108.99800403975           21.985713793101      0
      214.41636996017          -113.68439029588           25.665005692573      0
      209.04932819913          -116.96865036466           20.161265612903      0
      213.52327621221          -114.22419395998           25.318606118804      0
      210.68515497649          -114.26562080927           24.986309147989      0
      201.31608104366          -120.39898330994           26.411265612903      0
      212.69398347085          -123.59284206135           22.353602700586      0
      245.94907513609          -119.69129005179            21.98532256436      0
      248.88047819893          -125.97032524123           22.385118712395      0
      213.62565060073          -123.39499847085           25.611411814134      0
       252.3663070701          -117.51131423338           23.971265612904      0
      212.67197594004          -114.29480661204           22.524438900365      0
      221.22471891287          -104.13610163302            22.48025897822      0
      213.94257858654          -114.39378400635           26.511265612904      0
      218.19541149813            -122.891029785           22.182483069123      0
       216.7900770633          -113.54672708515           22.769133625515      0
      223.21182304408          -118.30928810281           24.884756440012      0
       224.1724457822          -104.12282994014           26.849043581644      0
      252.77627062045           -114.6276348279           23.444750530124      0
      213.94198302924          -123.63431470442           20.161265612903      0
      222.70950515895          -113.76665939477           26.070048672051      0
      201.56372081397          -101.52402325347           25.386993265882      0
      215.42315198286          -106.72844980452           21.138099005025      0
      227.05079379397           -107.0159067776           21.310106061509      0
      212.57747073547          -112.57161619469           20.161265612903      0
      230.15310108687          -116.37046917527           23.971265612904      0
      231.34769545111          -116.68235495662           24.063513239902      0
      223.57078111929          -107.99568084316           24.236227944417      0
      253.64525706172          -105.40637773942           21.618220935332      0
      233.89383295783          -113.34129005179           23.668354850516      0
      201.96741123274          -114.25978874558           24.603820518302      0
      253.61753763635          -117.37673153107           25.604849520761      0
      200.50097773553          -121.92532506084           26.411265612903      0
      209.11999383784          -116.86033736826           23.197621325448      0
      225.56545480347          -105.84356833772           21.260981918919      0
      224.42131797766          -105.54749082668           27.654408362133      0
      227.37795877128          -114.38091166672           22.794601174829      0
      238.73924709958          -116.50541659713           21.757412286595      0
      253.02901339364          -114.19670237655           22.737050859359      0
      226.38063765015          -108.09129005179           20.161265612903      0
       215.9086638202          -108.24024775138           21.255055647203      0
       216.8871949419          -113.58231036625           23.173035154943      0
      238.57329626168          -124.56138595971           20.142810349509      0
      225.85937485024          -105.90665410002           26.091298440253      0
      205.98264520234          -123.90738674699           23.210393504232      0
      214.56953694239          -115.75845874813           20.960099261564      0
      254.37397594441          -105.30368558571           22.897667802062      0
      251.52072673233          -103.63511894532           20.161265612903      0
      222.31551867122           -104.0247962585           28.109593846997      0
      208.54970331986          -112.54778405836           24.917332473604      0
      230.29786579807          -103.80686845842           23.971265612904      0
      243.39504554105           -97.61637896164           20.158746026619      0
      234.22215464216          -101.74129005179           23.707469883457      0
      253.01681643351          -106.68514258382           20.161265612903      0
       253.9198038173          -104.43534846484           25.612615646627      0
      212.90278272683          -96.273541052541           24.906123011687      0
       214.5211633753          -108.98333925931           25.618282649238      0
      247.45517640706            -97.5325371873           20.113413271096      0
       210.9196346169          -123.83742002367           22.588803634844      0
      227.16568361705          -118.22334070779           21.970996553186      0
      240.01230485901          -104.52746144473           20.161265612903      0
      229.21944594975          -104.56445869002           22.456342126331      0
      214.57456360432          -107.82505110207            20.99919024055      0
      214.56478698524          -97.576495096159           20.958565738085      0
      214.38202460515          -124.29940154773           21.002471859473      0
      214.45772247463          -107.82931575677           25.671187760512      0
      202.61777585912           -120.3707413085            21.60720353702      0
      203.07844335098          -121.60061288165           26.097030203047      0
      215.51026894494          -114.94871001874           21.774726589937      0
      245.33043543887          -126.24450262752           20.832257839564      0
      245.72863221199          -97.975739399709           20.431167977425      0
      201.97757951976           -96.24129005179            24.62776124262      0
      244.67725053166           -126.3442724339           21.210691911199      0
      248.21447956226          -95.479391831305           21.405136832652      0
      205.88986453446          -104.41714109254           22.872224126622      0
      203.35568873856           -98.21736658856           23.820585008646      0
      225.94316758779          -119.22090744397           29.671265612904      0
      217.49667019139          -113.16206755395           23.125731434891      0
      215.26969919683          -108.98776831538           25.730483240348      0
      226.53479530254          -114.26564457197           27.926838177176      0
      241.61263241783          -126.34307137287           21.199264628243      0
      223.04310724554          -106.43522566259           20.161265612903      0
      216.64896464683          -114.84039051397           24.181606750247      0
      251.83883888488           -103.5030814691           22.729574723606      0
      216.79758046858          -113.36668946886           23.887854851599      0
      202.86142236651          -114.16157057929           26.511265612904      0
      216.32755628384          -115.23738350172           25.158239114555      0
       243.3669256144           -103.8146098107           22.001825948034      0
      247.94714645126          -123.89586550011           22.409651448586      0
       226.3267338491          -116.70762651266           23.507255739684      0
      216.01563090316          -106.85159321545             20.7215231924      0
      240.47974504064           -103.4284501189            23.86821625215      0
       226.5081082867          -107.18741319909           28.324218254909      0
      217.84833094827          -115.02827022032           25.202584994873      0
      215.97726201573          -108.07800063254           25.937194449872      0
      227.47551581264          -108.09129005179           21.289602168884      0
      202.44454384031          -123.30806357927           26.511265612903      0
       250.6653377923          -115.10441532342            22.88179322226      0
      213.41810750479          -108.97681252249           20.161265612903      0
      215.57208177809          -115.07148142338           20.195459896453      0
      225.74883348842          -104.28914167334           26.748431819068      0
      241.25344045769          -126.23082041593           20.802480680853      0
      206.33942842253          -125.22837128813           23.134743374677      0
      216.88734437681          -113.36359425788           23.508190774083      0
      216.78936834202           -122.5232351743           22.060264400027      0
      253.03463213489          -114.94266717947           24.636295723331      0
      210.61075196316          -119.55217166295           24.469696534468      0
       224.4790240996          -103.03514173869           27.072760829686      0
      218.43429668414          -113.38252657662           22.856995337822      0
      216.44110300278          -108.20093556953           26.252811866305      0
       225.2308956351          -108.09129005179           22.920556957942      0
      224.01291692321          -115.38306378161           28.081590049878      0
      222.69496696487          -104.20209371465            21.61265724214      0
      238.61179844167          -101.74129005179           23.981636005528      0
      253.76061242669          -104.34151990826           23.971265612904      0
      228.05134032467          -101.75591456329           23.971265612904      0
      223.53037311489          -118.19746203511           27.477431956692      0
      224.19501403763          -103.50543832385            28.47921971985      0
      233.66869870362          -106.15094611273           21.434308630918      0
      243.24424614914          -126.24436711774           21.978432882984      0
      250.25880658202          -126.26261128981           20.887990708209      0
       246.7234579931          -126.23322851509           20.806651626965      0
       215.5496274014          -108.27229541891           26.472626614235      0
      215.54341012234          -108.17711770958           24.886019260694      0
      215.54390008921          -106.46677983419           25.564246474183      0
      241.07054142033          -98.225810036879            20.79380245806      0
      240.57282192139          -126.21245447101           20.770669961488      0
      209.49886247288          -96.253400194545           20.161265612903      0
      253.62548657376          -103.45866804653           23.097488810777      0
      210.62557539254           -117.0469272739           21.411944359465      0
      234.67966403559          -114.97849651487           25.337950056404      0
      237.95032494842          -106.75566548522           29.335669932954      0
      250.13267595346          -102.94433511193           22.657885008308      0
      211.22828397419           -107.3236339078           22.653929862302      0
       238.6980872592          -113.34129005179            23.15343497363      0
      232.67668146555          -108.09129005179           22.318041606547      0
      251.86603791484          -114.62329128229           23.569293279953      0
      254.88221303154          -105.39944133937           22.655122834686      0
      243.26070181687          -101.74129005179           21.847130270651      0
      241.45912285043          -101.74129005179           22.845510354041      0
      225.37557304207          -117.09132597808           28.269253692897      0
       246.8996347576          -124.22980092444           20.142810349509      0
      240.09319134185          -98.356705789004           21.328986871448      0
      241.83392048022          -103.47659233494           23.186246005804      0
      252.07108742757          -114.53811993428           21.225055728563      0
      207.53022496585          -125.24197416046           24.830543235996      0
      217.73590491876          -97.944758231144           23.270804840114      0
      214.66156744015          -115.75900328885           25.779962424188      0
      226.60819107786          -102.75739774451           25.195453513333      0
      216.96923784097          -124.49326823343           20.682635488758      0
      214.83598311119          -105.81014645637           25.702544948814      0
      215.51137822861          -106.60952387288           20.193573853352      0
      204.36774296633            -123.841851866           21.856982054399      0
      253.59485769634          -114.78393178059           22.579167783916      0
      249.18505640765          -125.70375923318           21.355003707379      0
       249.6640846874          -113.34129005179           20.161265612903      0
      217.64782717579          -122.97769028466           21.269947152865      0
       216.0482450414          -108.15731481007           26.407073071986      0
      223.09240162261          -117.53717415389           26.069005529706      0
      216.29275520452          -98.322088862252           21.237254364086      0
         212.92585695           -107.8081745214           24.905048740287      0
      217.52564933103          -98.071849573176           24.232429865952      0
      215.37427717147          -124.51871923254           21.764277985772      0
       253.7266506057          -116.51752579597           22.663462773067      0
      234.59422891002          -102.80503329217           26.144298937759      0
      216.62252215194          -98.478535256379           25.316789075414      0
      225.46922859638          -113.34129005179           22.651920909739      0
      246.72871790381           -98.35599418044             21.3222163975      0
      212.88962801116          -125.27368553077           24.722437250522      0
       217.6637930361          -115.77676733585           23.363070810822      0
      203.30422215457          -125.18827364923           26.511265612903      0
      216.33615838342          -114.42638951434           25.409720647016      0
      217.52903122049          -115.77596995566           24.144015847004      0
      221.27559839147          -117.44766447999           28.332931088199      0
      202.84935715362          -103.36199078529           23.433320817999      0
      216.30504754784          -96.293672115407           21.142099049202      0
      254.59362653363          -106.07099445612           20.161265612903      0
      216.80921152338          -96.296655233189           21.445282784319      0
      217.50759056429          -107.28853114517           24.195743058078      0
      216.26023291911          -112.59340694907           21.271855985491      0
      216.85036541336          -112.59689873909           21.570942478276      0
      215.48781963409          -108.98905892516           20.968100432533      0
      252.13800564645           -116.9205775881           23.364457219386      0
      217.56303380196          -113.94866110988           23.194715246385      0
      216.74508891194          -105.82144255791           21.585035051524      0
      216.02759064998          -105.81719714981           21.198687484084      0
      216.06825892392          -125.29249336088           21.154219232314      0
       227.1128250354          -103.48858496305           26.938882189357      0
      216.19696536341          -115.76808817605           25.443097768601      0
      213.66455107049          -96.297386172873           26.511265612904      0
      226.61263528998           -102.7631895545           26.739889995758      0
      251.10755413007          -103.63388551864           23.971265612904      0
      243.98854444816          -97.390406132161           21.084231432342      0
      204.56822887151          -121.10423720479           25.393188389033      0
      222.05194112868          -102.67122602152           23.043398374325      0
      217.13700025773          -96.298594745827           21.772005198159      0
      216.04260681734          -108.99234157841            25.49539010484      0
      217.65415771203          -112.60165474549           23.747140847004      0
      212.13727481333          -107.13904019455           26.511265612904      0
      200.59491845116          -118.80851267639           26.411265612903      0
      216.94242044624          -97.037640346005           21.672149432926      0
      215.78005454393          -96.290565753109           20.945076476116      0
      215.76086787316          -96.290452226357           25.704753695968      0
      215.68735282536          -115.76507281934           25.606228816849      0
      217.47731924846          -112.60060839948           22.197125637123      0
      233.62294354331          -106.40429699307           23.384937305588      0
      209.08098988907          -125.21533614918           26.511265612904      0
      217.35261866663          -105.82503728681           22.274716312858      0
      244.66991119684          -126.17056080533           22.112165592001      0
      216.33700796864          -108.99408353807           21.292519301607      0
      217.44523505747          -112.60041855863           24.375578721936      0
       246.5379342236          -125.94853062616           22.409324053871      0
      247.31671727829          -103.55886922684           22.744672091885      0
      216.90674230127          -115.77228789738           24.992236040417      0
      208.84658978655           -116.2279315491           26.511265612904      0
      200.40078354695          -117.26043113098           26.411265612903      0
      248.26728135108          -114.81028373875           22.899436539949      0
      205.86800030259          -99.785643211322           26.511265612904      0
      210.62379530211          -117.34777274233           24.772483767382      0
      216.38348337875           -106.6851213819           21.310748575787      0
      211.76110298288          -114.19831021736           20.161265612903      0
      225.43777312864          -119.21265384891           23.505976222022      0
      202.39090558432          -99.157479592673           25.987317807893      0
      250.18228450871          -116.52185749459           21.665180085921      0
      224.82594108472          -107.18991267352           26.305080700131      0
      214.96036086797          -106.67586695103           21.788947235162      0
      215.72601427301          -107.50707874452           20.928659537436      0
      215.73393672303          -107.67176103456           25.535882456108      0
      251.54933496659          -117.28965968938           22.818890045036      0
       216.5669357975          -107.98926635403           21.319983530162      0
      216.68949274459          -125.29616917618            21.45772654118      0
      253.75030118947          -105.29822847925           23.285053688868      0
       248.9795426004           -115.0589480969           21.342017758112      0
      216.13083284731          -124.55180441464           20.291328174281      0
       222.6205000239          -104.86460696559           26.851688868953      0
       251.1216575781           -105.0051061683            23.42792439869      0
      216.02390939184            -108.254581458           20.262330128547      0
      216.38155883349          -115.76918040812           21.282355637124      0
      235.27445853043          -101.74129005179           22.393480252726      0
      253.33299998692          -114.89020218147           21.407832334262      0
      236.56457468355          -119.69129005179           20.161265612903      0
      212.65830117924          -97.741718387639           22.905335389774      0
      225.50344281597           -104.3783151922           28.123563257264      0
      215.71898768083          -112.59020442296           21.020184766264      0
      253.50091811682          -116.21235073144           21.783779121309      0
      216.53190268302          -113.33290276831            22.32674479165      0
      239.62623659188          -123.49018279228           21.302468141139      0
      253.95530020421          -106.63509353542           20.161265612903      0
      216.63905117743          -108.29910421585           22.562409539671      0
      203.08779311361          -102.80354496353           24.527999805321      0
      216.17161852381          -114.95053114541           20.284690655751      0
      204.74270885248          -103.03502307554           22.857703563358      0
      244.20455131849          -97.351898902805           21.943145941705      0
      216.19730677612          -122.95371580581            22.06721362429      0
      218.15235456291          -113.42758506861           24.729176057507      0
      228.47658583319          -118.00209120089           23.971265612904      0
      216.85024319838          -97.187756946135           26.110334974943      0
      234.23968132515          -104.71278569853           22.257475872216      0
      224.13977850095          -119.67059076958           23.476676412865      0
      221.56414642042          -103.30693246206           25.130739436347      0
      217.98065287299          -123.01669285135           21.703987202228      0
      215.64121787389          -114.95871731555           24.880557388722      0
      225.79666752396          -106.62600904134           24.388782369701      0
      242.53433974359          -125.15087033187           21.786859378952      0
        221.543198727          -103.33887126427           22.985010223079      0
      218.01757712184          -113.40895342863           21.678021731274      0
      216.37058164135           -114.9655223292           24.508629150312      0
       225.2469680146           -105.0445003634           24.266996944921      0
      242.90954889859          -117.92690086682           21.897374967354      0
      210.72826965281          -107.74597366398           26.511265612904      0
      205.33919489124          -115.07220146793           24.987877121668      0
      234.45430575057          -114.66397111853           22.110052419643      0
      215.74298787119           -106.4783743786           24.842599941642      0
      203.10077783689          -100.51613387796           25.579615980846      0
      252.29971443048          -103.87872917193           25.402879497616      0
      215.97785987289          -108.23599828174           21.931524408072      0
      239.13814300842          -118.08482704728           21.709948327124      0
      202.80327611076          -122.76439796681           24.814998276461      0
      225.43415324829          -108.09129005179           21.094329995355      0
      223.46612456875          -114.57671447177           27.003156992369      0
      210.29758273081          -97.832334693821           21.661053192103      0
      224.35720686747          -113.34921575708           28.433943783803      0
      239.92036876318          -106.90895956974           24.646281358582      0
      215.44886290501           -106.6922867611           21.772908168645      0
      216.07342494661          -108.18580050065           24.693417894148      0
      221.98480025009          -102.75872571806           26.528516973244      0
      203.64487902236          -102.75372168622           26.511265612903      0
      216.30804439716           -106.5378933408           22.151658249196      0
      216.37848169441          -108.30607990879            22.21373359777      0
      251.33049545997          -104.56695903364           24.550031652508      0
      216.01097077579          -114.97322375898           21.921802304214      0
      221.14516673438          -105.09221968362            22.63252685854      0
      210.33792704762          -112.55836490558           24.636797120528      0
       225.3765956856          -107.03367473503           20.161265612903      0
      216.01180420648          -113.27376881089           21.917982421013      0
      222.00949056893          -102.72654866808            24.82982441164      0
       205.6416551187          -119.09806594975           26.511265612904      0
      221.51708500538          -103.40191536517            27.03174935982      0
      242.47738356337          -117.16652049228           20.161265612903      0
      216.41980696211          -106.53497901347           20.406815408851      0
      243.51184367694          -98.213389222059           22.037984669045      0
      215.86467024932          -106.50239669392           21.880391768103      0
      238.89460706371          -124.56138595971           22.667463315794      0
      227.94894928279          -119.69129005179           23.971265612904      0
      216.47802783493          -124.50056212087           22.342648735639      0
      218.27314922723          -113.36074163037           22.234019351678      0
      201.98369162069          -105.66029448129           26.511265612903      0
      250.31208338929          -124.81244802879           21.117174059822      0
      208.91827905767          -115.07960566915           24.601432843336      0
      251.83676003616          -116.18289991336           23.971265612904      0
       241.3185942072          -97.314822950401           21.304068456609      0
      239.23541029339          -105.77681078271           29.396439193649      0
      216.38651468012          -122.11932088873           21.200186676708      0
      207.32146184026           -105.6350816607           26.511265612904      0
       206.9020070896          -102.11623036376           24.719537034818      0
      227.27358698331          -102.50128081877           23.136800404634      0
      211.08039710114          -114.23353954901           26.511265612904      0
      200.60180332746          -115.77581398571           24.730171416443      0
       250.7802234061          -96.912782489815           20.142810349509      0
      215.73160319652          -124.61191422842           21.829709396412      0
      215.67558160152           -122.8686609296           21.802659428136      0
      224.24293692468          -104.47826784024           25.487591372877      0
      216.40470086056          -96.294261760014           25.476229526713      0
      215.46147284969          -115.76373629669           20.952949739014      0
      222.05194112868          -107.16135408206           25.865284842122      0
      216.03934835415          -105.81726671967           25.492419113557      0
       203.4409892487          -114.73018737536           25.161169464412      0
      222.70950515895          -107.66592070881            24.06211772831      0
      216.89180929124          -112.59714396083           25.080347578781      0
      212.69524562823          -114.28111597931           26.511265612904      0
      223.67335480701          -108.00918492534           27.916273862525      0
      217.98635336095          -108.16323078565           21.722570341904      0
      204.85571712795          -116.99590459935           25.222829828824      0
      251.13782462143           -115.7701945935           23.560659414654      0
      249.98868800222          -98.010347967677           20.469604637254      0
      217.71525670502          -112.60201626576           22.905132334892      0
       217.5778029312          -122.12636969297           22.958068757241      0
      224.62839260315          -104.77405582315           22.363535891493      0
      243.42849376616          -124.22980092444           22.667463315794      0
      226.52863725615          -101.74129005179           21.334338453856      0
      246.83604850711          -119.69129005179           23.971265612904      0
      200.48939474663          -120.49491216892           26.411265612903      0
      210.45295979604          -125.25926786383           22.688819485961      0
      201.83865944797          -105.12360855367           25.948002178436      0
      216.13896027299          -124.61769875989           22.029998315616      0
      205.40550388299          -112.54129005179           21.805637553699      0
      202.98984516127          -116.82344029411           24.855594933582      0
      216.33655319143          -113.40885171933           24.541807179797      0
      201.32799861269          -121.32069007201           25.762939850049      0
      213.54363476022          -112.57733294801           26.511265612904      0
      239.31238411079          -125.61054000257           22.171268196614      0
      213.73877730613          -98.248202883709           21.172644126462      0
       222.7165523897          -113.76374033622           28.194365233907      0
      217.34040180257          -122.89219587229           20.960165498262      0
      226.54206918921          -118.76135408206           28.379817936605      0
      221.31061142718          -115.50038667793           24.986258236174      0
      239.80131424673          -116.79423077709           24.203747548053      0
      225.85071242887          -106.43768356209           27.539552737588      0
       212.7053072363          -108.97259491223           24.849354886348      0
      205.67937853453          -104.06213207831           24.540848215868      0
      207.79159565681          -121.84703689728           20.161265612903      0
       212.4094056626          -112.57062176048           24.111977533763      0
      222.99940254732          -118.34381764934            22.08614538245      0
      217.38065290977          -106.58211462334           20.991004947955      0
      218.16089081974          -114.98390865272           24.686336683565      0
      229.42575170629          -113.34129005179           20.161265612903      0
       216.0787702399          -106.57524100505           20.268244415885      0
      252.87200515895           -97.11634372749           22.242883970838      0
      216.81461054899           -115.0799935279           23.822267536506      0
        253.819546597          -101.90157987906            22.55655442348      0
      227.35725519304          -105.71703774965           28.338507668906      0
      206.50909494149          -123.22554614857           20.161265612903      0
      252.41576159764          -125.89306677399           20.142810349509      0
      203.27239349558          -107.27635399076           26.511265612903      0
      210.44466248873          -113.32365769888           26.511265612904      0
      250.66453035444          -123.59028369232           21.949347076195      0
       233.9243899272          -113.34129005179           20.161265612903      0
      236.73491396604          -113.34129005179           20.161265612903      0
      198.47320455964          -117.37298436343           26.411265612903      0
       239.2268138307          -113.34129005179           20.161265612903      0
      242.59270893308          -113.34129005179           20.161265612903      0
      231.32877637523          -113.34129005179            20.18512946138      0
      246.31805010648          -113.38063377494           20.161265612903      0
      224.02272115759          -116.52721920883           27.200755026733      0
      201.27818897996          -102.50200817968           26.411265612903      0
      214.93160523395          -114.70502067892           26.511265612904      0
       221.2524306352          -115.64110580391           28.500293248218      0
      215.93041054086          -106.29275238729           20.742411110155      0
      237.39140954498          -115.45523414176           25.610689935384      0
      254.83774311481          -104.09815388633           21.604745566446      0
       239.9230993277          -124.56138595971           20.142810349509      0
       217.7841534368          -97.683669582484           21.378255021651      0
      239.13490484783          -118.39229203777           23.198334043686      0
      211.00246779973          -112.56229696624           21.520762871289      0
      215.32508515993          -123.80466610854           20.169745622816      0
      215.56207921046          -123.60046780667           26.471744354605      0
      251.73794894171          -116.75125614993           23.575254388708      0
      224.58206606236            -106.776984506           21.519236143463      0
      218.14947639042          -123.38739521719           24.593853016863      0
      225.18078762803          -107.95741005419           24.816572318693      0
      217.75888075931          -123.93915301509           21.422086303136      0
      242.15676584744          -95.500991011558           21.199635248619      0
      227.71189106485          -115.16748211825           20.161265612903      0
      202.79450186683          -117.00884265911            23.52186026289      0
      250.23402959005          -125.61430041392           22.667463315793      0
      213.60947987423          -108.97794486503           26.511265612904      0
      203.18554499662          -123.95361902829           20.161265612903      0
      204.19445006783          -106.41823558752           25.650590745671      0
      239.06797472834          -104.57458151574           22.707650878018      0
      250.62611790847          -96.464585216892           21.671545853998      0
      225.83098722832           -107.6880885615           24.611328634583      0
      221.62232436185          -103.23111349265           28.447478217576      0
       251.4885993327          -104.14327934795           24.611989688952      0
      243.73530865698          -123.86001567704           22.369836237067      0
      206.66765389994          -99.996694366941           24.937234303553      0
      221.23019066048          -115.69453958359           21.351662062656      0
      253.23253913026          -116.05724930633            25.40627109596      0
      225.14053749412          -101.74129005179           21.124579189417      0
      214.88793124604          -97.727793302882           24.861509829413      0
      226.56083842414          -114.29568656471           26.777845521464      0
      239.58227585669          -95.574146973165           21.899683239389      0
      241.06630332394          -117.53838796955              24.947645674      0
      202.81501489514          -115.96257171608           26.511265612903      0
       235.0222615988          -114.80775310467           28.370567250094      0
      221.52927246404          -114.97249223717           28.296707913028      0
      234.27299452762          -103.69908593548           28.767154280439      0
       248.3065574108          -98.265225366269           20.896036028033      0
      247.13890419224           -123.5187591644           21.081056991611      0
      215.02520381043          -114.30854421765           24.885369002122      0
      214.52473048147          -114.03234728345           21.961450284396      0
      225.81164961151          -102.88842445205           20.161265612903      0
      214.09797594035          -114.21047366901           24.332500613684      0
      223.63596689073          -117.83082544805            22.88674644955      0
      215.00140265146          -107.51590812369            24.88964151527      0
       227.8536729031          -104.80018193112            21.48551329848      0
      251.31800033061           -104.6618689639           25.603108872797      0
      204.86719903978          -120.60243493278           26.511265612903      0
      216.87686011204           -97.91750931417           23.549447788178      0
      251.12338439982          -126.02563262202            22.32369372124      0
      213.85759832794          -114.17311868204            23.92427096638      0
      214.69813497164          -107.42459680127           21.865870878529      0
      205.86173431673          -113.89110714532           26.511265612904      0
      216.62665798598          -113.70546546225           24.219428251058      0
      213.70466294633          -123.63084963948           23.104672781693      0
      215.83066476842          -107.24587209754            21.86812862398      0
      215.11063378373          -97.691996065746           21.776161932358      0
      216.37117490472          -114.17390980298           22.160763244484      0
      222.68903626293          -117.21597798835           23.562865299607      0
      216.04817177707          -98.179536197857           21.936001243568      0
      201.95839347814          -115.78384087457           24.987041827234      0
      216.47671286097          -98.148523941812           22.263423825396      0
      250.25114516852          -106.12446282818           23.971265612904      0
      216.23108438329          -97.950370731638           24.618914192405      0
      215.53074654236          -113.99177669729           24.895854177465      0
      216.18353211923          -123.35440875294           24.614067871117      0
      216.21247268448          -106.90883635476            24.59252230552      0
      214.31410661403          -107.40003525888           22.079171952241      0
       216.1050843024          -123.73108738821           21.999979463855      0
      216.21941437412          -107.40585995227           22.087591941083      0
      216.35216926681          -114.22431107937            24.52612243491      0
      216.76276795928          -97.924162843055            22.71288163769      0
      214.06899637634          -97.867969280643            24.29440662047      0
      225.69501720718          -106.83001645308           29.031080380649      0
      214.71386921116          -97.471059000031           21.883748205059      0
      215.84657265931          -98.283106316781           24.819779775252      0
      215.49925260691          -107.77785869987           21.780387609351      0
      215.43216938087           -107.2537617088           24.901383391344      0
      215.40842400111          -113.95849133917           21.760547333916      0
      214.26835296678          -107.38909898714           24.558202227331      0
      213.85647395601          -114.33198730984           22.748705318437      0
      243.99532383916          -124.76763578558           22.045454021433      0
      215.59560944918          -97.886381550305           21.785367853665      0
      224.14883711267          -106.48485967621           22.713082712895      0
      204.88331965261          -117.96989028322           26.511265612904      0
      216.73828427609          -123.92306883447           23.880212850775      0
      216.73592173197          -107.83178692637           23.882934992227      0
      224.45679830624          -113.34129005179           22.315258719789      0
      213.76206739575          -107.40033405733           22.842796275556      0
      216.67725447709          -124.17755138156           22.648617155287      0
      224.25036266824          -108.08514945139           21.829635795291      0
      215.07590845792          -123.66944976754            21.77319509323      0
      215.00318476178          -123.64133527913            24.88974014363      0
      215.96415564524          -114.14789668104           24.772142790359      0
      215.06526608914          -107.68003390882           21.774354227764      0
      224.29700515895          -101.74129005179           22.042792192974      0
      216.86298458029          -114.53640845275           23.032022433448      0
      216.80994712209          -123.94561091233           23.052047611723      0
      234.28019455193          -119.69129005179           24.702082441467      0
      216.83522819315          -123.94917184008           23.428298137299      0
      216.84014278728          -107.54277137152           23.395750696595      0
      214.03700378416           -123.4252011065           24.324096276111      0
      214.09538691077          -114.15893426793           22.343802062256      0
      214.64357324936          -107.21737242027           24.783552663334      0
      214.04393962405          -123.60713052229           22.337993288271      0
      214.01137557554          -107.45080679219           22.379322952422      0
      203.27444616736           -105.7193411397           26.511265612903      0
      216.50994195267          -107.40757899217           22.378124605337      0
      216.53604966347          -123.70241620364           24.260422795162      0
      216.49444367965          -107.52092134266           24.313730027063      0
      246.17508340949          -98.206847355672           20.760958162116      0
      215.91301850158          -114.21804649416           21.879379033885      0
      216.54740486686          -98.008617627355           24.318060214467      0
      214.43092350581          -97.921527099775           24.639960484558      0
      254.08684566445            -103.757096755           23.167612018735      0
      230.93969292208          -103.71047054507           22.299550511862      0
      252.78287474359          -119.69129005179           21.899415833653      0
      214.95631371038          -114.16596131447           21.796342686296      0
      213.73588737909          -107.31565291335           23.765322273015      0
      213.75611542989          -114.42533886161           23.127582315218      0
      227.07677971466          -103.40156386086           28.248309720306      0
      251.48387923587          -114.88551303546           23.460727182527      0
      226.25556925682          -116.59857624814           26.603876484591      0
      214.50546077955          -114.48178100475           24.698335540334      0
      201.80130160775          -116.21858207592           25.948340795556      0
       252.6686573788          -118.01044865483           22.749714059509      0
      251.95140261262          -115.23881210557           24.494661290791      0
      251.87371891482           -125.9082227842           21.123501610513      0
      226.46169578306          -105.20884705061           28.910635378707      0
      218.31334779326          -107.57586110418           22.481269364083      0
      218.34537238035           -114.2295278094           22.420788638062      0
      225.87051578248          -117.72353364792           26.538072904063      0
      216.88790896098          -107.46166815443           26.055622072906      0
      254.77156014478          -117.74853750071           21.829664211109      0
      217.34564579975          -123.84701596769           20.968524327423      0
      218.37014729147          -97.893419016047           24.192447506305      0
      218.06885835829          -107.55387652978           24.781815279139      0
      235.67329539395           -103.6448710797           24.480220588602      0
      216.01398419474          -114.20441770859           20.252961019287      0
      218.48899648407           -114.1941222419           23.308949824532      0
      215.96892559465          -97.941681005277           20.247058072834      0
      217.60412012899          -107.49948815943           25.453206327568      0
      216.76775374579          -98.206783910527           23.943575929615      0
      254.04413293355          -117.57418761479           25.552643329215      0
      227.89604298496           -117.0011722796           22.741440260284      0
      203.77198534437          -121.20764800831           26.511265612903      0
      201.90647375299          -101.37898270941           26.411265612903      0
      217.44612604183          -113.92168240427           21.000561545393      0
      217.50501664582          -114.17377518109           25.625637579308      0
      217.97850093733          -114.22670383589           21.633403218237      0
       213.6775219533          -107.37632853473           23.308781525216      0
      251.20810075361          -116.81587380984           23.381040531172      0
      251.72166217366          -106.00257810498           25.536686112151      0
      225.37810961823          -118.40563542107           20.161265612903      0
      216.68712162343          -114.45908242014           22.537710479726      0
      252.73618742925          -104.24393655221           25.480951064208      0
       216.1177474639          -123.51212324373           20.283360031672      0
      216.04637434352           -107.1997693577           20.264465978005      0
      216.11468574046          -107.28876100006           26.390251552284      0
      237.16264819689          -103.42894247783           24.560477028758      0
      240.07773879021          -95.889585030714           20.407597375752      0
      215.29880485963          -114.19098336394           20.161265612903      0
      204.03341146828          -115.95349808839           25.468876265404      0
      232.54730383507          -105.04615889195           22.700768468218      0
       215.6337116575          -123.78603132117           21.797861844881      0
      251.36102501518          -105.38130910808           24.520268827462      0
      215.87977373935          -107.42392184201           24.783624984328      0
      216.78102339754          -107.42904684959           22.892726418054      0
      216.78544164827          -114.23629915367           20.537189598433      0
      216.85211245358          -114.18367970448           26.107855120964      0
      218.39193848167           -114.1892682138            24.10101537168      0
      218.42511157226          -123.54517838953           23.428562639698      0
      218.42832063376          -107.55001196102           23.390487694572      0
      238.74849058873          -116.93015844146           23.146670300321      0
      217.56267292144          -97.888641222971           25.581329643171      0
      218.11415109174          -97.838521791136            21.86128085829      0
      255.06554530446          -104.46832554767           23.977326145488      0
      224.97475527525          -117.70156992567           28.585581853319      0
      203.78804861534          -99.374024411716           25.263089280154      0
      253.08809633026          -103.80632483098           25.426580344961      0
      215.38424210314           -97.75529613557           24.915092035506      0
      241.07545991711          -115.37366478435           24.935712569456      0
      216.75655935796          -97.769716579239           20.524818103935      0
      216.86418199958          -98.055680951958           26.102434290959      0
      218.08025780535          -97.880092551132           24.892480747113      0
      218.38559928246          -97.692339717918           22.514515144703      0
      216.87909379919           -98.03329461478           23.145253415684      0
       214.8806005229          -98.048155723319           26.511265612904      0
      225.88669564518          -117.85574130573           24.908013217309      0
       215.9832781517          -97.980808662248            26.42355315684      0
      214.48363852427          -123.81351040076            21.95449874768      0
      214.52236386335          -123.69613770923           24.733785096082      0
      204.14036665131          -102.90055469928           24.304784477417      0
      250.61360724802            -98.2408130216           20.820902372282      0
      226.08027515922           -103.8472926029           29.331453184229      0
      216.69121556117          -123.64866913234           20.521228789493      0
      216.49555889961          -123.60063953268           22.358555963946      0
      242.22551700636          -98.299319656904           21.000967722646      0
       249.8232854384          -104.24475803495           22.040773281378      0
      244.40929228475          -98.353263243549           21.296233381002      0
      202.80390033433          -101.58533327123           24.795552836348      0
      225.97753564458          -113.34129005179           20.161265612903      0
      213.81857549612          -123.65199463622           22.707066548349      0
      213.95564887192          -107.18704988034           24.218551261879      0
      248.93791378672          -103.19201817132           21.448033613973      0
      251.03475579741          -116.14043018498           22.345555048822      0
      215.96127626854          -114.27276339978           26.426455976014      0
      234.33718721584          -108.09129005179           21.359184619499      0
      218.06268974944          -107.27464212646           21.871835129402      0
      218.06711661532          -114.21091031901           24.923765612904      0
      218.34470471484          -123.62076348017           24.035905647216      0
      218.32791509541          -107.44129741746           24.158016081104      0
      215.06939709609          -107.53666729054           20.161265612903      0
      249.40093870595          -119.69129005179           23.971265612904      0
      215.10905976913          -107.63987020956           26.511265612904      0
      217.87505970232          -123.70931860007           25.100812479114      0
      249.87679657733          -119.69129005179           22.149950338907      0
      216.86201214757          -114.27916049105           23.659456513419      0
       217.3928293548          -123.96979427679           25.667244883414      0
      226.42183099343          -116.49339545491           21.653729320799      0
      218.10712670642          -123.70978403314           21.981043997521      0
      226.91961690343          -101.74129005179           22.367188711746      0
      211.01874455953          -97.768937224354           23.027806650667      0
      218.35304315071          -123.76350266696           22.706376303106      0
      201.33340441861          -99.480142839673           26.411265612903      0
      239.73644033316          -126.33957605291           21.644264641162      0
      201.31839130567          -105.63016166376           26.411265612903      0
      234.74690237083           -106.4871886506           25.930893091241      0
      250.29904094646          -97.614300413925           20.142810349509      0
      216.83802702748          -107.23129800926            20.58175136739      0
      213.75412285273          -114.44132544642           23.530532534156      0
      225.42442792085          -119.45649094056           24.387716486023      0
       217.3484831127          -97.752160902005           20.926231195882      0
      253.51182320043          -104.16657383774            25.20554039785      0
      242.92132128242          -97.420095495339           21.145782908682      0
      245.49134921889          -126.34143522526           21.626575874333      0
      209.93100422682          -125.25617947391           20.161265612903      0
      226.02375456651           -104.4413157874            29.21905051923      0
      225.93300968541          -103.59569086441            24.89916388633      0
      222.48345744055          -105.13869114137           28.763320863149      0
      239.32678939948          -102.89768648599           29.280920115559      0
      239.08181339029          -115.40864825527           23.515857351477      0
      221.89810181744          -106.96086678831           28.492385259317      0
      239.22699635198          -96.561385959713           22.648142935308      0
       239.8648089877          -96.561385959712           21.850515551076      0
      237.13106793562          -106.56067279163           20.161265612903      0
      203.27072767979           -117.4737132341            25.72721453665      0
      251.82584226996          -104.34707970095           23.028851009976      0
      225.11253390554          -107.43841970077           24.028936408945      0
      251.98729535318          -103.97434847739           25.181045348046      0
      236.24521942513          -116.91777581667           29.415427008114      0
      211.81566902679          -114.69912681371           25.529760897365      0
      222.57941631581          -107.56610002863           22.140231919551      0
      227.89610750665          -108.09129005179           22.218934397535      0
      221.54737450193          -106.50379005179           27.204307358006      0
      201.97048064816          -113.74103997498           25.611411004412      0
      221.51314278532          -106.42114737727           23.944482415608      0
       245.6251681848          -123.88392257726           22.396387505878      0
      221.47451466863           -103.5046892495           21.448690820421      0
      221.54737450193          -106.50379005179           21.817069062375      0
      236.08439058307          -101.76438781776           20.161265612903      0
      250.30022572585          -101.74129005179           22.174281222555      0
      236.17482743011          -119.69129005179           22.046973079464      0
      239.34850618039          -114.99817409706           25.919554400141      0
      249.94414358756          -116.41042751903           22.976958157531      0
      254.57192792431          -104.09000600224            22.39575676961      0
      202.79805285951          -122.17277687234           25.620132610918      0
      254.36090431188          -119.30676251692            22.11678766045      0
      255.61298906696          -103.31752138909           22.258026702405      0
      255.92453057732          -117.37253741095           21.985845221112      0
      253.69375562715          -107.98310455026            22.23087170359      0
       239.7117677515          -117.76905651262           28.779206559217      0
      255.93896659427          -104.09565567983           22.126604405956      0
      224.32552415443          -119.69129005179           21.716031098332      0
      224.14644772716          -119.15964351528           23.914828420446      0
       203.2192100693          -108.89742721811           25.546821732523      0
      241.68805758794          -115.13944304828           24.451458605346      0
      252.48879253894          -113.34129005179           21.878724653596      0
      252.62305849002          -108.09129005179           22.019008875545      0
      252.77064353387          -101.74129005179            22.43677369553      0
      253.60708863766          -119.59451447588           21.873750069768      0
      254.34677997723          -113.71996709569           22.149964728525      0
      254.49310284877          -107.64014029467           21.996571183792      0
      255.06302627943          -118.80282266525           22.089074518531      0
      255.04514979717          -114.21604033105           21.759972408042      0
      255.11706918921          -107.16135408206           22.593186533748      0
      255.02382318044          -102.59967584247           21.881521770007      0
      255.55725914968          -118.18768735671           22.664974996708      0
      255.55825427163          -114.84618961504            22.02453264972      0
      255.60864786056          -106.52071628481           22.046731210849      0
      255.91467909886          -115.63625911973           22.082110853166      0
      255.92391896127          -105.77401398272           21.946089212009      0
      256.04700515895          -116.51629005179           22.030176052484      0
      256.02541950598          -105.08024936409           22.068942887244      0
      253.52394513703          -113.42711957818           22.053257957222      0
      222.84839436173          -113.70912960331           21.625231462706      0
      225.88450515895           -119.2659207088           25.988689727514      0
      226.50957422076          -104.21386216712           29.321613811289      0
      234.03167131934          -115.24488681212           20.161265612903      0
      202.19795714713          -121.59376612614           26.238888534573      0
      203.64065281251           -102.2047941035            25.30559306263      0
      205.67481991398          -101.22166483606           26.511265612904      0
      207.77096824418          -125.24339862867           21.614626741654      0
      244.56718585058          -125.59728961779           20.142810349509      0
      251.49580164171          -105.70668866774           24.570198577269      0
      252.38749890548          -104.13305243246           25.003729128708      0
      242.16457732731          -106.46134912504           22.805999596564      0
      238.77034940147          -125.28271537865           20.547853717156      0
      213.84391667652          -106.78794289919           25.587430592664      0
        204.647001343           -119.5747939487           25.191909987547      0
      223.86163414996          -105.68897281091           21.512380025922      0
      252.48945340714          -115.62386131688           26.078120200518      0
      239.18550916018          -106.67716695313           25.578570823712      0
      223.98116407305          -118.32338248235           28.799445188798      0
      223.44154525633          -117.31251509195           28.144726307449      0
      226.21147120577          -114.74266798691           21.619344713687      0
      238.89512323675          -96.561385959712            20.92426898464      0
      223.89358395905          -118.02896165595           21.357066238345      0
      223.32740195507          -117.79732436231           29.677512480221      0
      251.27072473296          -101.75329947733           20.161265612903      0
      240.26343860174          -102.95168013771           26.451759663759      0
       225.9745004632          -114.94242251735           27.574257469456      0
      251.98514621276          -108.09129005179           23.076126361289      0
      225.33105132633          -103.08319146256           21.639003364884      0
      251.78652599186          -114.79589244518           22.914211435191      0
       225.8716884906          -113.76135055692           28.389889077958      0
      236.29196828614          -117.58051203878           30.228445747707      0
      248.78427069765          -96.642910673736           21.996557690757      0
      227.46335661142          -116.45059781137           28.173476952265      0
      226.57555616998          -118.71771299907           25.772621438653      0
      200.94299000721          -103.52749431911           25.665851691727      0
      240.66315683424          -95.864373433701           20.435597655309      0
      238.40780139983          -105.75900722074            24.69676487707      0
      253.05687931044          -104.77596179901           26.511265612904      0
       205.9374699566          -112.54129005179           25.492141864481      0
      251.29404713769          -104.98876857604           24.491731636261      0
      221.13793427954          -116.63728373507           21.096751448013      0
      248.75248060762          -95.881806487377           20.416236312344      0
      232.23450515895          -116.36998297635           24.396634955888      0
      247.06423164111          -95.889466061763            20.40772950399      0
      227.30338580609          -101.74129005179           23.151766490836      0
      224.36394250677          -107.31803136617           27.515764031545      0
      252.23135797339          -106.14656729008           22.720402025343      0
      222.83146916497           -116.5332120542           29.285082189491      0
      226.56770758333          -106.54126805647           23.063177361718      0
      202.29854394252          -114.66947381915           26.144575367813      0
      222.89998239476          -104.83189809974           20.161265612903      0
      240.42349576538          -95.601259580651           20.827146195345      0
      239.45858682476          -114.44448525616           27.097017069512      0
      241.68551962195          -95.604116179804           20.818354465575      0
      205.15070919182           -96.24129005179           24.391041431372      0
      221.96560452752          -118.64883803282           25.503056283692      0
      254.14270429535          -103.50409595674           22.710171364768      0
      249.74903237157          -95.630329461001           20.772951774051      0
      206.00846170593           -125.2267031987           20.161265612903      0
      245.57579344148          -95.604116179804           20.818354465575      0
        243.946096787          -95.625388534452           20.781509701702      0
      203.82312593273          -105.44509581532           25.712395175108      0
      225.12468816631           -113.4519328915           28.313831741393      0
      245.97734126493          -101.74129005179           21.668888905027      0
      252.32175659186          -103.09621629635           23.532790009342      0
       242.7513091001          -96.788351415963            21.46478522955      0
      201.95839347814          -99.483840874573           25.216902308677      0
      252.67502852224          -105.28934210739           24.295619159817      0
       239.9331508243          -97.441183487766           21.168550287807      0
      253.19020751751          -115.61212174784            25.02052821914      0
       248.9609993206          -103.46213366561           22.955203821502      0
      234.20857734345          -104.97209150067           28.640100986726      0
      242.48278293373          -115.20893900314           24.097043492211      0
      225.45568239259          -119.69129005179           20.165553949764      0
      221.89586382385           -104.4172520096            28.89976151459      0
      227.54012836803          -118.87327283237            23.15367631735      0
      225.93942603016          -119.69129005179           23.971265612904      0
      235.21833731141          -118.72163947632           24.547206169581      0
      200.49222072262          -102.20205332921           26.411265612903      0
      235.57489174615          -108.09129005179           24.984121761256      0
      236.27078947238          -106.92997794778           23.517036050074      0
      253.92246661486          -115.80823599036           22.810732758465      0
      253.22086363986          -116.54182132241           26.511265612904      0
      244.61351751493          -101.74129005179           22.841942598582      0
      202.64949535065          -123.08797108668           25.881449367631      0
      248.31904951256           -118.3319142357           23.971265612904      0
      252.45718083689          -114.98451856835           25.481701232277      0
      251.31036746544          -116.31984633089           25.570844010815      0
      253.32444087482          -104.84593388169           24.513913071404      0
      223.65910627357          -104.04684278509           28.246234063333      0
      200.70841535907          -99.476444804773           26.411265612903      0
      200.67202669565          -105.62633715059           26.411265612903      0
       240.0996108906          -101.74129005179           23.574255210859      0
      204.35670589239          -104.51328737498           25.428434079371      0
      254.24888833747          -105.70504782025           24.524976475629      0
      225.31459710303          -108.09129005179             22.0334209229      0
      222.18572041159          -107.26400653626           27.456528736329      0
      254.33970820527          -117.08578926367           24.501727261276      0
      223.29613521906          -104.44304430153           28.197966800123      0
      244.02792383021          -104.73846662938           20.161265612903      0
      200.91627620803          -119.28991421008           25.192587501545      0
      213.74562233508          -115.75358367883           20.161265612903      0
      212.47900892492           -108.9712559143           23.760274290215      0
      226.90229218107          -119.69129005179           22.910904092283      0
      252.36126576613          -126.37469367225           21.720342468293      0
      224.99366373259           -119.5995732106           28.509771459657      0
      238.77106560754          -106.96752158413           24.137281873587      0
      223.24988449957          -114.82892794037           22.583920727528      0
      237.30064902318          -114.58863113067             28.6937901398      0
       203.8707996509           -101.5452183794           26.511265612903      0
      254.03932824066          -105.98044921248           24.541464687896      0
       254.7230519597           -104.8520167102           22.770922984843      0
      239.70994443592          -104.65252056161           24.560199314482      0
      213.66332055667          -123.62352146612           26.511265612904      0
      236.97163731904          -101.74129005179              21.648214549      0
        222.186001108          -114.16835818139           21.329301026274      0
      199.06789341264           -101.2144586977           26.411265612903      0
      253.17927552944          -104.48103187796           25.175593037024      0
      252.20520913631          -107.19659913963           20.161265612903      0
      232.93913565142          -103.66099536096           24.962539790399      0
      223.78878162368          -118.44822324673           23.904268735635      0
      239.10390831547          -103.62773272206           24.183126370911      0
      224.36535928956          -101.75028904381           25.139604518183      0
      221.50141898761          -106.39284362586           28.455479376643      0
      245.56551561685          -98.360462869622            21.44554071418      0
      201.91435512456          -123.22432331812           26.117422240845      0
      203.33861609235          -115.53457521709           26.511265612904      0
      222.90039620658          -116.77643089933           28.363622869493      0
      254.91872978125          -115.90924625689           22.940390173173      0
      223.97527649436          -105.81953108765           23.494346486698      0
      254.46735809726          -103.55085500073            23.50675857901      0
      223.67521474918          -104.96409779513           27.737283435496      0
      223.25929946495          -104.87011079662           23.297776271602      0
      222.05630201064          -105.25052594294           21.095445846082      0
      252.39698657915            -115.446020872           23.699042030953      0
      201.93064157117          -121.04162892329           25.810766127772      0
      239.30829085051          -125.49656226223           21.389024598239      0
        238.142576798          -108.09129005179           24.083552576773      0
      227.39038809189          -117.13623322453           28.584234403108      0
      251.97001847725          -103.40158782557           23.251146216823      0
      205.54653339814          -122.11990284181           26.511265612903      0
      202.26540706575          -120.07906787374             22.9141814166      0
      226.03353959541          -107.14259669744           22.990566444824      0
      225.44607662868          -103.49554036138           23.251045351048      0
       226.6283844716          -104.53284058094           28.902542343966      0
      253.14012217953          -103.26978113037           22.785949503473      0
      236.04321594977          -106.06940844878           28.398278537078      0
      222.67191183259          -107.63707433492           25.642547085931      0
      235.73405513036           -106.3669482516           28.085801310108      0
      203.57378550641          -118.72568204169            25.69169523685      0
      203.32241176622          -120.43876288799           24.923339063354      0
      234.02543502751          -114.17018353243           24.701990892746      0
      223.38937076018          -114.51362092115           28.750147422144      0
       200.7614062573          -118.29337067393           25.577439611877      0
      237.31962123945          -116.94229874804           29.462654401144      0
      239.26888682408          -125.28271537865           22.276838823438      0
      252.29188300521          -116.72886689211           24.616683336981      0
      240.56077002342          -107.07201086408           25.647136641364      0
      232.55727502047           -103.4344557186           23.134762136277      0
       253.4139074704          -104.67364207369           25.634720849069      0
       201.9613052566          -115.29173365234           25.996809877436      0
      239.33154999418          -125.92454176949            21.32372018396      0
      240.22690181866          -123.95450033311           21.575893521355      0
      204.61729739734          -105.50649753977           24.668648220082      0
      235.43083881545          -117.38000794576           27.308310822037      0
      238.54587876355          -103.59532519206           26.852869011194      0
       253.9496117756           -104.8210487813           25.321753495547      0
      237.06651000406          -106.21513640198             29.5249188464      0
       253.6369766318           -102.7516234029           22.937969276224      0
      225.69749361959          -118.73669469737           21.748147577635      0
       253.5202432442          -105.63565094143           24.332152012373      0
      222.80844230961          -116.43775246563           20.998608104677      0
      239.20588587966          -103.53867034762           26.108543913477      0
      247.84755718391          -96.271599625355           20.142810349509      0
      252.87200515895          -106.50379005179           24.629650239103      0
      224.47269496606          -117.26995815964           26.778532436328      0
      252.31101469971          -126.39410361334           21.159932788282      0
      238.49702580199          -126.03555010393           20.809488647781      0
      251.51285387437          -125.62553606964           21.998934837671      0
      223.39627781541          -103.15628516149           28.066794321677      0
      202.87735753484          -100.31354517244           26.511265612903      0
      234.94078831536          -116.66813116182           23.897145698807      0
      202.36763125409          -122.05939024146           26.135511943626      0
      199.43021354659          -104.48380997273           26.411265612903      0
      251.51746110214          -104.11638234779           22.516639776302      0
      237.78608216226          -101.74129005179           22.946768582828      0
      242.47496256177           -123.6030907109           20.821510542092      0
       225.5585569825          -116.63163091751           25.674391648219      0
      252.87948738804          -103.77212474962           23.524440330157      0
      242.88553780526          -96.229800924438           20.142810349509      0
      201.90558599633          -103.82221493737           26.411265612903      0
      235.76732763695          -117.79741625128           23.641040721732      0
      251.64525690565          -114.92531533753           23.971265612904      0
      203.16100718508          -121.41166374089           26.511265612903      0
      236.60893293648           -116.8419754248           24.500347449457      0
       242.8584057977          -124.90611018263           22.667463315794      0
      238.45008127996          -95.721635256521           20.978727520528      0
      254.56975823126          -105.53879296709           23.523978691827      0
      224.73015610314          -119.26176807429           24.267555128621      0
      222.91440958598           -106.6934122098           23.235829809392      0
      239.35001388727          -95.878814097767           21.544478348342      0
      241.52122320523          -125.53599327661           20.501011412158      0
      248.12338175636          -95.851004791731           22.359828647795      0
      224.37216857033          -119.11611519334           23.214290298009      0
       201.8049006476          -102.42252133831           25.924239001411      0
      223.39017990382          -116.95746462134           27.084357075961      0
      254.48306330623          -104.40625328882           22.774483612879      0
      251.56590904949          -117.71551856232           23.567637154942      0
      240.03873006996          -97.271340843273           20.876884397987      0
      202.73406453004          -114.94755120716           25.871122329369      0
      239.29441868866          -116.79599835316           29.323106447239      0
      203.88625380698          -101.06195439823           25.163565673845      0
      237.19184101023          -114.57326307592           21.816423890942      0
      223.51858916993          -113.44377046091           27.930293275551      0
      234.89256909056          -103.83634745846           29.499237273584      0
       238.1825719888          -124.20964525769           22.191233625711      0
      226.10724009564          -102.60459831896           22.779235483583      0
      235.75942091685          -119.69129005179           25.250119734518      0
      238.54732836436          -119.69129005179            25.19172254551      0
      232.07201567288          -114.39469140276           21.199401079311      0
      202.44334352995           -100.7102467446           26.511265612903      0
      234.52941257342          -106.20731946143           27.374336348875      0
      203.29506832741          -120.98572867447           26.118299280893      0
       201.4705697754          -116.82280899554           25.705829903383      0
      245.64519548599          -98.308706273887            21.02985683013      0
      253.35545163865           -118.9221811522           20.161265612903      0
       202.2820367385          -116.83765329054           25.762458468098      0
      239.17977599982          -114.75582926417           22.083312377768      0
      222.81420040177          -103.17891845109           22.806416349023      0
      253.47722513957          -103.06888509622           23.576405848839      0
      223.01702723784          -117.74325531031           29.240668710661      0
      201.37156545704          -115.78036863699           26.401438836245      0
      223.61532740236          -117.07696170907           21.696357942468      0
      253.03312662775          -116.47803825584           25.088683722611      0
      236.93913225504          -115.90067923403           29.500377917895      0
      204.01625738027          -120.51298791654           25.833853669294      0
      204.36493637276          -103.11431462031           25.504835700497      0
      241.10679581083          -96.395593442075           20.142810349509      0
      252.97776643594          -103.34271378805           24.515787625296      0
      225.44322502007          -106.09185527251           23.297926643448      0
      240.75520622511          -114.95629636173           23.582321354408      0
      203.15849384751          -113.36101883361           26.511265612904      0
       224.3993690827          -108.07781358556           25.095136594858      0
      226.52765539088          -115.88905370165           27.577111237789      0
      239.21830489723          -106.26571172933           27.958417227976      0
      252.74882551375          -115.42526504822           23.971265612904      0
      245.64311448352          -124.42300557916           21.642118687964      0
      252.87200515895          -126.18976389089           21.360550356637      0
      252.12518700509          -106.63710051042           23.162042857819      0
      201.91934598617          -122.38230796387           26.004556330398      0
       253.9365657077          -116.99555092664           25.420294185357      0
      226.23923082175          -103.66544146705           27.575593113267      0
       254.0444399507          -116.22864342767           22.977405659104      0
       251.7006087639          -115.45743933639           25.628905027167      0
      237.79075515895          -115.33945425206           28.521080941411      0
       250.8267314125          -103.16930584805           21.408341977189      0
      239.38518019589          -117.66027719376           26.961461748625      0
      238.47639363832          -125.28271537865           20.142810349509      0
      201.39237077747          -104.62351174619           25.648376237412      0
      207.65523234702          -101.04794278795           20.161265612903      0
      254.42930960488          -104.68693204778           24.570045944913      0
      223.50831099947          -119.58745649586           22.953497343359      0
      240.14502161587          -103.30769793122           22.312295537851      0
      225.66427577853           -103.0117528196           27.381594032125      0
      239.95060488576          -124.40026564603           21.636518130047      0
      237.81971909603          -114.93179891366           25.793675094997      0
       252.1835507619           -107.1359750755           23.436809461072      0
       226.3347284034          -119.69129005179           21.662403485605      0
      253.97150675092          -104.68247340616           20.931416118218      0
      223.14184246057          -106.97008974242            28.31633350444      0
      223.47525469075          -119.58310455026           27.048262572225      0
      221.23019066048          -117.33804051999           21.646229286534      0
      252.21667085215          -114.43216178783           23.119736431847      0
      234.67151136241           -107.2933138511           26.732323863542      0
      253.15552913437          -103.34709487631           20.161265612903      0
      253.27867900913          -116.05913877199           24.739165679886      0
      223.79004568675           -102.8804057262           24.541642112117      0
      235.47563376514          -106.48397401438           29.923287635467      0
      251.59757568106          -116.27971787259            23.55572546564      0
      240.13213784808          -124.56138595971           22.258989433435      0
      253.45749433192          -114.72811692161           23.460334764704      0
       238.8061976983           -125.4930631819           21.366932403214      0
      236.89415111183          -113.34129005179           24.337043323592      0
      213.04702518526          -114.02907505626           21.168390645507      0
      239.22634649838          -97.886815836923           21.785277631734      0
      223.62947682789          -113.42917182378           21.319810049261      0
      224.45356110304          -114.28559703872           27.503941485644      0
      242.98454645484           -96.23094180424             21.8456539049      0
      254.32825319248          -104.31913599267           24.586338817963      0
      236.44673294276          -118.93547338455           24.280218971108      0
      252.59184336523          -115.43376128114           25.336415920121      0
       251.5615578355           -125.4141051571           21.186061540947      0
      222.54257055173          -102.29475282412           25.871192223005      0
      246.53493036598          -95.484714930475           21.354491146163      0
      247.00840609357          -126.34305329682           21.611181018418      0
      253.94620196504          -117.67591097729           24.590681166531      0
      251.78171434444           -104.9285504549           23.971265612904      0
      255.62405218762          -118.09795641457           21.404175191191      0
      241.76370322249          -126.18359422599           20.720682598514      0
      237.97844749373          -102.86411485888           23.848421157901      0
      202.29943005603           -118.6322762548           25.217136177965      0
        236.036985676          -103.44591632694           25.899033345935      0
       252.2592146605          -118.80296132815           21.141180973838      0
       250.3596245551          -106.43325737019           22.634337786569      0
      225.44978268499          -115.55468025529           28.912165945809      0
      204.99538019784          -100.20757295085           25.230849610617      0
      226.39957412077          -114.16188570985           25.607578005756      0
      236.95838951766          -118.97968014057           29.420158347993      0
      245.88719090682           -95.87970361507           20.418571785676      0
      249.52522737309          -96.229800924438           22.667463315794      0
      222.01050269762          -118.70735046729           21.534596886181      0
      253.66058843525          -117.89324550733           24.553295704081      0
      252.24063650047          -116.08974116492           26.082924949858      0
      239.59994631155          -97.756451030414           22.002184629009      0
      242.44658548082          -96.100643075786           21.436953388733      0
       253.9621662642          -103.34955534537            23.54724193416      0
      238.81377598469            -116.055837172           25.171651232808      0
      238.39352927352          -125.98139776277           21.292693747002      0
      253.48737822442          -104.31984160731           23.507131431091      0
      244.35634191995          -123.49545237582           21.557942045576      0
      238.58705524076          -107.19996319172           28.838256061626      0
      253.70148070504          -115.76993336733           23.615412005854      0
      201.96476302776          -114.70735054064           25.635199193252      0
      225.25281289781          -115.65491991731           25.328420028105      0
      222.94276932051          -116.54844200819             28.8402125905      0
      239.30860785435          -103.81255396297           27.758255529484      0
      250.61156654529          -95.638068509598           22.050726303826      0
       200.7220789364          -100.68122265282           26.411265612903      0
      224.34446252009           -116.3289713115           26.391434266652      0
      251.13844212062          -102.58723005667           22.505954879688      0
      245.50862624689          -126.20386442785           22.054482080802      0
      214.99681782135          -98.544377743205           21.029016533441      0
      238.07474641355          -103.60400253951           25.989364438401      0
      202.62041643989          -120.41021992014           25.490595642451      0
      252.45136027384          -104.78707362893            24.34866514957      0
      224.32568406138          -117.86362342681            28.44538886207      0
      212.26789107407          -123.72938939229           26.511265612904      0
      236.77241710187           -117.8540824384           25.588333191545      0
      252.18430962246          -113.34129005179           23.130586806777      0
      205.36408618109          -116.15571636742           26.511265612904      0
      237.76062796023          -114.63022540139            24.31854711692      0
      247.85462862991          -126.19380274606           20.738364257071      0
      224.31574602339          -119.68427818745           24.590922612145      0
      251.04833318515          -102.59240357174           23.323928711519      0
      223.90951963883          -115.11841073972           25.815093037736      0
      252.00981353814          -105.01473369747           25.226835110063      0
      236.29926763358          -119.69129005179            24.63789347258      0
      251.69506861694          -119.69129005179           20.161265612903      0
      201.45081505791          -101.12752844595           25.919114147011      0
      223.47376746596          -107.98248852158           27.033994228345      0
      247.52114163736          -126.34172368391           21.186442279765      0
      235.50307107243          -106.26174268576           27.652437491778      0
      224.55933245397           -115.4403129678           27.185147188133      0
      235.42085168759          -119.69129005179           23.777920866275      0
      202.61010306769          -104.46935560499           25.691720834948      0
      224.84273335844          -117.36107651128            25.83389521023      0
      252.12689852977          -116.18322395085           26.511265612904      0
      252.84437732759          -106.94601426495           23.554560718999      0
      234.81176181532          -114.69572288871           26.267069399225      0
      225.51039713081          -118.69951992913           26.894863546869      0
      200.78473743594           -115.7768963994           26.391612059587      0
      240.20481603273          -125.92448287918           21.196003232016      0
      204.67525899318           -101.5498749218           25.676993220601      0
      248.35183848016          -96.229800924438           22.667463315794      0
      240.00963696777          -123.59684719873           20.840726143891      0
      201.30121639371          -119.73799517802            23.70979577655      0
      202.71397030235          -120.39619191551           26.085496563196      0
      223.49654734504          -107.98590778138           25.604789944358      0
      248.84320187005          -98.361917233032           21.431703430488      0
      239.98498870264          -124.43028465492           21.114839880186      0
      236.96235139567           -114.9267677537           30.316703358417      0
      232.26547230753          -103.62566863511           24.420396884733      0
       223.3421038763          -107.92795167707            22.82413442239      0
        239.278941718          -118.74147350292            26.29523868877      0
      253.44935912147          -106.69032665913           22.801900852596      0
      223.15830136061          -107.16413070119           29.105801500909      0
      240.65537024173          -103.23095407596            25.48318409328      0
      224.40157133945          -118.03933824386           29.059874966027      0
      202.30323306308          -117.73279290878           25.922613703435      0
      238.73172148261          -108.09129005179           25.214214706763      0
      201.91672193861          -122.82501475531           25.767924240081      0
      253.45280806845          -115.51632131939           25.409500633633      0
      229.52275100719          -105.85095905051           20.161265612903      0
      234.86884844037          -105.18266090724           20.161265612903      0
      239.13244422877          -102.47899388782           26.503525779103      0
      224.16769059869          -105.29380113838            26.88928552794      0
      238.18968769431          -104.89977175274           20.161265612903      0
      250.88085588097          -116.23939864598           23.378994860782      0
      223.09085182776          -103.34913167844           20.161265612903      0
      251.73148532443          -104.78972423997           25.818265886539      0
      223.47525469075          -101.84947555332           28.674210839564      0
       222.0101645599          -114.32567030594           27.975878445563      0
      254.64936562411          -104.71517842829           23.620423770195      0
       224.3920203739          -106.16537305325           20.161265612903      0
      249.41123638882          -104.58436701865           20.161265612903      0
      224.98347613164          -108.00091443371           28.618693311013      0
      235.98618207859          -108.09129005179           20.161265612903      0
      235.58135778002          -115.30283751005           26.451092902807      0
      239.93816875275          -108.09129005179           20.161265612903      0
      230.98025597628          -108.09129005179           22.400245242383      0
       243.1297257572          -108.09129005179           20.161265612903      0
      232.91396394355          -114.55845383661           23.265892283524      0
      251.39281366648          -104.39231701167           23.466732493344      0
      231.06329005309          -101.74129005179           20.161265612903      0
      234.03759338993          -101.74129005179           20.161265612903      0
      202.80797537894          -98.524151805395           25.569828347892      0
      223.86476227715          -102.58445412993           20.161265612903      0
      234.87565428377          -117.96733279221           29.486258085838      0
      248.87600085437          -108.09129005179           20.199846639007      0
      237.89238989177          -118.91955816669           29.271989474119      0
      251.30947515583          -107.09485310312           23.137442316758      0
        223.887863211          -118.84132198103           25.846720788571      0
      240.08906763032          -114.90519183225           27.776238687057      0
      200.81269388346          -101.93998469438           25.192380198495      0
      202.01165051138          -102.04783154455           26.006899009239      0
      225.54757225972          -104.38704631233           29.364370989749      0
      246.98037803028           -95.59859062085           20.835360429151      0
      237.86528171558          -117.76263748284           30.193808374539      0
      252.26094483831          -104.77251467053           22.480188064036      0
      252.19636594564          -102.68820449855           20.161265612903      0
      233.36741022532          -114.52741547788           21.188879585107      0
      252.58947056307          -117.81976389414           23.518090542593      0
      223.99313132092          -103.08790191664           21.433989259876      0
      202.13488927567          -104.83161631456           25.596502635207      0
      254.13601740004          -103.97813865689            24.54919992855      0
      251.01499790878          -105.04006357841           21.440742792585      0
      237.85036557205          -113.34129005179           21.402525823724      0
      239.33287307458          -97.913994246981           21.254487752469      0
      252.77392285551           -104.2656822764           21.325503826522      0
      223.39548937224          -101.88251543005           23.363577061587      0
      234.63662139337           -118.4436561619           27.420415850527      0
      223.31676860776          -101.91512263834           25.288611023116      0
      253.82216815121          -103.66149463351           24.589641787475      0
      226.37974273797          -116.90276914416           27.887410715169      0
      238.81265043434          -103.95933104002           28.470797910557      0
      226.51349397739          -103.82521410145            28.88635976283      0
      200.62707329053          -104.53752126216           26.411265612903      0
      222.62628995802          -102.23051266426           27.508870819839      0
      249.67515240347          -124.87385592014           20.606426876911      0
      224.06088169799          -117.37220785162             28.0918894232      0
      252.88192036677          -104.36071865358           24.421617016297      0
      229.15701794487          -103.30465111468           20.161265612903      0
       252.1869730077           -107.0803468095           21.405034402239      0
      251.64387497938          -105.38935824682           23.537600220347      0
      245.97277419101          -124.22980092444           22.667463315794      0
      226.19667932641          -105.35705487867           27.719097907926      0
      248.38665052494          -95.591952200769           21.954482229797      0
      241.80837451534          -125.16319677069           20.579386181955      0
      222.72618991407          -102.15974834292           22.274104333356      0
      238.40787475484          -106.53568017807            26.43955831421      0
        200.932146156          -103.41103500933           26.411265612903      0
      225.77494760723          -113.34129005179           21.224619218958      0
      222.57951085947          -102.26640752904            24.25803146141      0
      223.53299778305            -101.841873531           27.229280673963      0
      240.25409345855          -117.98735673885           26.522743073623      0
      225.02951973679           -103.5130946059           29.681967749168      0
      234.91197790838          -113.34129005179           25.233055619149      0
      234.93202566065          -101.74129005179           25.074492598771      0
      239.21411246987          -113.34129005179            25.02850178157      0
      239.41224649033          -101.74129005179           25.144267840541      0
      239.78578828969          -114.52256528054           28.639243179826      0
      201.89960713288          -101.59806629341           25.981541437107      0
      254.34724406058          -115.34748987077           23.543349925588      0
       221.8367338834          -104.84506299994           21.963736408942      0
      201.60208751075          -102.75955478213           25.471257756638      0
       213.3189150048          -113.37425842906           22.125381628297      0
      237.64986737271          -103.21875196684           25.713092652562      0
      245.40277494731          -97.614300413925           22.667463315793      0
      239.10731845129          -102.60255057496           28.039834894891      0
      252.39705705437          -102.93350156355            21.28437667089      0
      251.66818214327          -106.47859021013           23.528058760607      0
      249.37153368862          -95.866805835695           22.377377462654      0
      201.90274188438          -125.18360957021           24.970376503193      0
      253.73752626467          -104.74403855084           23.506960652472      0
      222.51882697522           -117.5243139037           27.792306845423      0
      253.85487896772          -104.08489559614            23.54449713787      0
      238.28350381369          -124.56138595971           20.551284231868      0
      235.20231239099          -118.70052658892           28.600967884747      0
      232.93916375719          -118.00752810183           24.962576418546      0
      254.82127123678          -106.13690555696           23.186691874637      0
      234.81657773411          -118.80598214238           26.392540567273      0
      222.20826642891          -116.57249688364            27.62339375222      0
      252.87200515895          -125.10966786124           22.298905822577      0
      251.89605978267          -114.61176991958            23.98868182936      0
      201.57607132599           -121.4625240389           26.411265612903      0
      252.27902810984          -115.53992682245           24.961272676766      0
      238.68092498617          -117.50994500243           25.202234041728      0
      249.65376938194          -123.48626716765           21.470551005448      0
      202.38286358108          -99.934766591037           26.511265612903      0
      251.34614275805          -106.78619089964           23.971265612904      0
      252.77934869495          -103.13620160606           23.204529359693      0
      233.47137259185          -118.18084616418           25.739196150871      0
      250.69861626602          -96.229800924438           22.667463315794      0
      237.25330329176          -116.08049160295           21.505428746633      0
      254.25306470651          -115.73761493011           24.532583016035      0
      225.27364321905          -115.63781421252            23.99153616041      0
      203.63986154406          -122.49661720902           25.698683653715      0
      224.91773160582          -103.18602872708            24.27940962169      0
      222.65137846224          -118.18181549912           20.906869556503      0
      234.26385490322          -114.89860288065           28.755243290014      0
      245.92772655844          -96.384744459463           21.355500519732      0
      233.39663581596          -103.47230850982           25.558765612903      0
      222.19333649788          -115.41490811076           20.884288415076      0
      202.88917733989          -122.69648339181           26.511265612903      0
      244.32538623172          -123.50640553815           21.148119692083      0
      214.50517615362          -97.255217214449           20.161265612903      0
       226.3714828275          -106.97622357313           22.012055168645      0
      229.45313743549          -106.62929313596           22.620713525506      0
      222.02792718556          -107.13005850208            24.10907486147      0
       233.8267692119          -114.09381279854           27.182452187747      0
      243.62692285786          -125.58241944081           22.667463315794      0
      239.17922793377          -119.69129005179           25.990367979114      0
      203.68906415606          -105.99448818635           23.735809717121      0
      213.01868677428          -96.274226852086           21.621266313453      0
      226.47034338016          -117.05998833007           25.423941668902      0
      237.79303457282          -103.75962796873           30.216466352415      0
      240.27867421404          -96.158217172383           20.717389745216      0
      235.66105021462          -113.34129005179           24.311498145058      0
      240.61687565386          -95.992860424662           21.217385414827      0
      240.70569389844          -125.67124373556           20.186293549336      0
      227.36934662956          -104.13652110496           25.661144619149      0
      225.40623779924          -107.22224693593            21.27349552022      0
      253.48264107916          -106.09950294926           22.962532655956      0
      254.13648609205          -104.46538116649             23.5945150272      0
      241.62782184711          -95.882611018212           20.415342791467      0
      253.37073895571          -117.14282402234           22.873760330162      0
      239.27292007262          -118.82271639493           27.364685203944      0
      222.26768589707          -103.98786171718           29.671265612904      0
      253.53813683385          -115.08861348222           24.454761004775      0
      221.13154533012          -104.98875484624           21.303268608832      0
      227.04049903923          -113.34129005179           23.971265612904      0
      226.03755527491          -116.93682465243           28.819809940063      0
      202.37862676385          -105.27039102282           26.511265612903      0
      250.74775438158          -123.84484887648           22.352991819969      0
      223.80747328612          -106.73849107909           27.822006551616      0
       254.6724356361          -104.03800797415           23.238236787816      0
      253.38481565555          -104.74038355674           22.310187274937      0
      225.16242474035          -107.96501621131           25.426251250758      0
      221.53683458324          -118.07834443714           21.124127793189      0
      234.71535631627          -114.54236513242           27.037952080307      0
      253.38403998593          -104.63223615689           23.971265612904      0
      225.03413057101          -116.86015116186           22.622195014491      0
      227.00176578223          -107.37192894285           23.313903977246      0
      236.34713648521          -117.72126180982           28.580678538121      0
      254.42182345435          -105.20251101445            24.56350460172      0
      252.34878485794          -105.90268028608           23.971265612904      0
      224.44703542081          -114.47228618095           24.735126261184      0
      253.42791088885          -105.94676874013           23.971265612904      0
      242.37144288049          -104.79688873179           22.639314209255      0
      239.53156609018          -96.197468916057           20.165332412763      0
      254.65736511659          -116.52957168479           23.242708102335      0
      202.84147225548          -122.06190557344           26.511265612903      0
      202.81953892803          -103.78888953304           24.673575186395      0
       238.8535427275          -125.74590445455           21.894009151636      0
      250.81456828274          -116.99207438265            22.74787755883      0
      253.61988813428          -104.61761179791           25.072504352779      0
      226.39641764712          -115.88594970383           25.739750706999      0
      221.93485048146          -118.60875857968           28.499588431241      0
      223.68414884097          -102.56528473369           28.765820284518      0
      224.47288227003          -107.59340489825           23.826720057407      0
      224.44817256434          -102.56175631159           23.624119705962      0
      241.23753727059          -103.42496958448           24.797155003485      0
      202.62480371392          -104.72498298712           26.511265612903      0
      202.89542992151          -119.86809269367           26.511265612903      0
      224.69141411733          -118.73756096553           21.061843413653      0
      252.60601656684          -106.46877198931           24.463198941331      0
       253.9781254258          -117.08190281926           21.104645616463      0
      201.96651130419           -98.11104337934           26.511265612903      0
      225.77366330475          -107.71183290809           26.388116192443      0
      241.77255434137          -124.86157716463           20.142810349509      0
      238.70316817977          -117.69119172765           29.804842931569      0
      231.46875562715          -114.98819618154           24.079451114436      0
      254.12453078152          -103.96316900418           25.207453025175      0
      251.71765548363          -115.43522361872           25.022109849199      0
       251.4022352231          -117.08079935094           25.079894443658      0
       251.4346123776          -115.87361538712           25.082640078728      0
      251.48000883495           -104.1640186441           25.252713765001      0
      224.75838240001          -103.67270466265            28.51940089525      0
      254.33903460735          -105.48741547291           25.115433122077      0
      253.38694810074           -103.7760424085           24.233582502418      0
      254.09919993601          -105.90242289999           25.110539219718      0
      238.54584491969          -98.052632327256           21.386780021158      0
      224.64818228542          -116.72343643847           27.210156610967      0
      247.23996355838          -96.426601550949           21.282328681096      0
      235.55590388491          -106.31087474465           22.399865595165      0
      238.39169399871          -115.13179018151           27.892036712502      0
      254.42731495035          -116.27178114242           25.240707853863      0
      238.54315500549          -114.87644525584           27.460351211104      0
      251.64191976601          -117.49865577603           25.076611511424      0
      251.66364030925          -105.92696253909           24.953602137469      0
      228.68902311832          -108.09129005179           22.979634356451      0
      224.37209164405          -106.44899412037            28.75125811283      0
      224.13693575902           -116.6569922572           24.870675148212      0
      253.10198313964          -117.44956141187           25.615015958654      0
      251.84207796972          -104.15363499865           23.590397648086      0
      236.52446243674          -106.58381064978           28.654129352208      0
      253.23061782974          -104.50414679342           24.275110068849      0
      234.56949843775          -104.80787239297           29.153565699268      0
        240.087458407          -95.928946658614            21.53808329795      0
      253.77504225099          -117.80775182206           23.243527516143      0
      243.93853440322          -125.94235780194           20.394094004319      0
      213.70033642249          -123.41266540009           23.525189957737      0
      235.62116985201           -118.1176089739           26.354978058649      0
      228.82475625838          -105.46564976267           23.971265612904      0
      237.08462685577           -106.7918788866           24.425497565822      0
      240.13415513506          -125.28271537865            20.53507346349      0
      214.06015019223          -97.200523300904           21.492195991899      0
      205.40592699868          -105.70322868147           23.386209275083      0
      221.50806030818          -118.00887719204           28.649984787801      0
      235.44015265529          -115.14858401814           26.913474766514      0
      235.48380857047          -103.67590269946           26.686597527497      0
      253.28067433038          -103.18249677868           23.195712714283      0
      240.57172336963          -118.04733861751           25.620692924386      0
      227.70339579118          -107.02501611423           22.684940636225      0
      223.75609240639          -115.65427004839           21.623041034493      0
       251.0564231576          -124.86177684486           22.667463315794      0
      238.21227887845          -115.13563076485           26.144596940023      0
      227.46916674044          -104.93784998081           25.783465058623      0
      240.14945945923          -97.709461284649           22.036246842345      0
      238.89318850582          -96.561385959712           20.142810349509      0
      239.87859822808          -96.540309236394           20.142810349509      0
      241.76548123633          -103.44046193439           24.394159583585      0
      251.36047789966          -125.98390590628           21.723918425343      0
      253.97565685319          -115.37927065689           24.452140374891      0
      241.13690617286          -125.34221494423           20.142810349509      0
      223.44438767392           -103.8190397574           22.385717459458      0
      241.51056747177           -95.96814913962           22.485200031107      0
      244.78342511318          -96.922050669182           22.667463315794      0
      226.11646235084          -104.40758779475           21.467013116283      0
      253.46909542774          -118.82200363369           22.413615892956      0
      225.13001848055          -115.02374303544           29.680687003018      0
      253.30911500764          -118.03883056785           25.222252580867      0
      235.93400445856          -118.14522390774           25.978053613336      0
       224.7026226192          -113.34129005179           20.918147173952      0
      223.09329862757          -103.71860054198           27.425451208887      0
      246.33121193914          -95.543117898027           21.804185331207      0
      216.96856888252          -122.57048672631           21.207471642068      0
      211.19098858556          -97.748229415661           20.161265612903      0
      252.30005193428          -126.26044777948           20.575950888391      0
      239.22273332974          -124.19658176622           20.668676485861      0
      239.82345832007          -118.39849318084           24.835000541443      0
      227.29980412743          -115.68421469574           22.719101563342      0
      217.83318020905           -122.4842216373           21.507694565264      0
      201.60926751028          -120.79231466205           26.088792384414      0
      243.50526383846          -124.90388566507           20.707145737372      0
      251.06017861924          -117.19271592387           23.971265612904      0
      250.57444626332          -97.338035348279           20.877929279419      0
        247.418211308          -126.20094458855           22.059539385986      0
      221.60439466355          -114.85447993041           21.288052655692      0
      227.03188520335          -114.90956667918           28.486097122898      0
      234.59599984955          -102.60389417982           27.532067846819      0
      236.86237289986          -118.55156936593           28.716040939738      0
      251.30964795009          -105.10726851101           25.196608026803      0
      216.92562553577          -122.42910071622            21.63762498702      0
      235.94886573268          -115.67092470945           22.960862139917      0
      224.75559954905          -106.71507564412            23.91151812751      0
      252.95492900964          -113.35220718384           22.865926638917      0
      224.46646980288          -119.69129005179           22.762290138479      0
      253.13862351866          -115.84963424448           26.511265612904      0
       246.4244406066          -124.09958122883           21.474020453904      0
      238.12420860957          -114.83194135217           28.262709694779      0
      251.94538640989          -118.82722174589           23.195788858414      0
      242.53921704391          -96.208100149656           22.667463315794      0
      223.70340608598          -117.65511690825           29.430545746133      0
      236.99700515895          -106.42666600511           30.321265612903      0
      253.59291009887           -117.9922986492           22.021032577051      0
      235.95062446639          -114.92593685701           28.327230593019      0
      222.36990388663          -104.32196943346           22.848704764167      0
      205.55405236422          -123.72886131243           26.511265612903      0
      253.42717376099          -115.04265107252           25.583491541637      0
      224.92197262781          -107.79423888783            23.70072543749      0
      225.19333251201          -119.03791192955           22.826802839654      0
      252.82397360532          -115.36320874836           22.124728945526      0
      250.70976046786          -123.48678631323           21.475490324323      0
      202.61682580807          -115.91632776919           25.802278848911      0
      252.92553458024           -114.9358373338           25.426571563653      0
      225.09211880813          -107.60761758519           23.390674782662      0
      233.76256920518          -108.09129005179           23.482618719334      0
      247.53259577782          -98.062037131862           22.283262468421      0
      202.32180919677          -122.42927725023           26.511265612903      0
      252.09512124127          -105.24522042223           26.511265612904      0
      203.55562324912          -121.42885337587           25.558843933641      0
      224.60238621627          -102.46030951125           20.921682563695      0
      252.87200515895          -124.09499908566           21.275100387719      0
      238.82833362139          -116.80841665431            28.54654893452      0
      242.85042622265          -95.681240956613           22.125503104157      0
      252.89224746895          -117.39868720202           23.971265612904      0
      252.89022585535          -105.75944577702           23.971265612904      0
      250.04956436863          -124.28145610904           22.667463315794      0
      247.15865913981          -124.25243354806           22.667463315794      0
      253.79696904005          -116.40564083015           23.971265612904      0
      255.23015614987          -115.95962003759           20.161265612903      0
      254.69479738767           -118.1060356383           20.161265612903      0
      254.41870748086          -103.90317946056           20.161265612903      0
      251.95840197867          -106.16879751265           23.266495366025      0
      239.55653915371          -124.56138595971           20.880213489628      0
      225.00597446773          -114.16248883969           29.072348145155      0
        252.940312104          -105.73406604273           25.131983072601      0
      237.18137821532           -107.2521985245           28.709492439544      0
      235.60113038397          -118.12714298107           29.975270037015      0
      254.32099614483          -116.57427286778           22.846212251413      0
       240.2630299119          -124.25626219511           20.695526012238      0
       222.3841285743          -103.53791860201           28.874263852083      0
      240.17249996358          -119.03948775475           27.142507198614      0
      201.89135772829          -120.30773461189           26.411265612903      0
      225.77746929769           -107.7102564142           25.251391656262      0
      222.64516020709          -115.72216465308           27.664439761577      0
      237.33407689917          -116.96067527416           28.689389276437      0
      252.66749953006          -116.05000047179           26.511265612904      0
      203.74221183779          -118.12943445391           24.270245421246      0
      251.78899571524          -116.05214005044           26.208875103065      0
      247.02350017564          -96.700470423824           20.585072581358      0
      224.57757070536          -106.93840144958           25.262954781084      0
      253.37902680882          -115.02270795194           25.006072180621      0
      235.65054349232          -114.84108296553           27.976966824477      0
      224.46497055455          -102.46807039203           29.053379569329      0
      201.99813175668          -114.30945375232           26.511265612903      0
      252.40068495163          -125.83773588542            20.99881794957      0
       204.0105406782          -115.88773114366           26.511265612904      0
      252.79187479993          -118.09324068989           25.321411211238      0
      240.62752597955          -95.925027320247           21.710976098551      0
      236.53623041041          -103.35573258687           25.633527419305      0
      252.40642945818          -114.63566140043           22.251552502693      0
      251.28665091116          -116.53258865799           25.012031722395      0
      236.28471227734          -106.33763484232           30.227490476026      0
      253.40769620431          -115.54169754367           26.177304957966      0
      254.12748253407          -116.18315223435           24.259814465761      0
       202.2338569614          -121.04905761264           25.153631350401      0
      254.43198743553          -106.43139829693           21.395298630388      0
      251.32987703884          -104.57165640848           25.028692748826      0
      237.87725819238          -106.38856575453           28.454704829317      0
       252.5274684517          -105.61481410633           26.052644469902      0
      251.43610315153           -105.5625637631           25.138364225453      0
      238.46114581979          -117.75834220431             26.5681660417      0
      251.71928824569          -103.83309576176           24.891456793404      0
       251.9599242889           -117.8003069102            25.34791469747      0
      226.96418369094          -114.82133635042           25.638556841308      0
      252.09751775176          -103.53349589609           24.843832329047      0
      250.34434926658          -126.27094853121           21.896623503508      0
      252.38675049895          -106.41888833406           24.940368520147      0
      252.47988330187          -103.38041387363           25.217885606137      0
       239.5210146602          -101.74129005179           20.161265612903      0
      252.89155448237          -106.50121633454           25.191789018104      0
      252.92145218982           -103.3352998769           25.132429347668      0
      253.33112684003          -106.42971296835            25.37822211842      0
      253.30934184639          -103.39384349541            24.91055452659      0
      253.73293903936           -117.8395533757            25.16065634382      0
      253.71421126331          -103.57865639989            25.30939712292      0
      253.13572178903          -106.52945653364           23.204896774265      0
      254.26583617434          -115.76844798097           25.094575090773      0
      237.89699438302          -116.42435282974           24.445168012455      0
      251.72839485362          -104.46243007355           23.971265612904      0
      223.88273336734          -101.79582996784           24.404299766064      0
      201.91289545549           -107.1695038615           26.477646363924      0
      240.08398712555          -98.021194304656           20.481650699525      0
      254.72691772745          -115.56150446701           21.523791273904      0
      254.40078681723          -104.49424765327           25.350759648823      0
       237.5408023083           -105.0385643288           29.224995778654      0
      254.44395760201          -105.03438547135           25.257173038259      0
      241.37380387493          -97.967314584739           20.421811284383      0
      237.03619056303          -114.02368657222           29.487331242781      0
      253.75965880894          -117.27012404715           25.048760185221      0
      226.25760711899          -106.06517986521           28.823374970823      0
      254.26717263579          -103.94141021929           23.575268871987      0
      246.52853287229           -97.36922732869           20.849940219926      0
      242.68024726402          -97.996163023182           20.453850680409      0
      226.39237940966           -115.8820479603           28.709501728966      0
      253.58115316074          -102.95729763598           21.704889139705      0
      239.25669187619          -123.87919256806           21.362894403322      0
      236.31495843026          -118.15021303761           25.725181274455      0
      224.92631755344          -119.60843950329           25.672461400654      0
      215.10258343729          -98.081711956493           20.161265612903      0
      241.39797259992           -124.3344444885            20.57976292179      0
       255.0024293722          -105.31358064751           21.363652554428      0
      251.37585985042          -113.34129005179           20.191462428921      0
      244.18963102378          -97.921872904427           20.371343249709      0
      213.86097671299          -97.866738436738           22.753593243771      0
      239.75116909233          -103.60853568246           28.722821315606      0
      254.61057760651           -103.7255893126           22.905079939527      0
      213.18951322582          -97.886912422754           20.161265612903      0
      224.90645393303          -114.20501037813           20.161265612903      0
      238.48457078385          -96.026702738797           20.585090927167      0
      252.73056748018          -101.74129005179           21.159984682619      0
      240.05111108502          -106.48862696682           27.998697288934      0
      223.80168216066           -117.8778442246           20.161265612903      0
      223.65734893883          -106.75300444575           29.679229676262      0
      248.62887628247           -97.94961599369           20.402155032663      0
      254.21716356909          -103.99305856218           22.820971753658      0
       246.8944898326          -123.81211157846            22.31663341332      0
      238.21515808462          -106.52968414472           28.144182031248      0
      238.11953717408          -103.33819620448           28.268797628037      0
       213.8504739705          -97.474654144135           23.901379659045      0
      214.09433098353          -97.841800404106           22.345310268504      0
      237.16099381649           -103.3663478303           28.712176096562      0
      236.68581044761          -102.85846632649            28.69279605192      0
      214.42350572643          -97.980112526647           22.037996516522      0
      238.35386808603          -96.561385959712           20.942013549434      0
      252.39015904353          -126.75942800005           20.659417553687      0
      240.93839878775          -124.77007166593           20.509237896096      0
      238.33217380386          -97.282715378651           22.301997016912      0
      247.16563043901          -98.009983289179           20.469199621267      0
      222.49553984772          -116.25129351815           29.671265612904      0
      236.11653051467          -115.26890998151           25.837996444476      0
      251.95469659494          -117.09306457648           23.971265612904      0
      224.07806778017           -118.9228149187           29.072318609669      0
      252.30380696559          -107.34685765784           22.659856063838      0
       251.4190112112          -115.91127993464           25.620289410368      0
      238.54570240464          -104.59083110608           28.951234279016      0
      240.46271964714          -124.20251161524           22.648453932253      0
      253.39207668457          -105.64285522122           24.739501941057      0
      240.84490518147          -96.103652351227           20.909905822253      0
      250.33862565726          -103.33357384161           23.971265612904      0
      251.01320650271            -96.9101354187           22.667463315794      0
      213.76272575746          -97.582624823391           23.101763958626      0
      251.54886435933          -114.16192940949           23.971265612904      0
      236.62596207771          -103.24913840967           23.113106458176      0
      253.92957004451          -106.62683505068            23.64222133253      0
      255.01828680627          -114.19542763315           22.842889531558      0
      239.44894226204          -115.72291790766           27.353461444532      0
      231.58711642609          -106.58507588671           24.128477762613      0
      236.94632940994          -106.38867043742            28.72709402398      0
      238.56633894912          -118.24838899345            27.00827954992      0
       251.7225328214          -116.28910140101           25.189551639739      0
      237.14585617411          -106.49948345498             25.5697069775      0
      252.73484517476          -116.35260594664           25.752214133188      0
      237.94875378074          -104.31192847115           23.658641478137      0
      251.62182575176          -117.66845592604           23.140089298717      0
      202.00932952506          -117.37436951388           26.511265612903      0
      201.99223758881           -120.5568627008           26.511265612903      0
      238.56641875227          -115.07312583172           27.008885715033      0
      243.54203307526          -124.25499469167           21.631396073923      0
      251.49488333586          -125.98363577483            21.34931937255      0
      237.40788039305          -106.45986035835           28.679672862137      0
      237.69799518335          -103.08562416387            28.55950338135      0
      251.28841149377            -116.486618493           24.496258795576      0
       235.4216469343          -106.52359290316            27.05403967282      0
      250.84092899402          -118.84612734571           23.095870015548      0
      225.30184950219          -102.62941449787           24.887170152235      0
       235.5554889056          -117.68474633578           27.778985335539      0
      202.82794935616          -103.30322162335           26.511265612903      0
      238.40929704399            -103.444780995           27.849539201837      0
       238.4676045687          -106.95639635795           27.708772384904      0
      222.70117801823           -115.5749624663           29.671265612904      0
      235.42302834664          -103.32879005179           27.248984421429      0
      235.77245643327          -106.54988643246           26.156684363408      0
       235.6868483146          -103.10721444858           26.268251035772      0
      253.82785349125          -118.09357807738           23.620377788869      0
      226.30676178129          -116.39861149353           29.671265612904      0
      238.53013699541          -117.77272208794           27.557805752248      0
       214.1762333526          -96.281076008211           20.982061988287      0
      238.55197740995          -103.33923058312           27.393338396129      0
      238.55580908684          -106.37802828219           27.364233920664      0
      224.01339267714          -118.41104059435           29.679631358282      0
       224.3815045716          -103.60220180716           29.035032833285      0
      203.92719890278          -119.47208656178           26.511265612903      0
      240.29116028119          -123.96711638456           21.032661208209      0
      226.17042385308          -116.96186383528           29.671265612904      0
      236.81931533858          -106.92271747132           25.582158921551      0
      226.97359066023           -106.5989843521           25.448148241038      0
      253.31516283257          -105.60567661948           22.906324720918      0
      224.43834431319          -102.92002639489           29.679325793708      0
      222.43175559661          -104.93128126752           29.671265612904      0
      225.67635358232          -103.95363230285           29.676728908878      0
      222.47468327219          -105.69375062853           29.671265612904      0
      253.26827481952          -105.38765724192           23.971265612904      0
      223.14360943786          -114.99907799803           29.678359031607      0
      216.26351963402          -123.79805870981           26.328090658576      0
      224.48799007251          -116.39109506158           27.929324138402      0
      233.71381965742          -114.92879005179           26.324515144703      0
      233.91702425789           -114.9926422209            27.86800732449      0
      233.72407753266          -118.10250116382           26.402431442817      0
      233.72323739351          -106.56970768178           26.396049952378      0
      233.71381965742          -103.32879005179           26.324515144703      0
      233.90490675695          -118.24450651176           27.775965766874      0
      233.91188945318          -106.61334507636           27.829004610518      0
      233.93019066048          -103.32879005179           27.968016081104      0
      238.55928720862          -106.30986107262            29.90634188696      0
      238.64641095101          -103.34365652878            29.84839428496      0
      213.58700608716          -107.65710316576           26.511265612904      0
      239.23859355779          -104.11622798182           29.393996588961      0
      216.86395257948          -123.76885509798            26.07397149929      0
      222.61096383706          -117.30563140871           20.161265612903      0
      225.11875562715          -101.84947555332           25.649522418592      0
      254.40509747496          -116.92792560195           25.228608523133      0
      227.08715018384          -118.00597971538           25.208967768965      0
      238.66809793654           -102.9816423136           28.747044875565      0
      242.75324471189          -125.56642578316           22.667463315794      0
      237.03032027332            -102.791322218           25.563151630919      0
      222.25244519346          -116.91516072811           29.671265612904      0
      251.58648660673          -118.17180730981           23.971265612904      0
      252.05230118282          -115.16138990961           25.258077164589      0
      253.34601272478          -118.61893533893           21.257137938013      0
       239.4625148332          -123.68906573743           20.671217656152      0
      239.40767330267          -96.561385959712           20.142810349509      0
      254.94955030305          -105.64517638535           23.971265612904      0
      222.97337805578           -106.2916106242           29.671265612904      0
      246.12026947298          -126.34138523123           21.183222131589      0
      253.63972444304          -104.60132915829           24.289046889449      0
      253.89199271432          -115.31507290521           25.189397996517      0
      231.56726423625          -103.40032977288           24.120254716336      0
      236.06023016328          -118.57643591432           28.411334002284      0
      226.44257290029          -117.82583032245           29.048337830241      0
      224.47629982787           -102.6147592209            28.13645754811      0
      247.80318227523             -124.45010458           20.889938053874      0
      236.83407996478          -114.91717531586           29.335449827457      0
      252.30846391213          -117.98646096804           24.929017486525      0
      242.40299939917          -123.52845751247            21.74622251088      0
       252.5465812716          -118.30576168549           23.496957548635      0
      254.20171460978          -106.33963208884           23.584407484637      0
      225.17298294224          -102.81333801712           29.676836612504      0
      246.14446033643          -97.616022541097           21.484044197508      0
      237.29212578148          -102.58860614524           29.335735147311      0
      252.11209896091          -115.13062890298           23.466632885414      0
      223.77962693943          -103.22764528102           29.680272233354      0
      201.99081079266          -113.38234054816           26.511265612903      0
      251.90428576082          -105.67372706683           26.066518804601      0
      213.75237255192          -97.990013410543           23.510437498156      0
      224.46609906835          -106.63831742583           29.681205707789      0
      236.50590497385          -114.94215450062           25.646088626412      0
      222.01710570881          -118.71595567901           22.630917567518      0
      204.36152276339          -121.88228573169           26.511265612903      0
      252.01916882191          -115.94432468902           24.975909354261      0
      240.82133220852          -124.29276341571           20.592345588357      0
      224.02072493529           -116.0618504505           22.961248361324      0
      225.19883258481          -114.82743487726           27.195599103657      0
      242.46193999636          -126.28852396359           20.967741913485      0
      223.06936601966          -115.46512978531           20.928422733937      0
      239.52976524178          -95.900151746169           21.151302670935      0
       253.1106271605          -105.10787400305           26.033026120995      0
        254.086385148          -104.78344267046           22.638445181782      0
       201.9622216488          -98.836858127912           25.901177359944      0
      225.94181027841          -115.55717358586           29.671265612904      0
      239.07989747859          -102.90605059028           23.142414098743      0
      240.06381965741          -103.42755872335           27.968016081104      0
      252.36772450512          -106.05001047274           25.112732270042      0
      225.77314488024          -114.76941549031           26.693486260617      0
      239.75480856834          -106.55659220281           28.714034843259      0
      253.77166410986          -116.93822308319           23.592296986729      0
      254.72783805869           -116.8199922839           23.632970022391      0
      227.41748175027          -108.09129005179           22.955485591033      0
      226.41311161223          -108.09129005179            21.27935173123      0
      224.67063774317          -114.41880316768           21.315101624747      0
      251.68047314578          -116.77028734459           25.433015624253      0
      202.24103344705          -116.33632931283           26.182805656603      0
      253.02992371961          -114.71550330232           20.161265612903      0
       235.4051991978          -102.67333732563           28.937045243293      0
      253.92859629237          -116.96704844463           23.971265612904      0
      203.18274502639          -103.07149692343           25.847488413211      0
      242.43948854754          -103.41383203145           24.114976614143      0
      255.30827335482          -116.31988275578           23.327636161695      0
      253.80317150926          -103.80304315899           22.797999893614      0
      222.68433149536          -117.43594728259           29.671265612904      0
      224.37079267389          -101.75100436242           28.105287924577      0
      226.43895959904          -118.84047285332           27.092384935205      0
      235.73975512325          -118.45741351878           28.093229685454      0
      238.00295662178          -107.31048709825            28.33263148633      0
      224.86701602142          -102.55361466412           22.551476418992      0
      255.15177803403          -105.00768963881           23.971265612904      0
      200.54449980552          -116.57511148642           25.590244051869      0
      252.64895338129          -106.63560010749           22.376551191073      0
      223.77818270296          -114.70040626933           29.679462987321      0
      226.27996356234          -117.83349035183           27.623973929847      0
      238.45920641836          -114.58803727126           26.563483912455      0
      239.08525210095          -101.74129005179           26.164061580814      0
      201.92200481472          -105.63373322039           25.254529376255      0
      224.51779824359          -103.72745329543           28.768583804973      0
      223.36054521812          -105.88144130683           27.238584175801      0
      245.54208212245          -125.63313241826           21.157266399748      0
      253.95014724686          -104.34828637171           24.345663366184      0
      243.94296445654          -126.23998515856           20.818354465574      0
      252.88302676442          -106.50953388883           23.537650597209      0
      201.91731699378          -106.42462215361           25.703934238829      0
      251.96693411524          -106.20568573913           24.532574321268      0
      225.78275529362          -113.72451322058           25.313406622925      0
      235.00474817585          -105.26250642635           28.408157255664      0
      202.35764892806          -101.78392898292           26.072555645172      0
      238.27893732521          -117.95660269191           28.061063306645      0
      252.69784666582           -104.0133893909           24.279943401969      0
      252.18851248746          -105.77129052233           25.737985250519      0
      223.02045838093          -105.82942068768           28.616274465996      0
      226.47082165499          -114.21655586569            24.78942180933      0
       225.0192408186          -101.83637418023           28.720417284863      0
      236.14215136202          -103.27467029126           30.199368263654      0
      238.42345775508          -125.28271537865            22.64779690294      0
      223.84729256399          -114.07450712516           20.785817317233      0
       225.3290363472          -118.23320585388           29.678738566984      0
      241.13221412235          -98.342622218852           21.194991231744      0
      235.27995252019          -114.47828693233           23.899864985881      0
          224.6715602          -118.66433174969            29.67805797415      0
      243.48589087858          -124.14197934879            20.95470602155      0
      202.45142834107          -120.20529135985           26.511265612903      0
      204.30895734466          -100.33229617819           26.511265612904      0
       225.0954610101           -107.1180175132           28.318467961595      0
       251.8298914264           -103.8662258571           21.664968454014      0
      203.69432826384          -116.98604252186           26.511265612903      0
      233.58379701718          -102.78689327857            24.11165674795      0
      253.77956598748          -116.72729492136           24.248918242866      0
      236.37555331339           -106.8215619843           25.700082052055      0
      251.89278565647           -117.1907155216           25.309197356547      0
      223.76231170284          -116.45698747379           27.924150868054      0
      253.79154568198          -104.95433427702           22.967743811334      0
      252.27375020991          -106.37208208178           24.375616190655      0
      238.42198292968          -96.561385959713           22.667463315794      0
      224.50124723993          -114.44152937716           29.678722887188      0
      241.40617550397          -125.32932976493           22.094594885952      0
      253.54956307755          -115.67634559402           23.971265612904      0
      249.51555649787          -97.143089384206           21.690338956579      0
      238.30992650769          -125.51278848269           22.667463315794      0
      224.47025147323          -107.51477147966           24.412510047724      0
      238.90014474207          -119.69129005179           20.161265612903      0
      254.86064428407          -104.52729784183           23.195572572243      0
      241.76504537917          -119.69129005179           20.161265612903      0
      251.79104649396          -108.09129005179           23.971265612904      0
      238.09363327374          -98.300187384458           21.061949020004      0
      251.95697312727          -115.68558779733           26.055437616685      0
       254.4025660975          -105.97536042988           23.611047912957      0
      250.43824104598          -105.09512489851           22.857147185267      0
      241.94767224924          -126.00040270293           20.458559315812      0
      224.71012446563          -117.09008627015           27.562672632129      0
      225.81963836954          -102.13979069085           28.383327806132      0
      222.98567025487          -102.97685124675           28.956252423892      0
      239.35074568768          -106.15558590956           26.814435681063      0
      225.26182329669          -102.54914801117           23.406722061798      0
       222.9277969959          -116.99229695584           29.209711745191      0
      238.12367403432          -97.645697239414            22.06001201076      0
      223.47525469075          -101.84947555332           21.596890628811      0
      237.00410215598          -103.08645671748           30.320331275519      0
      226.05624212718          -117.66074071171           29.671265612904      0
      238.57740977945          -97.800691680008           22.257331828434      0
      252.03525864066          -105.58952466433           23.003272013612      0
       223.6886268745          -114.89512693023           20.161265612903      0
      227.37855497956          -117.22611463617           25.244788981244      0
        253.874669889          -114.66095580977           23.971265612904      0
      240.93131927927          -96.600426726544           21.255204210442      0
      235.83630242276          -114.62305819637           26.073478649942      0
      243.69339505187          -103.28111141329           23.971265612904      0
       245.2589208313          -97.453244790557           21.014920472398      0
      250.15370174229          -104.87426097118           23.971265612904      0
      253.09199948753          -103.36262596093           23.523525140704      0
      252.87934703326          -104.87900721567           23.971265612904      0
      225.55261506215          -116.64220157157           24.578515519298      0
      252.26313292871          -116.57317703278           23.971265612904      0
      253.08583187185          -116.03854027715           23.971265612904      0
       244.8494159685          -123.83943078388           20.463299239131      0
      252.87200515895          -124.46775785819           20.142810349509      0
      202.39063611292          -101.28529728752           26.089303173051      0
      235.44342739182           -115.1971942323           29.909947318843      0
      202.37976321245          -120.70306643698           24.087731886973      0
      241.46767204127          -95.502291773485           21.623014286205      0
      235.02134009189          -107.30458186863           24.114563455162      0
      222.90486012028          -105.02348905886           27.982732451255      0
      224.13883351473          -114.01578511232            29.05881540641      0
      238.29458883203          -118.40883980658           26.251865359971      0
      252.87200515895          -95.938237514455           21.588557818933      0
      253.73548905282          -106.23759668155           24.799106199398      0
        236.051381672          -117.91097924051           24.818855969041      0
      237.25543532853          -119.69129005179           23.382170961061      0
      238.31411488304          -123.93410117612            21.79052004684      0
      221.95405665155          -116.80368235249           20.161265612903      0
      252.77615597251          -105.67327195021           24.650263519552      0
      239.75397908462          -102.54007914625           28.711486624765      0
      252.41880799375          -105.72303025133            21.77120197298      0
      226.07822993927           -107.6976022051           23.403818921592      0
      224.61502342721          -119.33456178933           23.752942604559      0
      249.84293108806          -125.94397007223           20.395884609608      0
      223.00786453152          -106.72304825401           27.450129472514      0
      201.50062505018          -117.69292518806           25.787780106056      0
      252.11981224979           -118.2123700161           23.971265612904      0
      235.45009221306          -117.87053250951           26.837976329716      0
      235.53353901587           -107.0440411371           26.566537611746      0
      236.26998580639          -103.16399448322           28.548721680608      0
      223.99995407548          -104.09678914674           28.356810459787      0
      253.34399167929          -103.82616044757           23.554824041679      0
      249.55246017151          -96.668124671555           20.824371100467      0
      245.49632689318          -123.61893315401           22.017582927375      0
       223.7129421049          -107.08172758479           21.606021670741      0
      225.91409027465           -103.1826336679           29.671265612904      0
      222.49158490519          -116.08884476914           20.161265612903      0
      240.54464810953          -124.92205066918           20.755521173048      0
      240.62758553346          -125.66079390065           22.635076547963      0
      224.28401158575          -108.08957941543           23.005785024762      0
      254.28274301519          -103.06626621352           20.932073873327      0
      211.24029143839          -112.56370415906           22.986998471461      0
      240.58143001803          -114.85971408819           25.597259002191      0
      225.73803821877          -116.64977544359           27.402082387243      0
      201.94321675253          -123.66585943224           26.511265612903      0
      246.20169351883           -126.3412453972           21.628381959837      0
      227.36381965742          -105.73804051999           25.489220526385      0
      202.00932952506          -101.10694831677           26.511265612903      0
      201.99223758881          -104.14251242645           26.511265612903      0
      239.10667400908          -108.09129005179           27.953693000017      0
      202.35681739412          -116.04546294039           26.511265612903      0
      234.58870878356          -119.69129005179           26.940827995853      0
       234.5835724577          -113.34129005179           27.111397156987      0
      252.85284745632          -117.41419162696           21.530521084895      0
      234.63111500174          -108.09129005179           27.042030018452      0
      239.35095384693          -119.69129005179           27.054148090105      0
      239.46256546923          -101.74129005179            27.02107829404      0
      254.30809843605          -116.31592502911           23.386121939411      0
       224.1224704413          -103.18249616334           22.783851030414      0
      252.27490009951          -102.65676484891           23.971265612904      0
      235.47326992118          -114.05360883051           25.531919300547      0
      251.57564405137          -118.00799220593           22.590784040074      0
      246.40777133355          -96.902855242303           22.667463315794      0
      253.50612444556          -106.16089628029           22.235857919794      0
      247.82894037918           -98.28786082212           21.844572696408      0
      225.29698672639          -114.31064066834           23.871068371764      0
      239.35344418211           -102.6338291872           27.241152915125      0
       201.2491912375          -101.67463308336           26.411265612903      0
      252.97640290242          -105.40551302884           22.488940800407      0
      201.36639960412           -116.5595763334           26.411265612903      0
      239.25916451583          -115.15165776872           29.369050579763      0
      224.95898549819          -115.89684994758           21.547649184615      0
      235.37973283249          -114.17642770752           29.004212394326      0
      254.73475214794          -105.15105319436           23.661952538308      0
      246.39063401706          -97.094317892456            22.03757389411      0
      251.42481231563          -105.53530527392           25.674212296892      0
      202.27408834211          -116.93126914507           26.511265612903      0
      253.05566477538          -103.76181768073            24.37360834565      0
      250.95521029954          -101.74129005179           23.069360114656      0
      221.99515813548          -107.08735304458           22.804627107094      0
      238.22019846124          -117.06847782098           28.137613284546      0
      253.66418296007          -114.13840786619            21.90982994032      0
      238.56710114179          -114.81331087818           29.903105249865      0
      251.25670456392          -103.72380525743            22.79509023268      0
      254.54595965768          -116.66804887377           21.705115808719      0
      241.22166727495          -106.70494284878           24.809332479437      0
      223.23770641207          -106.63732231686           22.210433326824      0
      253.95602349681          -115.86062713913           23.971265612904      0
      252.14728218583          -115.50117574777           25.713562850289      0
      252.19954614964          -115.09123434994           25.757954123984      0
      255.29773460423           -116.5797819993           21.436866999971      0
      255.15137993569          -104.31629659235           20.161265612903      0
      245.67843407252          -96.229800924439           22.667463315794      0
      239.19454231403          -106.92092208916           29.427798297155      0
      225.12716500452          -107.60956058844           22.715076941094      0
      236.59083695339          -104.99784091414           24.032267172643      0
      254.27489297141          -117.53098793822           23.036298555625      0
      252.09446238237          -103.85942517478           23.180585432536      0
      254.00599354494          -116.00503850448           23.350406111349      0
      251.98558162016          -116.10629530216           21.326996212146      0
      202.89571787252          -101.57145672194           25.714018133136      0
      240.06046663547          -98.254495339718           20.863012320888      0
      227.33092716265          -115.61513007663           25.078448491396      0
      239.90409109611          -113.34129005179           24.008443507766      0
      225.35449587819           -118.3954370896           27.847016822371      0
      203.24517536406          -123.94758980609           26.511265612903      0
        236.411527209          -114.89753726973           28.607350049205      0
      239.26646413564          -96.010438809102           20.318217083864      0
      251.38120457426          -119.69129005179           23.971265612904      0
      252.33433537038          -103.61123391073           23.458266236237      0
      241.50178183805          -124.77835959717           20.758160504142      0
       236.2213641516          -118.74447676509           25.071941361076      0
      202.22694628794          -100.49935626555           25.056614455816      0
      226.60224839669          -115.22693543578           29.050194456482      0
      251.88987832725          -101.74129005179            23.14255733614      0
      226.48718343563          -116.14656933162           24.729533726913      0
      253.34584219926          -103.79946863133           22.765224583335      0
      226.01869533435          -102.26962713788           25.016133649561      0
      202.89157692139          -114.84423922377           26.511265612904      0
      239.49003989724          -125.28271537865           20.551284231868      0
      203.24667105383          -104.61111255758           25.414625588542      0
      253.35710448319          -117.39865544077           23.629908615854      0
      204.59672704852          -122.34074995062           25.447790593818      0
      234.30344030021          -108.09129005179           24.671211503572      0
      237.12614502871          -118.24500416383           24.601520442471      0
      202.41705696696          -101.55062725455           26.511265612903      0
      222.38600667416          -103.86900669418           24.020340996925      0
      234.83128163331          -107.01400628027           28.177275321109      0
       238.3256619484          -125.28271537865           21.850515551075      0
       239.3733599809          -125.28271537865           21.850515551075      0
      234.98642999925          -102.40590253819           28.372342447668      0
      238.26393401721          -96.561385959712           21.932573930045      0
      222.93189570297          -118.15857776486           28.244674210111      0
      253.06531949053          -115.60268562177           25.755386583646      0
      241.07062212511          -125.94159928489            22.41702207844      0
       225.2769298431          -108.09129005179           23.534164502348      0
      251.86620129824          -103.72967700437           23.561819654045      0
      251.68507156661          -106.70185796522           22.280956886278      0
      202.71423071725           -104.7366927969           24.205611025083      0
      252.14309761893          -117.91796400664           24.441985579232      0
      201.91942316707          -106.06928666474           26.053379090664      0
      253.24492583741          -115.63690644641           23.481852530726      0
      252.87200515895          -97.932893843515           22.128938277804      0
      251.94910433815          -106.19200446998           25.066479449283      0
      237.76229311767           -106.5465579537           30.220513541764      0
      225.94466776529          -114.97591732761           24.956666856054      0
      202.58756768998          -108.07998178049           26.511265612903      0
      253.51223115385          -105.17293554334           25.178113195317      0
      245.15737698486          -96.229800924438           20.142810349509      0
      253.98290141793          -117.29576649389           23.748980616661      0
      233.43093850793          -106.62815438976           25.641579637086      0
      202.14306775311           -102.5575995606           24.501794409948      0
      214.08137284739          -98.689876474135           20.161265612903      0
      234.20734191652          -118.43976867505           28.637118402259      0
      226.38528594862          -107.28165809383           24.968788678164      0
      251.72897836175          -114.20470501548           22.371248132139      0
      251.55833019886          -115.45333193172           23.497916533494      0
      233.44910938266          -114.39165745029           25.685448009291      0
      224.81304722973          -103.82903009993              28.844953765      0
      221.89998984954          -116.22202561257           20.871642039647      0
      252.29071455335          -119.69129005179           21.099194663298      0
      252.20747293716          -104.84591722508           23.971265612904      0
      239.42139095042           -126.2949485873           21.020164041124      0
      237.61603474601          -102.44457361058           24.757109605563      0
      241.30688208841          -123.82986274045           22.336348050915      0
       224.9693897841          -114.46641067667           26.050524142192      0
      239.59610795678          -103.60813280174           25.229901446029      0
      222.22568396453          -105.72618007312           20.161265612903      0
      239.36492457299          -98.081618901322           22.261514737851      0
      250.23049988982          -104.03360822057           23.214182175956      0
      239.79965232355          -123.96288265073            21.09403929507      0
       236.8544322691          -116.88287210811            25.57753568994      0
      223.26300750827          -103.85166524934           28.673121827931      0
      245.69991953364          -98.281589432658           21.863874095897      0
      246.41836493996          -124.53927075997           22.043873160667      0
      232.90825235376          -114.75176214242           24.922291893284      0
      252.38105120463          -105.72892971272           24.917983460726      0
      235.44031325556          -107.31234325076           26.912254886326      0
      253.00137959299          -108.07425758442           23.113857445557      0
      236.32484221834          -105.58755213631           29.320482566655      0
      225.49471237555          -101.74129005179           23.971265612904      0
      241.07477693098          -124.69889386657            20.86736996845      0
      255.37272412086          -104.43711284532           20.792358273343      0
      254.18093535841          -117.39590322366           24.995379714642      0
      241.54162404268          -124.06101907829           21.211850570049      0
      202.93361662482          -99.578521706962           25.920918281578      0
      202.93146946439            -117.343807935           26.511265612903      0
      234.81294137457           -114.0502381353            27.74327816849      0
      223.69795349876          -106.98365411448           26.678433057745      0
      253.20068063412          -106.47930160611           21.276986402405      0
      252.13926950018          -117.62875037783           23.074751741512      0
      246.65161473131          -123.49256583382           21.530478551793      0
      237.68933378242          -106.59028917611           25.729440174725      0
      238.38618673776          -103.12412667526           26.387198809223      0
      247.67655090865          -125.95611872246           22.400896629868      0
      225.05997299486          -116.34902409774           27.015134742607      0
      254.19760542212          -118.65497528415           20.795359751505      0
       235.1325220282          -102.90477960292           23.539078293049      0
      253.21267997076          -115.43677598378           23.971265612904      0
      226.38114368837          -118.81942184897           22.729898547438      0
      244.72507769331          -123.62720702566           20.778359985541      0
      246.13755107678          -124.84173227625           20.982194115827      0
      246.91497549869          -125.95555059518            20.40874606697      0
      236.88774020175          -116.33882254726            28.71938060839      0
      201.91235266296          -121.53811010586           26.411265612903      0
      236.48152389152          -108.09129005179           24.330402324385      0
      252.60469843398          -103.68167955644           24.369816757587      0
      225.21858565015          -104.88367389458           27.989702579107      0
      240.03854653192          -124.56138595971           20.914492583115      0
      239.11521229077          -107.37295790343           27.513494022402      0
      237.95490512528          -102.62328005711           29.099993845653      0
      201.24249205706            -121.032537859           26.411265612903      0
      202.29861017164          -102.23101471686           26.282616591858      0
       253.8217025655          -105.61879573778           23.971265612904      0
      240.83660203067          -124.95316165992           20.944722412591      0
      225.67727680221          -104.85270723301           29.262813789902      0
      234.00820981276          -106.90030419324           24.659283342908      0
      254.15427584742          -117.43064657481           24.418251051481      0
       252.1831847729          -117.63436400217           23.651134806099      0
      237.81075967686          -114.68349981989           30.214132798198      0
      242.32148761552           -124.9521122513           20.142810349509      0
      241.21314302292          -96.321448804345           20.722837274579      0
      250.82965167104          -95.610301464238           20.818337422527      0
      248.62913927456          -124.22980092444           22.667463315794      0
       252.0417798919          -125.26102243667           20.786004583059      0
      225.77652001541          -105.45302581407           29.674099868639      0
      201.86457285741          -117.21993385832           26.411265612903      0
      252.68088748001          -103.43077212113           23.490124422906      0
      243.55699999373           -95.91887619681           22.435207383824      0
      240.02811485625          -118.40367183409           28.054215096314      0
      254.23183661287          -114.66077025456           21.857521463974      0
      234.86976403078          -114.87178191424           29.481738335754      0
      223.66830891442          -103.49282162276           29.013116025435      0
      237.28619403038          -113.34129005179           22.899323986304      0
       224.9323885701          -116.99582484449           27.950836665339      0
      226.24314278156          -114.87547375996            29.24857528504      0
      236.14548847789          -102.62619952985           24.982811835348      0
      251.21807184025          -118.72918718228           23.971265612904      0
      247.91185052716          -125.60726654065           20.142810349509      0
      234.72606246351          -113.95032476178           28.517963318995      0
      239.40904233381          -123.91979862429            20.37404182328      0
      235.35841697475          -107.31797793674           28.767183700813      0
      254.10429440491          -116.64282826184           23.987009966027      0
      203.56498767144          -99.624965851133           26.511265612904      0
      223.40782301733          -118.72189970228           28.709471754688      0
      201.66486708187          -116.16717971241           26.411265612903      0
       253.5588316869          -105.22985736337           24.491978911262      0
        254.906581494           -103.5848337195           20.891084521606      0
      224.25121899272          -113.34731791493           25.167194067364      0
      235.52603586248          -103.05844818763           27.707879399386      0
      232.39681241359          -106.60849936522           24.521177692724      0
      223.45153125377          -118.68922635309           29.676454453624      0
      202.20882299282           -104.3737969339           26.061466505507      0
      201.23644342187          -119.61675468127           26.411265612903      0
       227.0939804812          -108.09129005179           23.960420403378      0
      254.29439783156          -114.54264052699           20.980223896276      0
      237.83403909828          -125.64596948087           20.840143953146      0
      240.01458044431          -124.34845781278           21.383223957134      0
      253.36519968013            -106.049015451            24.90834101275      0
      237.06205549417          -118.37917418191           30.312701573803      0
      222.76332155472          -106.52109546494           21.090002988494      0
       253.1342971076          -106.46925866165           24.361432205665      0
      239.25316813404          -97.670357285475           20.773522646588      0
      242.37093451531          -126.22481680356           21.988441439279      0
       223.1467081958          -115.02337453591           27.915700880954      0
       225.6822335723          -115.57494409145           28.175854656213      0
      240.25608132008          -124.18585637388           20.173421561029      0
       247.9624938187          -97.005656762303           22.667463315794      0
      252.36579308444          -96.418659454717           20.634906477202      0
      253.45742775652          -103.45518268778           24.435099421567      0
      224.54662823367          -102.38960249159           24.652507546044      0
      238.39457195289          -97.282715378651           22.667463315794      0
      252.40732650911          -115.00516890706           24.889160049782      0
      238.11953717408           -106.9978827373            26.02373359777      0
      250.08782082459          -97.997952493204            22.35443557962      0
       226.2185849179          -119.00957229363           24.808286517656      0
       224.6382481863          -119.64636455496           24.379027175242      0
      247.34256404346          -123.63745224575           22.049658904542      0
      225.38242563138          -114.32218251927           27.849978810224      0
      202.64472691064          -105.00103536966           25.919988743097      0
      252.52379537718          -118.05794736434           24.454600418079      0
      238.40960612345          -105.57054437769           28.894952013992      0
      236.26310073841          -107.37939174654           25.067085393299      0
      237.56761712849          -118.44368818419             25.6790234859      0
      201.70831982958          -100.43698712079           25.798987907879      0
      223.67345914528          -117.82080769838           28.422019304336      0
      253.05105540648          -107.48592329066           21.556307001982      0
      252.46958256462           -106.6283116686           23.607483835719      0
      202.81256989567          -99.787463737496           26.511265612903      0
      202.68237323179          -106.41158692158           26.511265612903      0
      247.33485113698           -97.28770286801           20.890597374204      0
      251.71202994158          -116.55787130837           24.427327555117      0
      238.80897264125          -125.74740817416           20.930443665647      0
      236.99700515895          -114.47206062375           25.558765612903      0
      254.28027909067          -115.53416122904           20.161265612903      0
      224.27088780177          -119.68785163649           25.169820022733      0
      224.24582958511          -119.68455265968           27.679205469411      0
      203.48669587254          -119.28710262076           24.754969773088      0
      253.65697910719          -117.49932957241           24.290808610571      0
      252.40438477784          -103.92732159559           23.971265612904      0
      248.87710867676          -97.573418800613           20.128111810302      0
      241.39730123209           -97.56445938036           21.939475446299      0
      252.52858176981          -103.69484028547           23.732414609218      0
      251.68340928774          -105.95272597346           24.432642081334      0
      236.02449957094          -106.87845147247           25.908614271329      0
      225.68965007753          -104.60878316906           29.676379919502      0
      252.19577536314          -106.05310199334            24.79535750852      0
      251.51972236268          -102.91610324775           23.971265612904      0
      224.91534535174            -118.491889015           26.124839262951      0
      222.25673863632          -115.58175752706           28.840424846843      0
      222.71381310781          -102.16487498393            21.25294144497      0
      251.33570651554           -117.6790294007           23.971265612904      0
      225.01251229775          -114.97217829154           29.020394082271      0
      239.59438694173           -102.6482455285           24.450902652828      0
       252.2806166802          -114.70271944952             23.6712841291      0
      223.68818797959          -118.84158694209           21.030369578808      0
      226.57737404853          -107.50181983795           22.602179365972      0
       253.1705281169          -119.65198875879           20.938755243702      0
       253.7088333685          -117.74318463707           23.610392336435      0
      238.58341088146          -117.56500589888           28.861771742872      0
         248.79132244          -96.216898129572           21.318244221654      0
      235.27013880239          -104.59133762132           23.303404317683      0
       248.7247622621          -97.614300413925           22.667463315794      0
      236.60012191286          -114.47179234741           23.341312119336      0
      224.16855715335          -103.11396872567           29.112550085952      0
       254.1919364812          -115.19192968216           23.022522172466      0
      249.92625351767          -126.04425477687           22.303011749301      0
      235.41725481088           -118.7156020247           27.205130063411      0
      252.87200515895           -125.2611759473           21.200571097141      0
      251.77701528774          -115.97103681337           25.880870995141      0
      226.45994481547          -103.84144441766           29.671265612904      0
       240.8832412373          -124.53261530057           21.244287530028      0
       237.9480676448          -118.59777222686           25.892160400336      0
       238.8387109615          -125.28271537865           21.850515551075      0
       238.8387109615          -96.561385959712           21.850515551075      0
       252.0098850997            -105.059655333           24.315338454295      0
      239.89955963128          -96.097918290143           20.556539675397      0
      222.82652738894          -114.57106895337           20.885891350766      0
      238.41089531991          -105.44931331777           26.446850603369      0
      225.99242946046          -114.63288527787           29.671265612904      0
      252.64897333616          -116.93837463501           25.854814540458      0
       202.8185260297          -102.20991116573           26.511265612903      0
      224.68237882618          -116.69798040865           27.734060721017      0
      225.68938584637          -118.15875689834           23.325481750725      0
      253.63033862338          -105.48470818475           23.663512736878      0
      201.42834471644          -120.41695249141             25.7052878192      0
      201.89734170546          -117.59502533009           26.411265612903      0
      238.16089281757          -113.34129005179           24.577181057596      0
      254.74816253412          -116.13298662799            23.53868726878      0
      252.04951212091          -104.36782722301           25.575921260736      0
      252.17063350621          -116.66666519225           25.167473621295      0
      252.43955757259           -115.4744986776           23.971265612904      0
      242.76298760713          -95.629395691694            20.77456910839      0
      252.73934446716          -103.77620847141           23.971265612904      0
      251.97849623455          -113.37091340858           23.971265612904      0
      238.23474463995          -97.428864860904            21.66590005747      0
      254.16637014667           -118.0796819755           23.229965034146      0
      253.97322817205          -103.97357982485           22.272850119447      0
      249.40266086232          -124.28077041501           22.667463315794      0
      235.45820491577          -118.68762569456           25.508351183953      0
      226.26949110824          -115.27108309223           26.915620181513      0
      253.02100811472          -115.88917332508           22.891538948606      0
      254.02223449337          -116.53314718218           25.139146967671      0
      223.32543795144          -117.32019051392            28.91232446932      0
      240.54464810953          -124.92205066918           20.959758114228      0
      254.00936778433          -114.41643239714           23.307600151593      0
      247.26849745516          -98.274584927481           20.924841866211      0
      251.45390982295          -105.73089036361           22.269375078297      0
      245.98752146004          -125.87964654497           21.574678281207      0
      253.22114017976          -104.95493632273           23.281414802353      0
      253.78568604718          -103.71850794406           23.539164216083      0
      250.95396081636          -125.25642361644           22.070116397212      0
      214.49733260675            -98.0244045428           21.440434953547      0
      239.32751103427          -95.505043117081           21.161082206611      0
      251.86218638335           -104.1516548502           23.971265612904      0
      254.13589414719           -102.9386606203           20.161265612903      0
      252.78445477511          -114.54792306245           23.971265612904      0
      235.43464721479          -102.91169515079           29.906310450436      0
      235.34954290116          -117.02352499247           28.841644353391      0
      224.87168910465          -115.16063914997           28.328629116209      0
      239.01967567393          -96.070876679364           20.864324743374      0
      225.07758083287          -101.74129005179           23.177941056729      0
      249.37451899994          -124.97953314334           22.667463315794      0
      239.11738333523          -125.63107776606           20.546547624297      0
      238.84919675629          -97.847405223341           21.058542438795      0
      239.69506891864          -102.55399442127           25.598240127906      0
      222.37097020445          -107.40615370184           28.554249077872      0
      224.11619747832          -113.36509383453           23.297881883483      0
      250.71122779016          -103.92093118693            22.46928713329      0
       225.3057487437          -114.21484695227           29.675336548061      0
      237.90673762812          -118.12747135269           28.432084462682      0
      203.25265778705          -105.64194933613           24.799656340981      0
      224.40516570093          -103.46948434651           29.683173588975      0
      240.18015014407          -125.66797645984           20.762326013522      0
      252.16594458516          -105.65658738944           25.293194992329      0
      222.07728528276          -104.12743876563           20.161265612903      0
      238.43028567904           -105.7173903598           27.798868154458      0
      242.18696421787          -125.42838262056           20.435878403264      0
      224.09212920453          -116.66206000597           28.021002426996      0
      225.06971577846          -103.74631946286           27.590519885792      0
      241.33981677445          -124.89241347916           21.437225528658      0
      243.22675686799           -98.32400796281            21.12687471428      0
       225.6759094943            -107.401263714           22.256773569457      0
      244.24306523107           -126.3331838048           21.705082556287      0
      225.50707247055          -107.82225844722           23.971265612904      0
      225.08139898698          -115.82896697292           27.795524142862      0
      223.16664991995          -116.91052560444           28.832298299174      0
      223.70083298513          -117.51765339998           28.867004034689      0
      243.33160440473          -96.466737157747           20.967994480471      0
      234.80800851055          -115.29809106132           27.605800460571      0
      202.87768912997          -119.60831678834           25.620858089941      0
      225.06772201631          -113.44275685099            25.33175875258      0
      245.41601687377          -125.93568839186           22.423586781869      0
      238.20574625681          -96.082022416454           21.088529767629      0
      239.19830057577          -114.27454870246           27.968608812503      0
      235.91310154988          -114.35142569392           24.908550026821      0
      253.90927608459          -114.39888724491           20.161265612903      0
      224.54523445211          -115.04331728211           22.278128947409      0
      201.90780834403          -108.02883996348           25.605543800905      0
      223.34688476237          -119.52993198492            21.60478187794      0
      254.53098579847           -104.2832124433           23.570857625353      0
      224.51144181739          -118.00200117131           29.682806079037      0
      252.18753057896          -106.76067089937           23.971265612904      0
      252.27715102646          -118.82537358861           22.309193768426      0
      223.15764853178          -115.36787045365           29.011278765225      0
      238.35360999951          -98.474884460845           21.735201846507      0
      254.21170183358          -104.23624711527           23.221555496783      0
      250.97445073003          -124.14139303725            21.37785421394      0
      234.79857406185          -106.77394609314           29.427112351321      0
      253.96879208614          -105.38565294793           24.295657597067      0
      238.24454080428          -125.47087055093            21.58345920296      0
      239.95694391435          -96.561385959712           20.546639396997      0
      239.89731129686          -96.208100149655           22.667463315794      0
      255.14278218888          -107.12784424848           21.095897763578      0
      234.93694906901          -105.26369648902           25.082597272164      0
       223.2476499752          -102.59330792837           20.862584125761      0
      252.88736475414          -106.04175869349           22.843865693403      0
      253.76823354692          -113.48032531779           22.958824302621      0
      254.00718711686          -116.18952786586           23.660233132426      0
      236.79313218325          -114.34187342132           28.723892300758      0
      202.00871401127          -114.65786820234           26.511265612903      0
      254.56296230994          -115.69345120795           23.682022564773      0
      235.97948928885          -102.97705970519             28.3493793503      0
      238.59609924939          -102.83603615624           25.191422873087      0
      238.28487989426          -125.48075373578           21.289214072021      0
      235.74718593405          -103.09531774182           28.102913706637      0
      202.26128239019          -114.80206157902           26.486265612903      0
      226.61133192579          -102.76149097722           28.428367682644      0
      239.34603808237          -124.39361154591           21.623458715958      0
      255.14993274336          -105.11662619574           23.243654311592      0
      254.14036233547          -105.60550381208           23.321522349684      0
      202.40173448609          -122.86130663178           26.511265612903      0
      237.50798722721          -101.74129005179           24.119358416237      0
      239.17863052242          -125.28271537865           20.959758114227      0
      239.17863052242          -97.282715378651           21.850515551075      0
      251.97398796305          -105.85400752176           23.618419308218      0
      250.20779951877          -96.586200751209           22.181969699848      0
      223.68730196662          -115.76549353634           27.111977938795      0
      242.65687165867          -97.946511427286           22.411566598556      0
      240.42120358281          -125.55607265665           20.414502229607      0
       239.2890158053          -105.26229522652           25.909348125443      0
      202.12487606478          -120.70792225673           26.058489516244      0
      221.35852395119          -103.78471561265           28.795768783044      0
      224.76935998613          -108.01173161976           23.975797762465      0
      252.22313631576            -105.823276822           26.511265612904      0
      235.45025846314          -114.69651600013           27.455817690843      0
      252.43131317951          -117.42553444038           25.364081461678      0
      238.55329047522          -106.71969604995           26.909166550604      0
      227.34099745769           -115.6394419195           28.008326160361      0
      234.42730215059          -107.39310724819           25.363640311412      0
      238.62631446262          -96.561385959712           20.475862203845      0
      240.20624557023           -98.31681324872           21.755466070935      0
      254.58729176889           -119.1678665943           21.171395039771      0
      253.66416641196          -105.70379209683           25.094634767624      0
      236.79751157877          -104.25917630932           29.469573907862      0
      253.71842204385          -105.71636049789           23.091338337333      0
      225.57430792732          -107.41644665144           23.422597087909      0
      254.99230207766          -115.46506499837            23.37646240641      0
      239.27763903229          -96.561385959712           20.549473876861      0
      244.75119240059          -98.300878295712           21.804508933877      0
       250.5199087912          -96.229800924438           20.142810349509      0
      245.28669042692          -124.20327663908           21.065160916751      0
      223.88094090031          -104.35863818343           28.540479262025      0
      239.21915012082          -96.422537728854           21.130044087153      0
      251.49371383687          -103.27735566441           23.519704659923      0
      240.51735989734          -126.34224874686           21.618835766848      0
      201.30097097035          -115.77995093228           25.689528621031      0
      252.19764948223          -103.92048878772           23.657213379411      0
      202.41142142199          -120.62608770373           26.511265612903      0
      224.52555895866          -118.45377101731           27.044968144792      0
      240.87925710134          -98.244425384576           21.978253555665      0
      238.22102149048          -125.70387916668           20.864512543407      0
      249.77616099022          -125.35587901411           21.826144468847      0
      253.88509042548          -116.53548440932           23.317316184184      0
      223.28746818141          -107.90532083126           21.358812595074      0
      222.45535581736          -106.65652677928           22.158075836953      0
       224.3127701348          -114.36609434931           23.277875775959      0
      238.98876993845          -114.13710159362           29.585692994314      0
      253.72088272879           -116.1043640415           25.049209420503      0
      253.41018109617          -104.05617734052           25.985241755402      0
      238.26630454673          -113.34129005179           29.097337064525      0
      251.86517009662          -124.70522344837           21.624427479324      0
      253.89937598988          -115.16521304802           23.563525419922      0
      249.97522759467           -124.2897075417           21.776399895529      0
      225.80428112879          -119.29915059012           28.662574263552      0
      239.09470202113          -125.28271537865           20.149813425883      0
       252.5676027682          -107.61900590635           23.473801458189      0
       255.5365031661          -103.21784302243           21.288026412491      0
      238.17387203209          -108.09129005179           29.251869477537      0
      253.46256505545           -103.4500619822           23.511082100464      0
      247.88725180419          -124.92205066918           22.667463315794      0
      253.68722318397          -116.77530949419           24.907315075629      0
      226.00179172601          -115.27874636631           29.009069004671      0
      222.44694994256          -106.17787818803           27.955775010572      0
      238.86988785689          -105.44128913273            28.19890832363      0
      224.37094175812            -114.345464428           28.370121582274      0
      236.22010655103          -118.23971783849           29.305557847945      0
      222.83579290212          -107.71823080479           28.623559284298      0
      254.45950515895          -102.16665939477           21.150487548538      0
      242.90285326624          -123.50143957999           21.195367423513      0
       254.2265844479          -104.30696975103           26.421991759809      0
      237.09363455578          -107.15685802086            29.48657912449      0
      252.25788888144          -117.13473183289           24.913555276977      0
      253.74444712141          -104.24246239776           21.666506845864      0
      255.11816182218          -117.16809322266           23.350623047715      0
      253.68214200222          -107.98463351299           22.976093739955      0
      234.68873975167          -103.96650605555           25.600088966189      0
      224.04818028983          -104.26373155545           28.527152122013      0
      252.12174447767          -115.90108969064           25.481457555955      0
      202.93015617024          -119.10369798225           26.511265612903      0
      242.61339465467          -102.66309248174            22.84910523547      0
      224.80196382855           -118.7526881909           23.726579189948      0
      255.12396806374          -118.75236329373           22.911618862319      0
      239.35403460126          -96.200103359914           22.104556162184      0
      240.74018817562          -124.00744407051           21.288648650857      0
      251.08415868392          -104.39412034645           22.080378912086      0
      253.11673715027          -103.57898543858           23.181603518437      0
      251.66210058055          -117.52495592559            25.55197729867      0
      234.83437863896          -102.67962714593           29.454586169634      0
      224.04457999201          -117.76059478171           28.817221452417      0
      243.77275133099          -96.591091282132           21.860227659057      0
      253.85749524306          -106.14397803908           25.574366330881      0
      251.77017236353          -105.29106466317           23.971265612904      0
       235.4383916234          -113.34129005179           28.755523118871      0
      239.25205568128          -124.56138595971           20.142810349509      0
      252.35450621655          -107.32086051553           23.971265612904      0
      238.76869548745          -101.74129005179           28.627423277157      0
      239.22652417753          -96.021604559903           20.606731673043      0
      253.71337884259           -103.9513566227           24.351746835865      0
      253.90665553305          -118.61398648239           23.281397725476      0
      252.42294816357          -106.03386773571           26.127262485254      0
      202.26380519543          -121.19829582174           26.245179937943      0
      251.07007062298          -105.94624993324            23.46920163373      0
      238.85949067765          -97.902715822469           21.576050910702      0
      251.88428103987          -117.58272778484           23.385709790308      0
      240.20591184771          -123.49173262835           21.287722499696      0
      243.43597430465          -125.20544107875           21.486419401494      0
      203.52057794059          -122.10112062895           26.511265612903      0
      255.87968447306          -117.48080548407            20.97639875486      0
      222.78878245651           -117.4278322741           28.678542098426      0
      202.00179438444          -101.10386837452           26.049652238099      0
      254.76152159071          -115.33764193585           22.557842553342      0
       253.8873079507          -119.50293255281           21.201854768155      0
      234.31965821987          -102.62820816972           28.827967588159      0
      250.97136255381          -125.63844295821            21.47216485669      0
      253.01937512938          -115.21420193962           24.283130629789      0
      253.43752288135          -117.43551658014           23.971265612904      0
      252.39316620381          -95.624190955258           21.202077922988      0
      238.55754023862          -102.54989614261           26.941446708428      0
      251.20369007652          -124.96262951018           20.142810349509      0
      238.24384215823          -101.74129005179           21.854810375043      0
      240.46537270198          -123.93974319929           20.351891156849      0
      239.53422952809          -97.614300413925           22.667463315794      0
       222.5543404331          -115.17264835536           20.161265612903      0
      254.38834549167          -113.73718409549            21.29674810473      0
      202.06022230004          -102.40862197397           26.134491682921      0
      248.75983129886          -124.84316105094           21.437663478236      0
      246.49065387249          -97.933902194091           22.425570552937      0
      235.98440768315          -114.53278268302            29.27748931502      0
      237.72369505172          -105.90228706875           29.246815508516      0
      224.52640095846          -116.86708500747             28.0018272358      0
      202.14706048031          -101.46812663242           26.263082214487      0
      244.11244359984          -123.91687624887           20.377287445868      0
      250.17952857674          -118.34618087623           23.971265612904      0
      239.31898463041          -96.271618021718           20.817263193165      0
      243.31742211758          -125.97647467349            22.37828908465      0
      252.45908206041          -115.50219268651           26.511265612904      0
      253.39930789093          -116.74938194815           25.396489728974      0
      251.91782319723          -104.17088454099           24.822990815623      0
      243.31870803882          -96.900417449298           22.667463315794      0
      252.55859661766          -117.53425503979           26.511265612904      0
      253.91543516931           -104.2989926751           24.858521707676      0
      252.79502053936          -117.15269254538           26.511265612904      0
      254.49688702752          -107.63723659219            21.19626504673      0
      251.39951684156           -126.3505405417           21.539944949933      0
      202.78156480543          -116.58967708274           26.511265612903      0
      248.86831839986          -95.547928774261           21.075781219569      0
      251.47556838534          -101.74129005179           23.971265612904      0
      223.27259794944           -117.3390883221           29.677907979122      0
      253.46277150904          -103.85957201645           24.747570198507      0
      239.56114539784          -125.69288953269           20.779110069377      0
      252.58440557896          -106.86701323512           23.971265612904      0
      238.17840217055          -96.320655077585            22.34426284303      0
      249.63483108628          -98.351843883386            21.52754453578      0
      252.44445148143          -108.09129005179           21.099137788518      0
      250.36699020019          -95.812214338829           20.493526125173      0
      234.98722805608           -114.0066382608           25.978394110053      0
      238.35346503874          -124.37306983734           21.227830655266      0
      223.11549031419           -117.3522651397           29.333642869442      0
       252.1008635337          -117.30615370827           23.413232228381      0
      245.23102573785          -95.651084235961           22.073270181664      0
      239.57975706477          -96.251656643734           20.515416939476      0
      202.42598139182          -99.542060005501           26.272251917646      0
      253.58513140483          -104.10172233173           26.511265612904      0
      240.59592850577          -126.34245521566           21.193402309412      0
      241.66558418444          -124.46479079997           22.021158814366      0
      235.77463712841          -115.83115353634            26.15384242617      0
      253.28288039305          -106.44969730102           24.715087513983      0
      226.23354600306          -115.09330316576           26.092661498791      0
      254.00376410919          -103.81905192365           21.002460126732      0
      253.54457612574          -103.92110061171           23.971265612904      0
      236.15114771371          -114.49657810336           30.203094674537      0
      239.31052572922          -107.10671028871           26.817335842166      0
       252.5813808834          -103.36705146353            24.58555515621      0
      254.00411510773          -104.71880641178           23.971265612904      0
      248.73940937185          -96.882092341532           20.670971650601      0
      213.35509660526           -99.45127295394           21.612075821418      0
      224.37034284678          -101.74129005179           23.007028902939      0
      251.32319773158          -116.81018931952           25.607050838808      0
      251.23488750037          -124.61681719019           20.831495830182      0
      251.92032303343          -103.66266030546           25.504504605886      0
      253.50019408054          -106.35968302438           24.413626619294      0
      202.04246086161          -120.04512843515           25.046588495378      0
      242.11109796669          -123.86226554912            20.43793869533      0
      236.48439705023          -118.85086957482            28.63753372573      0
      252.52284343661          -106.45782203898           25.634664685009      0
      240.17385199247          -97.614300413925           22.667463315794      0
       240.2387794168          -105.42536870528           26.639064769217      0
      238.97904366772          -97.719254081426           22.076403158062      0
      252.03494037398          -102.74892595028           23.007307765382      0
      245.80587540265          -123.54278251214           21.007120548258      0
      224.60194025222          -108.05114458516           24.320483819329      0
      252.33939955995          -117.41014626796           24.553234682559      0
      201.18161126327          -118.11849469111           26.411265612903      0
      224.64373095697          -103.69553493131            29.34687044365      0
      238.71455716384          -115.63067247782           28.721701366172      0
      243.14134199943          -125.63594857136           20.937210854164      0
      203.61552288023          -118.08064718923           26.511265612903      0
      238.60725094136          -118.77133226049           29.878442817212      0
      254.16958281992          -106.76645883576           22.432776327153      0
      240.37760638195          -105.49205640992           26.089332788738      0
      250.78376302806          -123.52882969915           21.050062996506      0
      252.88901319758          -118.10155090102           24.635038120057      0
      254.41939339167           -118.2548150966           22.540453556834      0
      238.64688160642          -114.13296162876           28.784523264594      0
      239.62237810388          -118.85922022693            28.89570141606      0
       224.8382194438          -103.35086147298           28.998171343451      0
      252.20560579983          -103.93606236475            22.50465647408      0
      224.36731796362          -116.55747056551           28.298383802658      0
      250.99347177924          -117.66408436164           23.372696181878      0
      248.34750497979          -97.597647487365           21.772591829728      0
       238.1270348899          -125.28271537865           20.513577446575      0
       213.7419108496          -112.57850613959            21.01222147615      0
      249.72822302732          -95.497035602069           21.237268293298      0
      203.26945362586          -120.35433925834           25.855392412455      0
      203.30469108713          -98.740681820437           26.511265612904      0
      234.72785249757          -107.25521982853            27.50557760461      0
      201.92378032804          -100.74726876446           26.411265612903      0
      227.05078035256          -118.09378425534           28.407718212634      0
      248.85802406802          -126.34743486243           21.569493386598      0
      253.23563005404          -117.73347736528           23.971265612904      0
       252.5622849402          -119.69129005179           22.920767440248      0
      224.32030966926          -104.92614066168           28.298383802658      0
      225.99754058509          -108.09129005179           21.866286768652      0
        255.866382944          -103.91966188766           21.146825003484      0
      202.37256456289          -115.60121076003           26.511265612903      0
      234.86627036752          -119.69129005179           25.681439505731      0
      234.78328389973          -108.09129005179           25.899871179336      0
      222.80851578377          -107.06737465075           29.665577058582      0
      253.43265034549          -106.55133840033           23.513181463283      0
      251.47622181779          -114.10784349911           23.265107067283      0
      252.13948680854          -117.92232802848           22.019397732444      0
      253.66855460376          -118.03189232444           22.759263362509      0
       203.6068935549          -103.87521695082           25.441478948896      0
      239.32721459575           -104.4909214147           26.832699765956      0
      223.88185801316          -102.54908810569           29.676048489545      0
      253.56593767377          -103.92383739604           23.180004303235      0
      254.98155076694          -117.04861977397           22.567883589068      0
       252.6590278928          -104.52012565911            26.01627698216      0
       214.7101615898          -98.508658322996           21.882740933296      0
      223.16434417428           -107.2728122678           29.665577058582      0
      253.76771399566          -104.35431280608           22.973966264326      0
      234.59677137558          -113.34129005179           26.109336289346      0
       252.6214762516          -106.06470124027           25.589907014939      0
      239.09708093779          -118.88872492503           28.176555168197      0
      254.41461713149          -103.76955125233           23.971265612904      0
      254.44416652963          -116.63279850851           24.660411887842      0
      223.49788995046          -119.58608453873           28.412141589231      0
      222.76188107569          -119.28761552386           21.071616675849      0
      251.92871790305          -117.38583179233           24.862610051085      0
      235.52446413259          -118.86233487376            27.70408490776      0
      224.64610865912          -105.93776819257           28.071037791813      0
      201.91790011012          -105.18085364964           26.411265612903      0
       239.3257102193          -117.29326313276           25.889226035338      0
      214.71230044427          -123.08533986001           25.586988811555      0
      255.62191114455          -114.92945475381           22.967462378249      0
      246.96639389002          -96.273130214707           21.901155197309      0
      255.11706918921          -102.67122602152           21.092522359359      0
      255.11706918921          -102.67122602152           23.018765612904      0
      255.95628193401          -115.82717874285           21.023896984092      0
      255.93881965741          -115.69453958359           23.018765612904      0
      251.02706200138          -114.88523289335           23.971265612904      0
      255.95622118882          -105.60586276627           21.142888217441      0
      255.89789103291          -105.83685096036           22.878816718717      0
      256.04700515895          -116.51629005179           21.113765612903      0
      256.04050269098          -116.56568119957           22.986726972538      0
       256.0206686463          -104.71624437757           21.069976144478      0
      256.02529418758          -104.75137885177            23.01152141493      0
      250.90685467624          -98.256614046896           21.940740618206      0
      225.82830934971          -103.66647364809           28.249746278048      0
      225.66086012899          -119.35855751337           24.993386714468      0
      222.85847156816          -116.80338379868           29.671265612904      0
      202.86203230488          -118.17025244552           26.511265612903      0
      237.90876617871          -104.00095710783           28.414150504694      0
       244.0016212454          -95.504096285336            21.64018299536      0
      238.03325201973          -107.23997252659           25.007529981639      0
      202.15269632836          -101.20338464494           25.490751738381      0
      243.61743813836            -125.595818093           20.142810349509      0
      245.51693356281          -125.59876114258           20.142810349509      0
      238.32414171366          -106.10183916092           29.388233503913      0
      202.97499279143          -106.39573485917           25.582695738746      0
      252.77333519286          -103.03695361985           22.318290778172      0
      253.01462019139          -106.12949922752           23.462606614539      0
      248.56666159781          -97.236338733315           21.214649046816      0
      240.67910558004          -124.13263710065           20.895045734405      0
      253.68683326005           -101.8485642064           21.395154529366      0
      203.70544126304          -119.71151354908           25.523084435634      0
      252.41718595978          -104.83845999381           26.511265612904      0
      237.77988707453          -114.38602686031           28.525582649374      0
      254.24118345843          -106.90475298468           23.264155176834      0
      224.10150150378          -116.03866027035           27.792421181649      0
      253.35466705158           -115.2329301905           23.577902751878      0
       226.3337745141          -104.70914192897           29.671265612904      0
      250.54581541246            -116.765349576           23.971265612904      0
      212.66736128159          -123.26833101461           23.506143928197      0
      251.64657458305          -117.02448968265           24.280580930744      0
      235.43562624192           -107.3083003246           25.375412351883      0
      202.11349092709          -100.45612377727           26.202275237463      0
      253.71542046484          -117.25894575668           23.971265612904      0
      252.25623521068          -114.19603543844           23.971265612904      0
      247.19209444495          -95.828941514808           22.335324927486      0
      225.72328665185          -103.28200462606           29.000512885203      0
      253.80482910056          -106.21389370105           23.541141120241      0
      252.37839483097          -115.01715280052           24.387106831264      0
      213.19956882278          -97.332330880849           22.052966102329      0
      240.98904738417          -123.90866604638           20.919662476293      0
      213.26735631587          -98.462016000343           22.162162856761      0
      249.99325800759           -114.2826498853           23.971265612904      0
      251.81806550998          -116.03042246689           26.511265612904      0
      253.85824867356          -105.78482706651           24.335877713022      0
      237.16043541085          -118.58752153496           25.580281613747      0
      235.81089745962          -105.25531057214           28.185944183296      0
      251.59286062557          -115.59785944413           24.511260484035      0
      242.67075653754          -97.614300413925           22.667463315794      0
      238.82549789463          -125.88939281919           21.516220883858      0
      224.99674416174          -119.59916766441           24.301579507941      0
      253.32103117884          -118.03389472813           24.494954387776      0
      221.17730391678            -116.936325819           28.937919179205      0
       254.4484151728          -116.60052685967           25.717377986001      0
      222.84647671112          -118.39140625551            29.05553559775      0
      239.77453167829          -96.148275377577           20.878353001922      0
      254.48313409171          -116.34241175113           20.897145469412      0
      251.84447132219          -115.44108585001           22.334047209079      0
      239.33762826151          -126.36156756448            21.37524337516      0
      252.87200515895          -124.15944947906           22.234433307597      0
      235.87447314381           -117.8318313372           28.268797628037      0
      252.12923566598          -106.31222219773            25.49471571156      0
      202.38847313923          -115.14262874455           26.486265612903      0
      238.11296269013           -96.20796385466           21.943751142488      0
      234.76008783956          -119.69129005179           26.317825721684      0
      202.38928817318           -102.2130278747            25.88099591105      0
      255.60199223178          -114.90319003447           21.103785548136      0
      238.85056417967          -118.68365368842           25.309224059888      0
      226.68833764893          -118.57073331411           24.997302070262      0
      247.95012459913          -125.36542658209           22.087470158924      0
      252.85182479386          -117.70373739881           24.364370901571      0
      252.71428085887          -106.09264992729           24.866921926357      0
      202.64545841455          -121.59592579901           26.511265612903      0
      254.40304807365          -104.90584481133           22.108542327291      0
      240.54703288764           -125.6741819642           20.685014859137      0
      253.32544107653          -117.38300819422           24.687091965053      0
      239.32500244167          -96.561385959712           20.898571812164      0
      222.05194112868          -107.16135408206            21.42901236236      0
      239.34784100441          -95.490351081372           21.509406680968      0
      253.95383447029          -115.58801403526           23.279749495273      0
      214.71831075889          -124.25146846817           25.644078986761      0
      242.92600594391          -97.318948247126            22.01194297742      0
        238.100749788          -98.337142428314           21.730743720941      0
       254.3740131849          -103.06717804686           23.186920451542      0
      224.01633120598          -101.77824147871           20.974430141043      0
      237.47093518657          -119.69129005179           24.734888639585      0
      223.94034448095          -115.21099810604           28.735674825923      0
      225.67860108236          -119.69129005179           22.823299151167      0
      224.28610345336          -118.98429185075           24.719145987718      0
      225.54736840261          -118.09139895119           28.945783479517      0
      242.30768133769          -125.79737463557            20.30068483266      0
      223.85284921232          -107.18455923553           29.048777920839      0
       252.4499762729           -105.9202372436           24.523065968129      0
      213.97128109243          -99.454918892543           20.959447669067      0
      251.82699204341          -117.69830441066           24.570436681798      0
      248.09313624744          -95.623862570494           20.784152746284      0
       251.9083799756          -102.99460399549           22.207889323594      0
      252.61182372703          -117.30363495134           23.417039803281      0
      252.96076688431          -102.61965611915           23.335763006317      0
      254.53005577018          -105.92825542424           22.327646320012      0
      202.84503696593            -115.352856365           26.511265612903      0
      235.28277999382          -108.09129005179           28.702313336128      0
      251.03672366923          -125.48577021746           20.760226444359      0
      242.29648675965          -126.10185890563            20.57911300603      0
      239.32740537084          -124.00326134845           20.996901549568      0
      251.32749458918           -116.8428271933           24.554307737128      0
      238.06194823587          -98.112203905397           22.185179284348      0
      221.97436266822          -105.01394008645           20.161265612903      0
      225.38181645965          -116.73663606307           26.560691623699      0
      225.19353193545          -117.36097279863           27.391116509479      0
      254.22791433228          -116.94758017438           23.135001512959      0
      224.86650214612          -119.69129005179           23.964095152795      0
      241.36188050352          -124.85962304047           22.667463315794      0
      235.55996048289          -105.05114480313            28.97164836818      0
      253.14758119772          -107.28734548344           20.825191129127      0
      224.77740872293          -108.09129005179           23.971265612904      0
      247.88321582386          -96.725069355735           20.798487992589      0
      252.87200515895           -126.2142616165           20.825320892295      0
      239.27939824102          -96.283070835946           20.438053724467      0
      252.29189593167          -118.70320486475           23.971265612904      0
      251.34272341408          -116.09545496909           24.527112200163      0
       252.6733255991          -106.61293141311           23.086194513655      0
      251.47952197191          -117.26738606812           24.478788192851      0
      251.46392547604          -117.22973279625            25.63134954891      0
      251.88429860247          -104.15243442788            24.28499624362      0
      254.44237365544          -113.75956329368           22.966791898262      0
      223.05181460869          -117.12417567186           29.671265612904      0
      224.32257129661          -105.13302561549           27.974066393591      0
      254.41208255885          -116.15607964205           24.644215074304      0
      254.40741208179          -116.12060384671           25.766625532671      0
      225.34917841469          -119.69129005179            23.94432866514      0
       252.9889393334          -118.78920951168           23.265147840421      0
      245.25556847906          -96.738468393045           22.064428739086      0
      221.97817478073          -102.76736019783           21.275533481254      0
      244.13849332573          -125.58476389432           21.595816214357      0
      254.38605722171          -107.69634384054           22.952134255051      0
      250.01231620417          -97.785919611986           21.397276691311      0
      253.30850659936          -101.79875655662           23.253422936533      0
      239.41691686148          -95.948619913727           20.828299804888      0
      223.91142402102          -117.86616939581           29.683186158826      0
       239.8863583213          -126.22998830101           20.801039416905      0
      226.28779638275          -104.43524747327           28.216483349187      0
      222.21713873053          -106.00758017003            28.94393987163      0
      252.13667571835          -115.82900774952           23.330609332567      0
      250.02075131804          -98.264743182844           21.915721648904      0
      251.88311329317           -117.2514640896           23.116495066319      0
      236.76960691221          -102.35612837011            29.79695288457      0
      225.25545046111          -114.09860803318           24.636280950276      0
      224.01639896498          -118.89847562376           20.161265612903      0
      235.54897634127          -103.46627076666           28.805339820545      0
      253.71116623926          -119.57589283859           23.011938679018      0
      224.46082807309           -107.3895218009           23.289001065768      0
      255.91038419839          -117.40668979082           23.045168204232      0
      225.67485727887          -115.84915407892           27.232975283931      0
      201.91444086887          -123.20835220124           26.477081124352      0
      201.92730779917          -122.36676477335           26.436265612903      0
      251.84974691363          -117.33235261751           24.329469726063      0
      203.67619615481          -120.41019716228           26.511265612903      0
      202.43166479921          -117.49221680931           26.511265612903      0
      202.82105420969          -103.82665184324           25.686825333169      0
       249.3364073005          -95.496242280305            21.56545745226      0
      234.55935459406          -118.21910547999            25.47296975613      0
      222.28975394022          -117.94238255338           29.168529792742      0
      224.79413773849          -118.48406186777           28.671297480085      0
       253.2452077403          -117.91269983522           23.413976543601      0
       244.6558313413          -98.050230786941           22.296374726171      0
      238.49924602661          -119.13742330703           25.726075554571      0
      213.12846401141          -123.18426298638           24.431550545414      0
      239.52538585827          -108.09129005179           25.757081089712      0
      226.39398382928          -115.85160888672           26.580671654166      0
      222.94738192797          -103.01770546375           21.605510983641      0
      239.40529302769          -95.641950089848           20.752824273688      0
      253.36604725278          -102.51580063738           20.807117366606      0
      254.03594054625          -106.01015943459           23.549777153115      0
       202.6207782356          -118.60287817386           26.029128688921      0
      252.49508860322           -104.2355727753           23.437200503627      0
      223.76500137316          -116.92393662977           27.766545558301      0
      238.09396811643          -125.69687438692           22.624547488443      0
      238.90696458816          -96.261915255454           20.617350857791      0
      253.64317068382          -107.98976418439           21.079959426261      0
      244.12619899416          -124.89710663576           20.142810349509      0
      253.16223907633          -107.23795190265           22.278144246654      0
      201.63074035974          -100.33327897049           26.411265612903      0
      224.07489185372          -116.53095146884           27.666988295242      0
      255.20985126485          -118.64043812695           21.069936254246      0
      238.12991353621           -117.1911299826           29.251327856599      0
      239.21278038205          -115.28343858959           27.959997451602      0
      238.57056304603          -107.34636418855           27.252166474396      0
      242.07548985038          -125.72785157015           21.544157672734      0
      225.17699746025          -107.35651869033           24.671428990209      0
      237.57334495953          -103.84497499561           28.611135194607      0
      227.29984729658          -115.54009664245           26.483045063814      0
      236.15713238373          -107.12891533751           28.485689691227      0
       202.0437634877          -116.22094281907           26.511265612903      0
      250.92475541201          -126.36298755911           21.388753663175      0
      250.75906324322          -117.63667308106           23.971265612904      0
      252.22550855686          -103.48048036876           24.369553140152      0
      239.86091861533          -95.484391911758           21.452709214632      0
      254.48088912421          -102.18306788843           23.020697993301      0
      222.60582922718           -118.1863861989           20.161265612903      0
      224.58750304489          -104.84111622431           27.960333369386      0
      253.35571567944          -116.94973569063           23.971265612904      0
      240.63213537309          -123.53041792536           21.765098738438      0
      253.55090315707          -116.10626818715           23.261095293067      0
      225.79563923114          -104.77841945057           28.745672826947      0
      252.09769358095          -105.93727011713           24.262088025077      0
      249.54426756284          -98.327100348367           21.086468109324      0
      221.21361554663          -104.22044007277           21.119715778176      0
      237.37601256831          -119.69129005179            29.46339622946      0
      215.77766514725          -124.60493779193           25.750685543203      0
      241.08449735467          -124.12858057387           21.652278960788      0
      249.84962227862           -95.87513735346           20.423643126517      0
      249.37216052465          -98.161168176853           20.681839579086      0
       251.8659703956          -103.70436655133           24.416689215927      0
      251.91373890679          -104.65899392931           24.572707011718      0
      215.70693745396          -98.493955647627           25.716985550476      0
      225.53915343409          -108.09129005179           23.971265612904      0
      213.24674956586          -124.38190274432           21.935942181072      0
      238.20197329674          -124.46730837357           21.716987377017      0
      239.58744524355          -95.846737238119            20.45518460993      0
      255.65973631187          -106.41180731783           21.078225456695      0
      202.27445688424          -105.54218752291           26.159678731233      0
      251.24254496286          -96.229800924438           20.142810349509      0
       251.3434200706          -97.322602845379           21.806695937385      0
      251.18771532247          -96.527451934428           20.794693686972      0
       224.6667730332          -119.68655047882           23.720297731825      0
       238.0830178961          -115.89805331847           29.221742481355      0
      242.84497670154          -95.900321526156           20.395673304712      0
      253.82076221329          -106.17216428417           24.350736696005      0
       213.5579495345          -124.46709576771           24.957718187967      0
      254.09163975133          -115.69454702745           23.616403588865      0
      248.96728295328          -96.301116190811           20.142810349509      0
      251.01423758665          -95.878266940691           20.420167372192      0
      244.72773864803          -95.849507743271           20.452107656147      0
      251.90087470133          -105.67999611661           23.971265612904      0
      216.75094341594          -122.99726567566           22.809655022301      0
      247.98485827266          -97.550743313472           20.851100175092      0
       251.2964545192          -98.046110434708           20.509322830195      0
      238.35876814944          -113.97523181778           29.434091438878      0
      214.78190715896          -122.93002620428           21.833119276735      0
      252.30020284041           -104.0848242998           24.479204078718      0
      254.59550365532          -119.16156539221           22.984470590359      0
      252.87200515895          -97.022643107116           21.055438941796      0
      233.82511603384          -107.35274020015           27.169895053668      0
      221.20245251582          -104.30523170994           28.821039314372      0
      221.37376123853          -106.08465055668           20.951383455514      0
      216.84107782263          -122.94651434417           23.243602239982      0
      202.24326667079          -104.30077551221           25.129067370725      0
      201.80835088777          -120.73955096089           26.411265612903      0
      202.46757492833          -103.23491407967           25.235351398226      0
      214.84576657427          -124.48456961733            21.80285836367      0
      246.64103321753          -125.65601459706           21.379763286658      0
      255.24474471204          -105.89999101491           20.715492564736      0
      253.58704140375          -113.43542635928           21.068593961298      0
      216.55944946339          -122.85866222825           22.436096925731      0
      214.07101154444          -124.48691183456           24.376602124254      0
      240.42249790072           -96.17106238786           20.183726862354      0
      251.17502469418           -97.57528139324           20.142810349509      0
      201.91379540553          -104.72797407888           26.411265612903      0
      215.18977158612          -122.89245599312           21.758810244369      0
      201.89737658713          -102.91645579586           26.411265612903      0
      215.83411007969            -97.0585182781             21.8445880997      0
      225.00535998017          -105.39041990125            27.70458824808      0
      240.14111865411          -95.939394099809           21.134576614889      0
      252.37200515895          -97.072739965961           20.142810349509      0
      252.65873832322          -105.45655628872           26.511265612904      0
      251.64960989402          -116.99770192432           22.093238486069      0
      254.18512477026          -117.69888985739           23.583719268469      0
      249.76627565809          -96.223304716337           21.759316744144      0
      226.98248891896          -114.84519218803           27.206347673342      0
      224.20822445783          -118.79435887298           28.236794483495      0
      252.36073571941          -98.224378290566           20.689536303299      0
       239.3600272942          -114.29094150086           29.237603647826      0
      216.00235857044          -122.55257725804           21.463889009517      0
      252.73517914487          -115.27725065051           25.967505263794      0
      221.52072628264          -118.03945555937           22.499633170805      0
      254.06155140666          -116.92004549393           24.916912523016      0
      225.10148945476          -116.52841070152           27.704763933803      0
      217.10236567096          -122.54629321741           22.514534288706      0
      221.22489917083          -117.29784766574           25.346033742318      0
      217.66241578304          -122.56944466418           22.216315833156      0
      221.23665718656          -117.35365209495           23.078433831945      0
      216.04288934868          -122.48628033626           21.953436492692      0
      216.16306438598          -122.33496121979           21.677965992673      0
      217.29024047213          -122.12466819757           22.365200976437      0
      217.47040221246          -122.12573420727           21.902145950712      0
      255.25310509887          -116.17683213198           22.359143923524      0
      216.74895949151          -122.12146545997           21.590301965658      0
      217.19254475453          -122.12409013597           21.497895132949      0
      217.21759743918          -122.45124948508           22.109860967711      0
      216.05684913168          -122.11737027106           21.516014145047      0
      237.76293488381          -102.64200055201           30.220429051649      0
      238.68115039419          -119.69129005179           28.727850263348      0
      216.38546175073          -122.47752367234           22.209425496972      0
      216.86311315462          -122.12214090257           22.207642513999      0
      221.21133069138          -117.19478483213           27.097013433635      0
      216.59124853923          -122.12053229067           22.166031479688      0
      215.99682337473           -122.1170151011           21.961385609689      0
      216.35254119231          -122.11911986899           21.641846636612      0
      216.75196209321          -122.12148322625           21.919741816117      0
      244.73805641154          -125.23201833459            22.04280504906      0
      242.71458918127           -95.88076168979           22.392876989158      0
      237.85357488868          -125.28271537865           22.258989433434      0
      236.68135419684          -102.27863530959           29.200911585308      0
      253.98756295529          -116.50040755451            24.51323262534      0
      238.54543543426          -104.54727733547           26.849501590911      0
      225.47481377873          -106.29983344519           22.259770418359      0
      240.54464810953          -96.570056926012           20.591956697819      0
      240.54464810953          -125.28271537865           20.551284231868      0
      235.27984557441          -114.03286106026           28.303464107049      0
      202.66301944131          -121.12756653753           25.922560378253      0
      253.81748938515           -115.3797136204           22.307950361808      0
      252.54582894291           -103.5557653892           22.958383376419      0
      252.30224250052          -117.15754415386           22.765858676387      0
      225.99697422855          -113.85295994719           27.008901298164      0
       226.0342040887          -117.83770222039           28.419650865535      0
      215.52353480631          -97.269947098861           20.187899029781      0
      252.35127670713            -124.362509888           22.691870034741      0
      226.32408391774          -101.74129005179           23.190329228593      0
      236.34935269597          -104.11744416265           30.236000548584      0
      251.04829576957          -124.21014087407           22.653768376318      0
      253.39200810093          -104.16492662691           24.295089428103      0
      239.82145710046          -95.527870358756           21.053015549904      0
      201.99796799275          -115.37807330038           26.486265612904      0
       252.5244452618           -106.1506306535           24.229827982289      0
      253.77440522042          -106.20773525589           25.207658817846      0
      252.50509259771           -116.4064037632           22.501322616336      0
      242.30926773452          -124.15901216058           21.466884129382      0
      223.64539834837          -114.43471538154           27.929446269157      0
      243.19195516022          -124.65153376068           22.132891708471      0
      238.65801319011          -119.12893333336           28.973021967284      0
      239.83386948219          -95.652668306271              20.734259796      0
       252.8730139085           -103.9168835511           24.816856555633      0
       237.2467355193          -104.21844527195            28.70088798724      0
      237.08849463001          -119.03218344398           25.045018652904      0
      235.76175229589          -107.25997618561           28.121896958974      0
      202.30890507488           -121.9243500529           26.511265612903      0
      224.14534826206          -119.67132404254           28.747053593847      0
      224.01038471341           -107.2671181017           20.161265612903      0
      252.07165296313          -103.92422671002           23.971265612904      0
      252.07129222293          -117.55718815671           24.228784246536      0
      238.88237320893          -107.37793196362           26.130939544492      0
      236.07182284781          -103.95215434853           29.103188445804      0
      201.95815120216          -106.05656855218           26.486265612903      0
      238.17397360403          -101.74129005179           24.927298009982      0
      201.98582811272           -121.7502976459           26.511265612903      0
      201.99010109678          -120.95467434917           26.511265612903      0
      226.17052560216          -114.10343920232           22.605232482232      0
      244.63514090579          -96.382107896217           21.449302178339      0
      223.51939569577          -115.95448795534           27.908739133016      0
      253.67599671345          -117.52128458176           23.787319942585      0
      249.48639164849           -124.5719296795           22.172745341383      0
      252.83263749993          -118.43820002834           21.896917275881      0
      203.37296303071          -103.19902058298           25.108421460728      0
        251.897741964          -117.85951722498            23.69165499822      0
      240.77977402459          -98.018429748552            22.33169331248      0
      224.08117440694          -107.20550769311           28.345530738951      0
      242.27486824097          -125.61562768993           20.142810349509      0
      254.13478305574           -116.8655740997           24.263527153032      0
       236.7551499257          -118.87134847672           25.590606458415      0
      238.08166232164           -125.5550855538           22.025618010912      0
      252.68179480876          -115.49806480049           24.496153562062      0
      239.90472913635          -123.83578270537            20.46735083562      0
      243.16291335652          -123.84072839817           20.461858094287      0
      242.06116160254          -96.653037032304           21.824581036532      0
      251.28922169104          -103.46096933814           22.275176818345      0
      252.87200515895          -125.97242362008           22.015588744369      0
      222.74920046605          -107.68236304337             26.8145683554      0
      224.64030738874          -119.14429111861           29.032119663402      0
      252.64840602486          -116.08035802725           24.820389632593      0
      222.56443511733          -107.55460455072           21.162921011727      0
      239.02084762589          -107.42473643194            28.19705876837      0
      224.01266833314          -114.15057869955           22.167413157274      0
       225.1494073247          -108.09129005179           23.934399167056      0
      246.08922021475          -123.84720906873           20.454660589615      0
      234.25763391868          -107.23800097697           26.075702743866      0
       254.2302215602          -116.66787403339           23.612084321716      0
       250.8115719796           -103.3862280086           23.025374937089      0
      201.52006612918          -99.866336628668           26.411265612903      0
      225.05789303531          -107.99111726248           24.346298828896      0
      202.40206711882          -103.47494139417            26.10302355191      0
      235.55025487987          -114.25765237274           26.526181946179      0
      238.97947124733          -102.50438517097           29.592828130969      0
      253.28601573888          -115.56899121533           24.505617516365      0
      239.77054084554          -125.62870801655           22.657427164196      0
      225.06029638064          -107.21435031951           29.676292702274      0
      251.79026004379            -105.617033053           24.277603232569      0
      253.57348370971          -105.99945916656           24.524579229013      0
      237.85357488868          -97.282715378651           22.288100639386      0
      240.12270226464          -96.515808929736           21.005335144205      0
       237.8126129353          -96.561385959712           22.231224382105      0
      226.51258681633          -108.09129005179           23.134382252616      0
      235.51335885924          -107.21799176404           27.677274406234      0
      201.96639497535           -122.5575555741           26.511265612903      0
      201.98582811272          -105.28084896758           26.511265612903      0
       202.0114660171          -100.72750280306           26.511265612903      0
      202.03439198957          -101.45251852994           26.511265612903      0
      225.20698482158          -119.69129005179           22.025415117921      0
      250.53226841776          -97.382026675826           21.957226594734      0
      253.58111892106          -107.41305981605           20.161265612903      0
      201.79943289584          -119.56129399644           25.740576195244      0
       237.8126129353          -97.598336063788            22.04969778041      0
      224.74388102396          -119.63245772805           23.994578670946      0
      222.58137840527          -106.72817191179           28.983783706727      0
      254.26825321066          -117.12653364065           23.603543393846      0
      253.58831633895          -115.34422835179           23.128279624236      0
      253.69554620471          -105.94469035419           23.729645419025      0
      246.56676018151          -97.604969921676           20.142810349509      0
      252.82965140883          -117.01379624197           24.737312857366      0
       238.3777189754          -98.257483220369           21.602148868905      0
      202.99724817049          -120.64149066834           26.511265612903      0
      201.93261078363          -122.79979632631           26.461265612903      0
      201.98134547127          -117.00341143183           26.511265612903      0
      251.01450127387          -97.665112871279           22.632068008298      0
      224.50537928157          -107.34687840404           28.938460490848      0
      201.97220891471          -116.14709832068           26.461265612903      0
      255.51523367556          -105.23112777099           20.694040431196      0
      202.00503444594          -99.219635541284           26.511265612903      0
      224.96453964562          -119.69129005179           23.422703734661      0
      254.38569364147          -115.77283510471           23.240497463966      0
      242.08250044367          -124.62846607741           20.821565632486      0
      236.82176159196           -104.0361632911           28.710694359624      0
      241.17006096208          -125.33403534672            20.81250491933      0
       238.6180650447          -98.203417149604            21.74453788731      0
      254.09788509886          -105.74866755468           23.710358791502      0
      239.71378977504          -124.21414467648           20.670539036905      0
       238.0176374221          -101.74129005179           29.270139425749      0
      252.83418635783          -117.67414513248           24.881373867913      0
      202.28921871222          -116.53040699815           26.511265612903      0
      254.79498710061          -117.48073212687           23.971265612904      0
      238.67271248284           -97.28271537865           20.931287907181      0
      237.49360844516          -103.56575890802            29.29880272433      0
      253.79597746964          -105.79118177541           23.452231541276      0
      215.16458034159          -98.559935505343           21.768383759816      0
      236.73101880964          -101.74129005179           29.531698785397      0
      238.67247078531          -124.56138595971           20.959758114228      0
      232.28779122092          -105.13671174503           24.437522789327      0
      231.35704569165           -104.7969865677           24.064744222422      0
      225.15897450318          -114.17106151982           22.392504978037      0
      254.68652087659          -104.39369431381           20.798386914382      0
      238.84718571594          -124.37323078743           21.226814462343      0
      254.80654931751          -103.44531234271           22.402323868078      0
      247.81036746022          -125.55737900391           21.026277544104      0
      224.17751061268          -104.66506814741           27.964538649454      0
       247.8142860158          -98.358744598109           21.348384760428      0
      253.73078129606          -105.82097853673           24.724982535233      0
      201.91804719811          -116.87193107997           26.411265612903      0
      226.09157104881          -119.12413237711           23.299924019706      0
      223.28144947297          -118.73285514664           20.161265612903      0
      252.87200515895          -95.795267278457           20.751799197974      0
      238.41705694416          -98.270954683155           21.215365345535      0
      241.37030167164          -101.74129005179           20.161265612903      0
      244.81607959259          -101.74129005179           20.161265612903      0
      202.15520965733          -122.96258546451            26.23500374605      0
      251.82134888538          -117.45759502233           23.684323674319      0
      225.15121414345          -103.18198898567           28.174485945482      0
       237.8126129353          -125.56247833214           22.096940509628      0
      230.38219080063          -106.12264277937           23.971265612904      0
      238.36762088479          -114.97386739784           28.975296153735      0
      253.82699643373           -117.0614204089           24.507967147259      0
      250.31835042498          -96.237149905373           20.922616775919      0
      253.99451134099           -117.2418343554           24.219100148156      0
       254.2405775729          -114.44785401498           22.580674048226      0
      238.61614197711          -97.491301625152            21.35581043645      0
       252.2301377438           -105.3818136946           23.971265612904      0
      249.77489579866          -126.35654337286           21.482832073549      0
      237.35477710831          -105.62621732936           28.686664042203      0
      235.99454709132          -102.37534747206           29.140149121198      0
      221.95014505574          -106.04816433035           20.820848551274      0
      202.05454707215          -102.01952858842           25.426095404754      0
      238.02836338633          -97.575161846681           22.643347493451      0
      254.30478430704          -115.95221703851           23.645686049195      0
      235.37407934168          -115.53876468542           28.861186226224      0
      252.25394581189          -117.99353960216           23.676681406795      0
      237.84252563209          -119.00662885691           25.159594244235      0
      238.17968012081          -102.58771975491           26.102113411947      0
      238.14932412322          -118.05886720469           29.309451898404      0
      202.26062411136          -122.61515716183           26.204263115209      0
      202.28049616641          -121.51676938834           26.511265612903      0
      202.54084571099          -98.519455446354           26.511265612903      0
      234.24737450193          -114.13348127355           28.733765612904      0
      234.18158974367            -115.864213247             28.5749471573      0
      252.01952185921          -105.73755172769           24.645667427511      0
      223.60033326141          -117.17893287722            28.98714875093      0
      235.84008611084          -115.69515055767           28.223983574173      0
      238.13736912677          -124.56138595971           21.943005711424      0
      238.53413362465          -118.84488842529           27.528875401683      0
      202.18982943886          -104.98317006446           26.180130006281      0
        237.996192776          -119.69129005179           29.287784566028      0
      254.96334458521           -115.6582020515           23.971265612904      0
      234.75274494629          -119.69129005179           27.904340100208      0
      234.77183964327          -113.34129005179           28.057029160914      0
      234.85049076887          -108.09129005179           28.042139208672      0
      215.12160717817          -96.286669746769           20.982061988287      0
      253.09033331193          -107.23534332217           23.971265612904      0
      255.12537113235          -116.19981322412           23.971265612904      0
      235.32250874362          -101.74129005179           28.879278411377      0
      253.83326457294          -107.09756064214           23.971265612904      0
      239.01535429949          -113.34129005179           28.180255779753      0
      254.50236135098          -114.96337034549           23.971265612904      0
      254.55302093008          -106.46264614554           23.971265612904      0
      254.24170623283          -118.24948613084           23.971265612904      0
      250.72226217788          -115.85926455423           23.971265612904      0
      251.61386424805          -117.46209311318           24.260375622057      0
      253.09366393175          -103.92686672092           22.281775710658      0
      239.25024370597           -117.8182506133           29.380676405523      0
      223.83903347622           -117.3217566728           28.964862121177      0
      254.81296513906          -103.88346835153           23.971265612904      0
      252.52046521453          -115.89044228814           23.971265612904      0
      254.99456843089           -103.4312385525           23.316273056114      0
      254.91399305497          -117.47110671272           20.983966361907      0
      248.83447588959           -95.64797293871           20.742392403411      0
      241.00623640553          -125.73267386077           21.301569077621      0
      254.05372436316          -117.17290494364            22.23933673067      0
       248.7412216313          -126.33322721871           21.105604162924      0
      223.62746625575          -106.28884686112           28.803039389873      0
      253.36469914719          -116.17982389199           26.056041173238      0
      246.99780146627          -125.20092224849           20.782444868732      0
      237.38142481689          -108.09129005179           24.750677324537      0
      225.20659511583          -114.54296251159           28.556970854906      0
      226.99276807726          -113.34129005179           22.356467738732      0
      236.51068448799          -105.59354857954           28.648422338972      0
      238.08328661397          -97.493298558344           22.423649488539      0
       255.1810200598          -104.56706610062           22.283996347346      0
      201.90363896904          -103.66584581091           25.613639638622      0
      225.29132865506          -104.75164065824           29.408896202739      0
      255.10450378302          -116.76236126832           23.971265612904      0
      251.23947090151          -95.526102348837           21.751816727021      0
      238.76525750975          -108.09129005179            28.76405677308      0
      238.67614895687          -118.38758640403           28.867659128345      0
      254.81544691067          -118.07806911917            23.28493834639      0
      254.87584320693          -106.60379407945           20.666280993311      0
      215.34401936027          -97.665784239264            20.99164450531      0
      238.58280505804          -107.25531512769           29.896600474771      0
      252.37974163373          -125.99651774228           22.564879528976      0
      237.89036369445          -107.45504303249           29.497566577852      0
      252.73385634423           -104.6966389845           24.823068797404      0
      250.96823563993           -97.99693099783           22.355570063723      0
      224.27368391359          -108.08821975159           20.995450704097      0
      223.44280218859            -116.987120694           29.036640808334      0
      245.27102453144          -97.500659673304           21.806854348167      0
      238.93572683217          -114.86718099907           28.517721529595      0
      236.99700515895          -107.32749817566           30.321265612903      0
      253.67034777031          -102.72844244754           23.971265612904      0
      238.82033120117          -97.430057018809           21.663560314535      0
       239.1193145873          -119.69129005179           28.145453229954      0
      240.89779914027          -96.164525866261           20.188280119645      0
      202.86548918521          -101.30661000387           26.511265612903      0
      225.62067155458           -114.0438817883           23.186021494724      0
      253.95774625017          -104.86791532842           24.567579692149      0
      214.98808448417           -96.96959470354           21.291885991977      0
      249.29653767762          -96.956139123493           20.142810349509      0
       252.3948475794          -105.28287732375           24.761516779255      0
      221.84493817222          -117.43269294965            20.80230292099      0
      233.82200515895          -113.34129005179           27.146265612903      0
      233.81644883318          -108.09129005179           27.104061128639      0
      243.96210649013          -125.37895023752           20.781088444079      0
      215.39674002741          -99.463353275209            21.05969203115      0
      202.81842856321           -104.1232714266           26.511265612903      0
      214.14839935494          -98.731322929385           21.613487008098      0
      253.70294621835           -105.0519170835           23.971265612904      0
      254.13633616596          -107.11670927899           20.806759176117      0
       239.7589787055          -124.56138595971           22.626717714845      0
      239.71962758662          -97.282715378651           22.667463315794      0
      239.78208080347          -96.561385959712           20.959758114228      0
      221.50831395743          -118.00948955551           27.252711693828      0
      242.19930686998          -96.618052746277           20.870757266753      0
      221.52234313118          -118.04335897703           24.563985183418      0
      255.35121661962          -105.37830646791           22.261753918398      0
      253.33337253656          -118.63504698694           23.971265612904      0
      225.89682671562          -108.09129005179           22.719308237649      0
       238.3710569342          -118.86835906917           27.941010694882      0
      225.65738912851          -114.64714232469           29.117981107504      0
      238.19902678341          -114.04496738166           30.055566641068      0
      238.76312013313          -113.34129005179           28.738125914907      0
      250.35044215584          -124.74924143561           22.180247386687      0
      253.43871658638          -104.37029722053           24.680048755239      0
      244.93486360063           -97.58638608913           20.142810349509      0
      201.93261078363          -106.45284262307           26.461265612903      0
       251.0530173745          -125.61430041392           22.667463315793      0
      245.71885874812          -97.582762949113           20.142810349509      0
      236.11714434067          -102.51382004487           29.669361974637      0
      237.39018764899          -101.74129005179           29.479429304751      0
      226.04316396099          -114.92259681681           28.468914655494      0
      253.80081124865          -115.91910766097           25.758771195566      0
      241.27630419234          -124.21615626984           22.657958624023      0
      201.82627713629           -121.1658010377           26.411265612903      0
      201.87603418507          -119.49473530764           26.411265612903      0
      237.43492011878           -118.8790025143           28.668472641014      0
      249.85244045694          -96.229800924438           20.142810349509      0
      201.97806049231          -114.97302368034           26.461265612903      0
      249.13156353122          -97.798887509841           21.265258348395      0
      243.98233213931          -96.288823995576           20.142810349509      0
       255.4921005256          -104.55372767178           21.568832541152      0
      237.38582840355          -114.08166707969           30.270076061632      0
      246.21262187133          -96.229800924438           20.142810349509      0
      252.17761800953          -115.70629863574           24.514227376385      0
      251.46116111875          -116.00866119091           23.055088123274      0
      238.23019933154          -103.62454024274           28.982500800233      0
      253.33718889139          -114.18803500412           23.971265612904      0
      202.06998214785          -114.99578357205           26.511265612903      0
      238.16734762935          -105.72298709825           28.206489829642      0
      202.75559930006           -102.4666015108             25.3539574441      0
      225.26003465996          -118.81474498162           29.176546241124      0
      237.65446447258          -107.21840236432           28.577534392131      0
      224.51445796003          -116.24044237092           27.410785195295      0
      253.89858814164          -105.47881595223           24.717783200064      0
      237.79075515895          -105.63480274356           28.521080941411      0
      251.29142512865          -96.364766987348           22.035273568848      0
      247.90715876791          -125.73407989427           21.588693940837      0
      251.33106515705          -96.095904943356           21.347091753751      0
      202.14898825236          -106.40618997273           26.511265612903      0
      201.90757765806          -108.06775932117           26.468062510085      0
       253.8063156057           -107.3463635915           22.658424689154      0
      251.78997246626          -105.31346081853           24.655038002334      0
      239.20331505272          -124.56138595971           21.910006943566      0
      223.52062763335          -107.98907801147           28.723164612641      0
      224.84787367165          -104.02670614468           28.197259049301      0
       238.5645775594          -101.74129005179            25.52882580138      0
       254.1800172757          -118.64554209899           21.666861013123      0
      222.59074253717          -118.12421627016           29.671265612904      0
      238.22525939384          -103.98252810085           28.131017748773      0
      237.06051342409          -105.43552884621           29.340089298948      0
      253.08822012103          -106.04837604831           24.470756732025      0
      242.81091564968          -124.41742674836           20.934774688069      0
      238.54407291946          -102.56073401558           27.453378962272      0
      215.42506170523          -97.082229169524           21.762288800595      0
      214.15341523337          -98.705267663974           22.261653329685      0
      214.26272889185          -97.085690930524           22.165423581194      0
       242.8628844707          -126.03714115008            20.49936144311      0
      238.59493820796          -102.31519079506           28.381183863184      0
      221.68347247399          -106.68115638217           20.926169517764      0
      224.92909054852          -119.60807443156           24.784230621074      0
      215.00446031606          -97.066340521087           20.655855125505      0
      241.57752782008          -97.645048581457           20.164229129497      0
      238.67863980362          -125.43773280107           21.648495735224      0
      238.37163433165          -114.10742352534           27.940258215876      0
      244.78265743183          -124.30098392151            21.73208002385      0
      201.95327227471          -116.64751223469           26.511265612903      0
        202.005056541          -118.16999281061           26.511265612903      0
      201.99651057288          -119.76123940407           26.511265612903      0
      201.97012928892          -121.36855675333           26.511265612903      0
      253.03803866151          -104.18288156048           23.080833432869      0
      238.38773183932          -102.61463205892            27.90160221144      0
      251.27863606717          -105.60468917103           22.976343924109      0
      238.46824483882          -102.34302190683           29.336295297992      0
      238.11953717408          -102.63005622945           28.268797628037      0
      252.05011626975          -115.67515295256           23.971265612904      0
      252.24707344421          -104.35952651243           23.971265612904      0
      236.15808763487          -101.74129005179           29.427112034784      0
      239.29324275677          -101.74129005179           27.648470384921      0
      233.98571478987          -114.14778866576           28.102063187323      0
      238.58450515895          -102.53504005179           29.895896269919      0
      254.44409135349          -103.20716811664           23.971265612904      0
      239.16868840328          -101.74129005179           28.176350318527      0
      248.46366507031          -97.032001024209           20.142810349509      0
      238.52883124461          -107.30902932156           26.731573112263      0
      241.03013928706          -125.66151666445           21.791017810028      0
      224.49367657084          -106.56360815789           27.999085763142      0
      236.23850976979          -113.34129005179           29.306859070286      0
       241.1901985649          -96.809419738452           22.023037945017      0
      251.05958094783          -124.35720104802           21.930854956901      0
      242.42436148994          -125.46718969413           20.821003156906      0
       236.0740949847           -114.0896840894           28.421972853942      0
      202.34332475512           -106.6740009024           26.035224016012      0
       237.5618867484          -113.34129005179           29.453147540811      0
      239.60145402293          -126.03861621657           20.500999668322      0
      252.07666332438          -105.15915791972           26.050005165114      0
      238.59133365818          -124.37323078743            21.58345920296      0
       225.6470581289          -105.35730689799           28.986132162655      0
      238.31657646567          -102.24177622454           28.751028050794      0
       222.6447691391          -114.90173166411           21.716533406825      0
      254.68265333231          -114.79269248854           23.315781006211      0
      235.44150212631          -107.34482200868           27.314099750592      0
      225.16492349851          -101.86859891179           24.658165219938      0
      252.12931816119          -97.432532060265            21.78025384349      0
      239.67866335543          -124.21615626984           22.657958624023      0
      246.99849152486          -124.36397352361           21.033056723339      0
      248.35317562755          -125.91940846052           20.368606210946      0
      237.80865312888          -113.90777452698           29.098856018761      0
      202.38009626106          -100.78535462611           26.034317837796      0
      224.77301402301          -104.45489100945           27.651394692877      0
      254.08868015551          -117.93948394008           21.200026123906      0
      239.56041251738          -125.28271537865           22.667463315794      0
      253.68669182204          -107.37026034282           23.402720653761      0
      240.63670847439           -123.7335908755           20.594097928426      0
       236.0510306273            -118.964673628           25.888256275761      0
      234.30542943985          -114.05644638111           26.484050599894      0
      236.39356015873          -119.15838088533           25.692623372498      0
      250.80477650904          -125.58509718348           20.142810349509      0
      247.95655884714          -97.930340853156           20.380747847582      0
      235.49139796626          -118.91172526252           26.668275105248      0
      249.35701977927          -125.61430041393           20.142810349509      0
      235.74833148713          -118.94563442869           26.188124605337      0
      202.33971627251          -102.76185073862           25.939901110005      0
      249.15364535857          -97.423530629212            20.71313583996      0
      202.27918159698          -99.991963723202           26.086887355381      0
      253.36758885176           -116.5411680155           24.526376393514      0
      253.78083833686          -107.18528147559           21.665464760698      0
      241.17998081296          -125.97265311314           20.427740313301      0
      238.57679024705          -119.10560064063           27.204866186689      0
      233.57112504592          -107.41568965537            25.98001987836      0
      244.72977176243          -125.47671849592           20.846152197856      0
      252.87200515895          -96.295110609078           22.351202179118      0
      237.69614384728          -114.05457722482           29.698284100633      0
      202.54450428808           -114.6310994777           26.511265612903      0
      240.89006668259          -95.592782000813           21.957036097999      0
       251.8769169102          -116.98419101546           24.650516156373      0
      238.38119426874          -107.27778442961           26.375145922821      0
      224.13592312929          -106.03572062011           28.351811961206      0
      253.06599838254          -107.19067376391           23.064235272665      0
      251.92760807917          -116.11394360524           24.479526836028      0
      226.54944002444          -114.28083188101            29.01584779363      0
      253.06837417801          -105.33941096232           24.589610111364      0
      246.46668127504          -125.60023266737           20.142810349509      0
      251.58698010903          -105.91308872439           23.384227310688      0
      233.73836346047          -107.34272713328           26.510943837708      0
      226.38716817042          -103.31600304362           29.238154605636      0
      251.16081419596          -126.00740552811           20.466336731203      0
      245.57247038993          -95.876310878963           22.387933869239      0
      241.17064429258          -124.28485611699           20.984969360738      0
      202.14181263171          -122.85653272452           26.511265612903      0
      202.01360250913          -100.34805728935           26.511265612903      0
        202.005056541          -101.86583934419           26.511265612903      0
      201.98796460475          -104.90140345387           26.511265612903      0
      201.99651057288          -103.38362139903           26.511265612903      0
      252.87200515895          -96.315073354313           20.911672119046      0
      250.00995291264          -96.848423874055           22.667463315794      0
      244.64559555058          -97.614300413925           22.667463315794      0
      235.42851506914          -114.29708008597           27.001871009336      0
      244.29007749723          -124.52551127142             20.9946190848      0
      253.63685456478          -105.66337842239           26.094866620312      0
      251.99344172569          -118.08405918748           23.352582301679      0
      236.94633057504           -105.5523859509           28.727094177369      0
      251.06649125193          -126.27711502226            21.87764494891      0
      236.25790995745          -102.44122032926           30.223961883672      0
      249.73438184512          -97.473949424634           20.724810926376      0
      224.87723897853          -113.41767928332           24.567616974651      0
      251.65169806064          -96.934323520228           20.142810349509      0
      253.06611364361          -105.91982254671           26.039433968399      0
      254.28463987857          -104.90735108213           23.316294861632      0
      252.48581087221          -106.15005073751           23.464860254465      0
      238.09191955694          -114.13710132355           28.289989371015      0
      225.94815367432          -119.69129005179           23.461090370483      0
      254.35740107786          -103.45849119145           21.678725773516      0
      239.72714923793          -96.373230787429            21.58345920296      0
      242.17280509401            -97.4832887692           21.610358902865      0
       202.9071111376          -105.55978062498           25.609655672053      0
      239.80144927205          -125.28271537865           20.142810349509      0
      240.86989840555          -123.65573989679           22.081334015058      0
      215.10725512926          -96.947198665928           21.777186906844      0
      234.93282719506           -113.9193528357           26.691062937464      0
      253.98683552856          -106.18368585145           23.104448944541      0
      238.57031724108          -125.39866647252           21.085105900495      0
       251.0497353492          -97.835854463768           21.254894278485      0
      242.83909640641          -125.09854656704           20.766928302926      0
       253.0506180579          -104.14113734719           23.971265612904      0
      241.90661540525           -125.7119555813           20.839705441941      0
      235.28396203793          -114.18920893806           29.799563645008      0
      241.23904748831          -96.153664242027           21.528817092111      0
      226.74854625283          -116.55269237999           29.005407071555      0
      238.53208993638          -118.92638107206           26.748132470532      0
      247.03946078774          -125.61457324028           21.934760914514      0
      237.11420996099          -102.53405366678           28.718335307985      0
      225.41446123635          -113.57196082713           24.631040511558      0
      252.62447198931          -117.58013939702           26.068165096668      0
      225.49409851646          -107.82763243496           24.377647529604      0
      238.81108972967           -102.3867081088           25.941474211689      0
      245.36344434388          -125.97412726497            20.42937752269      0
      236.58362280084           -119.2831860004           25.106059610208      0
       246.1614608456          -125.62986777355           20.823700821017      0
      244.99297052266          -125.73750586199           21.655014519321      0
       238.4877459726          -96.039645954722            22.15612571816      0
      235.64435178484          -114.07107993367           27.968897634194      0
      224.94501244705          -113.34129005179           23.386469938499      0
      225.21319521181           -103.8759541093           28.705505863503      0
      252.64791413634          -103.84004521602           25.990609947335      0
      249.98736871402          -97.016993079342           20.142810349509      0
      223.45253396676          -115.64231446488           28.393804642522      0
      202.23772967971          -120.10170369322           26.077646974267      0
      239.69243693319          -95.825447034028           22.331443918335      0
      252.72945595374          -105.18130353302           25.475931833669      0
      251.90307745372          -104.78757287108           23.453238570264      0
      201.92654233622          -116.51107372095           26.411265612903      0
      252.22173817685          -97.507166491129           20.805347572222      0
      224.18306086275           -104.0534617822           27.879567280151      0
      234.64470561347           -114.1799488054           29.251577598884      0
       238.4496703614           -95.85443466191           21.583140779191      0
      245.15046132586          -124.97511173626           21.204954205368      0
      241.20797397423          -96.896234792548           20.702505167383      0
      251.25197814842          -126.27896850308            20.93833315778      0
      237.88498004175          -102.39583278187           28.448779645897      0
      240.90227158061          -123.49143233585           21.290579579705      0
      224.64865983565          -117.40177588589           28.033089120614      0
      239.63418717085          -124.19581311391           20.166485823345      0
      238.72363223768          -96.052744709571           21.043339168037      0
      225.17873846807          -113.34129005179           23.971265612904      0
      252.76525728758           -116.8948082114            25.33418868542      0
      224.88685861996          -106.40077788235           29.163442016509      0
      254.01995413209          -116.54611837219           25.930688205861      0
      251.58944608142          -124.52489252397           22.246354273208      0
      226.00153275165          -118.49720180125           29.157108874888      0
      249.49532384855          -97.605571889658           20.142810349509      0
      248.16614254191          -97.552977993956           20.120762540699      0
      252.38648842978          -96.626454285789           22.917940329793      0
      252.37119130251          -125.08494598903           22.932615777871      0
      238.43145061147          -102.45636651595           26.496475467024      0
      225.52926344539           -117.4126261548           29.013325120295      0
      241.23618108974          -125.69594073573           20.199679952849      0
      238.40195463068            -123.809998329           21.239057691175      0
      223.60486712304          -117.93209130585           29.092862778777      0
      252.66768448663          -105.42269088826           23.386307425785      0
      238.46706062205           -126.0574301094           21.827136580353      0
      244.03341735583          -96.922050669183           22.667463315794      0
      226.25146967308          -113.34129005179           23.304989562504      0
      238.31506164957          -125.28271537865           22.280949127689      0
      238.58450515895          -114.03989930131           29.895896269919      0
      240.71591806306          -123.56480505882           20.939341952496      0
      238.95810419638          -102.37715648973           28.880932406645      0
      251.85743800861          -116.55130362989           25.914620478961      0
      251.59192285637          -117.20757387417           23.456818738429      0
      238.40497410333           -124.0854287646           20.688917050701      0
      222.18736244294          -116.56651560337            28.80577077808      0
      241.27974103523          -124.85857215284           20.142810349509      0
      237.95756972996             -118.95476864           28.393079619087      0
      238.41981298935          -97.987168158361           20.945936634674      0
      238.50796399401          -124.56138595971            21.88026124732      0
      225.73840702869          -108.09129005179           23.463835393878      0
      238.40526295458          -97.908459434683            21.83349883189      0
      253.36877243534          -105.80665342598           23.394187225362      0
      202.32911833977          -119.31130661105           26.061386664173      0
      238.34057493455          -97.712241503225           20.571879853107      0
      238.43338280464          -125.77143468851           22.146118454127      0
       221.9661130128          -117.28455179134           29.134893399169      0
      251.87200515895          -124.87565211418           22.667463315794      0
      251.87200515895          -96.896260345992           22.667463315794      0
      251.96381757277          -117.21041996948           25.865264089952      0
      240.14524923043          -125.65984446807           20.174535754756      0
      253.53778173387          -105.82199206781           25.570492761747      0
      224.71642855214          -108.09129005179           23.538533268813      0
       241.8400684708           -125.6522047857           20.169214049787      0
      235.44033065302          -113.91819756632           27.380408486298      0
      222.10306569299             -118.80058334           20.827644375891      0
      240.93180830671          -124.25661033603           20.142810349509      0
      202.41932917849          -121.06724068402           26.511265612903      0
      238.52625991742          -125.65670974534             20.4955479496      0
      238.08543296209          -113.34129005179           29.622082436861      0
      237.52889747642          -102.42689544427           28.622753088832      0
      239.77318717638          -125.28271537865           20.874504734043      0
      239.86163931598          -97.282715378651           21.850515551075      0
      238.47048904142          -125.28271537865           20.851631023507      0
      238.58346748338          -97.282715378651           21.929015512721      0
       239.7980233126           -97.28271537865           20.142810349509      0
       238.5958668386          -96.404715477694           21.165022244014      0
      239.87148682287          -96.365648539048           21.274686615582      0
      239.87398158112          -124.56138595971           21.880261247321      0
       224.9562920938          -117.88222369981           29.234901495616      0
      253.92180105911          -105.02426338197           26.045929233314      0
      252.36378681166          -97.527578093175           22.725035968619      0
      238.40487712104          -96.387923733326           21.612295749012      0
      253.63653344895          -117.11076470945            26.07082927435      0
      224.40177580193          -114.78928645073           29.081871139716      0
      225.71437203179           -104.1927563841           28.839709443924      0
      252.34219665985          -97.894199757626           20.142810349509      0
      239.97690669779          -125.40521265585           21.097953515841      0
      251.52465244282           -125.8209324415           20.867342630031      0
      225.55336678667          -113.34129005179           23.477696213068      0
      251.11328459472          -98.359585769303            21.35638793512      0
      249.38401029976          -97.942210361217           20.393930255018      0
      214.82098168163           -96.92363087286           21.840723203543      0
      239.99884176267          -97.689659109892            20.19530425268      0
      239.49465691721          -98.309213947761           21.778854371811      0
      215.61512014547          -96.679194049778           21.366804973114      0
      225.67797952485          -116.91011828019           29.326776965423      0
      225.85329888875          -116.33481485836           29.183635383318      0
      202.47422556169          -106.07728300541           26.009340351815      0
      222.88676901812          -116.05650102926           29.135765988033      0
      238.40074522877          -96.350794897718           21.368468269548      0
      222.84982773284          -104.37411870044            28.89919240102      0
      202.59103769479          -99.297913281587           26.511265612903      0
      252.89449424072          -104.22317584111           26.511265612904      0
       253.3929895843          -105.32027824256           26.511265612904      0
      201.94108690309          -100.11555481952           26.411265612903      0
      224.59240928981          -115.77242649529           28.023704105304      0
      222.06552298989          -117.54599331154           29.671265612904      0
      252.45916470059          -116.66316074067           26.511265612904      0
      254.01069177819          -105.34136828162           25.612150310011      0
      253.80500624321          -115.97595178198           24.539406258829      0
      251.20894939434          -98.266271840086            20.89925675118      0
       225.3268137809          -103.93754662466           29.264431249531      0
      239.53690175141            -125.637072441           20.158673052132      0
       240.0267923746           -125.4170398569           21.689107947493      0
      239.97133647451          -96.179245604356           20.178026538472      0
      241.76008835279          -96.301971129461           20.142810349509      0
      201.97757951976          -112.54129005179           22.195184052488      0
      223.46485729574          -113.45378229535           24.245290810016      0
      223.49401781153          -113.44700534161            22.58708944625      0
      223.64045445557          -113.42772659168           25.737384045302      0
      227.04663581596          -106.50379005179           27.772976476633      0
      223.00858657608          -105.52448447927           29.235263646639      0
      239.39320934826          -125.44654609885           21.631198654784      0
      225.46014351868          -117.63753505007           29.681339932014      0
      223.08981576464          -105.31070592421           28.893695160247      0
      250.58367031608          -97.955046621864           20.408186348608      0
      196.92608398185          -105.60417255958           22.929105978163      0
       244.8351586716          -98.195145393631           20.740689788662      0
      243.64802506223          -98.204808121566           20.757426108408      0
      249.86358797634          -101.76600361484           23.971265612904      0
      250.45972329607          -108.09129005179           23.971265612904      0
      246.39633560947          -108.09129005179           23.971265612904      0
      250.99780118236          -113.34129005179           22.158161408674      0
      250.82831027479          -113.34129005179           23.971265612904      0
      246.22101838511          -113.34129005179           23.971265612904      0
      213.24255660181          -125.27577379492           20.161265612903      0
      212.31654922772          -108.97029464687             22.2249299506      0
      211.25001952898          -108.96398403393            24.56353725097      0
      213.18908759081          -125.27430761832           26.511265612904      0
      210.63333701648          -115.73516841292           23.225279463804      0
      235.60884095224          -119.69129005179           28.995569792735      0
      213.61084483644          -108.97795294146           25.509624565207      0
      204.65612949696          -125.22496825422           26.519389775428      0
       207.3535917277          -115.63691897218           20.161265612903      0
      206.99604413947          -115.24468089465           22.543390804266      0
      213.51785365985          -125.27740271644           21.397724611868      0
      212.08366285156          -125.26891666763           22.014898165324      0
      210.35841469769          -125.25870844432            24.45584261756      0
      213.60650128501          -125.27792724084           25.334798222579      0
 Tetrahedra
 19216
 1647 1334 1237 3164 0
 1958 2209 1642 1443 0
 1617 1287 1349 1493 0
 2342 1402 4415 3311 0
 1978 1301 1832 3263 0
 1877 2862 2852 2865 0
 3677 4168 2395 4695 0
 173 2121 1216 3070 0
 1713 1079 1074 4698 0
 1276 493 2345 2299 0
 3824 1606 1540 1580 0
 936 1019 931 1014 0
 3624 2704 2506 1018 0
 1749 2514 2094 321 0
 1670 2512 3128 4238 0
 1685 2210 2029 1730 0
 1080 5285 988 1081 0
 1745 4456 1521 2044 0
 1900 4197 846 847 0
 2073 2129 4242 1244 0
 5051 1739 3660 3315 0
 4588 1962 3151 3273 0
 2638 843 3633 2723 0
 2029 3239 3376 1390 0
 680 703 5258 736 0
 1165 1118 4996 4261 0
 1926 4644 5350 1971 0
 3421 1675 3157 1450 0
 1711 2458 3043 4578 0
 3899 5268 4177 3210 0
 4508 1438 2286 1224 0
 2751 3807 1732 3255 0
 1402 1374 2638 3754 0
 3786 4967 3581 1546 0
 1853 1516 892 888 0
 1440 1817 1895 1645 0
 2037 3436 4993 5061 0
 1414 3465 3464 4848 0
 3699 820 737 788 0
 2978 5015 1445 3080 0
 4430 4571 4563 1433 0
 1917 2002 1560 3082 0
 1218 4146 2602 3515 0
 2448 516 3433 1404 0
 1886 3377 2410 1299 0
 3145 2159 3279 4271 0
 3177 2020 1213 2009 0
 2723 2638 1508 3500 0
 2850 2093 3573 2103 0
 5124 3712 4796 3713 0
 3136 2455 76 60 0
 2458 2870 2800 1705 0
 3735 3109 2293 5116 0
 406 2760 388 3884 0
 2019 1699 1931 1349 0
 3011 2936 2374 3421 0
 1757 3285 3597 3701 0
 2481 3991 4648 3203 0
 2293 4213 4276 4341 0
 1413 2625 711 2905 0
 972 970 1052 966 0
 3148 4090 3078 4228 0
 5199 739 741 691 0
 873 1984 1286 870 0
 5088 4083 4213 5227 0
 3426 4273 3942 4738 0
 1100 1950 2004 4453 0
 5157 4983 5129 4561 0
 743 791 741 5199 0
 1005 998 1088 996 0
 5212 2003 3305 2093 0
 1031 1014 1019 936 0
 4363 4139 3158 2293 0
 1172 5167 4987 4336 0
 1163 1151 2040 1138 0
 513 3777 3651 505 0
 2689 4603 403 3110 0
 4339 2470 3627 3770 0
 3104 2126 4536 3632 0
 3842 4157 596 604 0
 5170 4874 2207 504 0
 4268 3315 3660 5157 0
 4959 1815 4743 5060 0
 2207 4874 3342 4055 0
 5345 2978 605 623 0
 4734 863 868 5216 0
 4468 4466 2337 1302 0
 3056 2802 2220 3637 0
 3171 4418 3254 2964 0
 4279 1006 1000 998 0
 3504 3922 3582 4858 0
 4231 2857 5051 4754 0
 1841 264 2314 196 0
 4263 5013 4773 4173 0
 4415 3044 3723 4494 0
 3157 1675 4494 4044 0
 4061 1019 4400 5203 0
 2184 37 1835 1742 0
 861 862 4183 1437 0
 3145 3152 2159 5249 0
 1635 1950 4935 3713 0
 413 3997 393 3110 0
 5179 4859 4464 4600 0
 5198 1910 4124 3001 0
 2284 1338 2254 1659 0
 4636 3537 176 239 0
 4956 1389 4360 4757 0
 4956 4102 5251 3080 0
 1492 2029 3116 1267 0
 4054 4704 3538 455 0
 3694 4075 367 4320 0
 994 5231 992 1084 0
 2205 1852 2273 2444 0
 1033 2847 939 2775 0
 3133 4189 4926 4153 0
 726 5236 779 728 0
 3616 2885 2411 4576 0
 300 231 216 2460 0
 693 743 741 5199 0
 5225 444 3588 439 0
 1253 3188 3658 2953 0
 1275 1964 2488 1721 0
 808 776 778 725 0
 3710 4963 3005 2738 0
 3943 3717 1500 4899 0
 5204 3744 3317 4887 0
 3852 5038 5005 5091 0
 4012 5122 4337 3457 0
 3250 4748 4311 3789 0
 3918 4065 3789 3648 0
 5214 693 743 695 0
 5199 822 789 3673 0
 5099 3133 4214 4037 0
 2759 4987 3958 3535 0
 465 5044 454 441 0
 808 725 806 776 0
 4411 3245 4549 3259 0
 140 161 1806 2189 0
 768 717 5239 2988 0
 1472 1655 4436 2958 0
 716 803 5272 773 0
 54 4456 45 2429 0
 2952 5062 4142 4476 0
 448 5136 4413 3262 0
 4043 4112 853 3926 0
 4156 2988 654 655 0
 1247 500 1206 1537 0
 1906 1537 500 1247 0
 4644 2479 80 2565 0
 1247 1854 1206 500 0
 1066 1108 1094 4211 0
 1142 5011 4943 1125 0
 2682 803 5272 2928 0
 2539 1738 2380 2466 0
 3617 1144 3861 4831 0
 1247 1854 1906 1439 0
 2476 1995 69 4594 0
 5346 2454 83 2146 0
 805 775 706 5248 0
 3254 3087 3171 2964 0
 5221 3978 4852 2376 0
 4650 1683 5037 5035 0
 5192 3390 1055 1021 0
 5329 371 362 387 0
 3685 913 934 927 0
 4996 4928 1165 4261 0
 3060 907 897 5094 0
 1906 1880 731 500 0
 1906 1537 1880 500 0
 3148 3571 4487 4228 0
 5246 5263 918 899 0
 1846 3181 1408 4727 0
 1439 1906 2138 1854 0
 3616 3842 4157 2411 0
 2097 442 414 437 0
 1597 1738 179 1767 0
 1105 1068 5203 1066 0
 3264 3390 5192 4178 0
 153 124 125 1905 0
 1291 808 810 5042 0
 723 5259 774 772 0
 3997 413 393 4119 0
 1860 1702 1736 4374 0
 1044 957 4744 1043 0
 157 2467 2381 132 0
 781 729 5236 780 0
 1932 2348 4702 2981 0
 1591 2378 2548 1675 0
 5248 669 724 667 0
 449 441 5044 465 0
 1256 1204 1 1673 0
 1709 1016 3079 1754 0
 2787 1347 1097 1890 0
 1673 1204 1 1250 0
 4708 1932 1297 2433 0
 1231 1204 1250 1 0
 1097 1890 1347 1580 0
 1 1231 1204 1256 0
 4508 4791 1671 3333 0
 13 1673 1 1250 0
 1256 1673 1 13 0
 2646 3355 3519 3647 0
 17 1251 5 1256 0
 1800 2384 2460 2585 0
 286 302 1868 2511 0
 2461 218 233 1765 0
 2461 1868 218 1765 0
 1835 2578 71 87 0
 391 382 5326 3566 0
 3145 2689 1590 4271 0
 3919 5108 4689 4627 0
 4296 4482 4991 4323 0
 2439 147 1841 165 0
 1281 2579 3065 1264 0
 716 722 773 5272 0
 1126 1140 1152 5287 0
 147 148 1841 196 0
 258 1761 2199 2072 0
 4794 2310 2767 1961 0
 2012 543 539 1651 0
 1447 1017 2241 539 0
 2011 1017 539 2241 0
 1727 1806 2414 1704 0
 2293 5088 4213 4139 0
 2412 4372 4871 3039 0
 244 2132 260 320 0
 2097 414 394 407 0
 1003 996 1005 1088 0
 1333 1308 2367 2351 0
 4363 2293 1421 4341 0
 2231 1808 1784 2432 0
 1331 1429 5331 1245 0
 5331 3 1331 1245 0
 3 1259 1331 1245 0
 3732 3113 1238 3901 0
 4418 4462 1358 1313 0
 2010 1774 2379 2206 0
 164 2229 2453 146 0
 1810 1752 1830 2441 0
 2248 531 523 2719 0
 1409 2787 1616 1347 0
 500 1229 1206 1537 0
 500 1233 1206 1229 0
 1810 2452 2213 2110 0
 1765 316 1764 2547 0
 460 473 452 1212 0
 1633 1983 5349 5348 0
 2051 2213 2452 1960 0
 1658 106 1964 144 0
 1246 2254 1516 1219 0
 1308 2011 1015 1017 0
 1219 2254 2284 1246 0
 2366 1246 1279 1254 0
 1017 1371 2045 841 0
 1295 1227 1898 36 0
 1295 1898 2084 5341 0
 2349 2583 1909 1852 0
 2442 1690 1227 1295 0
 1064 1025 1065 4262 0
 933 5263 1008 925 0
 1073 982 975 1075 0
 1028 5192 933 937 0
 1809 1895 3183 3278 0
 4211 1066 1105 5203 0
 15 1259 1245 1232 0
 15 1623 1259 1232 0
 1576 15 1245 1232 0
 1096 5166 1114 1103 0
 5203 1094 1031 1019 0
 820 5278 3699 3470 0
 1267 3191 2029 2086 0
 1 1231 1572 1250 0
 1248 1310 27 493 0
 458 464 1214 448 0
 2299 27 493 1248 0
 580 614 574 3953 0
 2481 4442 2359 4001 0
 923 905 909 917 0
 2481 5174 4442 5302 0
 41 1523 1235 1252 0
 1725 59 52 1252 0
 1274 2996 3448 3604 0
 3186 1539 1416 1542 0
 320 310 2510 2147 0
 1274 2996 3604 1228 0
 2366 2368 1279 1338 0
 792 2867 742 740 0
 1279 1246 2366 1338 0
 31 1520 1277 1235 0
 1014 1019 5203 1031 0
 1277 1520 1976 1235 0
 739 741 791 5199 0
 1906 1575 1716 731 0
 1206 1521 1287 1233 0
 1206 1521 2092 1287 0
 810 727 780 3728 0
 824 3452 826 792 0
 917 923 931 936 0
 936 923 909 917 0
 905 921 907 3060 0
 931 923 1019 936 0
 1417 1016 1369 3079 0
 909 923 921 905 0
 4061 923 905 3060 0
 1155 5284 1138 1163 0
 2821 2179 2684 2906 0
 675 5258 736 680 0
 1519 1284 1233 2131 0
 1519 1284 2131 5352 0
 781 780 5236 811 0
 1032 1106 1065 5166 0
 1288 1280 1289 1417 0
 967 968 962 1047 0
 1578 1280 3706 1288 0
 1288 2198 1578 1280 0
 1288 1639 1280 1417 0
 1153 1149 1143 1139 0
 977 984 1075 982 0
 907 905 909 921 0
 905 907 897 3060 0
 11 1440 15 1717 0
 893 2681 889 1550 0
 1289 1288 2073 1550 0
 1550 2073 1289 3219 0
 1550 1289 2681 3219 0
 1096 5166 1103 1065 0
 1025 1065 4262 1030 0
 5208 2830 2530 4400 0
 5208 5094 4400 4061 0
 1275 91 106 1811 0
 1275 1811 106 1658 0
 1016 1280 1417 1369 0
 1275 106 91 2488 0
 1016 5336 1280 1369 0
 1417 1280 1289 1369 0
 1275 106 1964 1658 0
 893 1369 1280 5336 0
 1289 1369 1280 893 0
 5284 1149 1153 1139 0
 1139 1155 5284 1138 0
 1155 4232 1163 1138 0
 2930 1405 1207 497 0
 4211 1066 1108 1105 0
 988 1081 5285 989 0
 990 1081 5231 1082 0
 5167 4138 4403 3194 0
 1006 998 1090 1005 0
 893 3071 1687 1289 0
 1003 999 996 1085 0
 1006 1004 4279 1000 0
 4279 1006 1091 1004 0
 1003 1088 1085 996 0
 1005 1090 1088 998 0
 2296 865 867 862 0
 5199 789 791 739 0
 1262 2681 1220 885 0
 794 825 791 5199 0
 3699 737 735 788 0
 2579 2573 2741 1016 0
 2198 1681 1804 1280 0
 313 322 2132 2560 0
 693 5199 741 691 0
 1591 2262 2548 2378 0
 1804 3482 2741 5334 0
 743 791 5199 794 0
 1232 1623 1259 1504 0
 1304 1208 1259 19 0
 738 684 705 692 0
 732 734 674 5252 0
 1295 1690 1227 1837 0
 86 1295 70 1837 0
 2727 2640 3458 4069 0
 86 102 1690 1837 0
 1725 75 59 2447 0
 997 1089 1002 1004 0
 2041 3462 79 2447 0
 2041 79 3462 63 0
 996 1088 3724 998 0
 4279 1090 1091 1006 0
 1288 1417 1289 2770 0
 997 1087 1002 1089 0
 792 3452 2867 740 0
 1288 3706 2124 2073 0
 824 792 790 3452 0
 792 790 3452 740 0
 3213 1300 3966 3610 0
 790 738 3452 740 0
 5285 1081 5231 989 0
 1271 2930 497 1484 0
 2930 40 497 1484 0
 4279 1089 1087 997 0
 2073 3706 2129 3219 0
 1244 2073 2129 3219 0
 2124 3706 4242 2073 0
 2124 4242 1244 2073 0
 995 1001 1002 1086 0
 995 1087 1002 997 0
 1086 1087 1002 995 0
 3724 1088 1090 998 0
 3724 1088 996 1085 0
 5130 3724 2353 1683 0
 1742 71 2493 56 0
 974 1072 976 4698 0
 1072 4698 1074 976 0
 7 1208 1259 1304 0
 4399 4427 2667 4713 0
 1997 1743 72 57 0
 1836 2479 84 68 0
 1745 1926 1836 1992 0
 977 984 979 1077 0
 977 1077 1075 984 0
 1078 979 5285 1077 0
 1647 1237 1334 1336 0
 1308 2367 2351 1362 0
 2367 1333 2890 1308 0
 1308 2890 2367 1750 0
 977 982 1075 975 0
 934 1029 938 2686 0
 5167 3063 4161 3681 0
 3955 2553 4377 1954 0
 1370 1235 2400 1380 0
 1370 1235 1380 41 0
 3354 1050 1048 964 0
 1576 1232 1245 1376 0
 5346 3549 2391 129 0
 1333 1015 841 1017 0
 1721 2447 95 2488 0
 1811 91 75 1275 0
 1275 75 2447 91 0
 4190 4143 4323 4991 0
 2012 1215 1308 3242 0
 1205 1232 1504 1623 0
 1522 1271 1482 497 0
 1375 2224 3075 1676 0
 5348 5349 1373 1983 0
 3064 2020 1314 1410 0
 734 674 5258 675 0
 2422 2811 3591 2179 0
 2906 2422 2684 3525 0
 732 3684 5252 674 0
 675 734 736 5258 0
 734 786 5258 5252 0
 5258 736 703 819 0
 787 5258 736 734 0
 786 5258 787 734 0
 818 5258 819 787 0
 733 4509 5255 4836 0
 1245 1316 1259 15 0
 3053 1697 2420 1314 0
 734 5252 5258 674 0
 786 5252 818 5258 0
 786 732 5252 734 0
 786 787 5258 818 0
 732 3684 4877 5252 0
 816 5252 784 814 0
 2814 517 2613 525 0
 1078 5285 1080 2353 0
 1673 1256 1204 1963 0
 785 788 3699 735 0
 2011 2519 535 1600 0
 1401 5278 820 3470 0
 1781 2542 236 221 0
 4146 2512 4033 1670 0
 1725 75 2447 1275 0
 2041 1252 3462 2447 0
 92 3136 2477 76 0
 2198 1681 1280 1016 0
 2597 1788 1523 2266 0
 1245 3 1259 1316 0
 1437 2296 2572 3657 0
 1370 1669 2300 2400 0
 1523 1235 1405 1669 0
 1370 1235 1669 2400 0
 1080 5285 1078 985 0
 1871 1700 1322 1975 0
 2296 861 862 867 0
 2128 1437 861 4183 0
 1071 974 973 980 0
 2032 4162 3150 2868 0
 1043 3153 5232 4744 0
 1522 1271 497 1484 0
 1141 1126 5287 1127 0
 4879 2734 2124 1288 0
 4081 5238 3530 5256 0
 1978 1634 1832 1326 0
 1832 2341 1978 1326 0
 4668 4365 3300 4261 0
 3713 2992 3361 4630 0
 969 961 1049 1046 0
 969 1049 963 971 0
 971 1051 966 972 0
 969 1046 965 961 0
 969 1049 961 963 0
 971 966 1051 963 0
 972 966 1052 1051 0
 5226 1154 1167 1159 0
 964 968 1047 962 0
 952 954 955 1042 0
 1043 5232 1042 955 0
 1839 2713 1325 1215 0
 1839 1495 2852 1325 0
 3728 780 729 727 0
 2886 727 670 725 0
 728 729 671 5236 0
 40 1523 1405 497 0
 808 725 778 727 0
 810 780 727 778 0
 1853 1516 1219 1246 0
 810 778 727 808 0
 7 1331 1259 1208 0
 3658 1253 2257 2015 0
 3325 3658 1253 2257 0
 5236 781 812 779 0
 719 5239 649 651 0
 4862 807 805 5248 0
 4215 3359 5002 3204 0
 726 779 5248 777 0
 728 5236 781 729 0
 2952 2988 4142 4156 0
 1040 1042 3153 954 0
 1056 1099 1055 5192 0
 1048 1047 964 968 0
 1409 1347 1331 1574 0
 1050 968 964 970 0
 1140 5226 1152 5287 0
 1048 968 964 1050 0
 2052 2812 1537 1963 0
 3354 1047 962 964 0
 964 1052 970 966 0
 1050 1052 970 964 0
 967 1047 962 958 0
 1574 1347 1208 1097 0
 3354 962 1047 958 0
 1409 1347 1097 2787 0
 2591 3507 2588 3820 0
 3354 966 1051 1052 0
 1049 3354 963 1051 0
 1049 1051 963 971 0
 3354 966 963 1051 0
 1331 1398 5331 1429 0
 1398 1429 1331 1347 0
 3354 1052 964 966 0
 3354 964 1052 1050 0
 944 3468 1038 3309 0
 7 1331 1615 1259 0
 2848 771 720 722 0
 2848 720 771 718 0
 1035 939 941 2775 0
 721 651 5259 5239 0
 2368 1332 5339 1365 0
 944 2358 3309 1038 0
 1039 4961 946 1040 0
 3728 670 729 671 0
 946 4961 952 1040 0
 668 670 725 2886 0
 2848 722 773 771 0
 723 721 653 5259 0
 653 651 5259 721 0
 719 5239 721 770 0
 719 651 721 5239 0
 1906 1537 1247 1604 0
 2848 5272 801 773 0
 5272 652 716 722 0
 2848 773 722 5272 0
 5236 671 728 669 0
 1284 2044 1519 1343 0
 772 5259 5239 721 0
 669 5248 724 726 0
 5236 779 5248 726 0
 812 809 5236 779 0
 5236 726 669 728 0
 777 779 5248 809 0
 800 5259 5239 772 0
 797 2988 768 798 0
 811 781 812 5236 0
 1043 956 957 4744 0
 3065 2573 2926 2579 0
 772 721 5239 770 0
 2787 947 1616 1347 0
 1537 1234 1206 1373 0
 1537 1206 1247 1373 0
 1537 1636 1234 1373 0
 1604 1537 1247 1373 0
 1604 1636 1537 1373 0
 798 770 800 5239 0
 5239 800 772 770 0
 719 5239 770 768 0
 772 5259 721 723 0
 774 5259 802 772 0
 2315 1949 1989 1907 0
 772 800 5259 802 0
 1407 1382 1813 3838 0
 1044 3153 1043 4744 0
 1141 1152 5287 1126 0
 3388 2358 4544 3309 0
 1035 939 2775 1033 0
 1043 3153 1042 5232 0
 1310 1645 1320 26 0
 4539 5012 1509 4327 0
 1639 1016 1280 1417 0
 918 933 911 5263 0
 857 856 3479 5012 0
 3071 1369 1289 893 0
 1632 5336 1280 1016 0
 1040 954 952 1042 0
 2303 1573 1567 1306 0
 1573 6 2364 1306 0
 1567 1573 2364 1306 0
 529 3312 2075 521 0
 4668 3300 4577 4261 0
 1711 2458 4578 1953 0
 901 922 906 896 0
 5192 3390 1021 4178 0
 1891 10 1488 1481 0
 1973 3756 1481 1554 0
 1140 1152 5226 1154 0
 1537 1206 1234 1229 0
 1891 10 2156 1488 0
 1409 1347 1574 1097 0
 1167 1152 1154 5226 0
 933 911 5263 925 0
 5192 3264 1092 1099 0
 1145 1127 1141 5287 0
 899 918 911 5263 0
 906 918 899 922 0
 4703 4731 4886 4223 0
 2686 938 934 3685 0
 934 920 913 3685 0
 1159 5226 1154 1142 0
 521 1211 3312 2075 0
 1593 1441 1944 30 0
 3975 4615 1965 1303 0
 2066 1303 1965 4615 0
 4943 1142 1125 1140 0
 1010 934 927 3685 0
 4926 1146 1132 3133 0
 1891 1481 3143 10 0
 896 922 906 899 0
 1250 1888 1876 1350 0
 3629 3031 2201 3781 0
 3629 1306 2201 3031 0
 1133 1107 1125 1142 0
 5337 3867 2652 3009 0
 1523 1235 1944 1405 0
 342 3373 350 3198 0
 1864 2998 1890 3996 0
 1324 2998 1890 1864 0
 1891 1481 1483 1689 0
 1483 1973 1688 1481 0
 1891 1483 1818 1689 0
 5124 5314 4210 4731 0
 1642 1700 1443 1322 0
 1642 1443 1278 1608 0
 1285 1642 1278 1608 0
 1689 1483 1818 2755 0
 2755 1688 1689 1483 0
 2755 2082 1688 1483 0
 1562 1487 2791 1917 0
 1489 2537 2312 1557 0
 3389 2537 1489 1557 0
 1489 2312 2071 1557 0
 1448 3473 1449 1217 0
 1710 3135 2370 2749 0
 1333 2388 1015 2351 0
 1710 3084 3135 2749 0
 5345 623 610 4346 0
 4328 1217 3705 3473 0
 1488 1554 1481 10 0
 2929 1524 2329 1640 0
 3107 1429 1524 2762 0
 1212 5301 495 3202 0
 1473 2374 3421 1751 0
 4213 2849 1610 954 0
 3153 4213 4040 1610 0
 2994 3166 3217 3857 0
 1540 1825 1890 1580 0
 1606 1825 1540 1580 0
 3084 1540 1825 1890 0
 4438 1890 1540 2007 0
 3824 4438 1890 1540 0
 2102 3997 1979 3110 0
 1432 3047 2783 3878 0
 2102 1979 4201 1561 0
 1561 4201 4536 1979 0
 1256 1251 1231 1204 0
 2752 4073 2230 2149 0
 5225 1214 448 458 0
 4073 4630 2149 2752 0
 2861 2705 1566 3121 0
 3597 2842 3748 1494 0
 1330 1317 1491 34 0
 1317 1330 1206 34 0
 1895 1232 1205 1623 0
 3597 3173 3748 2842 0
 1330 1521 1206 34 0
 1070 1067 4525 4970 0
 2861 2929 4685 1566 0
 2861 2705 2929 1566 0
 1343 1519 2611 2044 0
 4665 1415 5131 5106 0
 1343 2044 34 1521 0
 1540 3863 1825 2575 0
 4896 2575 3863 1540 0
 2071 2630 2720 3387 0
 2630 2312 2071 2880 0
 2630 2312 2912 2071 0
 4603 3110 1561 1927 0
 1927 4603 2876 1561 0
 5220 1561 3689 4536 0
 2367 1362 1308 1750 0
 2388 1362 2022 1015 0
 1291 5103 808 5042 0
 2641 1880 3398 3352 0
 3352 1880 3398 2821 0
 2643 1565 2647 1191 0
 1415 1510 3931 3041 0
 2849 950 1610 954 0
 1365 2202 5339 1436 0
 2643 4950 2647 1565 0
 843 1374 3129 876 0
 4429 2647 4950 1565 0
 1365 1436 5339 1887 0
 1417 3071 1369 1289 0
 2643 1565 4868 4950 0
 1365 2218 1958 1443 0
 1365 1443 1958 1338 0
 2647 1565 1199 1191 0
 4161 1677 4429 1565 0
 3071 1417 2770 1289 0
 2865 1751 1217 1449 0
 950 3153 1610 954 0
 1289 1550 1280 1288 0
 4454 538 532 2503 0
 2465 3043 3751 1711 0
 1449 1751 1217 3473 0
 1449 3589 1751 3473 0
 3746 2458 3043 1711 0
 1891 1488 1483 1481 0
 1483 1973 1481 1488 0
 1891 1488 2156 3817 0
 484 495 488 3202 0
 1411 1464 3068 1452 0
 1231 1204 1876 1250 0
 1572 1231 1876 1250 0
 1250 1204 1876 1888 0
 315 231 300 2474 0
 1411 3068 1464 4328 0
 442 447 5310 460 0
 1237 3164 1591 1647 0
 3074 3112 2490 1378 0
 1348 1233 1284 2131 0
 1572 1876 2 1250 0
 455 473 484 1212 0
 2201 2894 3737 1644 0
 1896 4873 3938 2894 0
 2201 3781 2894 3629 0
 1896 2894 3938 3737 0
 2201 2894 1644 3629 0
 1569 2537 3665 2621 0
 3665 2537 1569 3389 0
 3096 1571 4079 3089 0
 3700 5209 3089 1571 0
 4079 1571 3700 3089 0
 2126 488 472 463 0
 3096 1571 3089 4247 0
 2855 1571 3089 2622 0
 5209 1571 2622 3089 0
 4513 4091 442 2097 0
 2693 5047 4481 3963 0
 4484 3867 2699 3393 0
 460 1212 452 4117 0
 1568 1739 5051 3932 0
 1568 5051 1739 4345 0
 1375 3075 1589 1676 0
 484 488 472 2126 0
 473 1212 490 495 0
 1380 1235 31 41 0
 484 495 1212 473 0
 1532 3075 3054 1375 0
 4033 1676 2243 1670 0
 4484 2699 3867 2083 0
 41 1768 1277 31 0
 1725 1788 1523 1252 0
 1911 4484 3867 2083 0
 1911 3867 4484 2130 0
 4484 3867 3393 2130 0
 1657 2785 2635 1532 0
 2248 515 507 4188 0
 4188 2813 2248 515 0
 3635 1576 1376 3850 0
 1576 2160 1376 3850 0
 4513 414 394 2097 0
 452 455 1212 473 0
 2126 455 443 472 0
 3833 1583 3608 3196 0
 4524 1583 3196 4740 0
 3608 1583 4205 3196 0
 484 472 455 2126 0
 1575 1888 1533 1740 0
 1740 1880 3398 2641 0
 469 490 473 2975 0
 1533 1888 1350 2327 0
 4740 1583 3196 4753 0
 1740 3398 1735 2641 0
 469 473 460 2975 0
 469 456 2975 460 0
 5303 368 361 384 0
 5205 384 394 390 0
 1936 2725 1381 1596 0
 1236 1679 1213 537 0
 2323 2814 1679 3299 0
 3299 2323 1213 1679 0
 4136 368 384 390 0
 1885 2874 2791 2932 0
 537 1679 533 1236 0
 2649 2874 2244 2932 0
 1885 2874 4243 2791 0
 4243 2874 2649 2791 0
 2643 1565 4936 4868 0
 1565 2643 4936 1191 0
 1407 3383 1685 3900 0
 2253 3326 1685 1407 0
 2253 1407 1685 2307 0
 3326 3383 1685 1407 0
 2621 2897 4307 1569 0
 2621 2537 2332 1569 0
 2621 2332 2897 1569 0
 83 67 2344 2146 0
 1898 1310 1320 26 0
 2498 1803 105 117 0
 1919 1310 1320 1898 0
 1835 2146 2578 2454 0
 379 4518 3456 430 0
 372 1590 397 398 0
 1669 1523 1235 41 0
 383 1590 372 398 0
 1900 2832 4567 1594 0
 1642 1608 1958 1443 0
 1993 1278 1659 1608 0
 2600 2832 1900 1594 0
 1610 2775 3388 4793 0
 1610 3388 2502 3936 0
 3502 1610 4276 3293 0
 2481 5302 4001 1592 0
 3502 4276 1610 2962 0
 3991 3635 3094 1613 0
 1613 3635 4674 3850 0
 1613 3635 3850 4103 0
 5174 3635 1613 4103 0
 2481 5302 1592 4648 0
 4514 4874 5170 2774 0
 1904 3537 2381 4636 0
 1285 2588 2591 2756 0
 1669 1405 2300 2400 0
 1669 1235 1405 2400 0
 1370 1669 1235 41 0
 2676 2976 3033 3662 0
 2676 3033 1577 2780 0
 3065 2033 2926 3096 0
 1322 3811 1517 1392 0
 1392 1517 3615 3811 0
 892 1887 1279 5339 0
 124 2467 110 4507 0
 4636 3537 2381 176 0
 157 180 2381 3537 0
 1949 1743 1341 1997 0
 1904 248 3537 3551 0
 891 1694 2254 1608 0
 3438 5171 1967 4069 0
 1993 1608 1694 891 0
 3438 5171 2661 1967 0
 1905 2467 2381 157 0
 268 284 200 2593 0
 1335 1219 2284 1246 0
 1335 1219 1246 1254 0
 1254 1246 1335 2366 0
 2306 2466 4686 1738 0
 1335 2366 1246 2284 0
 3299 2814 1679 1236 0
 1236 3299 1213 1679 0
 2698 2814 3299 1236 0
 2621 2971 4601 3049 0
 1338 2254 1516 1246 0
 1887 1516 1246 1338 0
 5331 1429 1398 4 0
 1338 1516 2254 1608 0
 284 300 216 2460 0
 3098 816 3974 3425 0
 85 1995 1602 69 0
 2474 238 315 231 0
 2930 1867 1207 1405 0
 2546 300 2474 315 0
 2246 2595 1857 1792 0
 4570 1950 1635 4073 0
 1915 4570 1635 4753 0
 2483 2590 2384 288 0
 1583 1915 1635 4753 0
 85 1995 69 2476 0
 36 1898 1295 5341 0
 169 239 1904 153 0
 5341 1320 36 1898 0
 1320 2119 5341 36 0
 36 5341 1295 2119 0
 1365 1436 1887 1338 0
 1887 1338 1436 1516 0
 1861 2598 315 299 0
 1756 2546 1800 2474 0
 2000 303 1756 2598 0
 1436 1516 1338 1608 0
 1365 1958 1436 1338 0
 1436 1608 1338 1958 0
 1640 2929 1524 3107 0
 1640 3107 1524 2762 0
 1269 2254 891 1694 0
 1711 1953 4578 3806 0
 1369 1016 5336 1625 0
 180 2381 133 132 0
 1266 1447 539 1017 0
 1266 1371 1447 1017 0
 1583 3712 3713 1635 0
 2570 2531 2539 1767 0
 1372 1362 2022 2388 0
 4628 3712 3713 1583 0
 1587 3687 3708 2221 0
 8 2787 1616 1409 0
 1587 4264 3687 2221 0
 1199 1661 4934 1191 0
 1565 1661 1199 1191 0
 3681 1677 1565 1661 0
 2570 2443 1792 1767 0
 283 2386 1831 2595 0
 5182 4439 1739 3315 0
 8 1409 1574 1097 0
 5182 4358 4439 3315 0
 3179 1407 2313 2870 0
 2870 3179 1407 2631 0
 1706 2253 1407 2803 0
 1382 1407 1386 1705 0
 5340 2050 1971 5350 0
 1407 2631 1386 1705 0
 3043 2313 1842 2870 0
 2 1350 1876 1620 0
 1133 5011 3569 1147 0
 1564 2882 1606 1691 0
 1564 1867 1205 1606 0
 2882 2259 1606 2575 0
 1147 3420 5011 3569 0
 1880 1786 3834 1818 0
 1992 2479 1836 68 0
 5351 1992 47 4644 0
 1677 1199 4429 1565 0
 1677 2551 1199 1661 0
 1677 1199 1565 1661 0
 1677 3628 1203 1199 0
 1677 1199 1203 4429 0
 2433 1562 2002 1283 0
 1565 1199 4429 2647 0
 1661 2551 1199 4934 0
 1283 2433 4994 2002 0
 4994 2726 1283 2002 0
 307 2505 291 1790 0
 1562 2726 2002 1283 0
 3389 2537 1569 1682 0
 1569 2537 3345 1682 0
 2938 1371 2045 1447 0
 2312 3345 2537 1682 0
 1682 2537 2312 1489 0
 3389 2537 1682 1489 0
 3345 2312 2880 1682 0
 1483 1688 1689 1481 0
 1480 2312 1641 2016 0
 5341 82 2480 66 0
 1393 1871 1642 2209 0
 2591 1700 1642 1871 0
 1285 1700 1642 2591 0
 1440 1271 1817 1645 0
 1482 1645 1817 1271 0
 1271 1440 1817 1342 0
 1817 1207 1482 1271 0
 1817 1342 1207 1271 0
 1566 2929 1695 3107 0
 1695 2929 1640 3107 0
 1808 2486 1840 2543 0
 2519 1017 2045 841 0
 145 195 1736 2536 0
 1403 1209 1298 2401 0
 2432 1784 1834 1808 0
 2486 2432 1834 1808 0
 3056 1875 2003 1703 0
 3721 2802 1703 2769 0
 3721 1703 2802 2220 0
 2209 1642 1443 1322 0
 2354 2592 1881 1908 0
 504 3987 511 1707 0
 504 1707 511 4055 0
 1707 2606 504 4432 0
 3987 504 4432 1707 0
 2221 3708 1708 3687 0
 3881 1838 3708 1708 0
 3881 1838 1708 1873 0
 2221 1708 1862 3687 0
 3132 4438 2007 3019 0
 3779 2370 2749 1710 0
 2875 3135 1710 4896 0
 2465 3806 3751 2096 0
 2383 3192 1953 1711 0
 1237 1336 2673 1334 0
 1711 2458 1953 2383 0
 1592 4648 2292 3203 0
 4432 5059 3441 1650 0
 1650 1707 4432 5059 0
 1447 1371 2045 1017 0
 1666 2418 2433 3594 0
 2206 1758 38 1341 0
 2592 1849 1881 2545 0
 1447 2241 2289 539 0
 2097 394 5205 407 0
 2580 3058 5024 2083 0
 4513 442 414 2097 0
 2592 2070 1722 1749 0
 3136 1997 2477 2455 0
 5349 1983 1341 5344 0
 1205 1564 1691 2237 0
 2160 1205 1691 2237 0
 2237 1564 1691 2567 0
 4847 2249 4112 1726 0
 4112 4615 1726 2249 0
 2160 2237 2567 1242 0
 1443 2218 1322 2141 0
 5321 2016 1480 1641 0
 2629 1696 1961 2310 0
 5349 1633 1341 1983 0
 2629 1696 1383 1961 0
 2204 2019 1330 1349 0
 5149 4459 4822 4379 0
 60 1997 61 1774 0
 71 2578 1835 1742 0
 1936 1381 1954 1680 0
 1795 1434 2709 1641 0
 5238 3710 4602 3873 0
 4081 4602 3089 5238 0
 5238 4602 3089 5209 0
 1835 2578 2146 1742 0
 1566 2705 3107 3121 0
 2002 2433 4994 2144 0
 2433 1301 4706 2144 0
 4081 3710 4602 5238 0
 1287 35 2092 1493 0
 1617 35 1287 1493 0
 4994 2144 2433 4706 0
 3263 1666 2791 2433 0
 5238 3873 4602 5209 0
 1636 1537 3380 1963 0
 236 1762 2542 1781 0
 2446 293 2560 309 0
 1324 1890 1097 1864 0
 2575 1825 1540 1606 0
 3824 1580 1890 2737 0
 3824 1580 2737 1606 0
 3824 1540 1890 1580 0
 3824 2575 1540 1606 0
 7 1574 1331 1208 0
 1574 1347 1331 1208 0
 2145 209 277 2436 0
 1742 71 2578 2493 0
 5322 2006 1630 1832 0
 1634 1630 2006 1832 0
 2213 2507 2080 1830 0
 1740 1735 2853 2641 0
 3074 1556 1638 1589 0
 1969 1589 3074 2490 0
 2446 293 244 225 0
 2596 2715 2301 1378 0
 1226 3348 3720 2191 0
 1754 2974 5335 1731 0
 4737 3352 3398 2821 0
 2210 1851 2029 1730 0
 1730 2029 2343 1851 0
 1685 3900 1730 3056 0
 1213 537 2253 531 0
 1841 1704 2157 2581 0
 1852 2215 1821 2274 0
 2202 1257 1570 1436 0
 1436 2202 1257 1958 0
 1436 1257 1255 1958 0
 294 310 2147 2559 0
 1740 1888 1533 2334 0
 1899 2725 1381 1936 0
 1707 2606 4432 5059 0
 4243 2869 1707 4515 0
 76 3136 2477 2455 0
 1740 3398 1888 2334 0
 1707 2869 5059 4515 0
 1901 1712 37 1248 0
 3116 4689 1214 1759 0
 2780 4974 2259 3812 0
 1636 1537 1234 3380 0
 3112 2047 2490 1378 0
 1636 3380 1234 1360 0
 2851 2259 2780 4974 0
 4974 5107 2259 3812 0
 2851 2259 4974 5107 0
 244 309 2132 320 0
 4460 3833 3608 1782 0
 4591 3270 1782 4030 0
 3833 4628 4460 3608 0
 3665 1569 1791 3389 0
 1220 1547 2783 1430 0
 2077 2783 2394 1220 0
 2077 2792 2394 2783 0
 3325 2883 4035 1355 0
 2862 3325 1591 1237 0
 1760 525 3191 2613 0
 2176 2134 1760 2613 0
 1796 3377 2876 1590 0
 5341 66 1970 49 0
 4776 3377 1796 1590 0
 4776 3670 1796 4452 0
 1796 4610 2369 4452 0
 1805 3069 3067 2620 0
 4112 4327 3896 4637 0
 3896 4637 5147 4112 0
 2999 3253 5032 2369 0
 3727 1268 2637 1591 0
 1797 1611 2862 1591 0
 1797 3836 1591 2862 0
 2637 1591 1611 1797 0
 1797 3836 3727 1591 0
 2051 2683 2454 2146 0
 1848 3779 3019 2521 0
 1880 1818 731 1786 0
 3167 1818 1880 3834 0
 1880 1818 3167 2263 0
 533 525 1607 1236 0
 41 1252 1277 1768 0
 2253 2029 531 537 0
 3758 537 531 2029 0
 3520 3176 5060 2049 0
 2145 277 259 2607 0
 3529 2029 3758 531 0
 2253 2029 2248 531 0
 3529 531 2248 2029 0
 1580 19 1686 1205 0
 1950 1820 1972 4073 0
 1442 17 1636 1480 0
 4611 2508 4937 5109 0
 2943 2024 1820 3393 0
 1975 1824 3562 2896 0
 1342 1205 1424 1623 0
 2930 1207 1867 1342 0
 1867 2237 1205 1342 0
 3867 2943 3393 2024 0
 3727 1591 2637 1797 0
 41 1275 1252 1768 0
 1799 255 2147 2487 0
 2024 1820 3393 3343 0
 41 1277 1235 31 0
 41 1252 1235 1277 0
 1825 1580 1347 1890 0
 3084 1376 1347 1825 0
 2308 266 1799 282 0
 3084 1825 1347 1890 0
 1972 1820 3343 4073 0
 1820 2004 2024 2943 0
 3773 1823 3507 3332 0
 4371 1823 3507 3773 0
 2878 1823 3497 5159 0
 3773 1823 3332 5159 0
 244 293 2446 309 0
 2549 2487 1799 2147 0
 4951 3135 5121 4676 0
 2839 2816 4443 1833 0
 4069 3828 3621 1833 0
 2816 4931 4443 1833 0
 1838 904 3708 1708 0
 298 314 2147 255 0
 1813 3838 2245 1425 0
 3838 2281 2245 1425 0
 1425 3838 3123 1706 0
 3102 1425 3123 2947 0
 2446 293 225 2436 0
 2144 3026 2999 2846 0
 320 245 2132 260 0
 1842 2313 1407 2870 0
 1842 2870 1407 2800 0
 1407 3326 1842 2800 0
 3038 1842 2313 1407 0
 1661 1191 4936 4934 0
 1661 1565 4936 1191 0
 4642 261 2151 2564 0
 2147 2132 2510 320 0
 1352 3184 4466 1302 0
 1308 2012 1017 1651 0
 2326 1485 1608 891 0
 891 1608 1516 1485 0
 1336 1215 1333 1651 0
 1333 1308 1017 1651 0
 129 2051 1733 2042 0
 2400 1263 1954 1899 0
 1380 2400 1954 1899 0
 1380 1899 1954 1936 0
 1017 841 2519 1015 0
 4276 2849 1610 4213 0
 1610 3153 4213 954 0
 4083 954 2849 4213 0
 2830 4211 2530 4400 0
 4211 2788 2830 2530 0
 1643 2045 841 2528 0
 2559 2510 2147 314 0
 841 2045 1536 2528 0
 261 163 2151 278 0
 2830 4211 4400 3599 0
 1768 1252 2041 1275 0
 1958 2218 2209 1443 0
 1270 1856 3053 1314 0
 3053 1674 1856 1270 0
 1267 3191 2086 1778 0
 2086 3191 2173 1778 0
 4568 2086 3116 2228 0
 2147 298 2549 2559 0
 2228 2086 2922 4568 0
 306 222 2164 290 0
 1267 2086 3116 1778 0
 174 2258 2441 1810 0
 1562 1560 2002 2726 0
 1917 1562 2002 2791 0
 1917 1562 1560 2002 0
 3073 1873 1866 1862 0
 4804 3881 1862 1873 0
 1277 1976 1352 2597 0
 2548 2023 1591 1355 0
 1976 2113 1352 2266 0
 2597 1976 1352 2266 0
 2368 1365 1279 1338 0
 4100 1862 4247 2855 0
 2003 1425 2093 1863 0
 1425 2307 1863 2003 0
 1425 2307 2003 2220 0
 2220 2003 1425 3305 0
 2003 1425 3305 2093 0
 4247 1862 1571 2855 0
 1708 3881 1873 1862 0
 1507 3783 3701 1494 0
 2109 2419 1733 2452 0
 2594 3783 1507 1494 0
 2307 1685 2029 3056 0
 3073 1862 2622 1571 0
 1385 2220 1813 1814 0
 1208 1504 1259 19 0
 1579 2435 1480 2016 0
 5321 2016 1579 1480 0
 2283 1813 2220 1814 0
 1480 1636 1360 1579 0
 1208 1504 19 1580 0
 1504 1205 1623 19 0
 1259 1504 1623 19 0
 19 1504 1205 1580 0
 1868 218 202 2484 0
 2511 306 2164 290 0
 2511 2586 2164 306 0
 1879 2698 2416 3353 0
 1390 5325 3529 2029 0
 1879 3093 2698 3353 0
 1390 2343 1851 2078 0
 3077 3059 1879 3093 0
 1895 15 1232 1623 0
 1870 1842 2013 429 0
 4947 2022 2690 1372 0
 1868 2484 202 1830 0
 2388 2690 1372 1507 0
 2368 1365 5339 1279 0
 15 1623 1895 1342 0
 1576 15 1232 1895 0
 1752 2507 1810 1830 0
 1243 3083 1508 3489 0
 1870 1842 3230 4578 0
 2910 2253 531 1213 0
 1527 1477 3281 1466 0
 1333 1017 841 1371 0
 2029 2086 3191 2253 0
 1333 1266 1017 1371 0
 1339 1266 1333 1371 0
 3529 2029 1492 3758 0
 483 5289 465 486 0
 1847 1399 1665 5318 0
 1900 1399 1665 2600 0
 1820 3343 4484 3393 0
 1820 4073 4484 3343 0
 1900 5318 1665 1399 0
 2580 4693 1928 707 0
 1928 707 4693 4753 0
 2580 707 1928 5024 0
 1208 1347 1259 1504 0
 1584 3915 2905 1956 0
 1208 1347 1504 1580 0
 1579 1360 1480 2435 0
 1480 1360 2312 2435 0
 1504 1347 1825 1580 0
 2312 2880 1682 1489 0
 3116 1214 5325 3433 0
 2635 3075 1532 1375 0
 5096 496 3927 4631 0
 814 816 3098 3813 0
 4400 5307 923 4449 0
 5107 4438 3824 2259 0
 3164 2023 1591 1647 0
 458 444 448 5225 0
 3812 4438 5107 2259 0
 1647 1335 3164 2023 0
 841 1536 1494 2528 0
 370 388 364 5305 0
 5136 415 4413 1942 0
 2840 4055 1536 1885 0
 1885 4055 1536 3212 0
 3107 1429 2762 1305 0
 2926 3000 4523 1541 0
 2201 3781 1896 2894 0
 2201 2894 1896 3737 0
 3900 3205 1730 3637 0
 2201 1896 4355 3737 0
 3642 3635 5302 4442 0
 4442 3635 4103 1844 0
 1825 1205 1504 1580 0
 2160 1232 1825 1205 0
 4442 3635 5174 4103 0
 1587 2221 3708 902 0
 1844 3635 3642 4442 0
 5302 3635 5174 4442 0
 2221 902 904 3708 0
 1681 2974 3687 2437 0
 1681 1632 1016 2974 0
 1681 1632 2974 2437 0
 3687 1016 2974 1681 0
 1432 3047 1430 2783 0
 1547 2783 1430 3047 0
 2621 2318 2459 3380 0
 2684 3380 2820 2459 0
 1277 1976 2597 1235 0
 1235 1976 2597 2266 0
 1252 2597 1523 1235 0
 1277 2597 1252 1235 0
 1235 2597 1523 2266 0
 2459 2318 1234 3380 0
 2684 3380 2459 1234 0
 2820 3380 2621 2459 0
 1969 2538 2490 1216 0
 1876 1567 1204 1231 0
 1750 1555 2890 2367 0
 1258 1204 1876 1567 0
 1567 1620 1876 1258 0
 1876 1567 1231 1620 0
 1441 1686 19 1424 0
 1638 2490 3074 1589 0
 1973 3756 1688 1481 0
 2082 3756 1688 1973 0
 3681 2551 1677 1661 0
 4161 2551 1677 3681 0
 4161 3063 3628 2551 0
 1107 3396 1112 1133 0
 1577 1957 2345 2300 0
 3681 3063 4161 2551 0
 4161 3628 1677 2551 0
 2732 3832 2481 1391 0
 3071 1723 3069 1687 0
 2481 3991 3233 1391 0
 1395 3289 4202 4183 0
 4348 865 1671 4782 0
 2732 3832 5174 2481 0
 2621 1914 3049 3898 0
 943 950 2775 948 0
 1437 2296 861 862 0
 2795 3885 4967 4191 0
 4585 3049 1914 3898 0
 2775 943 948 941 0
 1356 3333 3297 4791 0
 2621 2897 3049 1914 0
 3938 3049 2897 1914 0
 2153 3581 2895 2795 0
 73 1949 58 1744 0
 3938 3049 1914 3498 0
 3712 4570 1635 1915 0
 1555 1253 2257 2362 0
 1555 2362 2890 2367 0
 865 1671 866 4348 0
 3533 3126 3747 4463 0
 1583 3712 1635 1915 0
 4740 2168 1583 1915 0
 1556 1676 3075 2224 0
 3712 2949 1915 2382 0
 870 4144 2619 871 0
 2006 1634 1978 3062 0
 1634 1886 1978 3062 0
 4740 2168 1915 707 0
 4973 2706 3933 3195 0
 2458 3326 4578 1953 0
 3811 1975 1322 1517 0
 3326 1953 3347 4578 0
 1975 3811 3765 1517 0
 2910 3326 2458 1953 0
 4804 4196 1873 1925 0
 1274 2915 3454 3607 0
 2594 3783 1494 1536 0
 4055 3212 1885 1666 0
 1951 1274 2915 4226 0
 1641 2912 1934 22 0
 1805 3067 1226 3255 0
 4196 4351 2810 1925 0
 2907 2675 3618 2272 0
 1925 4351 2069 4523 0
 4792 1925 2069 4523 0
 1335 2284 1219 1337 0
 4804 1925 3795 4792 0
 3262 3663 5225 4841 0
 1217 1495 2116 1325 0
 3658 1325 1217 2116 0
 1496 1217 1495 2116 0
 2265 2884 4755 2957 0
 2265 3015 4169 1978 0
 1520 30 2113 1944 0
 1520 2113 1976 1944 0
 1944 2113 1976 2266 0
 1482 3278 2060 1645 0
 1482 1645 2060 1817 0
 1482 3278 2345 2060 0
 1482 2345 1207 2060 0
 2060 1207 1482 1817 0
 1425 2307 2220 1407 0
 2003 2307 3056 2220 0
 956 1043 5232 4744 0
 2725 1239 2061 1596 0
 1239 1518 2061 1596 0
 2004 1820 1972 1950 0
 543 1266 539 1651 0
 3910 3713 2916 1950 0
 4570 2805 4935 1950 0
 1266 1651 543 547 0
 2368 2218 1365 1443 0
 2368 1443 1365 1338 0
 1266 539 1651 1017 0
 956 955 5232 1043 0
 1370 2400 2300 2676 0
 4453 1972 2004 2951 0
 1370 2300 1577 2676 0
 3444 1952 4843 4679 0
 3444 3894 4866 2375 0
 4057 2806 3398 4173 0
 4057 2334 3398 2806 0
 4057 1888 3398 2334 0
 4057 1888 4344 3398 0
 4344 4173 4057 3398 0
 1567 2303 1644 1251 0
 1581 2113 3308 2266 0
 2355 1323 1967 3438 0
 1967 1323 2661 3438 0
 1833 3438 2839 1967 0
 3438 4069 1967 1833 0
 2723 3489 3258 3500 0
 2416 2325 1959 2403 0
 1647 1591 1237 1611 0
 1340 2637 1647 1611 0
 1340 1647 1336 1611 0
 2637 1268 1647 1591 0
 1647 1237 1336 1611 0
 3489 1454 1463 3500 0
 1508 2723 3500 3489 0
 1243 3489 1463 1460 0
 2887 517 525 2301 0
 1236 1378 2301 1607 0
 525 1236 2301 1607 0
 2681 1687 1262 1220 0
 1687 498 1723 1220 0
 1289 1687 2681 498 0
 1687 1723 3069 1663 0
 1262 1687 3069 1663 0
 1961 2307 1685 1407 0
 2004 1820 2024 1972 0
 2024 1820 3343 1972 0
 2951 1972 2139 4832 0
 2951 1972 2004 2024 0
 2139 1972 4738 4832 0
 2139 1972 3343 4738 0
 1331 1347 1259 1208 0
 1570 1332 5338 2083 0
 1247 1206 1854 2346 0
 1374 2987 2616 2342 0
 1247 1317 1206 2346 0
 3421 2987 2936 1450 0
 2351 2388 1362 1372 0
 1740 3718 1888 3398 0
 2591 2588 1393 2756 0
 4114 1953 4733 3192 0
 1480 5349 1434 2256 0
 1636 1360 1234 5349 0
 1636 5349 1480 1360 0
 1699 5349 1234 1360 0
 1699 5349 2256 1434 0
 1581 2113 2266 1352 0
 1254 1219 1853 2911 0
 2345 1957 1482 2300 0
 2299 493 2345 1482 0
 2299 1957 1482 2345 0
 4697 3816 4201 1979 0
 2300 1867 1207 1564 0
 2300 1405 1207 1867 0
 4697 4590 1979 3006 0
 1393 2591 1642 1871 0
 2207 504 4055 1707 0
 3882 2232 4267 3035 0
 2756 2591 1642 1393 0
 1629 1871 2591 1393 0
 5042 808 5095 5253 0
 4526 4361 2660 3150 0
 1263 1867 2400 1564 0
 1405 1867 2400 1263 0
 4451 5179 3150 4361 0
 1490 4867 3439 4531 0
 4451 4361 3150 2660 0
 3150 4361 5179 4526 0
 4558 3300 4394 4261 0
 4453 1972 3853 1950 0
 4453 1950 2004 1972 0
 1709 1889 3079 1238 0
 5349 1341 1272 2294 0
 2253 2248 2029 1685 0
 2248 3383 2029 1685 0
 4057 1991 2327 3923 0
 3965 1991 2327 4057 0
 2707 1479 3807 3275 0
 4271 2901 4589 4481 0
 3011 1355 2616 3421 0
 1424 1205 19 1623 0
 3807 3275 1479 1456 0
 3275 1456 3494 1479 0
 3275 3494 2707 1479 0
 1559 3590 2348 2981 0
 4558 4394 4591 4261 0
 1133 5011 1112 3569 0
 1805 3067 3255 2620 0
 1266 1882 1336 1651 0
 1017 2012 2011 539 0
 4879 2124 4878 498 0
 4879 2073 2124 498 0
 4879 2770 2073 498 0
 1732 2620 3255 1265 0
 2580 5024 4484 2083 0
 3357 1996 4524 3092 0
 3092 1996 4524 3930 0
 4535 3755 4536 2506 0
 5343 4656 1995 1801 0
 947 1398 2854 1616 0
 947 1347 1398 1616 0
 2771 1428 3036 1644 0
 2771 2824 2971 1644 0
 3053 2420 1585 1314 0
 1585 1236 1427 2416 0
 1398 1347 1331 1616 0
 2119 1970 1295 1748 0
 1022 3583 2004 1950 0
 4088 2004 1022 4461 0
 2943 4026 2004 4461 0
 2263 3051 1740 1689 0
 2263 731 1818 1689 0
 2263 1818 2755 1689 0
 2755 3051 2263 1689 0
 2263 1689 1575 731 0
 2263 1740 1575 1689 0
 1357 873 1286 2619 0
 873 1357 1286 3391 0
 2007 1890 1540 3084 0
 1589 2829 2490 2538 0
 1589 3075 1556 1676 0
 3054 2243 1589 2104 0
 1244 1261 4878 1798 0
 1262 3069 1805 1663 0
 3054 3075 1589 1375 0
 3019 1890 2007 3084 0
 1805 3069 2620 1663 0
 1710 2007 3084 3019 0
 2134 525 1760 2613 0
 2613 517 2134 525 0
 2007 1540 4896 3084 0
 2081 2628 1856 2009 0
 3611 3192 2009 2025 0
 3611 3192 3177 2009 0
 1249 2009 3177 3284 0
 2025 2081 1270 2009 0
 1710 4896 3084 2007 0
 4994 2726 2144 4992 0
 3418 1105 4211 1116 0
 1239 30 1441 1935 0
 1944 30 1441 1239 0
 3038 2013 2313 1842 0
 4526 2014 3444 3399 0
 3775 3901 3732 2014 0
 3207 2014 3099 4235 0
 3207 2014 3732 3099 0
 1915 1928 4753 707 0
 4570 1928 4484 4753 0
 2965 3567 3757 4678 0
 1330 5344 2019 2204 0
 1617 1493 1349 1618 0
 1915 4570 4753 1928 0
 1533 1888 2327 2334 0
 2018 2334 1533 2327 0
 4271 3844 3997 5237 0
 4804 1873 1862 3795 0
 1948 2044 1284 1521 0
 2009 3192 2020 1314 0
 4100 1862 3795 4804 0
 2021 3056 1730 1942 0
 2021 1942 415 2802 0
 4413 2021 1730 1942 0
 4413 1942 415 2021 0
 3056 2021 2802 1942 0
 2044 1284 1519 5352 0
 892 1516 1246 1887 0
 1579 1251 1644 2303 0
 2771 1644 1204 1567 0
 2771 2824 1644 1567 0
 1963 1579 1251 1644 0
 3635 1576 4103 1844 0
 1768 1658 1275 1964 0
 1238 2033 3099 1551 0
 4862 5248 805 2028 0
 4124 1910 2197 1807 0
 1923 4712 1985 4716 0
 1357 3269 873 5172 0
 130 1597 4686 1738 0
 4707 1857 1923 2246 0
 873 1357 5172 2619 0
 1669 497 1486 1829 0
 1669 1482 497 1829 0
 2246 2000 4707 1857 0
 1218 3255 2191 4033 0
 1218 4033 2191 4146 0
 3720 3928 1218 2191 0
 2191 4146 3928 1218 0
 1218 2191 3255 3720 0
 2343 3663 1851 2078 0
 2571 1857 4662 2464 0
 2141 1392 3445 1911 0
 2343 5325 1214 2078 0
 1985 4721 2090 4716 0
 2683 2184 1598 1835 0
 4879 1639 1417 1281 0
 4879 1417 1288 2770 0
 4879 1639 1288 1417 0
 4482 4816 3187 4690 0
 943 950 4793 2775 0
 373 2769 5305 388 0
 2958 4508 2736 4252 0
 943 950 4961 4793 0
 797 2988 769 768 0
 5239 4142 4476 2988 0
 1794 1702 2772 2954 0
 5012 3479 3876 856 0
 5350 1926 5340 5351 0
 4700 1738 1767 2306 0
 1597 1738 4700 2306 0
 1348 1786 2131 1582 0
 2293 4083 4213 5088 0
 2322 4705 4711 4707 0
 1605 1227 1690 1837 0
 1333 1308 2351 1015 0
 1308 2351 1015 1362 0
 2351 2388 1015 1362 0
 2329 3635 16 1524 0
 1958 1608 1338 1443 0
 1485 1608 1516 1436 0
 16 3635 2329 4648 0
 3852 3635 16 4648 0
 2929 3635 2329 1524 0
 1641 1480 1434 2256 0
 3901 2233 4541 2039 0
 3113 2789 1238 2039 0
 2113 30 1593 1944 0
 3901 4541 3113 2039 0
 1564 2237 1867 1207 0
 5343 2784 1995 3007 0
 3354 958 3715 3936 0
 3642 3635 3852 5302 0
 1564 1691 1606 1205 0
 1314 2020 3299 1410 0
 1205 1232 1825 1504 0
 1205 1606 1825 1691 0
 2160 1205 1825 1691 0
 1606 1825 1580 1205 0
 1314 3299 1585 1410 0
 1589 3054 2104 1969 0
 4227 4091 4513 2097 0
 271 1923 2339 2142 0
 1734 5351 2328 2044 0
 1521 1948 35 1284 0
 2975 490 473 1212 0
 1734 2044 2328 5352 0
 1949 1744 51 58 0
 1949 42 2347 2278 0
 2335 2347 77 1949 0
 2339 3307 1792 1923 0
 1985 2090 3324 1923 0
 4377 3076 2208 4906 0
 1239 23 1595 1518 0
 1480 5349 2256 1360 0
 1699 5349 1360 2256 0
 1235 2266 1523 1944 0
 1235 1520 1976 1944 0
 1641 1480 2256 2312 0
 4377 3076 3897 2208 0
 1320 1271 36 26 0
 1898 1320 36 26 0
 1942 387 404 396 0
 1239 1441 1595 23 0
 2040 2830 1138 4211 0
 23 19 1441 1595 0
 2029 1685 1730 3056 0
 3427 1151 3243 2040 0
 2210 3383 3900 1685 0
 1522 1482 1829 497 0
 1381 1596 1563 1680 0
 905 2421 3060 897 0
 2421 3323 3060 897 0
 3550 1416 1545 3548 0
 1330 1349 1206 2092 0
 2312 1360 2256 2537 0
 36 1484 1271 1522 0
 2256 2318 2537 1360 0
 3168 2613 2253 2814 0
 1679 2253 1213 537 0
 1792 1923 2090 1857 0
 5343 3007 1995 4656 0
 1301 1978 1299 3152 0
 2520 3352 4269 2053 0
 3360 1379 4222 1892 0
 2641 3352 2053 4269 0
 2053 3352 4737 2893 0
 1758 28 1633 1272 0
 1429 1245 1331 1347 0
 1429 1376 1245 1347 0
 5025 4435 3504 3461 0
 1376 1347 1429 2705 0
 4708 1932 4702 2942 0
 947 1347 1429 1398 0
 1768 1964 1275 2041 0
 535 2241 527 2519 0
 2011 2519 2241 535 0
 4374 2954 2010 1860 0
 2954 1860 4374 1702 0
 1702 4374 2477 2415 0
 1457 4540 1531 1534 0
 2817 4473 3645 4540 0
 5198 2058 3638 2610 0
 2011 1015 2519 1600 0
 2947 1706 3100 3231 0
 538 2356 2503 1267 0
 1754 1626 5335 2974 0
 4726 2090 3324 1985 0
 1699 1618 1349 2200 0
 538 2503 1778 1267 0
 1985 3324 4715 1923 0
 1236 533 537 1607 0
 2220 2307 1961 1407 0
 4884 2047 3274 2036 0
 2220 2307 3056 1961 0
 3796 2230 4483 3237 0
 1645 1271 1320 26 0
 1645 1440 1271 26 0
 4720 4709 1627 2239 0
 2427 1557 1641 2256 0
 2865 3836 3421 1470 0
 3836 3726 2865 2862 0
 1641 2312 2256 1557 0
 1482 1320 1271 1522 0
 1961 1696 1407 2310 0
 1320 1271 1522 36 0
 1961 1696 1383 1407 0
 1645 1271 1482 1320 0
 1369 1016 1625 3079 0
 2220 1961 1383 1407 0
 1727 140 2189 2133 0
 1016 1625 3079 1754 0
 1482 1248 493 1645 0
 1925 4351 2810 2069 0
 5321 1442 1480 17 0
 4792 1925 3795 2069 0
 2331 5321 1442 1480 0
 5321 1442 1933 2331 0
 5321 1442 21 1933 0
 5321 1442 17 21 0
 4739 2810 4351 2069 0
 2855 4792 3795 2069 0
 1618 1699 1234 2318 0
 4739 4369 3809 2069 0
 1618 1699 1349 1234 0
 2294 1349 2200 1699 0
 2912 2630 2071 3585 0
 2503 2356 3116 1267 0
 2834 4103 2393 2732 0
 2974 1626 5335 2437 0
 1276 2393 2834 493 0
 1652 493 2393 1276 0
 1608 2254 1338 1659 0
 2619 1286 4144 870 0
 1608 1659 1338 1278 0
 1652 2393 2359 1276 0
 2732 4103 2393 4442 0
 4083 954 4213 5261 0
 1694 1659 2254 1608 0
 3153 4213 954 5261 0
 2326 1285 1993 1608 0
 2326 1608 1993 891 0
 3112 1427 1378 3074 0
 1236 1427 1378 3112 0
 2298 4725 1627 4714 0
 1480 2435 2312 2016 0
 2312 1480 2256 1360 0
 2312 2537 2256 1557 0
 2834 3183 1242 1895 0
 145 1736 4374 1860 0
 1702 4374 2415 1736 0
 4163 2082 5148 4880 0
 2298 4710 1627 4725 0
 1601 1662 130 100 0
 100 130 113 1662 0
 1251 1573 5 1231 0
 1619 5 1231 1256 0
 2623 2248 507 4188 0
 2248 4616 507 2396 0
 5193 4116 2623 507 0
 2616 1219 2911 2342 0
 1256 1251 5 1231 0
 1249 2628 2081 2009 0
 2025 3611 2081 2009 0
 4720 2239 1627 2090 0
 1673 1204 1250 1888 0
 1440 1645 1895 1809 0
 1482 1248 1320 1522 0
 2060 3278 1895 1645 0
 4739 2069 4351 4523 0
 2395 5037 5035 4650 0
 4739 4369 2069 4523 0
 3305 3721 2034 2220 0
 5305 2034 3884 2769 0
 3098 816 3425 3813 0
 5206 3375 4057 4173 0
 2174 184 2072 2199 0
 3014 5334 4309 3790 0
 2356 3116 5325 3433 0
 2356 3116 3433 2503 0
 1425 1664 2093 1863 0
 4260 4748 2100 3639 0
 3144 4336 2100 4987 0
 2100 4748 3568 3639 0
 5206 4173 4057 4344 0
 2104 3067 1588 3054 0
 1681 1632 1280 1016 0
 2048 2442 1690 1227 0
 1295 86 1690 1837 0
 3411 5203 2260 2530 0
 2611 1519 2328 2044 0
 784 814 5252 4877 0
 2680 3411 2260 2530 0
 4970 1115 1104 2900 0
 2680 2624 2260 3408 0
 4579 2662 4957 4399 0
 130 2005 1662 1601 0
 2005 130 1662 2380 0
 2662 4365 4957 4399 0
 4579 4957 4236 4399 0
 2144 1282 1560 2102 0
 1666 1885 2418 3212 0
 4342 2624 3408 2260 0
 1885 2348 2418 2903 0
 2418 1885 1666 2791 0
 3082 2144 1560 2102 0
 3212 2903 1885 2418 0
 3411 2260 5203 4342 0
 1730 2343 3663 1851 0
 1037 943 2775 941 0
 3058 2526 4455 3225 0
 3412 4878 1261 1798 0
 4689 2343 1214 1730 0
 1214 5325 2343 3116 0
 3116 2343 1214 4689 0
 1037 941 2775 1035 0
 707 2526 5024 3225 0
 2009 1856 1270 1314 0
 2081 1856 1270 2009 0
 1567 2364 1620 1258 0
 2081 1270 1856 1674 0
 1901 1712 2255 37 0
 2829 2490 1638 1589 0
 2829 2490 546 1638 0
 4879 2734 1639 1281 0
 1281 2579 1639 3065 0
 1263 1867 1564 1606 0
 1288 2198 1280 1639 0
 4879 2734 1288 1639 0
 2579 2198 1639 1016 0
 2198 1016 1280 1639 0
 1263 1686 1606 2061 0
 2619 4144 2618 871 0
 4245 2618 4046 2619 0
 2930 1441 1944 1593 0
 1252 2597 1788 1523 0
 2619 4144 4245 2618 0
 4466 1352 1302 2227 0
 1953 1711 3192 4114 0
 4114 1711 3192 2766 0
 4284 4166 2984 4350 0
 1272 5349 1434 1795 0
 1434 1795 1480 1641 0
 5349 1795 1480 1434 0
 4501 2112 2087 4939 0
 1272 5349 1795 2331 0
 5349 28 2331 1272 0
 5349 28 1442 2331 0
 5349 2331 1480 1795 0
 5352 32 1284 2192 0
 5349 2331 1442 1480 0
 5341 1970 44 49 0
 4013 1671 4782 1397 0
 2275 904 4641 2710 0
 2496 3485 2863 2122 0
 4461 2943 4026 2122 0
 3154 3485 4461 2122 0
 151 1843 2188 1872 0
 2562 1924 1872 1721 0
 1721 95 2404 2488 0
 2562 1872 2404 1721 0
 1758 1633 1341 1272 0
 119 148 1987 147 0
 147 1987 1704 148 0
 904 2275 4641 2398 0
 2496 4423 2863 3485 0
 2123 4995 4161 4425 0
 2123 4161 3150 4425 0
 4500 4950 2782 2123 0
 731 1575 1552 1689 0
 2938 4514 3911 2840 0
 2032 4161 3150 2123 0
 3326 3679 3383 1842 0
 4686 130 1738 1662 0
 2380 1738 130 1662 0
 2032 4500 2782 2123 0
 1702 2415 88 104 0
 1702 2477 88 2415 0
 2012 1215 1651 1308 0
 1618 1858 2200 1699 0
 5344 1341 1949 1743 0
 2342 1514 1219 2911 0
 28 1633 5349 5348 0
 5349 28 1272 1633 0
 28 5349 1442 5348 0
 892 1516 1853 1246 0
 3171 1358 4418 3306 0
 1315 2134 2613 3829 0
 1219 1254 1335 2898 0
 48 1948 1902 1734 0
 1903 48 1948 1902 0
 3263 3026 1650 2563 0
 1254 1335 2898 2365 0
 1779 3227 4618 3814 0
 1266 1882 1651 547 0
 2717 5168 4548 4148 0
 3149 1495 1839 2713 0
 1839 547 1651 1882 0
 4148 5168 4548 4444 0
 4892 2140 4941 4381 0
 5036 1422 4381 1419 0
 1419 2140 4892 4381 0
 1422 4941 5036 4381 0
 2202 1570 5339 1436 0
 145 2536 1736 1860 0
 2323 2253 2814 1706 0
 1736 2492 1702 2536 0
 1860 1736 1702 2536 0
 1287 1233 1521 1284 0
 2295 912 2949 900 0
 2262 1591 1268 2378 0
 2060 2345 1207 2237 0
 2237 1342 1867 1207 0
 1882 2637 1340 1611 0
 2237 1207 2060 1817 0
 2237 1342 1207 1817 0
 1717 1440 15 1895 0
 1717 15 1576 1895 0
 1717 1809 1440 1895 0
 2602 1477 3506 3740 0
 1809 1717 1576 1895 0
 2024 1972 3343 2139 0
 1295 2084 82 5341 0
 2477 1794 72 1997 0
 72 2477 88 1794 0
 2024 3343 2225 2139 0
 2024 2225 3793 2139 0
 2024 2139 4889 4077 0
 1794 2477 88 1702 0
 1794 2477 1702 2954 0
 1860 2954 2772 1702 0
 5350 96 1981 2050 0
 1348 1233 1287 1284 0
 4522 4938 4032 2712 0
 1968 2997 4695 2395 0
 1818 3817 5347 1586 0
 1786 1818 5347 1586 0
 1818 3817 1586 2755 0
 1858 2294 1434 1719 0
 1858 2200 2294 1719 0
 2024 2139 3793 4889 0
 1809 1645 1895 3278 0
 2752 2149 2230 1222 0
 2149 4630 2923 2752 0
 2529 207 291 223 0
 4205 4630 2923 2149 0
 1475 4238 1477 3281 0
 1790 2529 291 223 0
 1971 2565 1662 100 0
 207 291 1834 2529 0
 570 3953 3839 1529 0
 3953 4140 1529 570 0
 2529 291 1834 2524 0
 1790 2529 2524 291 0
 1521 1233 1206 1343 0
 2346 1206 1233 1343 0
 100 1662 4666 2565 0
 5324 2884 2265 1770 0
 1248 37 1829 1957 0
 3717 1413 1503 1501 0
 1248 1829 1482 1957 0
 5324 2884 2006 2265 0
 222 2461 2475 2164 0
 2249 4754 4847 4112 0
 2164 222 2461 2484 0
 2061 1518 1580 1563 0
 2565 1662 4666 2466 0
 1706 2253 2307 1407 0
 3444 2162 1952 4679 0
 3542 3545 2892 1528 0
 3399 2162 4958 2233 0
 3399 2162 3444 4679 0
 5345 572 3148 568 0
 2838 3503 4291 2117 0
 1243 3941 3519 2927 0
 1243 3125 3941 2927 0
 2646 3941 3519 1243 0
 2849 950 948 1610 0
 4276 2849 3293 1610 0
 3293 2849 4276 2424 0
 2168 3712 1583 1915 0
 2168 3712 1915 2382 0
 4524 3712 1583 2168 0
 126 2084 2048 1227 0
 2145 4688 2186 1815 0
 1537 1229 2684 2179 0
 2422 2811 2179 1229 0
 1880 1537 2179 1229 0
 3474 2382 2168 5247 0
 2422 2179 2684 1229 0
 3474 2168 4321 5247 0
 3834 1880 2179 1229 0
 2811 3834 2179 1229 0
 2899 4560 2250 2180 0
 2180 2899 3119 3123 0
 2083 2319 4929 3058 0
 1341 38 2206 1743 0
 2206 38 1794 1743 0
 912 900 4929 2319 0
 2319 900 4929 3058 0
 1528 3545 2892 1529 0
 3876 4637 5176 1955 0
 3263 2002 2144 2433 0
 1527 1528 2892 1466 0
 3263 1650 2144 2002 0
 3386 4397 3229 4036 0
 148 1704 1841 2581 0
 1841 148 2581 196 0
 2002 3082 1650 2144 0
 3395 3335 2838 1539 0
 1917 2002 3082 4515 0
 4397 3386 3229 436 0
 1258 2185 2771 2824 0
 3794 1415 4366 4885 0
 2771 2185 1258 2327 0
 2838 3491 4893 3503 0
 1499 3078 4090 1500 0
 4397 3584 3229 4036 0
 2177 930 916 1873 0
 2379 1758 1341 1272 0
 2761 2998 1864 4805 0
 1732 3057 2620 1265 0
 2761 4805 1864 2599 0
 3653 4746 1531 4186 0
 4186 3697 3653 4746 0
 1416 3186 1542 1545 0
 1256 1251 1204 1963 0
 222 2475 250 1714 0
 318 1714 222 250 0
 1714 306 318 222 0
 1714 222 2164 306 0
 1714 222 2475 2164 0
 1734 1948 4456 2044 0
 4862 5248 2028 3147 0
 1603 1645 1809 493 0
 1310 493 1603 1240 0
 1106 5158 1128 1096 0
 5158 1114 1128 1096 0
 1310 493 1645 1603 0
 493 1809 1603 1240 0
 3944 2103 2850 3229 0
 2296 5186 4993 5216 0
 2296 5216 3704 5186 0
 2296 5186 3704 5087 0
 5186 4791 2296 4993 0
 3691 3944 2850 3229 0
 2296 4791 5186 5087 0
 3263 2791 2002 2433 0
 3773 5159 3332 2500 0
 4276 4083 2293 4204 0
 17 1251 1256 1963 0
 4135 3773 3332 2500 0
 3263 1650 2002 2791 0
 4243 2207 3342 4055 0
 2218 1911 1322 2141 0
 4135 4393 3773 2500 0
 1322 1911 1392 2141 0
 3902 5159 3773 2500 0
 2207 4845 4243 3342 0
 4393 4740 3773 2500 0
 4740 3902 3773 2500 0
 2136 1741 137 1598 0
 1713 5102 2353 4669 0
 4514 4824 3328 3342 0
 999 993 996 1085 0
 1771 2210 3900 2716 0
 999 994 993 1084 0
 1775 2716 2210 1771 0
 999 1084 993 1085 0
 1275 1721 2488 2447 0
 2526 4371 3225 2214 0
 1924 151 1872 1843 0
 1721 1872 2404 121 0
 4693 707 3225 2214 0
 4693 707 2214 4740 0
 2526 5247 4371 2214 0
 707 5247 2214 4572 0
 2041 1721 1275 2447 0
 2175 1721 2041 1843 0
 2098 1705 2804 2685 0
 2175 1843 151 1924 0
 1722 2584 1894 1920 0
 1722 2196 296 312 0
 1722 2545 312 2240 0
 2584 2545 1722 2240 0
 5340 1981 122 2050 0
 3089 4602 5069 4369 0
 1314 1213 3299 2020 0
 3299 2020 1213 2323 0
 3089 4602 4369 2622 0
 3089 3207 4931 5069 0
 4211 2608 3243 2040 0
 2032 5167 2217 4162 0
 1579 2389 1636 1360 0
 1636 2389 3380 1360 0
 1644 2332 3380 2389 0
 1579 2389 2435 1644 0
 3671 3144 2217 5167 0
 4187 2217 5256 4859 0
 3530 5256 2217 4081 0
 3671 2217 3144 4081 0
 1137 4211 3243 1151 0
 1333 2890 1668 2367 0
 1215 1336 1333 1668 0
 1768 1277 2041 1252 0
 2913 4616 3208 2385 0
 1606 2061 1580 2737 0
 2355 1323 4625 1967 0
 1621 1256 1673 1963 0
 1632 5336 1016 1626 0
 2701 4228 605 3370 0
 2378 3727 1591 1268 0
 2378 1675 1591 3727 0
 1580 2061 1563 2737 0
 4228 3971 2701 605 0
 1575 1673 13 1250 0
 2060 1645 1895 1817 0
 1248 1645 1482 1320 0
 904 3708 1708 2221 0
 904 1708 3073 2221 0
 2812 2052 1673 1963 0
 904 2221 3073 5209 0
 1272 1434 2035 1795 0
 2772 2031 138 1912 0
 1702 104 2492 2415 0
 1702 2536 1785 1912 0
 1702 2492 1785 2536 0
 4073 3196 2230 2149 0
 3196 4630 2149 4073 0
 3196 1583 4630 4073 0
 3196 1583 4073 4753 0
 673 4533 733 5255 0
 815 3699 785 817 0
 4073 3196 4753 2230 0
 1727 1704 1803 2371 0
 1958 2639 1255 1642 0
 1859 3727 2378 1268 0
 2378 1859 1675 3727 0
 1553 1809 1844 1354 0
 1844 3183 4103 1354 0
 1809 3183 1844 1354 0
 3836 1675 3995 4901 0
 2378 3311 2342 1675 0
 2639 1257 4455 4929 0
 1958 1257 1255 2639 0
 1912 1785 2031 138 0
 4455 3225 2639 3058 0
 1255 1393 1642 2639 0
 1785 2031 2309 139 0
 1768 41 1275 1658 0
 2012 547 1651 2713 0
 547 3149 1839 2713 0
 2713 547 1651 1839 0
 1882 1611 1340 1336 0
 4033 3909 1676 1670 0
 1605 1690 102 1837 0
 1375 1676 1589 2243 0
 1556 1638 1589 2829 0
 3666 1670 1676 3909 0
 2346 1343 1718 34 0
 2613 533 1679 525 0
 3054 1375 1589 2243 0
 155 128 2064 1733 0
 525 533 1679 1236 0
 2769 1703 3305 2760 0
 2613 537 1679 533 0
 2589 1922 1733 2213 0
 1455 2409 3385 4121 0
 2822 3887 552 2015 0
 1982 1690 102 1605 0
 726 724 777 5248 0
 667 724 5248 706 0
 1703 3305 2760 5212 0
 2822 1325 2015 3658 0
 3658 2015 2822 3127 0
 781 728 779 5236 0
 2466 2050 1662 2380 0
 1583 3713 4630 4073 0
 2380 2050 1737 2466 0
 4020 4201 3082 1769 0
 1736 107 2492 2453 0
 145 107 1736 146 0
 2791 2874 2649 2932 0
 2415 107 2492 1736 0
 1487 2932 2791 2649 0
 2029 1730 4689 3056 0
 3915 2905 1956 711 0
 4992 3152 2159 3145 0
 1515 1219 2743 1516 0
 3817 2082 1483 1973 0
 2930 1441 1867 1944 0
 1686 1263 1867 1441 0
 2930 1867 1441 1424 0
 3891 3395 1728 2838 0
 804 2336 1847 802 0
 2328 2044 1519 5352 0
 2336 804 4045 802 0
 1542 1539 5049 2838 0
 804 2336 4045 1406 0
 2336 4811 804 1847 0
 804 5110 2336 1406 0
 2336 1406 5110 2826 0
 2871 3598 1377 5222 0
 1519 2611 2677 1343 0
 175 2172 1737 1980 0
 2219 2380 1737 1766 0
 2219 2380 122 1737 0
 2219 2531 2380 1766 0
 2531 179 2380 1738 0
 1858 1699 2256 1434 0
 1699 2294 1434 1858 0
 1807 5189 2197 3318 0
 1807 3757 4678 2965 0
 130 179 1597 1738 0
 1839 1495 1325 2713 0
 1670 1525 4146 1526 0
 2306 1738 1767 2539 0
 2380 179 130 1738 0
 2299 27 1248 1712 0
 1220 1548 885 2681 0
 2531 1767 1738 2539 0
 1514 1515 1219 2743 0
 3102 1664 1425 1863 0
 1251 1573 1567 2303 0
 3102 3124 1425 1664 0
 3409 4276 4892 4204 0
 3425 861 864 2739 0
 2230 3426 2225 4738 0
 1841 2581 2544 196 0
 1783 264 1841 2544 0
 4073 2230 3343 4738 0
 3425 2111 864 861 0
 1899 1381 1954 1936 0
 1899 1263 1954 1381 0
 3898 3665 4359 2621 0
 4689 2029 2343 1730 0
 3901 4988 4541 2233 0
 2817 3891 1530 2948 0
 3399 2233 4958 4988 0
 4186 1416 1539 3428 0
 2476 4656 1903 4682 0
 1691 1564 2675 2567 0
 5029 4780 2235 2675 0
 2160 3863 1376 3223 0
 4676 2235 4780 3223 0
 1995 4594 4656 1948 0
 2160 2567 2235 1242 0
 1961 2307 3056 1685 0
 3056 1703 2003 2220 0
 4656 1903 1948 4594 0
 1534 2885 3268 4540 0
 2003 1703 3305 2220 0
 1960 2051 2589 1741 0
 3834 1586 1786 2811 0
 905 2421 4061 3060 0
 2421 905 4061 3247 0
 1686 1424 1441 1867 0
 2677 2611 25 1718 0
 175 1737 122 1980 0
 1239 1441 1686 1595 0
 1595 19 1441 1686 0
 1749 2196 1722 312 0
 2071 2880 3830 5132 0
 1386 2631 1387 1705 0
 2063 2169 2094 1749 0
 2047 2420 537 1236 0
 1749 2196 312 2183 0
 1749 2545 312 1722 0
 2420 2047 3112 1236 0
 2420 1236 3112 1585 0
 98 2048 111 1787 0
 98 2048 1787 2084 0
 2639 2083 1257 4929 0
 1958 2083 1257 2639 0
 1307 4968 3782 3131 0
 1617 2811 2422 1229 0
 2299 1712 1248 37 0
 2422 1617 1229 2282 0
 1913 1373 1988 1317 0
 2282 2422 2684 1229 0
 4613 4357 1307 4968 0
 1439 1906 2392 2138 0
 13 2392 1439 1906 0
 3376 3383 2248 4616 0
 2248 3383 3326 4616 0
 1241 731 1921 1552 0
 1446 3322 1445 4228 0
 2825 2625 1506 2905 0
 2248 3376 2396 3866 0
 1112 3052 3569 5011 0
 1652 493 1276 2299 0
 3340 3052 3569 1112 0
 1640 1524 2601 2762 0
 4648 3635 2329 3991 0
 11 1603 1440 1717 0
 1603 1717 11 1553 0
 2259 1606 3824 2737 0
 1809 1603 1553 1717 0
 4685 2329 4414 1640 0
 1603 1809 1440 1717 0
 1488 1973 1481 1554 0
 5110 2336 4811 804 0
 2336 2826 4045 1406 0
 1411 1452 3280 1461 0
 2360 2278 1720 42 0
 1508 843 2638 2723 0
 2337 3450 3277 2049 0
 1977 3178 4884 541 0
 2435 2303 1644 2894 0
 733 4850 4836 5255 0
 733 785 4850 5255 0
 3289 1395 4348 4284 0
 1467 1476 2915 1274 0
 3611 2264 3192 2025 0
 1732 2394 3057 1265 0
 3507 4295 2588 3949 0
 1732 2394 1663 3057 0
 1214 2078 5325 3433 0
 2343 5325 2029 3116 0
 2006 3062 1978 2265 0
 2006 3062 2265 2338 0
 3376 3208 4616 2385 0
 1467 1476 3522 2915 0
 2884 2338 2006 2265 0
 2817 2819 3645 4473 0
 1262 1732 1805 2808 0
 206 290 274 1752 0
 1752 290 274 2516 0
 2472 1756 4662 4673 0
 1539 3335 2838 3856 0
 5008 4730 4573 1414 0
 1456 2972 4146 1453 0
 4146 1453 2972 1475 0
 2472 4673 2474 1756 0
 1756 4673 2474 1800 0
 1815 197 2557 2515 0
 2359 4001 4442 5091 0
 4240 2961 2686 3845 0
 2299 1652 493 27 0
 2756 1485 1436 1608 0
 4782 4013 1397 4202 0
 4111 2086 2003 2093 0
 500 2030 1786 731 0
 500 2030 731 2138 0
 5343 1801 1995 125 0
 3495 4240 2686 3845 0
 1917 1487 2791 4515 0
 1487 2649 2791 4515 0
 1917 4515 4007 3013 0
 1987 1704 2371 1803 0
 2199 292 1761 276 0
 2068 1849 1920 1761 0
 4576 4157 3616 4154 0
 2068 1849 2592 1920 0
 1413 2905 711 1956 0
 318 1762 250 236 0
 1762 236 318 305 0
 236 250 2542 1762 0
 241 316 232 1764 0
 2234 2542 232 1821 0
 241 1764 232 2542 0
 241 1765 233 316 0
 2164 1868 1765 302 0
 41 1725 1523 1252 0
 944 953 951 2358 0
 1876 1888 1204 1258 0
 1669 1482 1829 1957 0
 316 1765 233 302 0
 1350 1888 1876 1258 0
 241 2475 233 1765 0
 1765 1868 218 302 0
 1224 5173 1397 4508 0
 1350 2327 1888 1258 0
 319 2545 2514 1881 0
 2219 2531 1766 2570 0
 1258 1888 2771 2327 0
 1881 308 319 2545 0
 1258 1888 1204 2771 0
 5087 865 870 867 0
 1373 1913 1206 1317 0
 1913 1988 1491 1317 0
 2204 1493 1349 2092 0
 1284 32 35 2192 0
 2272 1391 2907 1577 0
 4053 5121 3618 3510 0
 2272 1391 3618 2907 0
 2504 1764 1821 301 0
 1969 2490 3112 3053 0
 1969 1216 2490 3053 0
 2193 305 1781 289 0
 1762 1781 305 2583 0
 1343 2611 1718 34 0
 2300 1207 1669 1482 0
 1370 1669 1486 1957 0
 1671 4508 1397 5173 0
 2300 1482 1669 1957 0
 515 2248 523 2719 0
 2999 4169 2876 2369 0
 4028 2719 3284 3177 0
 4090 1501 1500 3078 0
 3213 523 3284 2719 0
 4733 2910 2813 2719 0
 3177 4733 2813 2719 0
 1783 264 280 2314 0
 1841 264 196 2544 0
 2157 1841 1783 2468 0
 2190 2166 279 1784 0
 1411 1962 1464 1452 0
 2190 1784 279 295 0
 2524 2251 2522 1784 0
 2054 1785 2492 2453 0
 160 2309 139 1785 0
 2835 1499 1455 1498 0
 4090 1502 3509 1455 0
 2054 2486 1785 2453 0
 2853 2641 1735 4737 0
 2641 3352 4737 2053 0
 2370 2705 3121 2749 0
 2157 1761 258 2072 0
 2613 1679 2814 525 0
 2279 3192 2025 1314 0
 1863 2613 2086 2307 0
 3135 2705 2370 2749 0
 2072 2157 1761 2252 0
 1451 4612 4653 2825 0
 1886 3062 3377 1978 0
 307 1790 291 223 0
 1754 1709 2974 1731 0
 223 2529 2471 1790 0
 1709 3849 2974 1731 0
 3782 3794 4653 1513 0
 5323 4799 2462 4208 0
 1341 2278 1990 1949 0
 5344 1990 1949 1341 0
 2570 1792 2509 2339 0
 258 2157 1806 2581 0
 2641 2053 4737 2853 0
 4956 4031 3647 4102 0
 4525 4351 2654 4443 0
 192 258 1806 2581 0
 1243 3355 3519 2646 0
 2157 258 2544 2581 0
 2535 3187 2706 4758 0
 2927 3492 3404 3044 0
 4683 3187 2706 2535 0
 5344 1744 1949 1990 0
 1793 1907 1989 89 0
 2481 3991 3203 3233 0
 2556 1514 2407 2342 0
 1269 1515 1219 1514 0
 1793 89 1989 2498 0
 1891 1689 1552 3143 0
 1926 1992 1745 2044 0
 1521 1948 1747 35 0
 283 199 215 1831 0
 2119 1748 1295 36 0
 2834 2732 2393 1276 0
 283 2464 299 2598 0
 1241 731 1552 1891 0
 283 2595 2464 2598 0
 1786 731 1241 1891 0
 1834 2543 275 256 0
 1592 5302 4001 4770 0
 1881 319 307 2514 0
 1790 307 2514 1881 0
 1033 2918 2775 1035 0
 2061 1595 1580 1518 0
 2834 2764 2732 1276 0
 1946 2346 1233 1343 0
 1854 2346 1233 1946 0
 1520 30 1944 1239 0
 4463 3106 5144 2569 0
 1860 2954 2010 2206 0
 4793 2775 2918 1035 0
 5144 3106 4042 2569 0
 2954 1794 2477 1997 0
 1525 3862 4146 1526 0
 4042 2672 4454 2569 0
 1527 1477 2602 4146 0
 2569 3106 2612 5289 0
 2382 2949 1915 707 0
 3274 4884 3178 2047 0
 2168 2382 1915 707 0
 5352 1948 2044 1284 0
 2392 1906 1716 2138 0
 13 1716 2392 1906 0
 1728 2948 3891 2817 0
 1528 1474 2892 1466 0
 2382 707 2168 5247 0
 1915 4570 5024 2949 0
 898 5247 2526 2382 0
 1528 1468 3022 1474 0
 1474 3022 1528 2892 0
 1567 2364 1258 2201 0
 5326 369 391 387 0
 4473 1468 2819 3645 0
 1258 2185 2824 2201 0
 431 4942 410 405 0
 1258 2201 2824 1567 0
 2549 298 1799 282 0
 4146 1453 1475 3515 0
 366 1505 370 5305 0
 4619 614 629 580 0
 1728 4233 607 629 0
 230 299 215 2464 0
 2186 265 2607 2557 0
 1756 2546 317 1800 0
 317 235 1800 304 0
 2598 1756 2546 317 0
 317 1800 2546 304 0
 5322 5324 3015 3217 0
 1575 1888 1673 1250 0
 4662 2464 1857 1756 0
 303 1756 317 2322 0
 3036 1673 1204 1963 0
 5322 3015 1832 3217 0
 2464 1756 4662 2472 0
 298 214 255 1799 0
 3015 5322 1832 2006 0
 5049 1539 3891 2838 0
 298 255 2147 1799 0
 2549 1799 298 2147 0
 5324 5322 3015 2006 0
 207 291 275 1834 0
 1310 493 1240 27 0
 2063 1749 2094 321 0
 1834 291 275 2524 0
 275 2524 2522 1834 0
 1293 1999 1893 1793 0
 1749 2545 2169 2514 0
 1293 1999 1793 2315 0
 1749 2545 321 312 0
 237 2172 2219 175 0
 175 2219 1737 2172 0
 1737 1766 2539 2305 0
 1737 2466 2148 2539 0
 304 2384 1800 2585 0
 2772 38 1794 2206 0
 304 2384 235 1800 0
 3120 4050 4172 1543 0
 304 2585 1800 2546 0
 1978 1634 1326 1886 0
 109 1981 96 4677 0
 1630 4208 5322 1832 0
 3120 1467 4172 4050 0
 3645 1529 2742 1528 0
 1978 2265 3062 3377 0
 3522 3512 2915 4108 0
 1737 4677 1981 109 0
 1326 2341 1978 1886 0
 3268 1529 2742 3645 0
 1727 2371 1806 1704 0
 1220 1548 1547 3797 0
 1430 3797 1220 1547 0
 1348 1786 1233 2131 0
 5209 3089 5238 3700 0
 500 1233 1229 1786 0
 1229 1786 1233 1348 0
 731 1786 1241 2030 0
 1241 2030 1786 1812 0
 1220 2681 3219 1548 0
 500 1233 1786 2030 0
 4891 5209 5238 3700 0
 5238 4891 3873 5209 0
 2581 2157 1806 1704 0
 258 2072 1806 2157 0
 2400 1263 2976 1954 0
 289 2583 1909 273 0
 1263 2061 1606 2553 0
 2583 2349 1909 273 0
 2166 262 279 1808 0
 2553 1606 2882 2259 0
 1954 1263 2976 2553 0
 1787 2048 1819 126 0
 1263 2061 2553 1381 0
 1310 1645 1248 1320 0
 1954 1263 2553 1381 0
 1248 1310 493 1645 0
 2755 3051 1689 1688 0
 2191 1525 1670 4863 0
 1810 274 251 2507 0
 1813 1407 3838 1425 0
 545 541 4884 3070 0
 1385 1813 1407 1382 0
 1385 1407 1386 1382 0
 4077 2139 4889 4037 0
 1603 1645 1440 1809 0
 1603 1440 1645 26 0
 1310 1603 1645 26 0
 4077 4832 2139 4037 0
 497 1405 1207 1669 0
 1669 1207 497 1482 0
 2166 262 1808 2165 0
 1840 262 195 2165 0
 3332 2500 4558 4135 0
 1669 1370 1486 41 0
 2629 2310 1961 2767 0
 1785 2536 2513 2085 0
 2543 1785 2513 2236 0
 2515 1815 197 4743 0
 1815 2187 197 149 0
 4959 4743 2515 3442 0
 4959 4743 3442 5060 0
 1348 1287 1617 35 0
 1348 2192 1284 35 0
 1715 1683 5165 4651 0
 1348 1287 35 1284 0
 3578 3332 5159 2500 0
 1341 1990 2294 5344 0
 1341 2294 1990 2278 0
 2248 2396 507 3866 0
 1990 2294 1719 2278 0
 1810 274 2507 1752 0
 2516 274 1752 2507 0
 174 1752 206 274 0
 174 274 1810 1752 0
 2167 1819 127 154 0
 2576 3122 3451 1507 0
 410 444 411 3588 0
 289 2193 1909 1781 0
 4985 3233 3991 1391 0
 794 743 795 5214 0
 196 165 188 1841 0
 188 1841 2314 196 0
 1889 3113 1731 4316 0
 4551 4641 4300 2398 0
 1709 3113 1731 1889 0
 2318 1360 1234 3380 0
 2318 1699 1234 1360 0
 3964 3233 3991 4985 0
 3010 2318 2256 1699 0
 1388 2871 1377 5214 0
 947 1429 2854 1398 0
 1826 2188 198 2308 0
 2438 1799 1826 2151 0
 2854 1429 3107 1305 0
 2437 3160 4264 914 0
 2974 3081 5335 1731 0
 3160 928 4264 914 0
 1406 5242 804 3654 0
 4264 928 5142 914 0
 2569 2672 4454 2612 0
 3096 1238 1709 3065 0
 3849 3113 1709 3732 0
 2612 2815 2672 4454 0
 2002 1560 2144 2726 0
 2974 2437 5335 3081 0
 2433 1562 2791 2002 0
 3065 1016 1709 3096 0
 4994 2726 2002 2144 0
 1889 2789 4316 1061 0
 1553 1717 1576 1809 0
 1352 1302 2597 2266 0
 207 1834 275 2223 0
 1252 1352 2227 2597 0
 1834 256 275 2223 0
 2227 1352 1302 2597 0
 3495 3845 4943 2402 0
 1810 2533 2507 251 0
 5011 3845 2402 4943 0
 1903 1902 1948 4456 0
 1275 41 1811 1658 0
 2476 4656 4594 1903 0
 1810 182 2533 251 0
 2544 258 1761 276 0
 1905 2467 4507 2381 0
 13 1716 1906 1575 0
 237 2216 267 2135 0
 4628 3713 3361 1583 0
 3269 3598 2871 4624 0
 2570 1831 2135 2509 0
 2406 5172 4245 2871 0
 2504 2317 1821 2583 0
 4628 3361 3608 1583 0
 2504 301 1821 2317 0
 1863 2086 1315 2093 0
 1315 2613 2086 1863 0
 2190 1701 1784 295 0
 2251 1701 1784 2524 0
 2505 1701 2291 2524 0
 1315 2176 2086 2613 0
 2176 2086 2934 1315 0
 2093 2934 2086 1315 0
 2570 1767 1792 2339 0
 2350 308 1849 2545 0
 1821 269 1698 2317 0
 537 1213 1236 2420 0
 4208 4129 3594 2778 0
 2215 269 1698 1821 0
 1891 1689 3143 1481 0
 3594 1209 2433 1832 0
 1826 198 266 2308 0
 1891 1488 3817 1483 0
 1849 308 1881 2545 0
 320 2132 322 2560 0
 2132 322 2510 320 0
 2420 1213 1236 3299 0
 2437 3687 1681 3708 0
 4636 1905 2381 1904 0
 2097 407 5205 4776 0
 407 4110 4452 3538 0
 2420 1236 1585 3299 0
 2324 2456 4756 2399 0
 3217 3166 2994 3263 0
 3217 2994 3015 3263 0
 1863 1315 3508 3553 0
 1693 1290 4754 3501 0
 3217 3166 3263 1832 0
 1310 1248 1919 1320 0
 1910 4080 4678 1807 0
 3263 3217 1832 3015 0
 1910 3115 1892 3886 0
 1236 2596 1378 2325 0
 1910 5064 1408 2632 0
 2227 63 1352 1252 0
 1895 1623 1205 1342 0
 2227 63 62 1352 0
 1957 1829 1486 37 0
 1363 3974 1367 4857 0
 2998 3019 4609 1848 0
 1251 1573 1231 1567 0
 2160 1576 1376 1232 0
 4971 4350 4166 5278 0
 1576 1232 2160 1895 0
 1576 1895 2160 3850 0
 2955 5298 3098 1366 0
 5255 673 4509 733 0
 5321 1480 1579 17 0
 1894 264 280 1783 0
 1894 264 1783 2544 0
 1575 3718 1880 1537 0
 2998 3019 3996 4609 0
 4096 3098 1367 4890 0
 2166 1808 279 1784 0
 2332 1360 3380 2389 0
 1579 2389 1360 2435 0
 1901 1919 1672 1248 0
 4178 3406 1021 1008 0
 1569 2897 4307 3345 0
 1919 27 1672 1248 0
 2389 2435 2332 1360 0
 1694 2254 1659 3682 0
 1737 2148 2466 4677 0
 3074 1378 2490 1638 0
 1378 2047 2036 1607 0
 1637 2778 1630 1832 0
 1403 1298 1209 1832 0
 1533 2334 2018 1897 0
 2018 3923 2334 2327 0
 2215 1698 2604 1852 0
 2583 1821 1852 1698 0
 2272 2907 2675 2780 0
 2205 2215 2604 1852 0
 1832 1637 1403 1326 0
 1577 2907 2272 2780 0
 2581 141 1806 192 0
 1744 1743 1949 51 0
 1402 2638 4415 1508 0
 2581 2371 1806 141 0
 1465 4415 2987 2638 0
 4415 2638 1465 1508 0
 2638 1402 4415 2987 0
 2683 3549 1598 2184 0
 1292 4288 1930 4215 0
 1926 2005 1971 5340 0
 145 195 2229 1736 0
 2229 1736 2453 146 0
 1295 1837 1227 36 0
 1605 1227 1837 36 0
 1840 2536 195 2513 0
 1840 1808 262 2165 0
 1686 1205 19 1424 0
 1867 1342 1205 1424 0
 1686 1424 1867 1205 0
 3467 688 692 685 0
 1263 1867 1606 1686 0
 1216 1588 173 1969 0
 4677 2050 96 2565 0
 2466 2565 2050 4677 0
 1216 2121 173 1588 0
 1909 221 2482 1781 0
 221 2542 2482 1781 0
 1841 147 196 165 0
 4042 3106 2672 2569 0
 1909 221 2273 2482 0
 148 147 1841 1704 0
 5341 1919 1320 1898 0
 1919 2119 5341 1320 0
 2792 1724 3496 2783 0
 5342 5341 1919 2119 0
 2792 1724 2783 3878 0
 5222 824 4605 3452 0
 3452 692 3467 4125 0
 2569 3106 2672 2612 0
 2612 2815 3106 2672 0
 237 2216 2135 1766 0
 2135 1766 1831 2570 0
 1961 2818 2310 1407 0
 242 2507 270 1830 0
 1802 2562 1872 2555 0
 3024 3727 2637 1797 0
 1843 95 121 1721 0
 1721 1843 1872 121 0
 4042 3106 534 2672 0
 5342 1919 1672 1901 0
 1796 1590 2876 4603 0
 3106 2815 534 2672 0
 1830 2507 2095 242 0
 2369 4603 2876 1927 0
 4169 1796 2876 2369 0
 241 316 1764 1765 0
 2274 170 2195 1986 0
 241 1765 1764 2475 0
 241 1764 2542 2475 0
 1714 2475 250 1762 0
 318 1762 1714 250 0
 2475 1762 2542 250 0
 1767 2298 1597 4700 0
 179 2298 1597 1767 0
 3978 5270 3593 854 0
 2531 179 1738 1767 0
 188 1841 1783 2314 0
 2445 2333 1783 2428 0
 236 305 1762 1781 0
 2135 1831 267 2509 0
 5096 1759 3433 1214 0
 2547 1762 305 2504 0
 2504 1762 305 2583 0
 1373 1931 5349 1234 0
 464 1759 471 1214 0
 2158 292 1849 1761 0
 1373 1234 5349 1636 0
 1759 3116 3433 1214 0
 1603 1938 1440 26 0
 2052 1537 1604 1963 0
 292 308 2158 1849 0
 1761 2079 1849 1920 0
 1761 2079 1920 2523 0
 2350 2545 1849 2584 0
 843 748 710 2638 0
 2138 731 1241 2030 0
 500 1233 2030 1854 0
 2030 1855 1241 2138 0
 1342 1440 1895 15 0
 1854 1855 2138 1439 0
 1439 2138 1937 1855 0
 316 232 1764 301 0
 232 1986 1821 301 0
 2638 1374 710 843 0
 1301 2341 1832 1298 0
 2638 748 710 3287 0
 1881 2169 2514 1790 0
 2638 3287 710 1374 0
 1881 2169 1790 2471 0
 1764 232 1821 301 0
 2190 1701 295 311 0
 2471 2169 1701 2001 0
 2063 1701 2094 2169 0
 2068 2445 1761 1920 0
 4122 4827 5257 2971 0
 1615 1331 3 1259 0
 4005 2374 3011 636 0
 3011 636 2374 2936 0
 1619 1256 1231 1 0
 2505 2524 291 1790 0
 1963 2052 1673 1621 0
 2052 1963 1604 1621 0
 174 274 2311 1810 0
 5071 3114 1571 2221 0
 1913 1373 1931 1983 0
 2504 1821 2542 2583 0
 190 1799 214 1869 0
 2547 301 1764 2504 0
 190 2308 1799 1869 0
 2839 1967 3438 2355 0
 3079 1709 1754 1889 0
 1709 3849 1731 3113 0
 2777 1732 2707 1220 0
 2777 1732 2808 3275 0
 3553 1863 1315 2093 0
 3553 1863 1664 2793 0
 3553 1664 1863 2093 0
 1517 4006 2225 2230 0
 3207 3099 4931 4235 0
 1874 167 2308 190 0
 1262 1732 1663 1805 0
 4705 1857 4707 1756 0
 1756 1857 2000 2595 0
 2000 1756 2595 2598 0
 2394 2792 3496 2783 0
 3433 3116 1759 2503 0
 2395 1420 2997 4695 0
 1787 1819 111 2167 0
 1968 4887 4375 1648 0
 1831 1792 2571 1857 0
 1269 2254 1694 3682 0
 2688 3523 3475 3048 0
 3048 3475 2688 4590 0
 1868 2516 270 286 0
 2682 4004 5272 4095 0
 4566 421 3048 5237 0
 171 1830 1878 202 0
 3006 3048 2688 4590 0
 2928 5277 5272 2682 0
 171 1830 2182 1878 0
 4069 4403 3458 3621 0
 1348 2131 1284 2192 0
 5352 1284 2131 2192 0
 230 315 1861 238 0
 238 2474 315 1861 0
 230 1861 2472 238 0
 238 2472 2474 1861 0
 4403 3146 2489 4398 0
 1604 1636 1442 17 0
 1295 5341 1970 2119 0
 2223 256 191 1785 0
 1785 256 2236 2543 0
 1834 256 1785 2543 0
 213 2186 1883 189 0
 4392 2083 2699 2496 0
 5351 5340 2611 1926 0
 4688 2145 2186 1883 0
 2223 256 1785 1834 0
 1785 256 191 2236 0
 731 1575 1880 1906 0
 2699 2496 2122 4392 0
 1218 3275 1456 3528 0
 3807 1218 3275 1456 0
 73 1949 1744 1907 0
 262 1840 195 2543 0
 1808 1840 262 2543 0
 2273 1852 1909 2482 0
 1909 1852 2583 2482 0
 1439 1854 2729 2357 0
 1854 1946 1855 2729 0
 2729 1854 1946 2357 0
 1811 75 1725 1275 0
 2189 161 1806 2174 0
 1808 2522 2543 262 0
 1997 1794 72 1743 0
 286 218 202 1868 0
 270 1868 1878 1830 0
 1765 2475 2461 2164 0
 2435 4198 2499 18 0
 2110 2533 182 137 0
 286 302 218 1868 0
 3781 3957 2499 2902 0
 2110 182 2533 1810 0
 1868 2516 1830 270 0
 2583 1781 305 289 0
 3781 3957 5210 2499 0
 1787 2048 111 1819 0
 2583 1909 1781 289 0
 1722 1894 296 280 0
 2196 1722 296 280 0
 5210 2499 4842 3614 0
 4312 5175 5275 3276 0
 3483 2395 4650 4825 0
 3844 2689 3145 4271 0
 4456 1734 1902 1948 0
 3145 3844 2102 2689 0
 1891 731 1552 1689 0
 4271 2689 1590 383 0
 2689 1590 4603 2876 0
 1802 151 2188 1872 0
 1854 1233 1206 500 0
 1854 1206 1233 2346 0
 4178 4854 4835 3264 0
 1924 151 1802 1872 0
 4299 4835 3264 5224 0
 1854 2729 1855 1439 0
 1439 1855 1937 2729 0
 5224 4178 4835 3264 0
 2414 1803 117 1727 0
 2017 1131 2518 1145 0
 5287 2017 1145 1131 0
 2791 1885 1666 4243 0
 3263 1650 2791 1666 0
 1949 1990 2626 42 0
 2315 42 1949 2626 0
 1949 2278 1990 42 0
 2155 319 1881 308 0
 1301 3152 1299 1296 0
 1278 1700 1443 1642 0
 3152 2372 1299 1296 0
 2756 2326 1608 1285 0
 1786 3339 5347 1582 0
 4722 3152 1301 1296 0
 3132 4438 3019 4272 0
 1799 1869 298 214 0
 1749 2063 263 2183 0
 2321 263 2063 2183 0
 3816 4742 2126 2552 0
 5234 2552 463 2126 0
 2126 2552 4742 5234 0
 2215 2026 2212 2222 0
 2430 2026 2212 2215 0
 230 1861 315 299 0
 2683 3549 1741 1598 0
 1741 2683 2051 3549 0
 1741 2051 2589 3549 0
 230 299 2464 1861 0
 230 1861 2464 2472 0
 1802 2188 198 1826 0
 5208 2530 4061 4400 0
 1964 1924 2562 1721 0
 1910 1846 4124 2197 0
 4759 3411 2680 2530 0
 1964 2404 2488 1721 0
 1240 1603 1553 1809 0
 4963 4759 2680 2530 0
 2171 2373 1982 181 0
 3072 1555 1215 1750 0
 3746 2685 2458 2383 0
 2260 5203 4061 2530 0
 181 2137 2373 1982 0
 181 2137 1982 134 0
 2184 1901 2146 5342 0
 1901 1248 37 1522 0
 1522 37 1901 1742 0
 2184 37 1901 2255 0
 1878 1868 202 1830 0
 4733 2323 2685 2458 0
 2813 2910 2248 2719 0
 2383 4733 1953 3192 0
 286 1868 202 1878 0
 2530 4963 5208 4061 0
 4061 5203 4400 2530 0
 2813 2910 4188 2248 0
 116 1960 2419 1918 0
 4813 5041 4254 2540 0
 2630 2312 1641 2912 0
 5353 97 81 4656 0
 116 2136 1918 136 0
 1751 3011 1355 4035 0
 2311 274 251 1810 0
 1990 2278 2360 42 0
 1430 4172 2687 1431 0
 4863 2790 1670 3042 0
 500 1880 1229 1537 0
 1575 1537 1880 1906 0
 1794 104 1702 88 0
 1794 2031 2772 1702 0
 2878 4781 3560 5159 0
 13 1906 1439 1247 0
 2878 3560 1823 5159 0
 2592 2169 2089 1749 0
 1495 3149 1877 1496 0
 1496 1962 4588 1877 0
 2592 2545 2169 1749 0
 1217 1496 1877 1411 0
 5342 1672 2255 1901 0
 1742 2146 2493 2578 0
 3549 2184 2683 2146 0
 1995 1602 69 1747 0
 2070 2592 2089 1749 0
 1920 1783 1722 2428 0
 1894 1920 2584 2523 0
 1877 1217 1495 1496 0
 1496 1962 1877 1411 0
 556 2822 3887 552 0
 948 950 2775 1610 0
 1745 1992 1836 68 0
 1999 1987 2371 1803 0
 1793 1999 1893 1803 0
 1788 1302 4338 1599 0
 1677 3628 1199 2551 0
 4466 2227 1302 4468 0
 4642 1802 2564 1826 0
 2564 2562 1802 4642 0
 2354 1908 1881 257 0
 463 2552 443 2126 0
 1908 2471 1881 257 0
 1913 1330 1206 1317 0
 1330 1913 1491 1317 0
 1330 1913 2019 2115 0
 1330 1913 2115 1491 0
 1330 1931 2019 1913 0
 3816 4516 4742 2552 0
 1293 1907 2315 1793 0
 2552 3816 5220 2126 0
 1672 27 1712 1248 0
 4759 3411 2530 2554 0
 1832 1634 1637 1326 0
 1403 2341 1832 1326 0
 5342 1672 33 2255 0
 1630 1634 1637 1832 0
 1819 2026 2212 2451 0
 1819 2469 2212 2048 0
 4759 3414 3411 2554 0
 228 2428 1783 2333 0
 2070 2428 2592 1722 0
 2071 2630 2880 2720 0
 1893 1999 2371 1803 0
 2045 1371 1643 841 0
 1643 1371 2045 2938 0
 3414 1068 3411 2554 0
 3411 1068 5203 2554 0
 1856 2009 1697 1314 0
 497 1669 1486 41 0
 2630 2993 2880 2720 0
 497 1523 1669 41 0
 1919 1310 27 1248 0
 2993 2831 2880 2720 0
 1366 4183 861 862 0
 1715 983 5211 981 0
 2071 2880 5132 2720 0
 2009 1213 1697 1314 0
 1742 1901 2146 2184 0
 2880 4489 5132 2720 0
 428 3192 2025 2279 0
 41 1725 1252 1275 0
 41 1811 1725 1275 0
 2109 2182 2213 1733 0
 34 1926 1745 2044 0
 2182 2213 1830 2270 0
 2270 2182 2213 2109 0
 1860 2206 2772 2954 0
 1939 2650 3858 2359 0
 1733 2213 1922 2182 0
 2213 2080 2182 1830 0
 2215 2212 2604 2222 0
 1922 2213 2080 2182 0
 1907 1949 1744 2626 0
 5133 3391 1357 1353 0
 884 2651 2556 2911 0
 2651 2743 2911 884 0
 2397 1814 2034 4174 0
 2136 2110 1918 136 0
 1699 5349 1931 1234 0
 1349 1699 1931 1234 0
 2294 5349 1699 1434 0
 2138 1716 2392 1921 0
 1921 1716 9 1552 0
 2258 1918 2110 136 0
 2138 1921 2392 1937 0
 190 1874 214 1799 0
 1874 190 2308 1799 0
 2641 3352 3398 4737 0
 4140 2817 1529 1530 0
 3433 516 2078 524 0
 2948 1728 3953 2817 0
 4799 2670 2956 1757 0
 2158 1881 1849 308 0
 2248 4616 2623 507 0
 1637 5098 2670 2778 0
 2707 1479 3496 3807 0
 2534 3807 3496 1479 0
 2222 126 1819 2587 0
 1653 4775 4436 1655 0
 2349 1909 2205 1852 0
 5193 2623 4616 507 0
 1909 2170 2193 273 0
 2273 2205 1909 1852 0
 1657 1798 1943 3057 0
 2534 3496 1724 1479 0
 142 4520 3864 1599 0
 2189 192 1806 141 0
 1727 2133 2189 141 0
 1727 2189 1806 141 0
 3358 2738 3710 4891 0
 2738 5140 4963 4979 0
 2772 1702 2031 1912 0
 34 1601 1836 1926 0
 2044 1926 2611 34 0
 1343 2044 2611 34 0
 195 1736 1840 2229 0
 195 2536 1840 1736 0
 1425 2947 1863 2307 0
 2307 3168 1863 2613 0
 2060 3278 2345 1895 0
 1920 2545 1722 2584 0
 1920 1722 2592 2428 0
 1920 2545 2592 1722 0
 2198 1804 1578 1280 0
 1858 3010 2427 2256 0
 5026 2024 2004 1060 0
 1373 1206 1931 1234 0
 1330 1206 1931 1913 0
 1330 1931 1206 1349 0
 1913 1206 1931 1373 0
 1349 1931 1206 1234 0
 3038 3900 3020 1771 0
 3009 1060 2004 2024 0
 3590 2348 4702 2433 0
 3009 2004 2943 2024 0
 2951 2024 2004 5026 0
 1634 2006 1978 1832 0
 5324 2006 3015 2265 0
 3729 1932 3552 2842 0
 4879 1288 2124 2073 0
 4879 2770 1288 2073 0
 2070 228 1722 253 0
 2070 1722 1749 253 0
 253 228 1722 2196 0
 2876 1590 3377 3152 0
 1805 1732 3275 2808 0
 2698 2403 2416 3353 0
 2808 2777 3275 4437 0
 1749 1722 2196 253 0
 2311 2110 182 137 0
 1722 1894 280 1783 0
 2698 2470 2403 3353 0
 2314 1722 280 1783 0
 1722 1920 1894 1783 0
 1761 258 2199 276 0
 2215 240 1698 269 0
 2215 2222 2604 240 0
 4169 3377 2876 1796 0
 2215 240 2604 1698 0
 2215 2195 2222 240 0
 2215 2195 240 269 0
 4712 1923 1985 4715 0
 3119 2899 3770 3100 0
 2142 271 1923 3313 0
 2246 2142 1923 3313 0
 1561 4603 2876 2102 0
 2776 4590 4795 5030 0
 2755 3167 3174 1586 0
 1561 2102 2876 2846 0
 2369 2846 2876 2999 0
 2641 2755 3167 3174 0
 2299 37 1248 1957 0
 1829 1248 1522 37 0
 228 2428 2070 1722 0
 228 1722 2314 1783 0
 2790 1526 1670 3172 0
 2512 4238 4146 2972 0
 2553 1263 2976 1606 0
 228 2428 1722 1783 0
 3172 1670 4238 1526 0
 1263 2976 1606 1564 0
 1586 3174 2755 3817 0
 1252 63 1352 2041 0
 2041 1277 1352 1252 0
 1909 273 2193 289 0
 1733 155 2182 2064 0
 2589 129 1733 1922 0
 1733 2051 129 2589 0
 2064 2182 1922 178 0
 1922 129 2108 2589 0
 1854 1946 2357 2346 0
 2677 1519 1946 2088 0
 2614 4569 4225 3650 0
 1519 2677 1946 1343 0
 2346 1946 2357 1718 0
 1640 1524 16 2601 0
 1640 2329 16 1524 0
 2116 1411 3539 1496 0
 2116 1496 3539 3869 0
 810 1291 5042 4160 0
 2116 1496 3869 3887 0
 1284 1343 1233 1521 0
 2116 1217 1411 1496 0
 1492 5325 2029 3529 0
 2410 3377 3062 4021 0
 1390 5325 2343 2078 0
 1382 1705 1386 2277 0
 1410 2721 3064 2685 0
 2098 2685 2721 1410 0
 5208 5166 3599 3402 0
 3100 2899 3123 3119 0
 2323 2685 2098 1410 0
 2865 1591 3421 3836 0
 1410 2020 2685 3064 0
 5166 3402 5208 4405 0
 3305 3124 2850 2093 0
 5212 2850 2103 2093 0
 2101 1378 542 1607 0
 1378 1607 2036 542 0
 1707 474 2606 2869 0
 1891 5347 1812 1786 0
 3843 3673 5199 4314 0
 1745 53 45 4456 0
 1745 53 4456 1992 0
 370 392 1505 386 0
 3226 2759 3859 2788 0
 2608 4211 2830 2040 0
 5104 3574 1426 2413 0
 3574 5104 1379 1692 0
 1843 1721 2041 95 0
 2984 2955 1366 5298 0
 2713 1651 1215 1839 0
 3986 4034 3677 1394 0
 1877 3149 4588 1496 0
 1999 1987 148 2371 0
 1999 1987 2335 148 0
 1775 1851 2210 1730 0
 1949 1743 1997 51 0
 2903 2433 1209 1932 0
 1932 2433 1209 1297 0
 60 2494 61 1997 0
 1997 1743 57 51 0
 1997 2494 61 1949 0
 5344 1743 1949 1744 0
 2433 1209 1297 1298 0
 1410 2323 2685 2020 0
 2020 2323 2685 4733 0
 511 519 3911 4055 0
 511 3911 519 2746 0
 511 2774 3911 2746 0
 2943 1820 2699 3393 0
 2699 1820 4484 3393 0
 1768 2041 2175 1964 0
 4434 3049 2621 4601 0
 2760 3305 3884 2850 0
 4247 1571 3089 2855 0
 5209 3073 3265 2622 0
 2622 4602 4369 3809 0
 4247 3664 2855 3089 0
 1844 1354 4442 2359 0
 5353 1801 97 4656 0
 2622 5209 4602 3265 0
 3230 3341 4578 2623 0
 1313 1329 3786 1346 0
 3909 3666 1670 3128 0
 2790 1525 1670 1526 0
 56 1966 1742 46 0
 4863 2790 1525 1670 0
 56 2493 1966 2525 0
 5341 1970 1966 44 0
 1522 1742 1966 46 0
 1966 1970 5341 2119 0
 65 48 2154 1903 0
 1606 2061 2737 2553 0
 2061 3076 2553 1381 0
 2737 2061 3076 2553 0
 2623 4578 3347 3341 0
 1285 1700 1278 1642 0
 1608 1278 1338 1443 0
 2189 2174 1806 192 0
 2442 82 2084 98 0
 82 2442 2084 1295 0
 989 5231 990 1081 0
 2324 1509 4756 2866 0
 2866 1509 2249 1845 0
 4756 1509 2249 2866 0
 2079 1849 1920 2584 0
 2445 1783 1920 2428 0
 2015 552 2822 3127 0
 1920 2079 2584 2523 0
 556 3127 2822 552 0
 1936 1596 1680 24 0
 4806 4175 3679 2623 0
 1748 1966 55 46 0
 1522 46 1966 1748 0
 1970 2525 44 49 0
 1970 55 1966 2525 0
 1966 55 1970 1748 0
 4759 3408 2680 3411 0
 2448 1404 508 516 0
 4759 4667 2680 3408 0
 2479 84 1971 1836 0
 1836 100 84 1971 0
 5225 2448 3663 1214 0
 5225 3663 2448 4812 0
 944 942 3468 3309 0
 508 2448 4812 1404 0
 1254 1853 892 888 0
 1254 1853 1219 1246 0
 892 1853 1254 1246 0
 2941 3082 1560 2102 0
 2941 3082 1769 1917 0
 1960 2213 2452 2110 0
 1917 3082 1560 2941 0
 1918 1960 2419 2452 0
 1408 2324 2456 3181 0
 1966 2773 2146 5342 0
 795 5214 827 794 0
 2324 1408 2456 2399 0
 1960 2683 2051 1741 0
 2456 1408 5064 2399 0
 2683 1741 2136 1598 0
 1408 2456 4727 3181 0
 17 1579 1251 1963 0
 2323 2458 2800 1705 0
 3746 3798 2458 2685 0
 56 1966 2493 1742 0
 2685 2323 1705 2458 0
 3746 3043 2458 3798 0
 1742 2493 2146 1966 0
 110 2467 2566 4507 0
 4950 1565 2640 2877 0
 1269 1859 2378 1268 0
 1590 3145 2876 2689 0
 2375 4950 2640 4500 0
 3633 748 843 2638 0
 3633 2638 3287 748 0
 1287 1521 2092 35 0
 4708 1297 1932 2942 0
 4409 4697 2102 3956 0
 3495 2686 3379 4943 0
 3379 2686 3329 4943 0
 3495 3845 2686 4943 0
 35 1287 1521 1284 0
 5348 1983 1373 1988 0
 2481 3832 3991 1391 0
 1913 1373 1983 1988 0
 2019 1913 1983 2115 0
 5344 2019 1983 2115 0
 4243 2874 3734 2649 0
 2974 1016 1754 1626 0
 100 1662 1971 1601 0
 1836 1601 100 1971 0
 1662 2005 2050 1971 0
 1016 1625 1754 1626 0
 2732 5174 4442 2481 0
 2649 3734 419 2244 0
 1487 2244 2649 419 0
 1917 1487 4515 3013 0
 2689 3145 2876 2102 0
 2686 3845 3329 4943 0
 2876 1590 3152 3145 0
 2649 3734 4243 2869 0
 1330 2204 1349 2092 0
 119 2414 1987 2498 0
 119 148 93 1987 0
 2414 1704 1803 1727 0
 198 151 2188 1802 0
 2115 1988 1983 38 0
 2717 4148 3700 5168 0
 2930 1867 1405 1944 0
 2930 1342 1867 1424 0
 1989 77 93 2417 0
 1989 1949 77 2417 0
 1989 2498 1987 1803 0
 1987 93 2335 148 0
 1989 1793 2498 1803 0
 2717 4148 3732 3700 0
 48 43 1734 1902 0
 5289 4568 4431 3106 0
 4159 4431 2495 3106 0
 2302 1990 2360 42 0
 39 2294 1719 1990 0
 3045 5137 4548 3630 0
 4148 3045 4548 3630 0
 2008 2211 2469 2451 0
 4148 3045 3630 3775 0
 2209 1871 1642 1322 0
 3775 3045 3630 4608 0
 3573 3690 4882 1776 0
 3573 3652 3690 1776 0
 1992 53 2577 68 0
 116 103 2478 1960 0
 1779 1777 2914 2497 0
 1745 53 1992 68 0
 1960 103 2478 2683 0
 1777 3104 2497 2506 0
 2497 1777 3185 1779 0
 2683 2478 2454 103 0
 1777 2506 2497 3185 0
 951 3936 2358 953 0
 1235 1944 1976 2266 0
 2136 2683 1960 1741 0
 2358 3936 1041 953 0
 2136 1960 137 1741 0
 2674 4263 5068 4905 0
 3936 1041 3388 2358 0
 3936 2358 3388 951 0
 1947 2587 2008 1690 0
 2086 2253 2029 2307 0
 1776 3573 3652 3623 0
 1995 101 85 1602 0
 4456 4594 1948 1903 0
 1801 1995 4507 2566 0
 2903 1494 3455 3552 0
 2903 2842 3552 1932 0
 2383 4733 2685 2458 0
 2020 4733 2685 2383 0
 2170 1309 2273 205 0
 2097 394 4513 5205 0
 2205 2273 2430 2444 0
 387 1942 405 4942 0
 2086 2003 2093 1863 0
 2044 1992 5351 1926 0
 2003 2307 1863 2086 0
 5350 1971 5340 1926 0
 2040 2830 2837 5284 0
 2356 538 2503 532 0
 5284 5313 3859 2837 0
 1163 1173 2837 3427 0
 1163 3427 2837 2040 0
 60 1774 3136 1997 0
 5289 2815 2612 4631 0
 76 1774 3136 60 0
 4618 4180 2914 1779 0
 3807 3392 1456 1479 0
 2010 2379 1758 2206 0
 1803 2133 105 117 0
 1793 1803 2133 105 0
 1803 1727 2133 117 0
 1982 1947 1690 1605 0
 2379 1758 2206 1341 0
 103 2683 2136 1835 0
 2136 103 1960 2683 0
 116 1960 2136 103 0
 777 807 809 5248 0
 4529 4276 2106 5217 0
 1384 1294 3721 2614 0
 4813 5041 2540 2679 0
 2220 4225 3721 1294 0
 2220 1294 3721 1384 0
 1294 4225 3721 2614 0
 1793 89 2498 105 0
 1803 1793 2498 105 0
 2680 2260 4061 2530 0
 4963 2680 4061 2530 0
 2680 2624 4061 2260 0
 4529 5292 4276 5217 0
 2442 86 1690 1295 0
 1982 2211 102 1690 0
 1982 2008 1690 1947 0
 1982 2211 115 102 0
 1693 1290 3501 1929 0
 2399 1929 3501 1290 0
 4271 4075 383 4118 0
 2744 4824 3235 2648 0
 3513 368 1230 1351 0
 4722 2144 1301 3152 0
 2144 3152 4722 4992 0
 2426 102 2211 1690 0
 2426 2442 102 1690 0
 4271 4075 4118 3694 0
 1864 1890 1097 1580 0
 1404 458 471 1214 0
 1848 3019 4609 4379 0
 3937 471 1214 1404 0
 471 458 1404 468 0
 471 468 1404 3937 0
 3937 471 5096 1214 0
 2954 1794 1997 2206 0
 1743 1341 38 5344 0
 1618 1493 1349 2200 0
 38 1758 1633 1341 0
 2587 2008 2137 1947 0
 1528 3514 1474 1466 0
 2587 2212 2137 2008 0
 1826 167 2188 2308 0
 1528 1468 1474 3514 0
 2005 1662 2050 2380 0
 1601 1662 1971 2005 0
 2809 3202 528 5187 0
 2835 3101 1498 1962 0
 2951 4453 1972 4832 0
 5351 1992 4644 1926 0
 1962 3739 2835 3101 0
 1815 2557 2145 2515 0
 4112 1726 3822 4847 0
 1380 1235 1899 31 0
 31 2725 1899 1936 0
 31 1520 1235 1899 0
 1652 1240 1939 1354 0
 2248 531 2719 2910 0
 523 2248 3529 531 0
 4847 1726 3118 5089 0
 3822 1726 3118 4847 0
 2295 2949 895 900 0
 1450 2987 3287 1511 0
 895 2295 900 4003 0
 1970 2463 70 55 0
 273 2349 2170 249 0
 1748 1970 70 55 0
 2444 2215 1852 2274 0
 2205 2215 1852 2444 0
 1753 4440 2127 3913 0
 1942 387 3650 4942 0
 2209 2580 3811 1911 0
 1756 1857 4707 2000 0
 2386 1792 2595 2246 0
 2246 2000 1857 2595 0
 2001 227 252 1701 0
 2529 2231 2001 1701 0
 1443 2209 1322 2218 0
 2218 2209 1322 1911 0
 2435 1360 2312 2332 0
 2434 4688 2145 2457 0
 2145 4688 1815 2457 0
 2932 2348 1562 2418 0
 2418 2433 2348 1562 0
 1885 2418 2348 2932 0
 1970 5341 2480 66 0
 1295 1970 70 1748 0
 3800 3685 4240 2686 0
 2480 1295 5341 1970 0
 1779 2703 2914 1777 0
 1492 3288 2029 1267 0
 2686 3379 1093 4298 0
 1029 2686 1093 4298 0
 1575 1888 1250 1533 0
 116 2419 1960 2478 0
 1442 5349 1480 1636 0
 1373 5349 1442 1636 0
 5348 1373 5349 1442 0
 1247 1373 1206 1317 0
 1864 1890 2737 3996 0
 5123 2737 2259 3824 0
 2182 2095 178 242 0
 2019 1913 1931 1983 0
 2019 1931 5349 1983 0
 2294 2019 1699 5349 0
 5344 2019 5349 1983 0
 3811 1517 2225 2230 0
 3963 2688 3475 3956 0
 4697 2688 3475 4590 0
 2688 4697 3475 3956 0
 2875 1710 3135 2370 0
 3811 3765 1517 2230 0
 1584 3915 2825 2905 0
 3779 1624 2370 1710 0
 1900 2807 2832 5327 0
 1487 2932 2649 2244 0
 1562 2932 2791 1487 0
 2832 1900 1400 2807 0
 4691 3980 5165 5211 0
 3317 5181 2568 4664 0
 1604 1636 1373 1442 0
 5267 3295 2872 5250 0
 5250 3118 2872 5267 0
 1874 2438 214 1799 0
 2422 2906 2684 2179 0
 5250 3240 3118 5267 0
 1407 2631 1383 1386 0
 2006 1978 1832 3015 0
 1386 1383 1407 1385 0
 2097 437 407 4452 0
 1330 2092 1206 1521 0
 1832 1630 4208 2778 0
 1637 1832 1403 2778 0
 2612 2815 4454 2503 0
 2237 2567 1691 2160 0
 1691 2567 2235 2160 0
 2237 2345 2567 1242 0
 2907 1242 2567 2345 0
 1982 135 115 2211 0
 1875 3056 2003 5108 0
 1217 1411 1877 1462 0
 1749 321 2183 312 0
 2612 2503 4454 3927 0
 4017 2612 3927 3086 0
 1411 1962 1877 1462 0
 3710 4891 3873 5238 0
 2343 1214 3663 2078 0
 1730 2343 1214 3663 0
 1799 2549 282 2242 0
 3838 3338 1998 2250 0
 5350 64 4644 5351 0
 2277 1382 3338 1998 0
 1519 2131 1233 2030 0
 1946 1519 1233 2030 0
 2030 1233 1786 2131 0
 1998 3838 2250 1813 0
 1233 1946 2030 1854 0
 1348 1582 2131 2192 0
 2490 542 2036 546 0
 2490 3570 2036 4864 0
 2044 1745 34 1521 0
 1998 3838 1813 1382 0
 34 1836 1745 1926 0
 2083 2639 2209 2580 0
 2163 265 2186 2161 0
 1998 3838 1382 3338 0
 3145 2798 5249 4271 0
 1633 1988 1983 5348 0
 1566 2929 4685 1695 0
 1261 4282 1657 1943 0
 1272 2294 2278 2035 0
 1566 2705 2929 3107 0
 2861 4951 2929 2705 0
 1719 2278 2035 1720 0
 2929 4951 2861 3964 0
 1276 2393 2359 2481 0
 2887 1311 2596 2325 0
 1311 4745 2887 2596 0
 1276 2732 2393 2481 0
 1737 2050 122 1981 0
 122 2380 2050 1737 0
 1886 2341 1978 1299 0
 2155 319 307 1881 0
 223 1881 307 1790 0
 223 1881 1790 2471 0
 257 2471 1881 223 0
 2274 170 2261 2195 0
 2430 2261 2026 2215 0
 1819 111 127 2469 0
 2171 2008 2373 2205 0
 2269 2430 2451 2008 0
 2287 2430 2008 2205 0
 1567 1620 1573 1231 0
 1251 1567 1231 1204 0
 2592 2089 2169 2027 0
 1947 2137 134 1982 0
 2611 2328 5351 2044 0
 5351 1734 1992 2044 0
 1536 3235 2840 1885 0
 3235 4824 2840 1885 0
 4027 3235 3455 2692 0
 1407 2253 3326 2800 0
 1826 2308 266 1799 0
 4047 4254 5041 2710 0
 1413 1956 711 3818 0
 2426 2211 2048 1690 0
 1520 1239 1263 2725 0
 1899 1520 1263 2725 0
 2096 3806 3751 3347 0
 2565 2050 1662 2466 0
 31 1520 1899 2725 0
 1971 2565 2050 1662 0
 2467 114 2566 4416 0
 1995 2566 101 4416 0
 2051 2478 112 99 0
 5346 2051 2454 2146 0
 3195 3933 4993 2724 0
 2492 139 104 2031 0
 1785 2492 2031 139 0
 1745 4456 45 1521 0
 2096 3751 5266 3347 0
 1821 1698 2583 2317 0
 1365 2202 1436 1958 0
 1521 4456 45 1747 0
 2979 2730 4660 3171 0
 2001 2169 1701 2063 0
 571 3842 4923 575 0
 596 3321 589 3961 0
 3842 3961 596 4157 0
 2001 2169 2063 2027 0
 283 2386 267 1831 0
 283 1831 267 2216 0
 2386 1831 2509 267 0
 2186 2557 2607 2145 0
 2717 3849 1221 4079 0
 4560 349 357 3059 0
 1962 3739 1464 1452 0
 1962 1464 3273 1462 0
 110 1801 4507 2566 0
 4560 357 4147 3059 0
 5353 4656 5343 1801 0
 792 2867 826 793 0
 1825 1606 2575 1691 0
 3863 1825 2575 1691 0
 2160 1895 1205 2237 0
 3472 359 5303 1351 0
 4597 4560 4147 3059 0
 359 361 360 2718 0
 361 359 1351 5303 0
 3559 4433 3694 2718 0
 4433 2718 3559 3472 0
 864 5216 4734 869 0
 864 3704 5216 869 0
 2042 2051 112 99 0
 5346 99 2051 2042 0
 2076 2212 2008 2137 0
 2008 2212 2076 2205 0
 1833 4069 2727 3621 0
 1893 2371 141 2133 0
 2930 1405 497 40 0
 2222 1819 2212 2587 0
 4069 3458 2727 3621 0
 2774 2746 511 2289 0
 2746 519 511 2289 0
 2774 511 499 2289 0
 1787 2048 126 2084 0
 2321 1701 311 2094 0
 2321 2094 311 321 0
 1701 2505 2291 2094 0
 1967 4868 2727 4069 0
 192 2174 1806 258 0
 1967 4069 2727 1833 0
 2072 2247 2468 184 0
 2512 2972 1456 3392 0
 1806 2247 2157 2072 0
 2072 2247 2157 2468 0
 188 165 2468 1841 0
 1841 2439 165 2468 0
 1271 2930 1207 497 0
 4452 407 2097 4776 0
 1271 1207 1482 497 0
 251 1810 182 2311 0
 5109 2508 4937 3237 0
 2930 1271 1207 1342 0
 2562 1964 1721 2404 0
 4868 2640 2727 4069 0
 2404 2562 2555 1872 0
 1964 106 2562 144 0
 2294 1349 1699 2019 0
 2294 2019 5349 5344 0
 2763 4025 3130 2099 0
 3603 4025 2763 2099 0
 2609 4508 1438 2178 0
 4252 4508 2609 2178 0
 2178 2609 4252 4120 0
 4114 1953 3806 2813 0
 1578 1804 1225 1974 0
 2037 2178 2609 3436 0
 1953 2813 4188 3806 0
 160 1785 139 2054 0
 2276 2486 1785 2054 0
 5116 953 4281 4529 0
 951 3936 953 5292 0
 2311 2110 137 2136 0
 521 3201 1318 2022 0
 4529 3936 953 4281 0
 208 2068 1761 224 0
 3016 3323 3403 3787 0
 2735 3771 1026 1067 0
 2252 2445 1761 2068 0
 5087 3333 3297 1984 0
 4525 3771 2735 1067 0
 4739 3161 2735 3939 0
 3284 3261 1977 1300 0
 3016 5041 3403 3323 0
 1378 2715 2301 2101 0
 2592 2471 1881 1908 0
 2558 1826 2242 1799 0
 1577 1957 2300 1370 0
 2564 2558 1826 2242 0
 1799 2558 2549 2242 0
 1370 2300 1669 1957 0
 1255 2756 1436 1958 0
 2142 1792 2509 2386 0
 1958 2756 1436 1608 0
 2386 2142 1792 2246 0
 1821 285 2317 301 0
 3263 1301 2433 2144 0
 252 1701 2321 2063 0
 2027 2063 252 263 0
 2001 2063 1701 252 0
 2001 2063 252 2027 0
 2321 2063 2094 321 0
 4849 4615 1726 4112 0
 1960 2213 2110 2533 0
 1733 2064 1922 129 0
 1272 1341 2278 2294 0
 129 2064 1922 178 0
 155 2109 2182 2270 0
 2452 2109 2213 1733 0
 2270 2213 1830 2541 0
 3052 4210 2402 2740 0
 2441 2270 1830 2541 0
 2541 2109 2213 2452 0
 4788 2961 2740 2091 0
 4849 1726 3822 4112 0
 2740 4788 4796 2961 0
 2093 3573 4882 1776 0
 3573 2093 1664 1776 0
 5326 2614 5329 3650 0
 1366 3098 4265 4890 0
 4890 1366 3098 1367 0
 974 981 980 4698 0
 5170 499 504 2747 0
 2354 1849 2592 2068 0
 3556 2615 3448 3731 0
 4349 4396 1228 1432 0
 2615 3556 3548 4809 0
 2088 1812 2030 1241 0
 1855 2088 2030 1241 0
 1993 1608 1659 1694 0
 951 942 3309 949 0
 2252 2157 1761 2445 0
 2157 2468 2445 2252 0
 4225 4830 3650 4569 0
 1821 269 2317 285 0
 2640 4500 2877 4069 0
 283 215 299 2464 0
 2375 4500 2640 4069 0
 3452 692 694 740 0
 742 2867 694 740 0
 2877 4500 3600 4069 0
 283 2464 1831 215 0
 1831 2571 2443 2330 0
 1831 2290 2464 2571 0
 694 4125 692 3452 0
 4500 4235 4069 2375 0
 4500 3207 3600 4069 0
 1740 3718 3398 1880 0
 1783 2333 2445 2468 0
 2507 2516 270 1830 0
 3207 4235 4069 4500 0
 1880 3718 3398 2821 0
 1794 104 2031 1702 0
 1825 1376 1347 1232 0
 237 1766 2219 2172 0
 2543 1840 195 2513 0
 4832 2752 4630 4073 0
 1388 2619 4245 4046 0
 1722 2584 2240 1894 0
 1262 1732 2777 1220 0
 1262 1732 2808 2777 0
 2777 1220 2268 1262 0
 2332 1360 2318 3380 0
 3380 2318 2332 2621 0
 2971 2332 1644 3049 0
 2128 4183 861 1366 0
 1447 2746 2774 2289 0
 2416 2325 1427 1959 0
 2469 111 2426 2048 0
 181 2352 2373 2137 0
 2008 2076 2373 2205 0
 2352 2532 2076 2137 0
 2205 2076 2285 2604 0
 2532 2076 2604 2285 0
 4183 1366 2128 5298 0
 2128 861 2739 1366 0
 1366 3098 2739 2128 0
 2128 5298 1366 3098 0
 292 308 1849 2350 0
 1727 2133 141 2371 0
 1761 292 1849 2079 0
 1849 2350 2584 2079 0
 1761 292 2079 276 0
 2080 2507 2095 1830 0
 2182 2080 178 2095 0
 1922 2182 2080 178 0
 2080 1922 2108 2589 0
 2080 2533 2095 2507 0
 2080 2589 2108 2533 0
 2758 896 4340 5246 0
 5003 2759 2788 4963 0
 5003 3267 3568 2759 0
 5003 3267 2759 3111 0
 1808 279 2522 262 0
 3078 2625 4090 1501 0
 1784 279 2522 1808 0
 4629 4637 1955 5176 0
 3214 1446 711 2625 0
 1249 2009 3284 2628 0
 1834 2522 275 2543 0
 1799 2242 282 266 0
 2090 1923 1985 4716 0
 1923 1857 1792 2246 0
 2301 1378 2101 1607 0
 119 1987 2414 147 0
 2414 1704 2439 147 0
 2414 1803 2498 117 0
 1641 2630 2912 22 0
 1816 22 2630 1641 0
 1983 38 1341 5344 0
 1983 1633 1341 38 0
 129 1733 2064 2042 0
 2042 1733 112 2051 0
 2051 2419 1733 112 0
 1721 1924 1872 1843 0
 2175 1843 1924 1721 0
 5344 2115 1983 38 0
 1672 1712 1901 1248 0
 1785 2085 2513 2236 0
 191 2085 138 1785 0
 2177 916 1838 1873 0
 2098 1998 2633 4634 0
 4560 2098 2633 4107 0
 4754 2249 4327 4112 0
 986 1715 983 5211 0
 1320 1522 2119 36 0
 1248 1522 1901 1320 0
 1522 1966 2119 1748 0
 1522 1748 2119 36 0
 1966 1970 2119 1748 0
 5342 2119 1919 1901 0
 5342 1966 2119 1901 0
 2089 2169 2063 1749 0
 253 2089 263 1749 0
 2089 2063 2169 2027 0
 2090 1985 4726 4721 0
 2419 2051 2452 1960 0
 2239 1792 2090 4681 0
 1722 2240 312 296 0
 4455 4371 1255 3225 0
 2526 4371 4455 3225 0
 4371 4455 1255 4622 0
 1380 1899 1936 31 0
 2157 2544 258 1761 0
 1761 2544 1920 2157 0
 2526 3316 4455 4371 0
 4371 3316 4455 4622 0
 2523 2544 1761 276 0
 2346 1946 1718 1343 0
 650 2848 4203 648 0
 4203 4004 2988 2848 0
 2544 1783 1920 2157 0
 655 3968 4203 648 0
 3975 2249 2105 1965 0
 2213 2110 2533 1810 0
 2988 648 655 4203 0
 1830 2095 2182 242 0
 3059 2721 1410 2098 0
 2080 2095 2182 1830 0
 2080 2533 2143 2095 0
 4107 4560 2098 3059 0
 4560 2098 3059 4597 0
 3059 4107 2721 2098 0
 4597 2098 3059 3093 0
 3059 2098 1410 3093 0
 2132 2147 314 255 0
 254 2561 2132 2423 0
 255 254 314 2132 0
 2132 245 2423 260 0
 1261 3603 2763 2099 0
 2291 1701 2251 2524 0
 3603 2099 1261 2856 0
 1701 2291 295 311 0
 2167 154 2026 1819 0
 2430 2261 2451 2026 0
 3308 1302 40 1599 0
 2641 3051 1740 2263 0
 5059 3441 4515 4007 0
 2755 3051 2641 2263 0
 5013 2806 4173 4263 0
 3274 3178 4884 1977 0
 537 1213 1697 531 0
 4886 4888 4785 2768 0
 4886 3929 2768 3895 0
 1674 173 1270 3053 0
 2346 1317 1206 34 0
 1521 1343 1206 34 0
 2346 1206 1343 34 0
 2167 177 126 2222 0
 5305 2034 2769 3721 0
 2769 3721 373 5305 0
 3178 3053 1856 1697 0
 2167 2222 126 1819 0
 3721 1703 3305 2769 0
 3721 2769 3305 2034 0
 4338 1302 2337 1599 0
 1749 2063 2183 321 0
 453 464 1759 482 0
 2138 1921 1937 1855 0
 2138 731 1921 1241 0
 2089 2063 263 1749 0
 2089 263 2063 2027 0
 2337 1302 3450 1599 0
 4262 1012 1025 1030 0
 2547 1762 318 305 0
 4605 3467 4182 2691 0
 1714 2475 1762 2547 0
 318 2547 1714 1762 0
 2547 306 318 1714 0
 2547 1714 2164 306 0
 1803 2371 2133 1727 0
 2022 3312 521 1211 0
 5235 3295 4849 2872 0
 207 2432 1834 2276 0
 521 513 2022 1211 0
 2529 1784 2432 2231 0
 2872 3295 4849 5250 0
 185 259 2145 209 0
 209 277 259 2145 0
 5250 3118 4849 2872 0
 1922 129 178 2108 0
 2080 1922 178 2108 0
 229 254 2446 313 0
 2080 2108 2143 2533 0
 313 229 2186 2446 0
 2765 4471 2781 5033 0
 2072 208 2199 184 0
 2781 4872 5033 4471 0
 294 310 245 2147 0
 2147 2517 245 226 0
 294 226 2147 245 0
 4959 1815 2145 2515 0
 162 193 2145 185 0
 210 2151 278 294 0
 2549 2487 2151 1799 0
 210 226 2487 294 0
 2384 2460 220 235 0
 235 288 220 2384 0
 2384 300 284 2460 0
 1800 2460 235 2474 0
 304 2384 288 235 0
 2151 2487 2438 1799 0
 163 2151 186 2450 0
 1295 2084 1898 1227 0
 186 2151 163 278 0
 186 210 2151 278 0
 4686 1662 1738 2466 0
 2741 3482 2118 5334 0
 2548 2262 1591 2023 0
 132 2467 2381 4416 0
 2023 1335 1219 1337 0
 2023 2262 1591 1647 0
 1647 1335 2023 1337 0
 2211 2469 2426 2048 0
 1225 2636 5334 2118 0
 1690 2008 2211 2048 0
 155 128 1733 2109 0
 4849 5184 2872 3118 0
 2118 2741 5334 1225 0
 2118 5334 3790 2636 0
 2118 3482 3014 5334 0
 1533 2334 1897 14 0
 1897 3155 2334 3923 0
 4832 4630 3853 4073 0
 1740 2334 1533 14 0
 2564 194 144 4642 0
 3923 2334 5013 3155 0
 1766 2330 1831 2443 0
 5235 2872 4849 5126 0
 2009 3192 1314 2025 0
 1767 2539 2443 2306 0
 200 2440 169 2593 0
 3089 3099 4931 3207 0
 1852 2482 2273 2444 0
 1254 2898 2120 2365 0
 2120 2898 3097 2365 0
 2132 2446 313 2560 0
 244 2561 260 2132 0
 244 309 2446 2132 0
 2306 2466 1738 2539 0
 1737 2380 2539 1766 0
 2486 2453 1840 2513 0
 2242 1826 266 1799 0
 517 2814 2887 525 0
 2047 4884 1216 2490 0
 2276 1834 1785 2486 0
 2453 2486 1840 2280 0
 2242 198 266 1826 0
 174 2441 206 1752 0
 1810 2452 2110 2258 0
 2311 174 2258 159 0
 1810 2110 182 2311 0
 2441 2541 1810 2258 0
 2258 2541 1810 2452 0
 1800 2474 235 4673 0
 2782 4950 4161 2123 0
 2032 2782 4161 2123 0
 2123 4161 4995 4950 0
 2583 2482 2542 1781 0
 1821 2542 232 1764 0
 1410 2698 2416 1879 0
 1765 218 233 302 0
 2164 222 2484 290 0
 2516 2164 2484 290 0
 2511 2164 1868 2516 0
 1410 3093 2698 1879 0
 1879 3059 1410 3093 0
 157 248 3537 1904 0
 4950 2782 4161 1565 0
 2675 2567 2235 1691 0
 2440 2483 204 272 0
 204 2483 220 288 0
 204 272 2483 288 0
 2109 128 1733 2419 0
 2484 2441 2270 1830 0
 2441 1752 1830 2484 0
 206 290 1752 2484 0
 4161 3681 2782 5167 0
 2675 2235 2575 1691 0
 2907 1564 2567 2675 0
 2782 2032 4161 5167 0
 4636 125 176 2381 0
 124 2467 4507 1905 0
 2608 2788 2830 4211 0
 1821 2274 2234 2482 0
 2466 2050 1737 4677 0
 4870 5108 441 4627 0
 1852 1698 2604 2349 0
 2788 4759 2530 2554 0
 2471 2169 2001 2027 0
 1749 2545 2514 321 0
 1790 2169 2514 2505 0
 2830 2788 5208 2530 0
 1882 3024 1611 1839 0
 1496 3149 4588 3162 0
 3001 2610 1910 1807 0
 1882 2637 1611 3024 0
 3001 1910 4124 1807 0
 253 2070 2089 1749 0
 1817 1440 1895 1342 0
 3099 3664 4443 3140 0
 2213 2507 1830 1810 0
 498 1244 4878 1798 0
 3262 5085 1214 3663 0
 5225 3663 3262 1214 0
 5225 3262 448 1214 0
 2124 1244 4878 498 0
 448 4413 1214 3262 0
 2035 1434 29 1795 0
 4413 5085 1214 3262 0
 1858 1719 1434 29 0
 1378 542 2036 2490 0
 1719 2294 2035 2278 0
 2294 1349 2204 2200 0
 1349 1493 2204 2200 0
 1839 1651 1336 1882 0
 2879 5297 864 2739 0
 295 1784 279 2251 0
 2879 863 5297 5279 0
 1247 1854 500 1906 0
 500 2138 731 1906 0
 2711 1297 1932 1209 0
 2804 1387 3200 331 0
 2433 2903 2348 1932 0
 3134 1387 2277 3200 0
 2755 3051 1688 2796 0
 3737 1644 2894 2897 0
 2755 4880 3051 2796 0
 3737 1644 2897 3049 0
 1831 199 215 2290 0
 1232 1504 1259 1347 0
 1825 1232 1347 1504 0
 3389 1682 1569 1791 0
 2879 864 5297 863 0
 3389 1682 1791 2797 0
 1849 2545 1920 2584 0
 3389 1682 2797 1489 0
 962 4213 958 3354 0
 1893 1803 2133 1793 0
 2136 2683 1598 1835 0
 2216 1831 267 2135 0
 1835 2184 1598 37 0
 2216 1766 1831 2135 0
 1742 1901 2184 37 0
 2184 1742 1835 2146 0
 2219 2570 1766 2135 0
 2998 3084 1890 3019 0
 3019 1890 4438 2007 0
 2998 3779 3084 3019 0
 2163 2186 281 2181 0
 229 1883 2186 2436 0
 1590 2798 1210 3152 0
 2253 2248 3326 2910 0
 1341 2206 2379 1997 0
 2248 531 2910 2253 0
 2248 523 3529 515 0
 1341 2278 1949 3753 0
 3152 1210 5249 2798 0
 3866 3529 515 2248 0
 5249 2995 2798 1210 0
 4299 4835 4502 3264 0
 116 2136 1960 1918 0
 4835 4854 4502 3264 0
 4502 3264 3417 2017 0
 3736 4794 2767 1961 0
 3264 4502 3302 4854 0
 4846 4189 4060 2799 0
 3900 1961 4794 3736 0
 1945 4794 2767 3736 0
 2045 4055 1536 2840 0
 4514 3911 4874 2774 0
 1945 3900 4794 3736 0
 1553 1354 1844 4130 0
 4299 4502 2017 3264 0
 2041 3462 1252 63 0
 2799 3620 4713 4422 0
 2620 3067 3255 3054 0
 1861 2474 315 2598 0
 1220 498 1723 2046 0
 2799 4189 3620 4422 0
 498 1244 1798 2046 0
 1220 1244 498 2046 0
 2047 1236 537 1607 0
 2047 3053 1697 2420 0
 4936 3449 2801 4510 0
 2791 4243 1666 1650 0
 2802 1875 1703 4870 0
 893 1289 1550 1280 0
 2802 1875 3056 1703 0
 1098 4558 4546 3578 0
 4243 1707 4055 1650 0
 1666 4243 4055 1650 0
 2339 1792 2509 2142 0
 4591 4558 1098 3578 0
 2554 2788 2608 4211 0
 2294 2200 2204 39 0
 2200 1493 2204 39 0
 2788 2554 2530 4211 0
 2080 2143 178 2095 0
 2080 2108 178 2143 0
 1978 2876 3377 3152 0
 1576 1895 3850 3183 0
 200 284 2483 2593 0
 200 2440 2593 2483 0
 2805 2916 4935 1950 0
 1950 2916 4935 3713 0
 2483 2384 220 288 0
 2483 220 2384 2460 0
 4063 4935 5074 2805 0
 1987 148 2371 1704 0
 1906 1575 1537 2052 0
 13 1256 1673 1621 0
 2311 2110 2258 1810 0
 3273 1462 1877 1962 0
 1575 13 1673 2052 0
 2311 2258 2110 159 0
 1906 1537 1604 2052 0
 1737 2172 2305 152 0
 1737 2148 2305 2539 0
 2052 13 1673 1621 0
 13 2052 1604 1621 0
 1834 2432 207 2529 0
 1737 152 2148 123 0
 513 3651 3857 521 0
 3651 3407 3857 521 0
 1920 2523 1894 2544 0
 1597 2306 4686 1738 0
 3064 2067 4765 3972 0
 3398 2806 2334 1735 0
 3972 2685 3746 3064 0
 2205 2212 2604 2215 0
 171 2182 1830 2270 0
 1735 3398 2806 4737 0
 4765 3972 3746 3064 0
 3064 2721 3972 2685 0
 2270 2109 2213 2541 0
 2157 1783 2445 2468 0
 3064 2721 2067 3972 0
 2506 3816 3030 3624 0
 4950 2877 2640 4500 0
 3624 3816 3030 1312 0
 185 259 193 2145 0
 1565 2782 4161 3681 0
 2472 1756 2474 2598 0
 4950 4500 2782 2877 0
 2598 1756 2474 2546 0
 2475 1764 2542 1762 0
 3972 3798 3746 2685 0
 3682 1337 1269 2254 0
 4656 5343 3007 2154 0
 1800 2384 235 2460 0
 2585 2474 300 2460 0
 243 1881 2155 257 0
 294 2487 210 2151 0
 2158 2155 1881 308 0
 2276 2432 1834 2486 0
 2107 3567 5197 2055 0
 2231 2529 1784 1701 0
 3913 4678 3638 5197 0
 1766 2305 2443 2539 0
 2408 1569 3345 1682 0
 2531 2380 1766 2539 0
 2430 2287 2008 2269 0
 3345 2880 4527 1682 0
 2008 2430 2451 2212 0
 4088 2004 4461 1060 0
 2008 2430 2212 2205 0
 1641 1557 2427 1934 0
 3235 1536 2692 1885 0
 1819 2026 2222 2212 0
 2061 1686 1580 1595 0
 1641 2912 1557 1934 0
 1595 19 1686 1580 0
 2912 2312 1641 1557 0
 1432 2843 4396 1228 0
 2441 2541 1830 1810 0
 2437 3687 3708 1587 0
 1810 2541 2213 2452 0
 4396 2836 1228 2843 0
 1263 1239 2061 2725 0
 224 2158 243 2354 0
 1239 1595 2061 1518 0
 1239 1686 2061 1595 0
 1263 1686 2061 1239 0
 1980 152 1737 123 0
 174 1752 1810 2441 0
 1885 2692 2903 1536 0
 2366 1246 2284 1338 0
 1885 2348 2903 2692 0
 4196 1866 1873 1925 0
 2187 197 2161 1815 0
 1415 4653 1510 2905 0
 313 322 254 2132 0
 1337 2284 2254 3682 0
 2132 254 313 2446 0
 2561 2446 254 2132 0
 1510 4653 2825 2905 0
 2547 302 2164 1765 0
 316 2547 1765 302 0
 2547 1714 2475 2164 0
 1925 2810 1866 2069 0
 4739 3809 2810 2069 0
 2354 1881 2592 1849 0
 1881 2545 2169 2592 0
 187 2165 2280 164 0
 2779 3575 1956 1584 0
 1840 2165 195 2229 0
 320 245 310 2147 0
 245 2132 2147 320 0
 2132 2423 2147 255 0
 4196 3848 1873 1866 0
 4739 2810 3809 3821 0
 2580 3811 4484 1928 0
 1856 1697 3053 1314 0
 187 1808 2166 211 0
 211 1784 1808 2166 0
 316 1764 2547 301 0
 1336 1882 1611 1839 0
 4484 1928 3811 4753 0
 2547 2475 1762 1764 0
 1856 3284 1697 2009 0
 1783 2314 212 188 0
 2580 1928 4484 5024 0
 1841 1704 2439 2157 0
 157 3537 2381 1904 0
 162 2457 2145 3002 0
 111 1819 127 2167 0
 177 2195 240 2222 0
 254 322 314 2132 0
 1859 2889 1675 4512 0
 1761 2079 2523 276 0
 2445 2068 2428 1920 0
 2068 1920 2592 2428 0
 2186 2436 2377 2550 0
 297 281 2186 2181 0
 3817 1973 1483 1488 0
 213 2163 2186 189 0
 2205 2170 1909 2349 0
 2380 1738 1662 2466 0
 4636 125 2381 1905 0
 1577 2299 1276 2345 0
 2076 2532 2212 2137 0
 2373 2171 2205 249 0
 2587 2008 1690 2048 0
 2051 1733 2452 2213 0
 4210 2904 4299 2402 0
 2834 4103 1354 2393 0
 2213 2051 1733 2589 0
 1767 1627 2298 4700 0
 4299 2904 4210 5124 0
 2504 2542 1762 2583 0
 1821 2234 2542 2482 0
 3495 2904 2402 4299 0
 1756 2464 1857 2595 0
 3828 4931 2816 1833 0
 3282 2816 4525 2839 0
 4248 4739 3161 2816 0
 3828 4931 4739 2816 0
 2220 1961 3637 4225 0
 3056 3637 2220 1961 0
 2595 2386 1831 1792 0
 283 2595 1831 2464 0
 2696 4696 2914 4072 0
 2696 4696 4072 2405 0
 2405 2696 4741 3606 0
 1468 3645 2411 1528 0
 3961 1468 1534 2411 0
 2411 1468 1534 3645 0
 206 1752 2441 2484 0
 2592 2027 2169 2471 0
 1982 135 2211 2008 0
 1868 2164 2461 2484 0
 2697 3476 3890 2653 0
 2471 2169 1790 1701 0
 1701 2505 2094 2169 0
 2487 255 2147 2517 0
 294 226 2487 2147 0
 1037 2775 4793 1035 0
 1737 1980 123 109 0
 5335 3081 3683 2697 0
 2904 5224 4299 3495 0
 1737 109 1981 1980 0
 2904 4835 4299 5224 0
 948 1610 2775 945 0
 4299 4835 2904 5124 0
 2124 2073 1244 498 0
 3774 3786 1329 3138 0
 191 1785 138 2309 0
 227 211 2190 2231 0
 3911 519 2045 4055 0
 2085 2536 1912 1785 0
 2045 2594 1536 4055 0
 2453 2513 2536 1840 0
 3786 4289 1329 3138 0
 213 2186 2181 229 0
 297 2181 2186 229 0
 208 1761 2199 224 0
 2158 292 1761 2199 0
 3388 2847 4544 2918 0
 253 1749 263 2183 0
 1756 2464 2595 2598 0
 158 2008 135 1982 0
 1918 2110 2136 1960 0
 4044 4593 4494 3723 0
 159 2110 2136 136 0
 2077 3878 2783 3047 0
 1832 1403 1298 2341 0
 1815 5299 2187 4920 0
 2077 3292 3232 1548 0
 166 5299 4688 150 0
 2077 1548 3232 1547 0
 2783 1547 2077 3047 0
 140 2189 1806 1727 0
 1701 227 252 2190 0
 2321 1701 2190 311 0
 2193 1781 236 221 0
 236 305 1781 2193 0
 4946 4024 2975 4999 0
 2512 3128 4238 2972 0
 1587 4264 2221 902 0
 2512 3807 3392 1456 0
 1587 914 4264 902 0
 2172 2305 168 2330 0
 2357 1946 25 1718 0
 2163 281 2186 265 0
 3402 4692 3599 5094 0
 4003 5134 3712 2827 0
 285 1821 1986 301 0
 2827 5138 4796 3712 0
 2553 1606 2259 2737 0
 5208 3402 3599 5094 0
 4003 3712 5138 2827 0
 5094 4400 4449 3599 0
 2393 1354 2834 493 0
 171 155 2182 2270 0
 5208 5094 3599 4400 0
 1652 493 1354 2393 0
 5094 4449 4692 3599 0
 2690 1211 4129 3783 0
 2690 1211 4865 4129 0
 4796 3712 4835 2827 0
 2283 1814 2034 2397 0
 4392 2083 4423 5338 0
 228 1783 2314 212 0
 228 2196 2314 1722 0
 2670 2786 5098 1637 0
 154 2195 2261 170 0
 208 2252 184 2072 0
 1911 3867 5337 2083 0
 4452 3538 4110 4610 0
 3979 4034 4372 2702 0
 4423 4469 5338 2083 0
 1313 1346 2873 3034 0
 2702 4034 4372 3677 0
 1909 221 2193 2170 0
 2124 2125 4878 1244 0
 2125 1261 4878 1244 0
 3226 2830 3859 2837 0
 1818 1891 731 1786 0
 3226 2788 3859 2830 0
 2830 2788 3859 5208 0
 1505 5305 3373 3884 0
 3640 5056 3596 4358 0
 1365 1887 1279 1338 0
 1365 1887 5339 1279 0
 3859 5284 2830 3599 0
 2830 3859 2837 5284 0
 3859 2830 5208 3599 0
 4783 5085 3663 2716 0
 2406 5172 5207 4245 0
 2034 1814 2745 4174 0
 2182 1830 242 270 0
 1239 1935 1441 23 0
 5342 2255 33 2184 0
 3750 4811 852 1822 0
 1439 2138 2392 1937 0
 1678 2857 4754 3896 0
 2184 5342 2146 33 0
 2705 1347 1429 947 0
 1603 11 1440 1938 0
 4687 2705 2861 3121 0
 257 1881 2155 223 0
 223 2155 307 1881 0
 2705 1429 3107 947 0
 2008 2269 2211 2451 0
 1678 2857 3896 1412 0
 3859 5158 3599 5265 0
 1842 3679 3038 2013 0
 3084 1347 2705 947 0
 2913 3679 2013 3038 0
 3859 5284 3599 5158 0
 1826 167 2308 1874 0
 2188 167 1872 121 0
 2832 3874 4567 1594 0
 1446 2625 4228 2825 0
 2600 4485 2832 1594 0
 3454 4349 1431 3692 0
 4334 1431 3692 3454 0
 4312 2832 3874 4567 0
 4004 2832 1400 2952 0
 252 263 2063 2321 0
 1818 731 1891 1689 0
 4025 4155 2099 2970 0
 2935 1490 2833 3969 0
 2375 2939 4331 4866 0
 1986 269 1821 285 0
 3444 1551 1952 2162 0
 2215 2430 2261 2444 0
 3444 4866 2939 2375 0
 237 2172 2216 1766 0
 2330 199 168 2216 0
 174 2258 1810 2311 0
 1932 4980 2942 2711 0
 2587 1819 2048 126 0
 2769 2802 1703 402 0
 2582 3067 1588 2104 0
 2172 2219 1737 1766 0
 1216 2121 1588 2104 0
 2191 2121 1216 2104 0
 3255 3067 2582 2104 0
 3020 3038 4794 3900 0
 2438 1874 1826 1799 0
 2769 2802 402 396 0
 2450 1826 2438 1874 0
 1686 1263 1441 1239 0
 1520 1944 1263 1239 0
 2769 402 373 396 0
 2919 2717 3630 3849 0
 2919 1221 2717 3849 0
 1532 1943 1375 1265 0
 1943 3486 1375 1265 0
 1992 1734 4456 2044 0
 2309 2223 191 1785 0
 160 2223 1785 2276 0
 183 2223 160 2276 0
 2717 4548 2919 3630 0
 3105 4435 5025 3461 0
 3310 4862 805 4256 0
 2744 2840 3235 4824 0
 1536 2528 2840 3235 0
 4862 2028 805 4256 0
 3109 4288 5119 3735 0
 2558 1826 1799 2151 0
 1851 3663 508 2078 0
 4745 503 2301 2715 0
 2414 140 1727 117 0
 2293 4288 3109 3735 0
 1789 4288 3735 5105 0
 2414 1806 2247 2439 0
 1789 2140 3735 4288 0
 2140 2293 3735 4288 0
 4288 5105 5119 3735 0
 237 2219 1766 2135 0
 2316 2716 1940 1771 0
 2716 1775 1940 1771 0
 1553 1240 1354 2650 0
 2717 3700 3365 5168 0
 1553 1809 1576 1844 0
 1240 1809 1553 1354 0
 2579 2573 1016 3065 0
 2741 1681 2198 1016 0
 2579 1016 1639 3065 0
 2741 1016 2198 2579 0
 145 2229 146 1736 0
 2717 4079 1221 3700 0
 164 2229 1840 2453 0
 2229 1736 1840 2453 0
 3675 852 856 851 0
 404 387 1942 405 0
 3675 4539 856 852 0
 5116 4281 1763 2293 0
 2419 128 1733 112 0
 2297 3993 1545 3478 0
 2991 2117 4962 4960 0
 2190 211 1784 2231 0
 2231 1808 2432 2280 0
 3218 5050 2841 3358 0
 4471 2841 4814 4872 0
 1957 1669 1486 1829 0
 2299 1248 1482 1957 0
 731 1716 1921 1552 0
 1733 128 2064 112 0
 2138 1716 1921 731 0
 2138 1906 1716 731 0
 2064 1733 112 2042 0
 2124 1244 4242 2125 0
 2125 2129 1244 4242 0
 5241 513 2022 3201 0
 521 513 3201 2022 0
 2349 2170 1909 273 0
 2172 152 168 2305 0
 1766 2330 2443 2305 0
 2323 2814 2253 1679 0
 525 1679 2814 1236 0
 1813 2245 3838 2250 0
 3973 4329 5050 2845 0
 2129 3292 1548 3619 0
 1767 2306 2443 2239 0
 3219 1549 3706 2129 0
 1549 3619 2129 1548 0
 217 2234 232 1986 0
 3236 4498 2845 5050 0
 2188 1843 121 1872 0
 1392 3615 2130 3811 0
 1911 5337 3867 2130 0
 1785 2085 2236 191 0
 17 1963 1636 1579 0
 17 1604 1636 1963 0
 2482 1852 1821 2274 0
 1963 1621 1256 17 0
 1621 1963 1604 17 0
 1816 2630 2016 1641 0
 1852 2274 2482 2444 0
 2144 3026 4020 1650 0
 1033 2847 2775 2918 0
 3026 1650 2144 3263 0
 2828 3797 2268 1430 0
 1430 2687 2828 1431 0
 2828 2268 2687 1430 0
 2777 2268 2687 3050 0
 1883 2145 2186 2436 0
 1668 2890 2362 2367 0
 3091 2673 1668 2362 0
 140 161 2247 1806 0
 140 1806 2247 2414 0
 2414 1727 140 1806 0
 39 1990 1719 2302 0
 42 1990 2626 2302 0
 3808 4365 4940 4399 0
 4940 3196 4394 3808 0
 4365 4940 4394 3808 0
 3838 2180 2250 2281 0
 3437 3202 1212 3104 0
 2914 3437 1212 3104 0
 1901 2119 1320 1522 0
 1901 1966 2119 1522 0
 1522 1742 1901 1966 0
 1847 1822 5318 5327 0
 1722 2240 296 1894 0
 3054 1969 1588 2104 0
 3054 3075 1969 1589 0
 208 2252 2072 1761 0
 5241 513 4774 2022 0
 2199 2072 1761 208 0
 2072 2468 2252 184 0
 2191 2582 2121 2104 0
 1226 2582 2121 2191 0
 2246 2142 1792 1923 0
 5180 4004 2988 4203 0
 161 184 2247 2072 0
 1960 2589 2533 137 0
 137 1960 2589 1741 0
 5277 4004 5180 4203 0
 295 1701 1784 2251 0
 2291 1701 295 2251 0
 341 4560 3059 349 0
 341 4560 4107 3059 0
 1356 2958 4791 2985 0
 562 595 2150 3128 0
 2736 4508 5173 2609 0
 3172 4238 3128 2150 0
 3172 4238 1527 1526 0
 2609 4993 2736 4120 0
 2985 4120 2736 4993 0
 208 2252 1761 2068 0
 3333 4508 4791 2958 0
 4684 3317 5330 4664 0
 1254 2898 3815 2120 0
 1254 1219 2911 2898 0
 1254 2898 2911 3815 0
 207 2276 1834 2223 0
 2424 2849 954 950 0
 1529 566 3839 570 0
 3122 4774 4865 2690 0
 2853 4737 1735 2674 0
 4499 4737 2853 2674 0
 4499 2053 2853 4737 0
 2117 3401 4441 2991 0
 2852 1495 1217 1325 0
 1806 161 2247 2072 0
 1263 1944 1867 1441 0
 3325 2852 1217 1325 0
 1877 1217 2852 1495 0
 4032 2873 1418 3117 0
 4032 2059 3117 1418 0
 1263 1944 1441 1239 0
 500 1786 1229 1880 0
 500 1786 1880 731 0
 2231 227 2001 1701 0
 1244 1261 1798 2933 0
 2190 2231 1784 1701 0
 1657 1798 1261 1943 0
 2261 2195 2026 2215 0
 3478 2297 3993 1951 0
 1943 1798 1261 2933 0
 154 2026 2261 2195 0
 2933 1798 2046 1943 0
 2933 1798 1244 2046 0
 2215 2261 2274 2444 0
 4210 2946 2904 2402 0
 2946 2740 2402 4210 0
 2778 3285 3594 1209 0
 2904 2946 4210 5124 0
 2946 5314 2740 4210 0
 3217 5324 3015 3877 0
 2527 3649 4106 3787 0
 3691 2850 3108 3229 0
 1832 1301 1978 2341 0
 1706 2307 1425 1407 0
 3305 1884 2850 3108 0
 1706 2307 2947 1425 0
 2850 3108 1884 3691 0
 1691 1564 2882 2675 0
 1825 2160 1376 1232 0
 2160 1232 1205 1895 0
 2237 2345 1564 2567 0
 3439 811 812 5095 0
 3754 2556 1402 1374 0
 1228 3778 3604 840 0
 5095 4867 812 3439 0
 2464 215 2290 1831 0
 1831 2571 2330 2290 0
 2330 199 2216 1831 0
 2203 2976 3662 1954 0
 4499 2853 4763 2674 0
 1954 2553 2976 3662 0
 2853 2920 1740 2641 0
 5095 812 5236 811 0
 4867 812 5236 5095 0
 187 1808 211 2280 0
 211 2231 1808 1784 0
 4226 1274 2915 1476 0
 1951 3105 3448 1274 0
 1990 1744 1949 2626 0
 2294 2204 5344 39 0
 5344 2294 39 1990 0
 2205 1309 2273 2170 0
 4904 2920 2853 2641 0
 2205 2287 2430 2273 0
 158 2269 135 2008 0
 171 2270 1830 202 0
 5330 3317 2568 4664 0
 2215 1986 2274 2195 0
 2215 2261 2195 2274 0
 4100 1862 2855 3795 0
 1819 2451 127 154 0
 1819 154 2026 2451 0
 2855 1862 2622 1866 0
 2261 154 2451 2026 0
 2008 135 2211 2269 0
 4792 2069 2855 4369 0
 4792 4100 2855 3795 0
 1737 2148 109 123 0
 2165 1840 2280 164 0
 2453 2280 1840 164 0
 2280 1808 1840 2165 0
 1384 2614 2745 326 0
 1821 1986 2234 2274 0
 2274 2215 1821 1986 0
 3178 3053 1697 2047 0
 1384 2034 1814 2745 0
 3911 2045 519 2746 0
 183 207 2223 2276 0
 2170 221 205 2273 0
 2746 519 2289 2241 0
 2746 2045 519 2241 0
 2170 2205 1909 2273 0
 1847 1665 5327 5318 0
 1705 2098 2804 3134 0
 1986 2274 217 2234 0
 3134 3338 2098 1998 0
 1705 3338 2098 3134 0
 1819 2469 127 2451 0
 5234 2552 466 463 0
 1901 1742 2146 1966 0
 2418 2348 2433 2903 0
 2564 2558 2151 1826 0
 2748 2960 2862 3726 0
 1839 2748 2862 1877 0
 2862 1591 3325 2865 0
 1611 1591 1237 2862 0
 3836 2862 2865 1591 0
 3024 1611 2862 1797 0
 2960 3836 1797 2862 0
 2748 1839 3149 1877 0
 2710 4254 5041 2540 0
 160 2276 1785 2054 0
 2223 1834 1785 2276 0
 1989 93 77 2335 0
 2484 2270 202 1830 0
 2748 2960 3726 3823 0
 5069 2859 4248 4739 0
 2205 2076 2373 2285 0
 2532 2076 2285 2352 0
 1679 2323 1213 2253 0
 2373 2205 2285 249 0
 2859 4602 4739 5069 0
 466 488 5234 463 0
 2859 4014 3821 4602 0
 2749 3084 2705 947 0
 2859 3939 4248 4739 0
 2863 3485 3154 2122 0
 3501 5064 1929 2399 0
 1288 2734 1578 2198 0
 2597 1302 1788 2266 0
 2741 1681 1804 2198 0
 2227 2597 1302 1788 0
 3583 2863 1009 2122 0
 2205 2604 249 2349 0
 1288 2734 2198 1639 0
 1225 2741 2198 2579 0
 1225 1804 1578 2198 0
 1997 1949 61 2347 0
 2266 1302 1788 40 0
 1949 77 61 2347 0
 2205 1309 2287 2273 0
 549 3490 2191 2121 0
 158 2287 2008 2171 0
 2269 2287 2008 158 0
 2520 2053 4269 2864 0
 549 3490 2121 545 0
 4947 3201 2022 1318 0
 4215 5088 2293 4139 0
 3303 1448 3440 1877 0
 4947 2022 1362 1318 0
 3303 1877 1462 1448 0
 1831 2290 2330 199 0
 1836 1926 1971 1992 0
 1926 1601 1836 1971 0
 1365 1332 5339 2202 0
 1749 2196 2183 253 0
 1332 1570 5339 2202 0
 1332 2083 1570 2202 0
 2202 1332 2083 2218 0
 1365 1332 2202 2218 0
 1334 2883 1335 2363 0
 2202 2083 1958 2218 0
 1370 2400 2203 1380 0
 4753 3196 3765 2230 0
 4753 3765 3811 2230 0
 2231 1808 2280 211 0
 1701 2291 311 2094 0
 1805 2751 1226 3917 0
 2751 3720 1226 3917 0
 2751 1805 1226 3255 0
 2751 3255 1226 3720 0
 1891 3817 1818 1483 0
 415 396 1942 404 0
 1390 2343 5325 2029 0
 1561 2876 1927 2846 0
 4536 1561 3689 2846 0
 1927 2846 2876 2369 0
 2369 2999 3253 2846 0
 3907 4536 3253 2846 0
 3501 5157 2456 4268 0
 742 2867 744 694 0
 5064 3501 5157 2456 0
 3370 4228 3078 2625 0
 2456 4268 4561 3181 0
 5215 4561 5157 5129 0
 2333 188 1783 212 0
 1841 188 1783 2468 0
 1783 188 2333 2468 0
 3811 1871 2209 1322 0
 2652 2130 4680 2225 0
 2225 4680 3615 2130 0
 2209 3811 1322 1911 0
 2083 2580 2209 1911 0
 2190 211 2166 1784 0
 3495 5287 4052 4299 0
 2956 2670 3655 1757 0
 2099 4155 4025 3130 0
 213 2186 2163 2181 0
 2868 4161 3785 3565 0
 2823 3536 346 4136 0
 2868 1160 1148 3565 0
 243 1881 2354 2158 0
 243 2155 1881 2158 0
 224 2158 1849 1761 0
 224 2158 1761 2199 0
 1901 1712 1672 2255 0
 2067 2721 3879 3972 0
 1247 1854 1439 2357 0
 2721 2804 3879 3972 0
 2251 279 2522 1784 0
 1737 2148 152 2305 0
 1248 1901 1919 1320 0
 2606 474 4477 2869 0
 4700 1738 1597 1767 0
 3972 2721 2804 2685 0
 5059 3988 2869 4477 0
 2871 4624 4505 2406 0
 2406 2871 825 827 0
 189 2163 2186 2161 0
 2257 3325 1334 1253 0
 1826 1874 2308 1799 0
 2883 1253 2363 1334 0
 3325 1334 1253 2883 0
 1719 2278 1720 2360 0
 2473 1882 551 1839 0
 1990 2278 1719 2360 0
 2302 1990 1719 2360 0
 1250 1888 1350 1533 0
 1882 1839 547 551 0
 1839 3149 547 551 0
 1350 2018 1533 2327 0
 2880 2312 2071 1489 0
 5321 1816 2016 1641 0
 2216 2172 2330 1766 0
 1839 551 2473 3149 0
 1600 521 3312 529 0
 2361 5088 4215 4139 0
 2172 168 2216 2330 0
 3884 388 2769 2760 0
 3400 4641 3016 3323 0
 1425 3305 2283 2220 0
 3400 2710 4641 3323 0
 2368 1332 2218 2141 0
 1986 201 217 2274 0
 187 2166 1808 2165 0
 2368 1332 1365 2218 0
 1332 2083 2218 1911 0
 1332 1911 2218 2141 0
 4259 4545 3819 4323 0
 3082 2144 2102 4201 0
 126 1819 1787 2167 0
 4259 4323 4646 4565 0
 1813 2220 1407 1425 0
 1385 1813 2220 1407 0
 1425 2220 2283 1813 0
 1245 1259 1331 1347 0
 1785 2031 138 2309 0
 1799 282 298 1869 0
 1232 1259 1245 1347 0
 4790 1739 4294 3660 0
 1376 1232 1245 1347 0
 3342 3328 2874 1885 0
 4845 3328 2874 3342 0
 5011 2402 4299 4943 0
 5011 4210 4299 2402 0
 2230 3426 4006 2225 0
 4215 4139 3158 2361 0
 3393 2130 2652 2225 0
 4845 3328 2244 2874 0
 2226 2637 1647 1340 0
 1633 38 1983 1988 0
 1252 2227 1788 2597 0
 5226 5011 4299 4943 0
 5054 3447 3463 4468 0
 3587 63 2227 1252 0
 1624 1710 2875 2370 0
 3484 63 62 2227 0
 5226 4074 4299 5011 0
 4687 2875 4287 5121 0
 4882 4111 2103 2093 0
 4074 4210 4299 5011 0
 1878 1830 2182 270 0
 158 2008 1982 2171 0
 5246 4062 4052 5263 0
 2287 2008 2171 2205 0
 2640 2877 3458 4069 0
 1081 2353 5231 1082 0
 1834 1808 2543 2486 0
 1565 3206 3449 2877 0
 1834 2522 2543 1808 0
 159 2110 2311 2136 0
 2172 152 1737 1980 0
 2172 1766 1737 2305 0
 5246 4062 3495 4052 0
 2543 2486 1840 2513 0
 5246 4052 3495 5312 0
 1611 2862 1237 1839 0
 2486 1834 1785 2543 0
 1751 1355 3325 4035 0
 1565 2877 3681 3206 0
 1839 3024 1611 2862 0
 2764 4395 1391 2907 0
 2157 2581 2544 1841 0
 2446 2550 2186 2560 0
 313 2446 2186 2560 0
 2907 2764 1242 2345 0
 5246 937 4052 5312 0
 1505 401 386 392 0
 2151 2549 278 294 0
 2764 2834 1242 2345 0
 2432 2529 1834 1784 0
 1701 2529 1784 2524 0
 2505 1790 1701 2524 0
 3458 2877 4403 4069 0
 2764 4395 3832 1391 0
 2834 1242 4103 2764 0
 2764 1242 4103 3832 0
 2213 1810 2533 2507 0
 2541 2213 1830 1810 0
 1093 1101 1057 1107 0
 160 2223 2309 1785 0
 1101 1112 1107 3396 0
 2531 1738 2380 2539 0
 2205 2212 2076 2604 0
 3388 1041 4544 2358 0
 2285 2205 2604 249 0
 2532 2212 2604 2076 0
 4371 1823 3497 2878 0
 2151 2558 2549 1799 0
 261 2151 2549 278 0
 2377 281 2607 2186 0
 2377 281 2186 297 0
 538 1778 2815 534 0
 1800 2585 2474 2546 0
 2547 2586 306 2164 0
 1038 2358 4544 1041 0
 2510 2147 314 2132 0
 2132 322 314 2510 0
 303 2598 317 1756 0
 2174 184 161 2072 0
 5247 4371 3497 2878 0
 3002 4959 2515 3442 0
 2592 2545 1749 1722 0
 1281 1639 1417 3065 0
 4385 2766 3192 2264 0
 1733 155 2109 2182 0
 1639 1016 1417 3065 0
 1675 1470 3836 3995 0
 2532 2587 2212 2137 0
 1819 2212 2587 2048 0
 2222 2212 2604 2532 0
 2213 1922 2080 2589 0
 2010 1860 145 4374 0
 1704 148 2371 2581 0
 1766 2443 1831 2570 0
 2570 2539 2443 1767 0
 371 1942 387 3650 0
 396 1942 387 371 0
 268 239 2593 169 0
 1904 2593 248 3551 0
 4983 4358 4439 3271 0
 2170 1909 221 2273 0
 286 2511 1868 2516 0
 2386 1792 2509 1831 0
 1852 1821 2583 2482 0
 4735 850 4849 3926 0
 2583 1909 2482 1781 0
 2440 2593 2483 272 0
 2286 1396 4592 2238 0
 2483 272 2593 288 0
 2238 4191 4592 2286 0
 2009 2020 1213 1314 0
 1546 3138 4967 4592 0
 2484 290 1752 2516 0
 1946 25 1855 2729 0
 2729 1946 25 2357 0
 1932 2711 2942 1297 0
 2274 170 1986 201 0
 1886 1299 1978 3377 0
 2193 221 1909 1781 0
 415 1942 405 404 0
 431 5136 405 415 0
 1299 1301 2341 1978 0
 227 1701 2231 2190 0
 2243 2829 1589 2538 0
 2243 1676 1589 2829 0
 3255 4033 2243 2191 0
 2191 1670 2243 2538 0
 252 1701 2190 2321 0
 3342 4824 3328 1885 0
 2145 259 193 2557 0
 2169 2514 2094 1749 0
 2169 2505 2094 2514 0
 286 1868 1878 270 0
 4204 4083 3409 4276 0
 1325 2257 1215 3072 0
 4824 2648 3328 1885 0
 5346 3549 33 2391 0
 1237 1325 2257 1215 0
 3072 2257 1215 1555 0
 1555 2257 3091 2362 0
 13 9 2392 1716 0
 2392 1716 9 1921 0
 2673 1237 1334 2257 0
 2673 1334 2362 2257 0
 1528 3514 3546 2411 0
 1783 264 2314 1841 0
 4104 4036 3531 4368 0
 1219 1337 2262 2023 0
 1946 1855 2030 1854 0
 2023 1337 2262 1647 0
 1869 2308 1799 282 0
 2058 3567 3638 2610 0
 4561 3640 4268 4983 0
 2321 2183 2063 321 0
 3531 3580 4368 3386 0
 4036 3386 3531 4368 0
 3879 2721 4534 2804 0
 3110 3006 413 3997 0
 2634 2804 4895 4672 0
 2205 249 2171 2170 0
 2804 1387 4672 2634 0
 1979 3006 3110 3997 0
 283 1831 2216 199 0
 4985 3991 3832 1391 0
 1391 4985 4586 3832 0
 1839 1651 1215 1336 0
 1215 1336 1237 1839 0
 702 4912 664 2886 0
 668 670 2886 663 0
 4912 702 5253 2886 0
 3728 5253 2886 4645 0
 2399 3501 4756 1290 0
 1290 4756 2399 1509 0
 2266 1788 1523 40 0
 4637 1955 3896 5219 0
 298 2559 2147 314 0
 2774 2045 2746 1447 0
 1447 2774 2045 2938 0
 1384 1294 1383 2220 0
 3597 3285 1494 3701 0
 1766 2216 1831 2330 0
 2220 1383 2629 1294 0
 1766 2172 2330 2305 0
 1417 1016 3079 3065 0
 3597 1494 3748 3701 0
 2832 800 2600 1665 0
 2707 1220 2268 2777 0
 3285 2903 2842 1494 0
 1336 1651 1333 1266 0
 3195 2724 2706 3933 0
 2932 2418 1562 2791 0
 119 2498 1987 93 0
 5320 4973 3933 3195 0
 5327 1847 800 1665 0
 1702 1912 1785 2031 0
 5327 800 1847 2336 0
 3532 3198 2745 334 0
 5327 4045 3224 2336 0
 2030 2131 1786 1812 0
 2085 1912 138 1785 0
 2851 5107 4974 2891 0
 175 2219 122 1737 0
 5341 1966 5342 2773 0
 2053 3352 2893 2520 0
 2864 2053 2893 2520 0
 2734 2754 2124 1288 0
 1900 1665 2832 2600 0
 5327 5062 3224 4045 0
 2500 3765 3196 3336 0
 2425 77 1949 2417 0
 1900 5318 5327 1665 0
 2186 281 2607 265 0
 61 77 1949 2425 0
 134 1947 1982 1605 0
 2500 4524 4591 3196 0
 2500 4524 3196 4740 0
 4740 2500 3765 3196 0
 5180 4004 2952 2988 0
 1971 2479 2565 84 0
 1971 2479 1836 1992 0
 4165 5277 4004 5180 0
 2280 1808 2165 187 0
 1840 2165 2229 164 0
 1837 1295 70 1748 0
 36 1295 1837 1748 0
 3468 942 940 949 0
 2041 2447 95 1721 0
 2041 1252 2447 1275 0
 1255 2756 1958 1642 0
 2756 1285 1642 2591 0
 1849 292 2350 2079 0
 2756 1285 1608 1642 0
 2763 4025 882 3130 0
 3047 4097 882 4025 0
 2077 4025 3047 882 0
 2900 3282 4525 2839 0
 4097 3130 882 4025 0
 2763 2077 882 4025 0
 1924 1802 2562 1872 0
 1415 4450 2925 2779 0
 1582 1812 1786 2131 0
 2693 2901 3622 4320 0
 1276 2764 1391 1577 0
 2907 2567 1564 2345 0
 1577 1276 2764 2345 0
 2901 4481 5237 2693 0
 3525 2422 2684 2282 0
 1241 1891 1812 1786 0
 1893 2371 2133 1803 0
 54 4594 2476 69 0
 1139 5284 1155 1153 0
 1155 5284 1173 1153 0
 3025 3991 3832 4985 0
 2215 1986 2195 269 0
 2373 2352 2076 2137 0
 2352 2076 2285 2373 0
 4985 3025 4586 3832 0
 3094 4674 3025 1613 0
 1632 1626 1016 2974 0
 1108 1137 1129 4211 0
 1632 1626 2974 2437 0
 3991 3094 3025 1613 0
 4198 2902 3781 2499 0
 1690 2008 1982 2211 0
 3832 4674 3025 4586 0
 4558 3300 2500 4394 0
 4558 4394 2500 4591 0
 3336 3196 2500 4394 0
 4591 4394 2500 3196 0
 3336 4394 2500 3300 0
 2991 3993 4441 2297 0
 1669 1405 1207 2300 0
 3224 800 5239 4476 0
 2555 1874 1826 2450 0
 2300 2345 1577 1564 0
 1786 1582 5347 1812 0
 5062 4476 5327 3224 0
 980 4698 1713 974 0
 3037 4122 3234 4376 0
 3037 3004 4122 4376 0
 1284 2044 1343 1521 0
 1538 4186 1457 3891 0
 5136 5085 4413 3262 0
 3037 4376 3234 4837 0
 5220 3110 438 417 0
 451 421 450 5283 0
 5324 3877 1770 2265 0
 224 1849 2068 1761 0
 2126 472 443 463 0
 224 1849 2354 2068 0
 5202 4368 3870 461 0
 147 1987 2414 1704 0
 224 1849 2158 2354 0
 3141 3081 1221 2919 0
 3081 1221 2919 3849 0
 1538 4186 3891 5049 0
 1727 141 1806 2371 0
 2041 1964 1275 1721 0
 3722 477 427 3674 0
 2825 3088 1513 1510 0
 523 1300 3966 3213 0
 523 3284 1300 3213 0
 1407 3038 3383 3900 0
 3966 515 523 3213 0
 2174 161 1806 2072 0
 2680 4300 4061 2624 0
 1923 1792 2339 2142 0
 4641 4300 4061 2680 0
 2707 1479 1724 3496 0
 3405 4300 2624 3247 0
 181 2171 2373 249 0
 2373 2352 181 2285 0
 181 2373 2285 249 0
 2680 4641 4963 4061 0
 2200 39 2294 1719 0
 1479 1458 1724 3137 0
 3383 4616 3208 2913 0
 1432 2783 1430 4172 0
 1430 2707 4172 2783 0
 2707 1458 1724 1479 0
 73 2417 1949 1907 0
 73 1907 89 2417 0
 2126 2552 443 5220 0
 1345 3660 4790 4294 0
 2097 407 437 414 0
 2097 3976 4169 4776 0
 3668 1456 3528 1218 0
 3275 1456 3528 3494 0
 465 5044 2228 454 0
 4642 1826 2564 2151 0
 1733 2182 1922 2064 0
 2167 2026 2222 1819 0
 3933 2908 5216 4734 0
 5061 5216 2908 868 0
 4734 3933 2908 4973 0
 3994 3528 628 3275 0
 1960 2419 2051 2478 0
 3275 3994 3917 628 0
 3917 4945 3275 628 0
 2450 2151 2438 1826 0
 3157 4044 4494 3723 0
 2210 3038 3900 3383 0
 249 2349 2170 2205 0
 3275 628 4945 4437 0
 3119 3770 3696 3100 0
 2470 3696 3770 3100 0
 3990 2696 3595 4741 0
 3016 5041 4106 3403 0
 4742 3816 2340 4216 0
 3124 2093 1664 3573 0
 2234 1821 232 1986 0
 1255 1393 2639 3225 0
 3225 4371 1255 1393 0
 2639 1393 2209 3225 0
 1947 2137 1982 2008 0
 3060 3323 3016 3787 0
 1341 2206 1997 1743 0
 254 2423 2132 255 0
 2147 2517 255 2423 0
 2425 1949 58 73 0
 61 1949 2605 2425 0
 2406 4245 825 2871 0
 2426 2442 1690 2048 0
 2426 111 98 2048 0
 2406 4245 5207 825 0
 1986 269 2215 1821 0
 2319 4929 912 4423 0
 2445 1783 2157 1920 0
 2129 3292 2077 1548 0
 46 2525 1966 55 0
 926 912 4423 3868 0
 53 2429 45 4456 0
 1992 53 4456 2429 0
 3622 5047 2901 2693 0
 4956 3647 4031 2646 0
 2901 2693 5047 4481 0
 2171 2008 1982 2373 0
 4250 4275 3616 2885 0
 2430 2215 2212 2205 0
 2373 2076 2008 2137 0
 4248 3161 4739 3939 0
 3918 2909 4335 4759 0
 1943 2785 1657 1532 0
 2635 2224 3075 1375 0
 4977 2049 2431 2449 0
 2083 5024 2319 3058 0
 159 2258 2110 136 0
 2215 2195 2026 2222 0
 154 2167 2026 2195 0
 4468 1788 1302 4338 0
 2434 209 185 2145 0
 1971 100 84 2565 0
 1431 2687 4595 4334 0
 2687 4768 4595 4334 0
 2436 293 225 209 0
 1883 2436 2434 2145 0
 2151 210 186 2438 0
 2373 2137 2008 1982 0
 1647 1334 3164 1335 0
 1806 2157 2439 1704 0
 1806 2247 2439 2157 0
 2084 2442 1227 1295 0
 2442 2084 2048 98 0
 2084 2442 2048 1227 0
 86 2442 2480 1295 0
 2215 2205 2430 2444 0
 2544 1783 1894 1920 0
 1960 2110 2452 1918 0
 3043 1842 2013 1870 0
 2258 2452 2110 1918 0
 2041 79 95 2447 0
 1527 3542 2602 3506 0
 2602 3542 2944 3506 0
 3553 1863 2793 3982 0
 3102 2793 1863 3982 0
 2167 2222 2026 2195 0
 258 2174 1806 2072 0
 3540 1497 1411 1498 0
 1246 2254 2284 1338 0
 4121 1461 1498 1411 0
 2048 2469 2212 2008 0
 2212 2008 2469 2451 0
 4121 3540 1411 1498 0
 1960 2213 2533 2589 0
 1243 3355 2646 1307 0
 2205 1309 2171 2287 0
 2205 2171 1309 2170 0
 1840 2536 2453 1736 0
 3355 1307 2881 2646 0
 2287 1309 2171 158 0
 2772 1702 1912 1860 0
 2455 1997 72 57 0
 2455 1997 2477 72 0
 1997 2494 2455 60 0
 2529 2001 2471 1701 0
 1410 2698 2323 3299 0
 3299 1410 2020 2323 0
 85 101 1995 2566 0
 1891 3817 5347 1818 0
 1786 1891 5347 1818 0
 1483 3817 1818 2755 0
 2321 1701 2094 2063 0
 1638 2490 546 542 0
 4032 1418 2702 4695 0
 2474 231 300 2460 0
 2384 2585 300 2460 0
 2702 2980 3677 4695 0
 1868 2461 218 2484 0
 1765 2475 233 2461 0
 177 2167 2195 2222 0
 1992 53 2429 2577 0
 1992 2577 47 4644 0
 1970 2525 2463 55 0
 2914 1777 3104 2497 0
 1970 66 2463 49 0
 2914 2703 3104 1777 0
 4020 1772 4201 1769 0
 4180 2703 3437 2914 0
 1762 2583 2542 1781 0
 243 2354 1881 257 0
 1339 1336 1333 1266 0
 2158 1881 2354 1849 0
 1266 1882 1340 1336 0
 1339 1266 1340 1336 0
 4452 5310 2097 437 0
 383 4075 2689 393 0
 3052 3346 2740 3845 0
 2689 3997 393 4075 0
 2157 2439 1841 2468 0
 2048 2211 2469 2008 0
 2117 4291 3856 4441 0
 4471 2765 4141 5033 0
 2805 1022 2916 1950 0
 2464 2598 1756 2472 0
 299 2598 2464 1861 0
 1861 2472 2474 2598 0
 2805 4063 4935 2916 0
 2916 4063 4935 4788 0
 1765 2547 1764 2475 0
 3090 1541 3140 3453 0
 2578 2146 67 83 0
 3463 4468 4466 2337 0
 5346 2146 83 2344 0
 3549 2184 2146 33 0
 2476 1995 4594 4656 0
 86 102 2442 1690 0
 2025 2009 1270 1314 0
 1072 1713 1074 4698 0
 4040 3388 4544 2918 0
 731 1575 1716 1552 0
 2566 114 101 4416 0
 3011 1751 3421 2374 0
 2051 1960 2478 2683 0
 4847 2249 1726 5089 0
 2333 1783 228 212 0
 1726 4615 5089 2249 0
 2345 1242 2237 1895 0
 3623 3573 3652 3386 0
 1992 2577 2479 68 0
 2345 2834 1242 1895 0
 1971 4644 5350 2565 0
 1971 2479 4644 2565 0
 1726 4615 5184 5089 0
 86 2480 70 1295 0
 1970 2480 70 2463 0
 70 1295 2480 1970 0
 1276 2834 2764 2345 0
 1559 4131 2348 2932 0
 2903 3552 3455 3169 0
 1831 1857 2571 2464 0
 2922 4111 2934 2086 0
 1885 2348 4131 2932 0
 2853 14 1740 2920 0
 4904 4582 2853 2920 0
 1402 2342 2987 1374 0
 2987 4415 1465 1511 0
 4904 4582 2920 4838 0
 2136 1960 2110 137 0
 4299 3432 4223 2921 0
 1960 2533 2110 137 0
 4299 2921 4074 5226 0
 2921 3895 3554 1145 0
 2921 1145 3554 5226 0
 3694 3559 5249 5260 0
 2196 1722 280 2314 0
 5260 3694 3559 3622 0
 1904 1905 2381 157 0
 4418 2873 1346 3254 0
 1705 1382 1407 2803 0
 3338 2803 1382 1705 0
 1643 2938 2045 2840 0
 2803 1705 2098 2323 0
 2803 2800 1407 1705 0
 2803 2323 2800 1705 0
 4288 2140 2293 4204 0
 2488 106 2404 1964 0
 1936 1596 1381 1680 0
 3753 2379 1341 1272 0
 2476 1995 2566 85 0
 3753 1272 1341 2278 0
 2562 1964 2404 106 0
 893 1687 889 2681 0
 2493 67 2146 50 0
 1487 419 2649 3013 0
 3573 1664 3623 1776 0
 3124 1664 3623 3573 0
 2942 1932 4702 3209 0
 1448 1449 3440 1877 0
 1425 3124 2093 1664 0
 2649 419 2869 3013 0
 2494 1997 57 51 0
 2494 2605 61 1949 0
 8 1097 2787 1409 0
 2149 2923 1222 2752 0
 4537 4205 3371 2149 0
 2203 2976 2676 3662 0
 3074 3075 1556 1589 0
 4846 2799 2923 2752 0
 1989 93 1987 2498 0
 1989 2417 93 2498 0
 1969 3075 3074 1589 0
 5157 3660 3501 3175 0
 5264 4105 5093 1780 0
 1736 2492 2536 2453 0
 1906 500 2138 1854 0
 1097 1347 1208 1580 0
 5093 4105 4567 1780 0
 3030 1312 1772 2671 0
 3624 1312 3030 2671 0
 2412 4663 4871 4372 0
 4372 1346 4871 3776 0
 3246 3477 4240 2924 0
 2414 1803 1987 2498 0
 2469 1819 111 2048 0
 1624 2875 1710 3085 0
 1573 6 1620 2364 0
 1275 2447 2488 91 0
 2146 67 2344 50 0
 5346 2051 99 2454 0
 2852 2862 3325 2865 0
 2412 4663 4372 4445 0
 1790 307 2505 2514 0
 2862 2852 1237 1839 0
 2852 2865 3325 1217 0
 1989 1907 2417 89 0
 1989 89 2417 2498 0
 4374 1774 2010 2954 0
 3136 2954 4374 2477 0
 2954 1774 2010 2206 0
 4208 1211 3594 4129 0
 2570 2443 1831 1792 0
 2595 1857 1792 1831 0
 1792 2509 1831 2570 0
 1211 4208 4865 4129 0
 2559 310 2147 2510 0
 4208 1211 3777 3166 0
 3136 2954 2477 1997 0
 1774 2954 1997 2206 0
 4208 1211 3166 3594 0
 1868 2164 2484 2516 0
 4975 4865 1211 4208 0
 1868 302 2164 2511 0
 2478 2419 2051 112 0
 4311 2608 3418 2554 0
 1237 1336 1215 2673 0
 2486 2453 2513 1785 0
 2543 2486 2513 1785 0
 1215 1237 2673 2257 0
 3091 2673 2362 2257 0
 3421 2936 2374 1450 0
 1997 57 2455 2494 0
 1970 2480 2463 66 0
 3416 1105 2554 3418 0
 3490 1216 2191 2121 0
 3490 3070 2121 545 0
 1967 4868 4510 2727 0
 3416 2554 1105 3414 0
 2132 245 2147 2423 0
 2147 245 2517 2423 0
 2996 3778 3139 3604 0
 1970 49 2463 2525 0
 1881 2545 2514 2169 0
 4595 2268 1262 3050 0
 4959 2515 2145 3002 0
 2145 2515 2557 193 0
 2507 2516 1830 1752 0
 1752 2516 1830 2484 0
 2951 1972 2024 2139 0
 482 1759 471 464 0
 2951 2139 2024 4077 0
 2960 3836 2862 3726 0
 2487 2517 2147 226 0
 2483 2460 2384 284 0
 5096 482 1759 471 0
 2425 2417 1949 73 0
 2454 2146 2578 83 0
 5346 2454 99 83 0
 4755 4227 2957 2884 0
 4388 590 3151 4491 0
 3151 4388 4071 5120 0
 2426 98 2442 2048 0
 2592 2471 2169 1881 0
 1784 2522 1834 1808 0
 2699 4570 4484 1820 0
 1784 2524 1834 2522 0
 1643 2840 2528 2744 0
 1643 2938 2840 2744 0
 4060 4189 3620 2799 0
 2964 1653 3171 1471 0
 2429 1902 4456 1734 0
 3171 2730 2964 3087 0
 4060 3620 3221 2799 0
 5272 2928 4373 5277 0
 3021 3567 2965 4678 0
 1992 2429 4456 1734 0
 1807 2965 5189 3318 0
 1503 1413 2625 1501 0
 1247 1854 2357 2346 0
 2905 1506 1503 2625 0
 1786 3339 1586 5347 0
 1519 1946 1233 1343 0
 50 44 1966 2525 0
 1284 1519 1233 1343 0
 3728 810 5095 811 0
 1970 2525 1966 44 0
 2825 1506 2625 2701 0
 5042 1291 4989 5282 0
 3728 5095 5236 811 0
 4507 2467 2566 4416 0
 2815 1778 538 2503 0
 4631 2815 2612 2503 0
 1761 2445 2157 1920 0
 5042 5282 4160 1291 0
 1790 2529 2471 1701 0
 1173 3429 2837 3427 0
 1737 2539 2380 2466 0
 3868 2319 912 4423 0
 4120 4252 1655 2958 0
 2083 2319 3868 4423 0
 2262 2378 1268 1269 0
 2213 2533 2080 2507 0
 5238 4891 4167 3216 0
 2213 2589 2080 2533 0
 1269 3311 2342 2378 0
 1992 2429 47 2577 0
 5168 5238 3700 4167 0
 2791 2433 2418 1562 0
 5238 4891 3700 4167 0
 3507 3949 2588 3820 0
 1987 1704 1803 2414 0
 5238 3216 4167 5168 0
 2414 1704 1806 2439 0
 4463 3106 2569 5289 0
 3429 3215 4976 2931 0
 5289 5316 3533 4463 0
 4463 2569 3533 5289 0
 5316 5202 4463 5289 0
 2430 2026 2451 2212 0
 3573 3124 2850 3229 0
 4111 5212 2103 2093 0
 2157 2247 2439 2468 0
 2803 2253 1407 2800 0
 2803 2323 2253 2800 0
 859 2833 2935 1291 0
 2684 4009 2820 3380 0
 4122 4009 2820 4448 0
 3525 2820 2459 2684 0
 4463 5202 4431 5289 0
 4122 2820 3525 4448 0
 4463 4431 3106 5289 0
 1861 2598 2464 2472 0
 2760 2103 2850 3884 0
 5282 859 2935 1291 0
 5010 2975 4999 4946 0
 2547 1764 1762 2504 0
 2461 1868 1765 2164 0
 2547 2475 1765 2164 0
 2695 3778 1228 840 0
 1809 1895 1576 3183 0
 2685 2804 3972 1705 0
 1447 2746 2289 2241 0
 2022 1600 521 3312 0
 1318 521 2022 1600 0
 3972 1705 3798 2685 0
 3972 4207 3798 1705 0
 2598 315 2546 2474 0
 2634 1705 3972 2804 0
 3178 1856 3284 1697 0
 4207 3972 2634 1705 0
 409 390 4136 4513 0
 4513 3631 4136 409 0
 2185 4355 2824 2201 0
 525 2301 2101 1607 0
 3435 4834 5022 2043 0
 2594 1211 2690 3783 0
 1333 841 1015 2388 0
 1252 59 2447 1725 0
 1275 1252 2447 1725 0
 465 454 2228 483 0
 2307 2613 2086 2253 0
 2922 4431 4159 2934 0
 2465 3806 2096 2766 0
 1953 3806 1711 4114 0
 244 2446 2561 2132 0
 4114 3806 1711 2766 0
 2382 2949 2526 895 0
 294 2487 2151 2549 0
 1584 1451 2825 3378 0
 2446 293 2550 2560 0
 2446 293 2436 2550 0
 2449 4084 2431 4401 0
 3712 2949 2382 895 0
 2151 210 2438 2487 0
 857 856 2950 3479 0
 3479 2950 1291 856 0
 1584 3915 3378 2825 0
 3401 2117 4291 3503 0
 3002 2431 2457 4959 0
 4962 5031 2117 2991 0
 5282 1291 2950 856 0
 4903 3088 3241 4612 0
 2293 1321 1344 1421 0
 4363 2293 1344 1421 0
 3997 3844 2102 3956 0
 3060 923 921 5094 0
 2434 2457 2145 162 0
 2436 209 2434 2145 0
 2436 2145 2186 2607 0
 3171 2964 3306 4418 0
 2293 4363 1344 3158 0
 1321 1344 4288 2293 0
 1344 4288 2293 3158 0
 4061 923 3060 5094 0
 2145 2607 259 2557 0
 5094 923 921 4449 0
 2564 261 2151 2558 0
 4453 4214 4832 2951 0
 2151 261 2549 2558 0
 294 2487 2549 2147 0
 2147 2559 2549 294 0
 1732 2394 2707 1220 0
 4400 923 5094 4449 0
 1663 2046 3057 2394 0
 4061 923 5094 4400 0
 2561 260 2132 2423 0
 1932 3729 4980 2711 0
 877 3797 2268 2828 0
 460 452 447 5310 0
 2828 2687 4595 1431 0
 2450 2151 186 2438 0
 4595 2268 2687 2828 0
 4265 2955 3098 1366 0
 4971 4350 4265 2955 0
 2955 4166 4971 4350 0
 1975 1517 3765 1824 0
 1366 4166 4971 2955 0
 1508 3500 1465 1454 0
 2400 1954 2203 1380 0
 1308 1215 1750 3242 0
 1995 4507 2566 4416 0
 4091 4227 4946 3990 0
 3549 2051 5346 2146 0
 2051 2454 2478 99 0
 2954 2477 1702 4374 0
 3539 1411 1497 1496 0
 1971 2005 2050 5340 0
 1696 2631 1407 2310 0
 157 132 2381 180 0
 3421 2987 2342 2616 0
 3421 3157 2342 2987 0
 4416 2467 114 132 0
 1511 2987 3157 1450 0
 3442 4743 3176 5060 0
 1766 2531 2539 2570 0
 1766 2539 2443 2570 0
 1792 2571 2443 1831 0
 2595 1831 2464 1857 0
 4644 1992 1971 1926 0
 2340 1018 3632 4380 0
 1992 4644 2479 2577 0
 3533 2569 4454 2612 0
 3533 2612 4017 3086 0
 2578 67 2146 2493 0
 3533 2612 4454 4017 0
 2480 2442 82 1295 0
 4042 2569 4454 3533 0
 1706 2253 3168 2307 0
 2307 2253 3168 2613 0
 4357 1307 3782 2881 0
 1785 2513 2536 2453 0
 2157 2468 2252 2072 0
 1761 2544 2523 1920 0
 2581 1704 1806 2371 0
 2502 2962 1610 3936 0
 4357 1513 2881 3782 0
 2962 4529 3936 5292 0
 1515 1516 891 2254 0
 1764 2504 2542 1762 0
 2713 1215 2012 3242 0
 2012 1308 2011 3242 0
 1821 2482 2542 2583 0
 2502 2962 3936 5292 0
 3125 875 842 3044 0
 3283 1402 4415 3125 0
 2257 1334 2362 1253 0
 4742 3104 2809 3632 0
 2012 1017 2011 1308 0
 1849 2545 2592 1920 0
 454 5044 2228 5108 0
 1432 3878 2783 4172 0
 1790 2169 2505 1701 0
 2707 1430 4172 2687 0
 2783 2707 4172 1724 0
 1800 2460 2474 2585 0
 2585 300 2474 2546 0
 2511 302 2164 2586 0
 2547 302 2586 2164 0
 1610 2962 4213 3936 0
 2962 4529 4341 3936 0
 2532 2222 2212 2587 0
 2212 2469 1819 2451 0
 2962 4213 3936 4341 0
 826 824 5222 3452 0
 2419 2051 1733 2452 0
 793 826 828 2867 0
 2409 4911 3385 3337 0
 2589 2051 129 3549 0
 1968 4954 2997 2395 0
 2483 284 2384 2590 0
 2642 3300 2655 4577 0
 2483 2593 284 2590 0
 2395 1420 5035 2997 0
 4886 4010 3929 2966 0
 2504 1764 2542 1821 0
 4502 3417 2982 2966 0
 4886 4010 2966 4502 0
 2583 1852 2349 1698 0
 1399 1828 1303 5084 0
 571 3842 596 4923 0
 3304 2956 425 3655 0
 943 2775 4793 1037 0
 3919 2086 4689 5108 0
 454 441 5044 5108 0
 4535 2506 4536 2846 0
 4535 2846 3907 2999 0
 2353 5130 5231 1082 0
 2967 3422 5075 5209 0
 2876 2144 1978 2999 0
 2087 2066 2969 5184 0
 4597 4147 3093 3059 0
 56 2525 1966 46 0
 2343 1851 2029 1390 0
 2957 3990 4227 4091 0
 2957 4091 4227 2097 0
 2998 3019 1890 3996 0
 4227 4091 5288 4513 0
 2433 2418 1666 2791 0
 1666 1885 4055 4243 0
 2493 50 1966 2525 0
 2493 50 2146 1966 0
 3102 3124 3108 1425 0
 5004 3860 2178 3707 0
 2801 1136 5080 2986 0
 2126 3946 5220 443 0
 2963 2281 3123 1425 0
 3746 2685 2383 3064 0
 3064 2020 2685 2383 0
 3064 2020 2383 3192 0
 3102 2963 3123 1425 0
 1447 2045 2241 1017 0
 2519 2241 527 519 0
 2605 1949 51 58 0
 2605 1949 58 2425 0
 1913 1988 2115 1491 0
 1913 1988 1983 2115 0
 2205 1852 2604 2349 0
 4625 1967 4510 2839 0
 2654 2355 4564 2839 0
 1585 3299 2416 1410 0
 1997 51 2494 1949 0
 4625 1967 2839 2355 0
 2416 3299 2698 1410 0
 2900 2839 4970 2986 0
 2494 51 2605 1949 0
 4564 2839 4525 2654 0
 4970 2900 4525 2839 0
 1606 1686 1205 1580 0
 1564 1867 2237 1205 0
 1606 1867 1205 1686 0
 1963 1644 3036 1428 0
 3984 2501 3156 3561 0
 786 784 816 5252 0
 707 2526 3225 2214 0
 786 5252 816 818 0
 3327 2024 2652 2669 0
 707 5247 2526 2214 0
 3984 3156 2961 3561 0
 3729 1932 2842 3871 0
 2842 2903 1209 1932 0
 2377 2607 2436 2186 0
 1641 2427 2709 1934 0
 2709 2427 1641 1434 0
 1858 2427 29 1434 0
 2695 3878 2843 4097 0
 1687 1723 1663 1220 0
 1262 1687 1663 1220 0
 1432 2695 3047 3878 0
 4097 3878 2843 4155 0
 2046 1723 1663 3057 0
 867 5087 873 870 0
 1437 5173 2296 4013 0
 1432 3878 2843 2695 0
 1425 3124 3108 3305 0
 2690 4947 1372 3122 0
 1425 3124 3305 2093 0
 5212 3305 2850 2093 0
 4774 4947 2690 3122 0
 4114 4028 2813 4997 0
 2152 4947 4774 3122 0
 4114 2813 3806 4997 0
 3151 1962 3541 3101 0
 2220 3721 2034 1384 0
 4502 2982 4478 4010 0
 1384 2614 2034 2745 0
 4502 4382 4010 4478 0
 3379 5312 3027 2983 0
 2686 4240 3495 2983 0
 1737 1980 1981 122 0
 938 2983 3379 3027 0
 3379 2983 3495 5312 0
 3685 4240 2686 2983 0
 4995 2666 2664 3444 0
 4494 1859 3182 2889 0
 4995 2666 4425 2664 0
 1859 2889 4494 1675 0
 1885 4131 2648 2932 0
 4284 2984 1395 3880 0
 1683 4650 5037 4651 0
 5246 5263 937 918 0
 3289 1395 4284 2984 0
 1395 2984 5298 3880 0
 4500 2123 4995 4950 0
 3289 4284 5276 2984 0
 1683 996 3724 998 0
 2652 1059 4680 2130 0
 2115 1988 38 1491 0
 2998 3779 3019 1848 0
 4339 3770 3231 3100 0
 2665 4427 4713 2667 0
 3802 4713 2665 3426 0
 2114 2986 2900 4221 0
 2900 2986 4970 1115 0
 2988 648 654 655 0
 717 649 2988 648 0
 1525 3862 3928 4146 0
 4146 3928 2602 3862 0
 2138 1241 1921 1855 0
 2803 3838 1407 1706 0
 3338 3296 1706 2803 0
 4579 4427 2644 4399 0
 3296 2803 2098 2323 0
 1482 1248 1522 1829 0
 649 654 2988 648 0
 4678 2107 3021 3567 0
 3144 2100 2989 3211 0
 3144 3211 2989 4081 0
 4403 2989 4398 5069 0
 3553 2093 1315 1776 0
 4403 2989 5069 4081 0
 3553 1664 2093 1776 0
 2093 2934 1315 1776 0
 4403 2989 3146 4398 0
 3713 3676 3361 2992 0
 3676 2992 3853 4453 0
 3795 1873 1862 1866 0
 3795 1862 2855 1866 0
 1643 2840 2045 2528 0
 2045 2840 1536 2528 0
 4055 2840 3342 1885 0
 2840 4824 3342 1885 0
 4243 3342 1885 4055 0
 3342 2874 4243 1885 0
 3394 3245 5134 4062 0
 3343 2230 2225 4738 0
 3343 3811 2225 2230 0
 5340 5350 1981 2050 0
 2139 3343 2225 4738 0
 2995 360 372 361 0
 1287 1229 1206 1233 0
 5283 2552 466 5234 0
 1287 1229 1234 1206 0
 1617 1234 1287 1229 0
 4216 4742 3816 4516 0
 1349 1206 2092 1287 0
 2995 4118 4271 2798 0
 1617 1234 1349 1287 0
 1234 1287 1206 1349 0
 3122 3612 2462 3304 0
 3590 1283 1562 2433 0
 3731 3139 5081 840 0
 2506 4201 4536 2846 0
 2671 2506 3624 2704 0
 2506 3816 4536 4201 0
 3816 1312 1772 3030 0
 3604 3139 3731 840 0
 3394 5134 4003 4062 0
 3026 2506 4535 2846 0
 4535 2846 2999 3026 0
 5149 4459 2891 4822 0
 2512 3909 4033 1670 0
 3909 1670 2512 3128 0
 2534 3807 3392 2512 0
 2534 3392 3807 1479 0
 3481 3189 2722 3187 0
 5186 3704 3189 3481 0
 874 3189 5186 3704 0
 3189 872 874 4690 0
 3907 3253 5032 2999 0
 3217 3877 3015 2994 0
 1865 3023 3015 2999 0
 1907 2626 1744 39 0
 2626 1990 39 2302 0
 5344 1744 1990 39 0
 2140 1789 4869 4288 0
 1744 1990 39 2626 0
 4344 3004 3398 2821 0
 4404 599 584 4318 0
 3398 2821 3004 4737 0
 3869 4318 3029 2116 0
 3004 4173 4344 3398 0
 1298 2433 1301 1297 0
 3421 3157 2987 1450 0
 3710 5140 4963 2738 0
 1209 2433 1832 1298 0
 2011 1017 2241 2519 0
 1017 2519 2011 1015 0
 2433 1301 1832 1298 0
 5324 3877 2265 3015 0
 3960 3877 1770 5324 0
 5075 3873 3710 3005 0
 3111 5075 3005 4667 0
 1279 1246 892 1254 0
 4891 3005 4979 2738 0
 4697 3006 1979 3997 0
 3997 4251 2688 3006 0
 5220 3006 438 3110 0
 4697 3997 2688 3006 0
 1979 3006 5220 3110 0
 947 1429 3107 2854 0
 2857 5051 4790 3660 0
 4741 3990 2065 2700 0
 4272 3996 4438 3019 0
 5107 3996 3824 4438 0
 1260 3948 2512 2534 0
 3884 2769 388 5305 0
 2765 3215 4141 5033 0
 1919 2119 1320 1901 0
 1589 2538 2490 1969 0
 2104 2538 1589 1969 0
 2191 2538 2104 1216 0
 2331 1442 1933 28 0
 4204 2106 4892 2140 0
 4864 1216 2490 2538 0
 3215 4141 5033 4976 0
 2014 1551 3444 3399 0
 3996 1890 4438 3019 0
 2994 3827 2858 3711 0
 3824 3996 1890 4438 0
 4535 2858 2506 3026 0
 3692 1274 1467 2915 0
 2999 2858 3026 3263 0
 2994 3166 3711 3263 0
 1274 4349 3692 1467 0
 3692 1274 2915 3454 0
 5107 4272 3996 4438 0
 3013 3988 2869 5059 0
 4654 2860 5019 4120 0
 2860 2037 5019 4120 0
 1275 106 2488 1964 0
 2175 1964 2041 1721 0
 2175 1721 1924 1964 0
 629 3369 4233 638 0
 2421 3400 4061 3060 0
 3400 3323 3016 3060 0
 4061 3400 3016 3060 0
 2616 2023 2548 1355 0
 1219 2262 2548 2023 0
 2548 1355 3421 2616 0
 1978 1301 3263 2144 0
 1402 2342 4415 2987 0
 2378 1675 2342 2548 0
 1374 1402 2638 2987 0
 3016 5094 5208 4061 0
 2638 2987 3287 1374 0
 2936 1374 3287 2987 0
 4061 3060 3016 5094 0
 4963 5208 4061 3016 0
 4963 4061 4641 3016 0
 4061 4641 3016 3400 0
 1350 1258 1876 1620 0
 4737 4376 3004 3037 0
 2407 1514 1269 2342 0
 5253 808 806 5042 0
 806 2288 702 5253 0
 808 806 2886 5253 0
 5253 702 806 2886 0
 5253 806 2288 5042 0
 2921 2518 2017 3432 0
 4299 3432 2921 2017 0
 2017 3417 3432 2518 0
 5129 3271 5195 3640 0
 2911 1514 2556 2342 0
 1220 2129 2077 1548 0
 1220 1548 2077 1547 0
 2783 1547 1220 2077 0
 1333 1308 1015 1017 0
 2518 3895 2921 1145 0
 1333 1651 1017 1266 0
 388 5305 373 364 0
 1308 1215 1651 1333 0
 1550 1549 3706 3219 0
 3987 4495 2563 2704 0
 2898 2616 3815 2120 0
 1218 3807 3255 4033 0
 2714 4522 4543 2712 0
 563 562 588 2150 0
 2712 2844 4543 2714 0
 563 562 2150 3543 0
 1254 1335 2365 2366 0
 717 649 5239 2988 0
 770 5239 798 768 0
 3514 1527 3281 1466 0
 3514 2150 3281 1527 0
 3514 1528 1527 1466 0
 656 654 4142 649 0
 3543 2150 3514 1527 0
 3546 1528 3543 3514 0
 649 654 4142 2988 0
 1527 1466 3506 1477 0
 3911 2840 4514 3342 0
 4055 2840 3911 3342 0
 1527 1477 3506 2602 0
 3043 2870 2458 3798 0
 1527 3542 3506 2892 0
 2800 2870 1407 1705 0
 2573 3881 4100 2118 0
 1527 2892 3506 1466 0
 2741 1681 1016 2573 0
 4146 4033 2191 1670 0
 2573 3881 3687 4100 0
 3043 2870 3798 2627 0
 4033 1670 2243 2191 0
 2259 2575 3824 1606 0
 4053 3618 5029 2675 0
 2714 2844 4543 3382 0
 717 718 648 2988 0
 2335 42 1949 2315 0
 2338 3062 3976 2823 0
 2884 2823 2338 4755 0
 3976 2823 3062 4136 0
 2714 2844 3382 5022 0
 2848 718 2988 648 0
 3791 2627 4207 2870 0
 1281 1225 2579 1264 0
 1281 1225 1639 2579 0
 1854 500 2138 2030 0
 2030 1855 2138 1854 0
 1225 2198 1639 2579 0
 2579 1225 2636 1264 0
 939 2847 940 945 0
 1731 3476 2697 2653 0
 5335 3081 2697 1731 0
 5335 3081 3160 3683 0
 4405 5208 5166 3368 0
 5265 3368 5166 5208 0
 4405 3415 3368 5166 0
 2121 2582 1588 2104 0
 3255 2582 2191 2104 0
 1034 2847 3468 939 0
 1226 2582 2191 3255 0
 3027 5312 922 5246 0
 1289 3071 1687 498 0
 1078 2353 1077 5285 0
 938 2983 3027 3381 0
 3028 4548 2937 3999 0
 2813 2719 4028 3177 0
 1279 1887 1246 1338 0
 515 523 3213 2719 0
 892 1887 1246 1279 0
 3753 1949 2347 2278 0
 5166 5265 3415 3368 0
 2813 4028 3213 4818 0
 3028 5137 2937 4548 0
 3419 4548 5137 3028 0
 1900 1594 4567 3032 0
 4040 1610 3936 3388 0
 1015 841 2519 2594 0
 841 2594 1507 1494 0
 841 2594 1536 2045 0
 841 2594 1494 1536 0
 841 2594 2388 1507 0
 2388 841 1015 2594 0
 2519 2045 2594 841 0
 4040 1610 3388 4793 0
 2600 1594 1900 3032 0
 2300 2345 1207 1482 0
 2300 1207 2345 1564 0
 846 1900 848 3032 0
 1900 2600 3032 4197 0
 515 2719 3213 2813 0
 3746 3043 2465 1711 0
 515 2813 3213 4818 0
 846 1900 3032 4197 0
 1740 3398 2334 1735 0
 2641 3398 1735 4737 0
 2024 3393 2652 2225 0
 3867 2024 3393 2652 0
 2024 3393 2225 3343 0
 5246 5263 4052 937 0
 5241 2022 4947 3201 0
 937 4304 5192 4052 0
 5241 2022 4774 4947 0
 2097 3023 2957 4091 0
 2775 2847 939 945 0
 5346 33 2146 2344 0
 3549 2146 5346 33 0
 2784 133 1995 1602 0
 1995 133 101 1602 0
 2381 133 1995 2784 0
 1995 4416 101 133 0
 1995 2381 4416 133 0
 5327 3224 800 2336 0
 2194 2610 5198 3001 0
 1218 3807 4033 4146 0
 2191 4146 1525 3928 0
 800 3224 802 2336 0
 3224 5259 800 802 0
 4090 4228 2625 3078 0
 3413 3415 4405 1064 0
 2825 2701 2625 4228 0
 13 1906 1247 1604 0
 13 1575 1906 2052 0
 13 1906 1604 2052 0
 4181 4458 1218 2602 0
 1527 3862 2602 3542 0
 3315 1739 3660 5157 0
 1527 4146 2602 3862 0
 1527 4146 3862 1526 0
 4405 4347 3413 1064 0
 1805 3275 2751 3917 0
 3275 3994 2751 3917 0
 3076 1563 3601 3238 0
 3076 1563 3238 1680 0
 2208 3601 4844 4906 0
 1680 3076 4906 3238 0
 4906 3601 4844 3238 0
 25 2677 1946 1855 0
 2677 25 1946 1718 0
 1584 4653 2905 2825 0
 2825 3088 1510 1506 0
 2905 1506 2825 1510 0
 5237 3523 2688 3048 0
 4251 5237 2688 3048 0
 5283 421 450 3048 0
 4566 421 4133 3048 0
 3048 438 421 450 0
 2016 2435 2312 2880 0
 2342 1675 3311 3157 0
 2016 2993 2435 2880 0
 2630 2993 2720 3387 0
 4251 438 421 3048 0
 3015 2006 1978 2265 0
 944 942 3309 951 0
 944 2358 951 3309 0
 1691 2882 1606 2575 0
 2976 3662 2882 3033 0
 2780 3812 2882 2675 0
 3706 1280 1550 1288 0
 1288 2754 2124 3706 0
 1606 2976 2882 1564 0
 2754 3706 894 2124 0
 4561 4727 5157 2456 0
 1955 3577 4754 1678 0
 4297 4268 4561 2105 0
 4561 1654 3181 4297 0
 4754 1678 3577 4231 0
 3110 3997 2689 2102 0
 3569 4210 3052 2740 0
 3384 3052 2740 3569 0
 5011 4210 3052 3569 0
 3423 435 3231 3100 0
 3423 2793 3982 435 0
 1835 87 2454 2578 0
 3423 3982 3231 435 0
 1835 2454 87 103 0
 2683 1835 2454 2146 0
 103 2454 2683 1835 0
 2942 1932 3209 4980 0
 1567 1644 1204 1251 0
 1963 1251 1204 1644 0
 3384 3052 3569 3340 0
 393 2689 3110 3997 0
 2887 525 1236 2301 0
 1236 2887 2596 2325 0
 2887 2301 1236 2596 0
 2325 1236 2887 2698 0
 2698 2887 2814 1236 0
 525 2814 2887 1236 0
 1827 4032 3254 2059 0
 3379 2686 3495 2983 0
 2178 2286 2238 4508 0
 2238 4252 2178 4508 0
 2088 1812 2131 2030 0
 938 2686 3379 2983 0
 1416 4760 1459 3428 0
 4252 4508 2736 2609 0
 2609 2736 4252 4120 0
 1827 2873 3254 4032 0
 4500 1223 2032 3600 0
 1223 3207 3600 4500 0
 1223 2014 3207 4500 0
 3618 4780 5029 2675 0
 4118 3694 360 2995 0
 360 4966 4118 383 0
 4966 3694 360 4118 0
 4368 3870 3248 5202 0
 1791 1682 1569 2408 0
 2318 2256 2537 3010 0
 4882 4368 3248 5202 0
 2797 1682 1791 2408 0
 2537 1360 2318 2332 0
 2677 2611 1718 1343 0
 2677 1718 1946 1343 0
 4504 4797 3972 2627 0
 2176 1760 2173 2086 0
 4882 4368 2103 3248 0
 2621 2318 2332 2537 0
 1360 2332 2537 2312 0
 3096 3687 4079 1571 0
 3248 4368 3636 3870 0
 2435 2303 2894 4198 0
 4368 3636 2103 3248 0
 3629 4198 2894 2303 0
 2896 1824 3562 3908 0
 3346 1023 4701 1058 0
 3346 2757 4701 1023 0
 903 919 5094 907 0
 4274 2896 3562 3908 0
 2621 3898 3049 4434 0
 3049 2332 1644 2897 0
 2958 4120 4252 2736 0
 904 2398 3422 916 0
 2435 1644 2332 2897 0
 2435 1644 2897 2894 0
 3938 3737 2894 2897 0
 903 5094 897 907 0
 897 3787 3060 5094 0
 5167 3194 3063 4138 0
 3838 2899 2250 2180 0
 540 1318 1362 1600 0
 3063 1172 3628 2551 0
 3338 2098 2250 2899 0
 3422 4551 5075 4086 0
 1172 3194 3063 5167 0
 3111 3005 3710 4963 0
 3710 5075 3005 3111 0
 4120 4252 2178 4775 0
 1663 3069 2620 3057 0
 2731 4120 4660 4775 0
 4120 4775 2178 4660 0
 3685 3381 920 913 0
 5075 3710 5183 3111 0
 1402 2342 2556 2407 0
 3024 2960 2748 3017 0
 1956 3575 3818 1413 0
 3431 627 3041 5021 0
 2888 3017 3024 2748 0
 1429 1576 1245 1376 0
 695 744 2867 694 0
 3409 4038 2424 4083 0
 1413 2625 2905 1503 0
 695 694 2867 4125 0
 1413 3575 2905 1956 0
 3675 1828 1850 3846 0
 1413 2905 3041 1503 0
 3575 2905 3041 1413 0
 695 2867 5214 4125 0
 1838 904 1708 3073 0
 1838 916 904 3073 0
 3878 1724 4155 2792 0
 5126 1780 2112 4501 0
 5209 3422 5075 3265 0
 2071 2630 3387 3585 0
 1277 1352 1252 2597 0
 3043 2627 3798 3746 0
 2424 4038 2390 4083 0
 1240 1809 1354 493 0
 4204 4288 4215 2293 0
 487 4017 1361 4952 0
 2296 3436 2609 2572 0
 2037 2609 4993 3436 0
 2037 2178 4120 2609 0
 3262 3663 4841 4783 0
 5116 5145 953 4529 0
 5145 5292 951 953 0
 3178 3261 541 1977 0
 1977 3261 541 1300 0
 3330 1941 2632 3459 0
 3178 1674 3070 541 0
 3115 3886 3459 3360 0
 2683 2051 2454 2478 0
 2743 1853 1219 2911 0
 1514 2743 1219 2911 0
 2926 2636 3000 1541 0
 1846 3181 4727 1654 0
 2118 2636 3000 2926 0
 1225 2636 2118 2579 0
 2637 1591 1647 1611 0
 2226 1268 1647 2637 0
 1845 3846 3750 3675 0
 2034 3305 1884 2850 0
 2850 2034 3373 1884 0
 3224 4476 5327 800 0
 3224 5259 5239 800 0
 1465 2638 2987 3287 0
 1465 1511 3287 2987 0
 3094 3635 4674 1613 0
 4755 4227 2884 2823 0
 3094 3635 2929 4674 0
 3094 2929 3964 4674 0
 3025 1613 4674 3832 0
 4215 4778 4288 4204 0
 3083 2723 1508 3489 0
 3083 2723 838 843 0
 3083 3489 4613 2723 0
 4180 3437 2703 530 0
 2613 2253 2814 1679 0
 2703 5187 536 530 0
 5003 3639 4260 4303 0
 1690 2587 2048 1227 0
 1947 1227 1690 1605 0
 1822 3750 4811 1847 0
 1638 1378 2490 542 0
 851 3846 1847 1399 0
 4513 409 5288 3631 0
 1947 2587 1690 1227 0
 2587 126 2048 1227 0
 2086 2029 4689 3056 0
 2519 1017 2241 2045 0
 3531 4397 3386 4036 0
 1324 2787 1097 1890 0
 8 2787 1097 1324 0
 2125 2077 882 2763 0
 4524 3712 3357 1583 0
 2933 2077 2125 2763 0
 2433 2348 4702 1932 0
 5124 4835 3712 4628 0
 3115 1408 1910 1846 0
 1408 3115 1910 2632 0
 4957 4399 4365 3808 0
 2644 2667 3802 4399 0
 4584 2422 2906 3525 0
 2821 4122 4376 4448 0
 2422 2520 2906 2179 0
 4376 4122 3525 4448 0
 2453 2492 2536 1785 0
 1860 2536 1702 1912 0
 4429 4950 2668 4995 0
 1736 1702 2492 2415 0
 2401 1209 3871 3173 0
 1813 1425 2245 2283 0
 2462 4799 4865 4208 0
 3108 2963 1425 2271 0
 3633 748 756 843 0
 843 756 3633 2723 0
 1731 3476 2653 3113 0
 1425 2271 2245 2283 0
 2315 1989 2335 1999 0
 3854 5285 1077 2353 0
 3000 4351 4523 1541 0
 4443 4523 2654 3140 0
 4443 4523 4351 2654 0
 5046 3300 3562 2655 0
 2655 3300 3562 2491 0
 4435 3478 1416 1459 0
 3478 3105 1951 1544 0
 1544 3478 3105 4435 0
 3478 1951 3993 1544 0
 5086 606 4333 627 0
 2103 412 406 432 0
 3219 2129 1220 1548 0
 2103 3524 3636 4368 0
 4625 1323 2661 1967 0
 1967 4868 2661 4420 0
 2103 4036 3524 4368 0
 2975 460 456 4091 0
 3802 2665 4713 2667 0
 2975 469 470 456 0
 1355 3011 2120 3945 0
 3011 1355 2120 2616 0
 2898 2616 2120 1355 0
 2883 2120 3945 1355 0
 2883 2120 1355 2898 0
 4429 4995 2668 4425 0
 4339 2470 3770 3100 0
 3771 2735 1026 1013 0
 4299 4835 5124 4502 0
 4223 5124 4886 4502 0
 4299 5124 4223 4502 0
 2253 3326 2248 1685 0
 2253 1685 2029 2307 0
 3110 4603 1561 2102 0
 4502 4835 5124 4628 0
 3197 3492 3519 2927 0
 2245 2250 2281 3838 0
 4886 5124 4628 4502 0
 1243 1508 3125 2927 0
 3941 3197 3519 2927 0
 3501 4754 2249 1290 0
 3111 3267 5183 4748 0
 3435 1346 3254 3581 0
 1871 1975 1322 3811 0
 3111 2759 5003 4963 0
 92 1774 3136 76 0
 3786 3254 1346 3581 0
 1997 2455 3136 60 0
 1774 2954 4374 3136 0
 1774 2954 3136 1997 0
 1774 4374 92 3136 0
 3786 3254 4418 1346 0
 1975 1871 3765 3811 0
 4741 3606 3877 2977 0
 3171 2714 3254 3382 0
 2977 2405 4741 3606 0
 1054 3820 3949 3332 0
 3309 942 3468 949 0
 3507 3949 3820 3332 0
 1215 1336 1668 2673 0
 2864 2893 4837 2520 0
 3596 4530 5089 5056 0
 4837 2893 4584 2520 0
 3680 2262 1268 1269 0
 3680 1647 1268 2262 0
 4254 2967 4891 3114 0
 4891 4254 3114 4661 0
 2944 2892 4378 3506 0
 2602 2944 3740 3506 0
 3506 3542 2944 2892 0
 2944 3889 3506 5100 0
 1250 1876 2 1350 0
 1675 3421 3836 1470 0
 3491 4233 3266 629 0
 3421 1675 1450 1470 0
 629 3491 4233 3369 0
 2392 1921 9 1937 0
 3118 3932 5089 4109 0
 2899 2098 2250 4560 0
 3118 5184 4109 5089 0
 2098 1998 2250 2633 0
 3037 3661 4200 4837 0
 3661 3037 3234 4837 0
 4245 825 1388 823 0
 3905 5233 4280 3055 0
 2836 4280 3778 3055 0
 1388 4245 823 4046 0
 1388 825 5199 823 0
 1388 4046 823 5199 0
 2797 1682 4527 1489 0
 2214 4371 3225 3773 0
 4693 2214 3225 3773 0
 3225 4693 2580 707 0
 2497 4580 4596 1865 0
 5350 64 80 4644 0
 4864 2538 2490 2829 0
 3178 1216 2047 4884 0
 3722 427 2267 377 0
 1917 2002 4515 2791 0
 4560 2098 2250 2633 0
 2002 2144 1560 3082 0
 2300 2400 1564 2676 0
 2300 1564 1577 2676 0
 1370 2400 2676 2203 0
 1272 1434 2294 2035 0
 1719 1434 29 2035 0
 4607 2678 1753 5129 0
 5129 3271 2678 5195 0
 1262 885 3797 881 0
 877 1262 3797 881 0
 4193 3913 3330 2917 0
 3083 4126 3131 838 0
 1307 3083 4613 3131 0
 4940 1222 3371 4399 0
 3489 2723 3258 4613 0
 3092 3578 5159 2500 0
 4233 630 638 698 0
 1550 1289 893 2681 0
 4233 630 629 638 0
 1222 3371 2149 4940 0
 889 885 2681 1262 0
 889 1687 1262 2681 0
 1289 1687 893 2681 0
 2681 889 1548 885 0
 2681 889 1549 1548 0
 1550 1549 2681 889 0
 3833 3357 4628 1583 0
 3748 3552 1494 2842 0
 3680 1337 1269 3682 0
 1700 1871 2973 1975 0
 2842 1494 2903 3552 0
 3018 1975 1700 2973 0
 3856 4962 4233 2117 0
 2838 4233 3503 2117 0
 4846 4189 3133 4153 0
 3133 4153 4657 4846 0
 3133 4037 4189 4846 0
 537 1697 3274 531 0
 3133 4846 4506 4037 0
 3402 3649 5094 5208 0
 1537 1229 1234 2684 0
 3649 5094 5208 4106 0
 1537 4009 2684 3380 0
 4106 5094 5208 3016 0
 2820 4601 4434 2621 0
 2829 1670 3042 4863 0
 3570 4864 2490 2829 0
 559 3151 3541 3101 0
 2993 2831 2435 2880 0
 1287 2092 1349 1493 0
 4204 4094 4778 4288 0
 3345 2435 2831 2880 0
 2435 4198 2894 2499 0
 4204 1994 1423 4288 0
 2176 2086 2173 2922 0
 2176 2922 2934 2086 0
 2176 2922 4159 2934 0
 2176 3690 2934 4159 0
 2176 2922 2173 4159 0
 1793 2315 1989 1907 0
 1907 2315 1949 2626 0
 371 2614 3721 3650 0
 4569 1294 2614 4225 0
 1384 3721 2034 2614 0
 1293 2315 1907 2626 0
 1989 1949 2417 1907 0
 2614 373 3721 5305 0
 2614 364 373 5305 0
 5329 371 3650 2614 0
 2777 2707 4437 2687 0
 3016 3787 4106 5094 0
 4106 3649 5094 3787 0
 1997 2206 1794 1743 0
 2772 2206 1794 2954 0
 3141 1221 4264 5142 0
 3081 4264 3141 1221 0
 1644 1428 1963 3380 0
 1579 1963 1636 2389 0
 1636 1963 3380 2389 0
 1644 2389 3380 1963 0
 1579 1963 2389 1644 0
 2690 3312 2022 1211 0
 2335 77 1989 1949 0
 4947 2022 4774 2690 0
 2690 4129 3612 3783 0
 1989 2335 1949 2315 0
 3312 1211 2690 2594 0
 4403 3194 2989 3144 0
 4403 3146 2989 3194 0
 4403 3144 2989 4081 0
 2677 2088 1946 1855 0
 1855 2088 1946 2030 0
 2159 5249 1296 4479 0
 2159 5249 5260 4271 0
 3152 5249 1296 2159 0
 3145 3152 5249 2798 0
 2159 5249 4479 5260 0
 3671 4403 3144 5167 0
 1590 4271 2798 3145 0
 3152 2372 1296 5249 0
 1425 2281 2245 2271 0
 4403 3194 3144 5167 0
 3671 3144 4403 4081 0
 2088 2131 1519 2030 0
 1946 2088 1519 2030 0
 3562 3336 3300 5046 0
 3152 1210 4021 5249 0
 3806 4997 4188 2096 0
 3336 3765 3196 4940 0
 3194 1162 1150 2100 0
 3146 2100 1136 4332 0
 3806 4997 2096 2766 0
 4114 4997 3806 2766 0
 2813 4997 4188 3806 0
 3612 3285 1757 3701 0
 1757 3612 4129 3285 0
 3722 2267 2884 377 0
 562 588 2150 595 0
 1759 483 3919 453 0
 1910 3638 2610 5198 0
 2714 3254 3382 4543 0
 1274 4349 3454 3692 0
 4334 3454 3692 2915 0
 1431 3454 4334 839 0
 1769 2941 4008 4201 0
 1769 4201 4008 1772 0
 1293 39 2626 1907 0
 805 706 2028 5248 0
 706 661 701 3147 0
 1293 2302 2626 39 0
 3163 5035 2395 1420 0
 2927 3492 3519 1454 0
 1243 3489 1454 1463 0
 1243 1508 2927 1454 0
 3517 4694 4928 4068 0
 3517 4928 4261 4068 0
 1243 2927 3519 1454 0
 3178 3053 1674 1856 0
 3704 5087 867 2296 0
 2723 757 838 843 0
 4126 4925 834 838 0
 4126 2723 757 838 0
 3178 1674 3284 1856 0
 3178 3261 1977 3284 0
 5342 1901 2255 2184 0
 2344 5342 33 2146 0
 2299 493 1482 1248 0
 2863 3154 1009 2122 0
 2940 4830 3046 4942 0
 4830 2940 4225 3650 0
 4942 391 3650 3566 0
 2102 3997 4697 1979 0
 1897 14 2334 3155 0
 3155 2334 5013 1735 0
 3360 2074 3935 1379 0
 1288 1550 3706 2073 0
 3706 1550 3219 2073 0
 4437 644 3494 628 0
 4437 644 3904 3494 0
 1965 3640 3596 4358 0
 2698 2323 3770 3093 0
 2698 2325 2416 2403 0
 1989 93 2335 1987 0
 1999 1989 2335 1987 0
 1999 1987 1803 1989 0
 3557 2249 1850 1845 0
 3557 2866 2249 1845 0
 2297 3478 1545 3550 0
 3550 2297 3478 1951 0
 3550 1416 3478 1545 0
 3148 4487 4090 4228 0
 2315 2302 2626 1293 0
 2315 2302 42 2626 0
 4443 3140 2654 3438 0
 2654 2355 2839 3438 0
 2703 2809 5187 3104 0
 2701 4228 3370 2625 0
 2654 4447 2355 3438 0
 2825 1506 2701 3971 0
 2839 3438 4443 2654 0
 5225 3588 4841 4812 0
 3043 2313 2870 2627 0
 1380 1235 2400 1899 0
 1899 1520 1235 1263 0
 1520 1944 1235 1263 0
 2400 1235 1263 1899 0
 1405 1235 1944 1263 0
 2400 1235 1405 1263 0
 2045 519 2519 2075 0
 3150 4161 2868 3565 0
 3112 1236 2047 1378 0
 1378 1236 2047 1607 0
 3150 3565 3686 4927 0
 3053 2047 3112 2420 0
 1823 3949 3332 3560 0
 4546 3332 3949 3560 0
 3561 4240 3156 2961 0
 1445 5015 4102 3080 0
 4161 3785 3628 3063 0
 4903 4102 3080 1445 0
 3771 4351 2735 4019 0
 4525 3771 4351 2735 0
 3616 4923 582 4894 0
 4240 3156 2961 4796 0
 1963 1428 2812 1537 0
 3115 2632 3886 1910 0
 5341 1966 2773 44 0
 50 44 2773 1966 0
 2939 1551 3364 1952 0
 3444 1952 1551 2939 0
 2014 1551 3099 2939 0
 2939 1551 3099 2945 0
 2014 3444 1551 2939 0
 2940 2316 1945 3205 0
 5043 2316 1945 2940 0
 1596 1518 1563 2057 0
 3592 5023 3156 4796 0
 1381 1563 3076 1680 0
 1680 3076 4377 4906 0
 3171 3707 5022 3435 0
 4415 1508 2927 3125 0
 1795 1434 29 2709 0
 1330 2019 1931 1349 0
 2709 2427 29 1934 0
 29 2427 2709 1434 0
 1983 1931 5349 1373 0
 5022 5007 3435 3707 0
 1402 1508 4415 3125 0
 5337 4392 3867 3009 0
 2019 5349 1931 1699 0
 2103 3573 2850 3229 0
 1374 3011 4059 2120 0
 2120 1374 3815 3129 0
 3011 2616 2120 1374 0
 3815 2616 1374 2120 0
 2120 1374 3129 4059 0
 1966 50 2146 2773 0
 3124 2093 3573 2850 0
 50 2773 2344 2146 0
 3573 4036 3229 2103 0
 4670 2892 4378 2944 0
 2602 4802 4389 2944 0
 1368 5306 3159 4324 0
 1584 3575 1956 2905 0
 3766 579 5100 587 0
 1413 4290 3575 3818 0
 4722 3152 1296 2159 0
 4151 3575 1956 2779 0
 4992 3152 4722 2159 0
 3818 4290 3575 4151 0
 2262 1337 1219 1269 0
 2378 1269 1219 2342 0
 2378 2262 1219 1269 0
 1590 3145 2798 3152 0
 1269 1515 2254 1219 0
 2342 1514 1269 1219 0
 3161 4525 2735 1067 0
 1269 1337 1219 2254 0
 3282 3161 4525 2816 0
 1693 3577 4754 1290 0
 2947 1425 3123 1706 0
 2842 3871 3173 3748 0
 3161 4525 4351 2735 0
 3161 4351 4525 4443 0
 2816 3161 4525 4443 0
 3123 1706 3100 2947 0
 3541 3101 3544 559 0
 3707 3171 3860 4775 0
 2947 1863 3168 3982 0
 2947 3168 1863 2307 0
 4775 2178 3860 3707 0
 5066 3498 4585 3049 0
 3682 2284 2254 1659 0
 3800 4240 3561 2961 0
 3801 2757 2961 3561 0
 1910 2197 1892 1846 0
 1892 3115 1910 1846 0
 3429 4976 2837 3427 0
 4303 3427 2837 4976 0
 5215 4727 5157 4561 0
 3196 3765 2230 4940 0
 4297 4561 2194 2105 0
 2194 1654 4561 4297 0
 2194 1654 4727 4561 0
 2912 2630 3585 22 0
 1402 3754 2638 1508 0
 843 2723 757 763 0
 5129 4440 1753 5215 0
 3037 4173 5206 3004 0
 3083 2723 4126 838 0
 3037 4173 3004 4737 0
 2725 2061 1381 1596 0
 5289 2815 3106 2612 0
 2725 2061 1263 1381 0
 1560 1282 2144 2726 0
 2815 4568 5289 3106 0
 3806 1953 4578 3347 0
 2818 2313 2310 1407 0
 2818 3038 2313 1407 0
 3751 3806 4578 3347 0
 3010 1618 2318 1699 0
 4831 3609 4236 4537 0
 3575 4333 3041 3431 0
 5319 4048 2535 4646 0
 4081 4056 3535 5256 0
 1432 2843 3878 4172 0
 4081 3710 3535 4987 0
 1770 1773 2267 2957 0
 4195 4482 4991 4296 0
 1932 4980 3552 3169 0
 4299 2017 4502 3432 0
 2265 3877 1770 2957 0
 3264 4502 3417 3302 0
 2957 3877 1770 1773 0
 1356 3333 4791 2958 0
 2985 2958 1472 1356 0
 4728 3333 2958 3940 0
 3940 1359 2958 3356 0
 2958 1359 1472 3356 0
 2098 4107 2721 2804 0
 4502 3417 3432 2017 0
 1590 372 397 1210 0
 1210 372 397 384 0
 5205 384 1210 397 0
 2698 2814 2887 3627 0
 5205 397 1210 4776 0
 2734 1225 1639 1281 0
 4776 397 1210 1590 0
 1348 1229 1287 1233 0
 1348 1617 1287 1229 0
 3746 1711 2465 2383 0
 3024 2960 1797 2862 0
 3024 2960 2862 2748 0
 3718 4344 3398 2821 0
 3017 2960 2748 3823 0
 106 144 143 2562 0
 106 2562 143 2404 0
 4396 2836 4732 1476 0
 3189 1649 2722 4690 0
 1478 4732 4396 2836 0
 5094 3351 4176 4692 0
 3718 2821 1428 4344 0
 4396 1274 1467 4349 0
 2409 3385 4911 1455 0
 1467 1478 4396 4172 0
 511 3987 2563 1707 0
 2458 2870 3043 1842 0
 1842 3326 2458 2800 0
 511 1707 2563 4055 0
 2800 3326 2458 2910 0
 2717 3700 1221 3365 0
 3365 5142 1221 3141 0
 2873 4032 1346 3254 0
 2717 2919 3365 1221 0
 3052 2402 3845 2740 0
 4543 3254 1346 4032 0
 3365 3700 1221 5142 0
 5011 2402 3845 3052 0
 1221 3365 3141 2919 0
 1315 2613 1863 3508 0
 3193 3045 4148 3775 0
 3530 3193 4148 3775 0
 3539 1497 1411 3540 0
 2968 4611 2658 2508 0
 2968 4937 2508 2644 0
 3543 1528 1527 3514 0
 5335 3081 2437 3160 0
 4040 3936 1041 3388 0
 1225 2741 1804 2198 0
 2971 1644 3380 1428 0
 4009 1428 2971 3380 0
 2579 2741 2118 1225 0
 1719 2035 29 1720 0
 3936 953 958 1041 0
 4122 1428 2971 4009 0
 1719 2294 1434 2035 0
 2368 2218 1443 2141 0
 3715 958 1041 3936 0
 1041 3715 3936 4040 0
 1700 1871 1629 2973 0
 3018 2973 1700 1629 0
 1528 1468 3514 2411 0
 556 2822 3869 3887 0
 1468 3514 2411 3961 0
 744 745 695 5214 0
 1709 1016 1754 2974 0
 2573 1016 3096 3687 0
 2743 1219 1853 1516 0
 556 3127 3869 2822 0
 695 2867 744 5214 0
 1415 2779 3575 3431 0
 1415 2905 3575 1584 0
 3580 510 3690 481 0
 4225 2220 2629 1294 0
 624 4635 2978 696 0
 488 495 5300 3202 0
 2978 696 3971 624 0
 605 623 2978 624 0
 2978 624 3971 605 0
 2180 2899 4560 3119 0
 1234 1617 1349 1618 0
 4810 2091 4277 4788 0
 2282 1617 1234 1618 0
 1229 1617 1234 2282 0
 2282 2684 1234 1229 0
 4927 1113 3487 4924 0
 2787 2749 947 3084 0
 4927 1113 3579 3487 0
 3340 3845 3052 1112 0
 1101 1112 3845 3340 0
 1134 1113 3579 4927 0
 4914 4648 3991 3203 0
 3835 2750 1226 3720 0
 2363 3097 1253 2883 0
 3352 2179 2906 2520 0
 2363 3097 1335 2365 0
 3097 2898 1335 2365 0
 3352 4376 2893 2906 0
 1253 1334 2362 2363 0
 3151 3739 5118 3273 0
 5120 3273 4071 3151 0
 4737 3352 4376 2893 0
 3680 1268 1647 2226 0
 4201 2144 2846 4020 0
 2506 4201 2846 4020 0
 4186 3891 1531 1457 0
 2506 3030 4201 4020 0
 1288 1578 2754 3706 0
 2734 1578 2754 1288 0
 1578 3706 894 2754 0
 1807 4678 5189 2965 0
 3541 3151 559 3162 0
 1302 3184 4466 3450 0
 1581 3184 1302 3450 0
 4891 5041 4047 4254 0
 3114 5209 4891 3700 0
 4891 2967 5209 3114 0
 1496 1962 3162 4588 0
 4585 3898 4434 3049 0
 5066 4585 4434 3049 0
 3659 3048 5283 4590 0
 5283 2552 4590 3048 0
 4081 4987 3211 3710 0
 3144 2100 3211 4987 0
 3144 4987 3211 4081 0
 3211 3267 3568 4748 0
 3211 4748 3568 2100 0
 2639 1257 1255 4455 0
 1255 3225 2639 4455 0
 2325 2887 1311 2698 0
 2698 2887 1311 3627 0
 2698 1311 2325 2403 0
 3216 4632 4751 4519 0
 1472 1655 2958 2985 0
 5133 1286 1357 3391 0
 2161 197 265 2557 0
 2958 4120 2736 2985 0
 2161 265 2186 2557 0
 2724 4993 4064 2387 0
 873 3269 1357 3391 0
 873 874 3269 3391 0
 2991 645 3626 713 0
 2991 645 5031 3626 0
 874 873 5186 3391 0
 5011 4210 2402 3052 0
 5186 1286 5133 3391 0
 3269 4624 2871 2406 0
 1197 3628 4161 3565 0
 3178 1674 541 3261 0
 3178 1674 3261 3284 0
 1856 2628 1674 3284 0
 2116 1495 3887 1325 0
 5172 2871 2406 3269 0
 1754 1709 1731 1889 0
 1166 1158 3361 3397 0
 4987 3925 2841 3535 0
 1166 3397 3361 4731 0
 3819 4545 3220 4323 0
 2759 3710 3535 5140 0
 2217 1160 4056 4162 0
 5246 4062 5263 3613 0
 4162 1160 4056 3925 0
 2217 5167 1160 4162 0
 2734 1225 1578 2198 0
 2734 1225 2198 1639 0
 2822 1325 2116 3887 0
 3221 3620 4399 2799 0
 4236 3620 4399 3221 0
 1496 2116 1495 3887 0
 3609 3620 4236 3221 0
 2016 2312 1641 2630 0
 1288 2770 1289 2073 0
 4201 2102 1561 2846 0
 3071 2770 498 1289 0
 2102 4697 4201 1979 0
 3816 4201 1979 4536 0
 4536 4201 1561 2846 0
 4269 2641 3174 3222 0
 3222 2853 3174 3350 0
 2771 3965 2185 2327 0
 2641 2853 3174 3222 0
 2016 2312 2630 2880 0
 3721 3637 1942 4225 0
 2802 1703 3056 2220 0
 3414 2554 1105 1068 0
 4225 3637 1942 3736 0
 3226 2040 2830 2837 0
 3249 3215 5033 3429 0
 3429 4976 3859 2837 0
 2393 4103 1354 4442 0
 3429 3859 5313 2837 0
 3039 4372 4871 3776 0
 3429 5033 3859 4976 0
 3429 3215 5033 4976 0
 2993 5017 2720 4152 0
 3489 3258 1463 1460 0
 3489 1463 3258 3500 0
 2999 2994 2858 3263 0
 3679 4175 3230 2623 0
 3230 1842 429 3679 0
 3326 3230 3679 1842 0
 3679 2623 3230 3326 0
 429 4175 3230 3679 0
 2021 2802 4554 1875 0
 3056 2021 1875 2802 0
 3193 4391 3419 3045 0
 4554 1875 2802 4870 0
 4148 3193 3419 3045 0
 4148 4548 3045 3419 0
 3295 4735 4849 3469 0
 3295 849 4735 854 0
 3295 4735 3469 854 0
 2967 904 3422 5209 0
 2398 4551 3422 916 0
 2299 1957 2345 1577 0
 3422 904 2967 4641 0
 1063 3236 2845 5050 0
 2398 4641 3422 4551 0
 4519 3236 4751 5050 0
 2024 3793 2669 4149 0
 2356 2503 524 532 0
 2024 3793 2225 2652 0
 4149 2024 3793 4889 0
 2139 2225 3793 3942 0
 2503 524 532 3937 0
 2985 3719 1472 2387 0
 2985 1472 3719 1356 0
 5049 1539 1542 3428 0
 3856 2838 1542 4291 0
 5025 3550 1416 3478 0
 3550 3105 3478 5025 0
 3637 3205 1730 1942 0
 895 3474 898 2382 0
 2118 3000 4792 2926 0
 3014 4309 4019 3826 0
 3056 3637 1730 1942 0
 3205 3637 3736 1942 0
 895 3474 2382 3712 0
 895 898 3474 4003 0
 895 3474 3712 4003 0
 4940 3371 2149 4537 0
 5343 125 1995 2784 0
 2785 1260 2224 3486 0
 4940 2149 3196 4537 0
 1261 2856 4282 1943 0
 4537 4940 3371 4399 0
 2058 2055 3638 3567 0
 3002 3442 2515 193 0
 142 4984 193 3002 0
 3002 2049 4959 3442 0
 2787 2998 2749 3084 0
 4453 3853 1972 4832 0
 366 5305 370 364 0
 4818 2813 3733 515 0
 1746 3932 4847 3240 0
 3240 3932 4847 3118 0
 4028 3177 3284 1249 0
 4028 3284 3610 1249 0
 3213 2719 3284 4028 0
 3213 3284 3610 4028 0
 1651 2012 543 547 0
 5197 2107 5195 3914 0
 4858 3464 4760 4186 0
 4858 1414 4186 3697 0
 5197 3914 5195 5141 0
 2964 1827 3254 2059 0
 3254 3087 2964 2059 0
 2097 2265 2957 3023 0
 4019 930 2177 4196 0
 3009 2024 2652 3327 0
 3531 436 3580 3386 0
 3580 481 3690 3652 0
 4520 2337 4338 4986 0
 1709 1238 3079 3065 0
 4690 3598 5281 3269 0
 3065 1016 3079 1709 0
 2871 3269 5281 3598 0
 4392 5338 4066 3009 0
 2404 2562 143 2555 0
 4642 144 2562 143 0
 4642 2562 2555 143 0
 2440 272 248 2593 0
 2440 248 172 157 0
 2440 1904 248 157 0
 2780 3812 2259 2882 0
 2440 248 272 172 0
 2440 2593 248 1904 0
 2851 3662 2780 2259 0
 3662 2780 2259 2882 0
 2526 5247 707 2382 0
 2572 5173 2296 1437 0
 3937 4454 532 2503 0
 2949 5024 707 2526 0
 3927 2503 4454 3937 0
 4454 3927 3937 4017 0
 5024 2526 3058 3225 0
 2005 5340 122 2050 0
 2005 2380 2050 122 0
 2429 3272 54 4456 0
 1667 3940 4252 3333 0
 3333 4301 4252 1667 0
 1963 1428 1537 3380 0
 2296 2111 2572 3657 0
 1636 1604 1537 1963 0
 5351 47 1992 43 0
 5351 43 1992 1734 0
 1992 2429 1734 43 0
 1734 43 2429 1902 0
 1992 47 2429 43 0
 1903 3272 4456 54 0
 2476 4594 54 1903 0
 48 2154 1948 1734 0
 1903 48 2154 1948 0
 1104 5183 4332 3250 0
 4869 1789 3012 5105 0
 3349 1346 3776 1646 0
 1435 3349 1394 4372 0
 4869 4941 3012 1789 0
 3064 3192 2383 4765 0
 2465 2383 3192 4965 0
 4765 3192 2383 4965 0
 3056 5108 2086 2003 0
 5108 2086 2003 4111 0
 3184 3520 3450 1660 0
 5055 3463 3277 3466 0
 3463 4466 5055 3277 0
 94 5055 78 3184 0
 5055 3277 5296 2449 0
 5055 3277 2449 3466 0
 454 5108 3919 4627 0
 3252 814 813 782 0
 4307 1569 3665 2621 0
 483 454 3919 453 0
 3665 1569 4307 1791 0
 3435 4002 3254 1346 0
 5252 4877 3252 672 0
 3277 2049 4977 2449 0
 2118 3014 4804 3000 0
 5252 4877 814 3252 0
 2118 3790 3000 2636 0
 2118 3482 4804 3014 0
 5255 3252 4850 4836 0
 4002 3254 1346 4543 0
 5255 4836 672 3252 0
 3436 2111 2296 3430 0
 2369 3253 1927 2846 0
 3253 4536 3689 2846 0
 3015 3877 2265 3023 0
 3263 3015 1832 1978 0
 3015 2999 1978 3263 0
 3253 4704 3689 4536 0
 3253 4054 4704 5032 0
 2850 1884 3373 3691 0
 425 3304 3655 3451 0
 1565 3206 4936 3449 0
 2160 1825 3863 1691 0
 2160 3863 3223 2235 0
 1376 2160 1825 3863 0
 2160 1691 3863 2235 0
 5350 80 96 2565 0
 1971 5350 2050 2565 0
 3017 4512 3727 2960 0
 4003 5134 2827 4062 0
 2833 3882 3969 1490 0
 5186 3391 1353 3189 0
 1353 3391 3269 3189 0
 851 852 3750 3675 0
 3265 1866 1873 3848 0
 1053 1975 3018 2973 0
 3872 2973 3018 1629 0
 2375 2643 4386 4219 0
 3265 1866 3073 1873 0
 1120 5026 4149 4077 0
 3267 3710 3211 2759 0
 3267 3710 2759 3111 0
 3111 3710 5183 3267 0
 3279 4589 4271 5260 0
 3111 3710 2759 4963 0
 3211 3710 4987 2759 0
 5183 3710 3211 3267 0
 2458 2870 1705 3798 0
 2458 2870 1842 2800 0
 3798 2870 4207 2627 0
 2038 3666 3909 3128 0
 1617 1348 2811 1229 0
 3228 4271 4589 4481 0
 4992 3145 3279 3228 0
 1216 2538 2104 1969 0
 2104 1969 1588 1216 0
 2052 1575 1537 2812 0
 1575 2052 1673 2812 0
 1575 1673 1888 3036 0
 2812 3718 1575 1537 0
 3036 2812 3718 1575 0
 2564 1802 198 1826 0
 2564 198 2242 1826 0
 1799 214 255 2487 0
 1799 2487 2438 214 0
 3269 4624 1357 1353 0
 2836 3778 2843 3055 0
 3269 4690 4624 1353 0
 2695 3778 845 3055 0
 3270 3808 1782 4694 0
 3319 3173 2401 337 0
 3517 4261 3270 4068 0
 3270 3808 4394 3196 0
 3270 4261 4394 4068 0
 3270 3808 3196 1782 0
 1702 2492 104 2031 0
 2054 1785 139 2492 0
 2492 1702 1785 2031 0
 3326 4578 3230 1842 0
 1381 2061 1563 1596 0
 2061 1518 1563 1596 0
 110 1801 2566 97 0
 4656 1801 97 2566 0
 4656 2566 97 4682 0
 1842 429 3679 2013 0
 2322 1756 235 247 0
 4948 3266 3891 2817 0
 4794 2818 2310 1961 0
 4794 3900 2818 1961 0
 2819 3645 3022 1529 0
 3953 2819 3839 1529 0
 3542 1528 2892 1527 0
 3321 2150 588 3514 0
 843 756 2723 763 0
 3500 2638 1465 3633 0
 1508 2638 1465 3500 0
 2404 2555 121 1872 0
 1872 167 2555 121 0
 1537 2179 2684 2821 0
 1537 4009 2821 2684 0
 1880 1537 2821 2179 0
 5094 921 3351 4449 0
 2555 167 1826 1874 0
 4104 3126 4368 3531 0
 3877 1865 3023 3015 0
 4297 2249 1850 3557 0
 3720 2191 3255 1226 0
 2751 1218 3275 3807 0
 2786 353 2670 4049 0
 3255 1218 2751 3807 0
 3532 326 334 2745 0
 3126 3580 4368 3531 0
 2277 1998 3134 3200 0
 3134 4634 1998 2098 0
 1732 1805 3255 2620 0
 3200 1998 3134 4634 0
 1732 2620 1663 1805 0
 167 2188 1872 1826 0
 2555 1872 1826 167 0
 848 2112 4501 4939 0
 2243 1670 2829 2538 0
 3666 2829 1676 1670 0
 2243 1676 2829 1670 0
 4864 2538 2829 4863 0
 4849 850 4501 848 0
 4939 848 4849 4501 0
 1405 40 1944 1523 0
 3362 4493 1186 4006 0
 4006 4493 1178 3967 0
 2930 40 1944 1405 0
 848 4326 2112 4939 0
 1194 3362 4421 4493 0
 2600 798 800 2832 0
 3616 1414 4089 2885 0
 800 4476 2832 798 0
 3616 4894 4089 1414 0
 733 735 5255 4533 0
 5278 5255 3699 3695 0
 2573 1016 3687 1681 0
 3065 1016 3096 2573 0
 234 1756 2322 247 0
 4673 1756 234 247 0
 4662 1756 234 4673 0
 234 4705 2322 1756 0
 234 4662 4705 1756 0
 2266 1593 40 1944 0
 2930 1593 1944 40 0
 1523 2266 40 1944 0
 5264 849 3276 4171 0
 2316 3020 1945 3900 0
 3307 3324 1923 4715 0
 2316 3900 1945 3205 0
 3205 3900 1945 3736 0
 3020 4794 1945 3900 0
 3107 1429 2929 1524 0
 2705 1429 2929 3107 0
 5126 3190 4501 4735 0
 2303 3031 3629 4198 0
 2833 1916 2935 1291 0
 2339 1767 1792 3307 0
 2339 1767 3307 246 0
 2935 1490 1916 2833 0
 246 1767 3307 2298 0
 5235 5126 4735 3190 0
 4162 3686 3150 2868 0
 3709 2900 4525 1067 0
 4221 2900 3282 3709 0
 3278 3183 2834 1895 0
 3709 1104 2900 1067 0
 2345 3278 2834 1895 0
 1276 493 2834 2345 0
 4970 1067 4525 2900 0
 246 2298 3307 1628 0
 3307 1627 1628 2298 0
 4162 3686 5179 3150 0
 856 3675 851 4112 0
 5087 1984 1671 3333 0
 856 4327 3675 4112 0
 4112 853 851 856 0
 4637 4043 4112 856 0
 2714 2730 2979 3171 0
 5022 3171 2714 2979 0
 5022 3382 3171 3435 0
 2078 2448 508 516 0
 1404 516 3433 524 0
 2676 2976 1564 3033 0
 2676 1564 1577 3033 0
 2907 1564 2675 3033 0
 2882 2675 2575 1691 0
 1577 1564 2907 3033 0
 2976 3033 2882 1564 0
 3812 2575 2882 2675 0
 3979 4034 2702 3034 0
 1346 2702 2873 3034 0
 2730 3087 3171 2714 0
 3435 3382 3171 3254 0
 4637 4112 4327 856 0
 2714 3087 3171 3254 0
 3693 2814 3627 2887 0
 3101 3541 1498 1962 0
 2887 509 3693 2814 0
 3366 4862 3310 4256 0
 3231 2814 3627 3693 0
 4832 2752 4738 4037 0
 2752 4273 4738 4037 0
 1478 2836 2843 3905 0
 1728 4233 3266 2838 0
 3891 3266 3491 2838 0
 2838 1728 3891 3266 0
 3993 3428 1459 5034 0
 156 2306 131 1597 0
 2011 1015 1600 1308 0
 2011 1308 1600 540 0
 1362 1318 2022 1600 0
 1308 1362 1600 540 0
 1750 1362 1308 540 0
 2948 1728 607 580 0
 1728 3395 3891 2948 0
 2086 1760 3191 2613 0
 1597 2306 131 4686 0
 1839 2473 2748 3149 0
 1839 3149 1877 1495 0
 246 3307 271 1628 0
 3307 1923 271 4715 0
 2817 3953 1529 2819 0
 287 4707 3313 2246 0
 3313 287 4712 4707 0
 1575 3718 1888 1740 0
 2090 1792 3324 1923 0
 531 3284 1977 523 0
 531 2719 3284 523 0
 3307 3324 1792 1923 0
 3805 2991 4441 2297 0
 3307 1767 1792 1627 0
 1575 3718 1740 1880 0
 156 2306 1597 4700 0
 4700 2306 4709 156 0
 3400 2421 4061 3247 0
 4707 4705 4716 1857 0
 1885 3328 2874 2932 0
 2874 3328 2244 2932 0
 3933 5320 5216 2908 0
 2114 4248 3282 2816 0
 4221 3282 4248 3709 0
 1366 4265 4971 4890 0
 2955 5298 813 3098 0
 4971 2955 4265 1366 0
 287 3313 4712 271 0
 3374 3767 842 837 0
 814 5298 3098 813 0
 3044 3125 3374 842 0
 1591 1355 3421 2548 0
 3182 3044 3767 842 0
 219 4705 4711 234 0
 2707 3904 1543 1458 0
 3692 4172 2687 3120 0
 3307 1627 3324 1628 0
 2090 1792 1627 3324 0
 2768 4408 4785 4886 0
 3307 1627 1792 3324 0
 3168 3231 480 3693 0
 3168 3693 480 509 0
 3307 3324 4715 1628 0
 3307 4715 271 1628 0
 3873 2967 5075 5209 0
 2707 3904 1458 3494 0
 1262 885 1220 3797 0
 1220 1548 3797 885 0
 3333 4508 2958 4252 0
 865 4348 4990 3289 0
 865 3289 4990 5276 0
 4711 219 4721 4705 0
 862 3289 4782 865 0
 2940 4229 5043 3046 0
 4348 865 4782 3289 0
 862 5276 3289 865 0
 3456 395 4942 3566 0
 4182 3290 4605 2691 0
 1631 4710 1627 4709 0
 945 1610 3502 948 0
 2713 1495 1325 3887 0
 1631 4709 4720 203 0
 1631 4709 1627 4720 0
 4723 203 4720 219 0
 1631 2090 1627 4726 0
 4714 1631 1627 4726 0
 3293 2849 948 1610 0
 4306 3293 4621 5161 0
 1631 4724 4709 203 0
 2951 2004 1100 5026 0
 1631 4724 4710 4709 0
 4725 4724 4710 1631 0
 3049 2971 3737 1644 0
 1100 2951 5026 3703 0
 2332 1644 3380 2971 0
 2971 2621 2332 3049 0
 2621 2897 2332 3049 0
 3938 3737 2897 3049 0
 1100 2004 4088 5026 0
 3294 3165 5314 3799 0
 3713 4810 2946 5314 0
 2293 4215 3158 4288 0
 2641 2920 1740 3051 0
 2755 4904 2641 3051 0
 2458 4733 1953 2383 0
 2323 2910 2800 2458 0
 2910 4733 1953 2458 0
 482 483 1759 453 0
 5323 2778 4799 4208 0
 4025 2099 3603 2970 0
 4243 2207 4055 1707 0
 3055 3634 3768 845 0
 2856 1260 2785 3486 0
 2843 4155 5194 4097 0
 1285 1278 1993 1608 0
 2103 412 432 3524 0
 412 3524 445 432 0
 3524 412 445 4356 0
 1592 5302 4770 4648 0
 3056 3900 1730 3637 0
 3637 3056 3900 1961 0
 3418 2608 3243 4211 0
 1137 3418 3243 4211 0
 3782 3794 4885 4653 0
 3243 4211 2040 1151 0
 2060 2345 2237 1895 0
 1895 1342 1205 2237 0
 1895 2237 2060 1817 0
 1895 1342 2237 1817 0
 1564 2345 2237 1207 0
 3832 4674 4586 3223 0
 2861 5152 3760 4807 0
 922 937 918 5246 0
 3775 4526 3399 2014 0
 4526 4361 3775 3399 0
 4702 2433 4994 1283 0
 4526 4361 5179 3775 0
 580 574 2948 3953 0
 2817 2948 1530 4140 0
 4947 4774 5241 2152 0
 3475 3523 3659 3048 0
 3325 3164 1591 1237 0
 4090 1502 711 3214 0
 1473 1751 3421 2865 0
 4090 2625 711 1413 0
 3048 3659 3475 4590 0
 5184 2872 2087 4849 0
 2066 4939 4849 2087 0
 4400 2708 3599 4211 0
 2830 5284 1138 3599 0
 4211 2708 3599 1138 0
 4849 5126 2087 4501 0
 4849 2087 5184 2066 0
 4939 4501 4849 2087 0
 3309 3388 951 949 0
 3565 3628 4161 3785 0
 3076 2737 3601 1563 0
 5333 2178 4113 2574 0
 3249 5033 3859 3429 0
 3249 3859 5313 3429 0
 4915 762 3080 696 0
 3310 807 805 4862 0
 5221 3952 805 3310 0
 2974 3849 3081 1731 0
 2974 2437 3081 4264 0
 3081 3476 2697 1731 0
 3160 3141 4134 2937 0
 3081 4264 2437 3160 0
 3082 4201 2102 2941 0
 3082 4201 4020 2144 0
 2791 4515 1650 2002 0
 2891 5107 4974 3759 0
 4173 3375 4057 3314 0
 4057 3314 2806 4173 0
 4057 2334 2806 3314 0
 3303 1462 1877 3273 0
 3273 3303 4071 1877 0
 3923 2334 4057 3314 0
 1991 4675 3923 3314 0
 3759 3837 3716 4974 0
 5107 3759 3716 4974 0
 4243 474 2207 1707 0
 719 717 5239 768 0
 798 768 5239 2988 0
 2719 2910 531 1213 0
 2248 2719 515 2813 0
 4243 474 1707 2869 0
 4243 3734 474 2869 0
 3197 3941 3374 3125 0
 3941 4406 3197 837 0
 3432 3417 2966 3895 0
 3090 4599 3140 2945 0
 3891 2948 1535 1531 0
 4886 2966 3895 3432 0
 1871 1700 1642 1322 0
 3891 1531 1530 2948 0
 3891 1530 1531 4540 0
 1880 2641 1740 2263 0
 4667 3005 3111 4963 0
 1880 731 1818 2263 0
 3167 1818 2755 2263 0
 2755 2641 3167 2263 0
 1880 2263 1575 731 0
 1880 1740 1575 2263 0
 2106 4204 4276 2293 0
 4276 2106 4892 4204 0
 2113 1593 2266 1944 0
 2106 4892 4621 4276 0
 4963 4667 2680 4759 0
 2106 4621 5217 4276 0
 4759 4667 3111 4963 0
 2946 4810 4796 2740 0
 3713 4810 4796 2946 0
 2563 519 511 4055 0
 2563 4495 3555 2704 0
 4062 5138 4796 2827 0
 4003 2827 5138 4062 0
 3732 3901 1238 1551 0
 3901 2039 1238 1551 0
 872 3189 3481 3187 0
 1416 1542 3993 1545 0
 3478 3993 1416 1459 0
 1416 3428 1459 3993 0
 3478 1416 3993 1545 0
 1125 2753 3329 4943 0
 1416 1542 3428 3993 0
 1544 3478 1459 3993 0
 3329 3845 3396 4943 0
 2207 474 504 1707 0
 4420 2643 4936 4868 0
 2661 2643 4420 4868 0
 1707 474 504 2606 0
 2207 504 474 4557 0
 5019 2037 5004 2178 0
 2032 4162 1223 4526 0
 4526 5179 1223 3775 0
 2600 4197 1900 1399 0
 3712 2949 895 2295 0
 1223 5179 3193 3775 0
 3280 1461 4121 1411 0
 1223 3193 5179 4187 0
 4121 4177 1461 3280 0
 1223 4162 5179 4526 0
 4612 1513 3241 2881 0
 895 3712 2295 4003 0
 1223 4187 5179 4162 0
 3275 628 4437 3494 0
 3275 3528 628 3494 0
 3712 4570 2949 2295 0
 576 583 4039 3763 0
 3763 583 3101 4917 0
 649 651 5239 4142 0
 1224 4170 2286 4508 0
 649 651 4142 656 0
 3744 3677 3317 2395 0
 5163 3677 3317 3744 0
 5163 5122 3744 4978 0
 4787 656 4142 651 0
 5239 5259 4142 651 0
 5259 651 4787 4142 0
 5237 4566 421 408 0
 4566 5237 3048 3523 0
 3104 3755 2497 2506 0
 2703 5187 3437 3104 0
 2914 3104 1212 3755 0
 2914 2703 3437 3104 0
 1457 1534 1531 4769 0
 3597 1209 3173 2842 0
 3871 1932 2842 1209 0
 5048 3461 3105 3511 0
 1544 3105 1951 1469 0
 2842 1209 3173 3871 0
 4566 3334 399 408 0
 1101 3346 3340 3845 0
 3310 4256 805 5221 0
 4175 478 3341 2623 0
 668 664 2886 725 0
 702 2886 664 725 0
 2248 507 515 3866 0
 4184 5046 2642 2658 0
 4343 4814 4655 3218 0
 3725 4343 4814 4655 0
 3800 4240 2961 2686 0
 3727 1675 3836 4512 0
 4901 3836 4761 4472 0
 4761 622 634 4472 0
 4107 4634 2098 2633 0
 4107 4534 2721 2804 0
 3109 5119 4288 1755 0
 3109 1321 1755 4288 0
 1755 5119 1763 3109 0
 1763 1321 1755 3109 0
 3757 3567 4080 4678 0
 1807 4080 4678 3757 0
 3761 758 759 3921 0
 2890 1333 1215 1308 0
 1308 1215 2890 1750 0
 1750 1555 1215 2890 0
 1555 2362 3091 2890 0
 4923 5076 582 4894 0
 1333 1215 1668 2890 0
 1668 3091 2362 2890 0
 1254 1853 888 884 0
 2743 888 1853 884 0
 2743 1853 888 1516 0
 4525 1070 3771 1067 0
 2892 3506 1474 3022 0
 2892 1474 3506 1466 0
 3326 3347 4188 2623 0
 2915 2991 3607 2297 0
 3550 3448 1951 3105 0
 751 4955 3761 4798 0
 4060 4846 2799 3769 0
 4399 2799 4713 1222 0
 4955 4798 751 2991 0
 3842 596 3961 3321 0
 1492 2029 5325 3116 0
 3350 5148 4820 4904 0
 3289 862 4202 4183 0
 3116 2029 2343 4689 0
 1366 4183 862 3289 0
 1542 1539 2838 3856 0
 862 1366 3289 5276 0
 3289 862 4782 4202 0
 4309 1070 3771 3826 0
 2117 2838 3856 4291 0
 3826 3771 4525 1070 0
 4663 1346 4871 4372 0
 2023 2616 2898 1355 0
 2363 3097 2883 1335 0
 2898 1335 2883 3097 0
 3164 2898 1355 2023 0
 4663 1346 4372 4445 0
 1346 4663 4871 4078 0
 4002 3471 4663 4078 0
 3121 2705 3107 947 0
 2749 2705 3121 947 0
 2271 1884 3305 3108 0
 3305 2283 1884 2271 0
 2271 3305 1425 3108 0
 1425 2283 3305 2271 0
 402 373 388 2769 0
 2769 2760 3305 3884 0
 904 902 2967 2710 0
 5186 874 3391 3189 0
 2194 4727 5198 4561 0
 5198 2610 1910 3001 0
 3391 874 3269 3189 0
 4186 1416 3428 4760 0
 2777 1732 3275 2707 0
 4437 2777 3275 2707 0
 3371 2923 1222 2149 0
 2923 4846 3769 2799 0
 1538 3428 4186 5049 0
 3783 2903 3285 1494 0
 3189 874 3269 4690 0
 2267 477 427 3722 0
 2267 2733 477 3367 0
 4807 4676 5121 3618 0
 4676 5029 5121 3618 0
 4687 4951 2861 2705 0
 3135 3084 1376 2705 0
 2774 4514 3911 2938 0
 3372 4446 4283 3526 0
 2376 4852 3366 3920 0
 3362 4483 1609 3802 0
 4027 4875 3169 3455 0
 4027 4410 374 4131 0
 3779 1710 3084 3019 0
 3779 1710 2749 3084 0
 3154 4026 1009 2122 0
 3680 1337 2262 1269 0
 3154 4026 1022 1009 0
 4526 3150 2660 2664 0
 5024 912 2319 2949 0
 2619 873 1286 870 0
 912 900 2319 2949 0
 4278 3357 4382 4502 0
 4835 3357 4502 4497 0
 3429 5313 1161 1173 0
 3357 4502 4497 4382 0
 3778 3768 845 3055 0
 938 3381 3027 4470 0
 3381 920 4470 938 0
 2983 4041 3381 3685 0
 3615 4128 1119 4680 0
 3685 4240 2983 4041 0
 4128 1168 1119 4680 0
 2702 3142 2980 4695 0
 3142 4695 2702 1418 0
 3941 833 4406 837 0
 837 833 4406 4972 0
 3844 3997 2689 4271 0
 4628 3357 4278 4502 0
 4835 3357 4628 4502 0
 4992 1282 3145 3228 0
 4992 2144 3145 1282 0
 2689 3844 2102 3997 0
 3145 1282 2144 2102 0
 3032 1594 4567 4326 0
 1696 2631 1383 1407 0
 2600 1594 3032 4326 0
 5099 3488 4889 4077 0
 5099 4889 4037 4077 0
 2096 4188 3847 5254 0
 5280 5222 3467 4125 0
 3540 3899 4121 3210 0
 2096 3806 3347 4188 0
 2096 3347 3847 4188 0
 1962 1452 2835 3739 0
 2272 2675 3618 4053 0
 2907 3033 2675 2780 0
 1577 3033 2907 2780 0
 4670 3542 2892 2944 0
 2936 636 642 4059 0
 398 2689 393 383 0
 3410 3855 4488 3605 0
 4769 1457 1534 3741 0
 4519 4498 3605 3410 0
 4769 3741 4848 1457 0
 3355 1460 3792 1512 0
 4405 3410 4488 3605 0
 4739 2735 2810 3821 0
 3857 2994 3166 3827 0
 1018 1777 3632 4380 0
 2340 3632 4742 4380 0
 4739 2735 3821 3939 0
 2652 4680 3793 2225 0
 3793 2225 4680 3967 0
 3410 4498 3605 4405 0
 2139 3942 4738 2225 0
 3410 4519 4018 3605 0
 2756 2588 1393 4295 0
 1958 2756 1608 1642 0
 4245 2871 1388 825 0
 3150 1189 4927 1181 0
 1254 880 2911 884 0
 3643 4632 4909 4519 0
 2651 1514 2556 2911 0
 3643 4632 4519 3672 0
 4754 2249 1290 4327 0
 2249 4327 1509 1290 0
 2144 3145 3152 4992 0
 3329 3396 1125 4943 0
 1133 1125 3396 5011 0
 1107 1133 1125 3396 0
 5011 3396 4943 1125 0
 3028 4257 2937 4218 0
 5137 3028 2937 4218 0
 3791 2870 3179 2313 0
 1885 2791 2418 2932 0
 2854 1429 1305 4 0
 2854 1398 4 1616 0
 2854 1429 4 1398 0
 2915 3921 4334 839 0
 3028 3999 2937 4313 0
 1875 2003 5212 5108 0
 5108 2003 5212 4111 0
 1651 539 2012 1017 0
 4870 5212 5108 1875 0
 441 5044 5108 5212 0
 5212 4111 5044 5108 0
 4272 3716 3132 4438 0
 4006 4493 1186 1178 0
 3402 4176 4692 5094 0
 3402 3586 4176 5094 0
 4754 5051 1693 3501 0
 2249 4754 3501 5051 0
 329 323 3871 2711 0
 3056 2086 2029 2307 0
 2983 5312 3027 5246 0
 4415 3157 3723 1511 0
 1450 1675 3157 4044 0
 1450 4044 3157 3723 0
 3157 2342 2987 4415 0
 1511 3157 2987 4415 0
 922 5246 5312 937 0
 2600 798 2832 4485 0
 2983 5246 3495 5312 0
 2823 3536 4136 3631 0
 1230 3536 400 4136 0
 4136 400 3631 3536 0
 4519 4979 3888 3730 0
 4737 4376 3037 4837 0
 3160 3141 928 1011 0
 2864 4737 4837 2893 0
 4759 2788 5003 2608 0
 3089 3732 3700 4079 0
 4737 4376 4837 2893 0
 3321 581 3514 588 0
 751 2991 3626 713 0
 3150 2660 2664 1189 0
 3150 4425 1189 2664 0
 2864 4737 5271 4837 0
 3321 581 589 3514 0
 3607 1274 2915 1951 0
 904 2221 2967 902 0
 3448 3105 2996 1274 0
 5216 4734 2908 868 0
 3556 3139 3731 3448 0
 4243 1707 1650 4515 0
 4243 2649 2869 4515 0
 497 1523 1405 1669 0
 1409 1616 1331 1347 0
 863 5216 864 5061 0
 3782 4357 4885 4968 0
 3114 902 2967 2221 0
 2295 4570 2949 912 0
 5074 2295 912 4570 0
 912 4570 2949 5024 0
 1818 1786 3834 1586 0
 1586 1818 3167 3834 0
 3167 1818 1586 2755 0
 4979 4963 3016 5208 0
 4207 4504 2634 3972 0
 4474 5138 3592 3246 0
 4474 3246 3592 3244 0
 2613 3168 1863 3508 0
 1863 3982 3508 3168 0
 2981 5269 3169 4410 0
 3455 3169 3552 4626 0
 3065 2579 2926 1264 0
 3065 1264 2926 2033 0
 3248 3636 432 449 0
 1264 2636 2926 1541 0
 2118 2636 2926 2579 0
 3636 432 2103 3248 0
 4405 3649 3402 5208 0
 330 1296 2372 5249 0
 330 1296 5249 324 0
 3472 5249 324 330 0
 330 4021 3513 3472 0
 330 2372 4021 5249 0
 330 5249 4021 3472 0
 345 3173 3319 337 0
 3597 3173 4285 3748 0
 4285 3173 329 3748 0
 4405 3649 5208 4106 0
 4106 5208 4405 3368 0
 2103 3524 432 3636 0
 3524 3636 445 432 0
 2020 3177 4733 3192 0
 3177 2009 1213 3284 0
 2719 1213 3284 3177 0
 3636 432 449 445 0
 3432 3895 4703 2921 0
 3432 2518 3417 3895 0
 3432 3895 2921 2518 0
 3432 4886 4703 3895 0
 3434 4407 4934 2801 0
 3434 1136 2801 2986 0
 3434 4407 1150 4934 0
 3028 3641 3999 1063 0
 5010 3320 3825 3437 0
 5010 3320 5139 3825 0
 4444 5168 3641 1063 0
 3825 3320 530 3437 0
 3044 3311 875 3182 0
 5139 3320 522 3825 0
 3320 3825 530 522 0
 5168 3999 3641 1063 0
 3712 5074 2295 5138 0
 5074 3712 2295 4570 0
 3009 2024 3327 1060 0
 5026 2004 4088 1060 0
 4511 380 434 3077 0
 563 567 3321 589 0
 563 567 3546 3321 0
 3321 3961 2411 3514 0
 3546 3514 3321 2411 0
 2933 1244 2129 1220 0
 2032 2868 3150 4161 0
 1220 2933 1244 2046 0
 2933 1220 2129 2077 0
 2032 2868 4161 5167 0
 2868 5167 3785 4161 0
 3409 4204 4892 1419 0
 1419 4288 1994 4204 0
 4288 2140 4204 1419 0
 1419 4204 4892 2140 0
 1263 1944 1405 1867 0
 2300 2400 1867 1564 0
 2300 1405 1867 2400 0
 2936 2987 3287 1450 0
 2936 642 710 1374 0
 1875 1703 5212 2003 0
 1875 1703 4870 5212 0
 5212 441 4870 5108 0
 812 811 3439 1916 0
 2283 2220 2034 1814 0
 3197 3767 3374 837 0
 3197 3125 3374 3044 0
 5345 610 3571 4346 0
 4228 4346 3571 3214 0
 2473 2888 2748 4388 0
 3148 3571 3625 4487 0
 5345 610 598 3571 0
 2888 2748 3024 2473 0
 4388 2888 2748 4071 0
 4979 5208 3016 4106 0
 4286 3793 4680 3967 0
 2117 3805 4960 2991 0
 4979 3368 5208 4106 0
 3805 2117 4960 3547 0
 1319 3443 1412 5147 0
 3443 4345 1746 1319 0
 1412 4345 3443 1319 0
 5250 1746 5270 3443 0
 2892 3545 3839 1529 0
 1529 3645 3022 1528 0
 1528 1529 2892 3022 0
 3321 3961 3514 589 0
 1575 3718 3036 1888 0
 3036 1963 1428 2812 0
 4273 4713 1222 3426 0
 4273 2799 1222 4713 0
 5228 3656 3698 4516 0
 4516 5234 5328 3698 0
 4443 3099 3140 3438 0
 4443 3099 4369 3664 0
 3151 3739 1962 3101 0
 2047 1378 2036 2490 0
 848 3032 2112 4326 0
 5291 3032 4105 848 0
 2940 3205 1945 3736 0
 4105 2112 1780 4501 0
 1900 3032 5291 848 0
 738 692 705 3452 0
 1220 2933 2046 2394 0
 1663 1220 2046 2394 0
 1220 1723 1663 2046 0
 3780 2014 3732 3207 0
 4081 3207 3089 5069 0
 3780 3732 3089 3207 0
 3452 694 2867 740 0
 3452 738 692 740 0
 3452 692 705 3467 0
 5222 3452 3467 4125 0
 2867 5222 4125 3452 0
 1374 2936 642 4059 0
 1465 1508 1454 4415 0
 2927 3404 3492 1454 0
 1465 3404 4415 1454 0
 5010 3437 4224 2975 0
 908 901 922 906 0
 3438 3140 3453 4599 0
 3438 3140 2654 3453 0
 2393 4442 2359 2481 0
 4334 758 4595 844 0
 1132 4214 1111 3703 0
 1425 3108 3102 2963 0
 1437 5173 4013 1224 0
 1224 4013 1397 5173 0
 4138 2877 4403 3458 0
 2152 4865 4975 5201 0
 2152 4865 5201 2462 0
 3458 4403 4138 2489 0
 1075 984 1077 3854 0
 3366 3040 3920 4852 0
 3526 3035 5112 4283 0
 3616 1414 4576 3741 0
 1414 2885 1531 4089 0
 4576 1414 3616 2885 0
 2160 2235 3223 1242 0
 4676 2235 5029 4780 0
 3832 3223 4395 1242 0
 3832 3850 3223 1242 0
 3850 2160 3223 1242 0
 2970 3875 2099 4164 0
 1596 2057 1563 24 0
 2970 3875 1260 2534 0
 2970 2099 2856 4164 0
 2970 2856 3486 1260 0
 27 1240 1939 1652 0
 1680 1596 1563 24 0
 3728 780 5236 729 0
 670 3728 729 727 0
 3728 5236 671 729 0
 2497 4596 1779 3227 0
 4618 4330 3407 3227 0
 2497 2858 3227 3185 0
 4097 3878 4155 4025 0
 2077 3878 3047 4025 0
 3047 1547 2077 3232 0
 3227 2994 3857 3827 0
 3986 1328 3677 4034 0
 3227 4330 3407 3857 0
 780 3728 5236 811 0
 3468 949 940 2847 0
 2400 1263 1564 2976 0
 2400 1954 2976 2203 0
 3844 3228 4481 4271 0
 3469 4735 3749 854 0
 3469 3893 3593 855 0
 3469 4735 4849 3926 0
 5270 3469 3593 854 0
 1505 3584 3691 358 0
 820 3470 737 3983 0
 1401 3470 820 3983 0
 2978 4635 3080 696 0
 3080 4635 4915 696 0
 4949 4815 683 704 0
 3080 4360 4903 3088 0
 3080 696 3971 2978 0
 3080 696 3088 3971 0
 737 4949 676 4897 0
 3966 515 3213 4818 0
 799 801 4095 5093 0
 3762 18 1614 4387 0
 3168 1706 3231 2814 0
 2470 3093 3627 3770 0
 5317 4095 801 5093 0
 5210 3614 4842 4620 0
 5252 3252 4890 672 0
 4890 678 672 677 0
 5255 3252 672 4890 0
 678 5252 4890 672 0
 4827 5014 3965 3375 0
 3965 3375 1991 4057 0
 4827 3965 4057 3375 0
 1996 3474 4524 3930 0
 3474 4767 1996 4354 0
 4457 4583 3474 5134 0
 5134 4583 3474 4354 0
 3617 3361 3667 3954 0
 4628 3361 3667 3617 0
 3474 4881 4321 3930 0
 5124 3361 4731 3667 0
 5124 3361 3667 4628 0
 3954 3361 3667 4731 0
 5206 4122 3234 3037 0
 3477 4041 4240 2924 0
 2744 2840 2528 3235 0
 2744 3235 2528 418 0
 4887 2728 1648 3934 0
 3237 2230 4483 1517 0
 1824 3237 1609 1517 0
 3765 1517 3237 1824 0
 3765 1517 2230 3237 0
 2230 4006 4483 1517 0
 4814 2841 3480 4872 0
 3495 4796 3845 2402 0
 2740 2961 4796 3845 0
 4240 2961 3845 4796 0
 1243 1463 3519 1460 0
 2427 2256 1641 1434 0
 1243 1460 3519 3355 0
 1858 2256 2427 1434 0
 4796 2740 3845 2402 0
 4442 1844 4103 1354 0
 3495 4240 3845 4796 0
 5216 3933 5186 4993 0
 3481 2724 2706 2722 0
 3481 2724 2722 1649 0
 4225 1961 3736 2767 0
 4984 3002 2145 193 0
 162 4984 2145 193 0
 4685 2929 1640 1695 0
 1576 1429 3635 1376 0
 3002 2515 2145 193 0
 4685 2929 2329 1640 0
 2723 3258 757 763 0
 4126 3258 757 2723 0
 2029 1851 3239 1390 0
 1655 4775 4252 4120 0
 3258 4126 757 5063 0
 2106 1789 4941 2140 0
 4892 4941 2140 2106 0
 4204 2140 2293 2106 0
 3735 1789 2106 2140 0
 4064 4120 4654 2731 0
 3735 2140 2106 2293 0
 3716 3646 3132 4438 0
 4438 3716 3646 3812 0
 4856 1144 4694 1130 0
 4856 4694 4928 1130 0
 2944 586 3889 5100 0
 3740 2944 586 3889 0
 3607 2915 2297 1951 0
 3856 4969 4233 698 0
 2991 3805 3607 2297 0
 3856 698 4233 4962 0
 4962 698 4960 3856 0
 3933 2724 2706 3481 0
 3594 2903 2418 2433 0
 1832 1403 2778 1209 0
 1301 2433 1832 3263 0
 2913 429 2013 3679 0
 3679 4353 4806 2913 0
 1144 4831 4856 4694 0
 4532 3245 5134 3394 0
 1113 4391 4924 1102 0
 5023 5138 3592 4474 0
 5246 3493 4062 3613 0
 451 421 5283 4133 0
 422 421 451 4133 0
 2552 4590 3048 3006 0
 1979 3816 2552 4590 0
 1979 4590 4697 3816 0
 1979 4590 2552 3006 0
 3713 3361 5124 4628 0
 3110 3006 438 413 0
 3579 4464 5179 3487 0
 2632 3886 3459 3115 0
 3979 4034 1329 4372 0
 1329 4034 1394 4372 0
 413 438 4251 3006 0
 1324 2998 1864 2761 0
 1324 2998 2787 1890 0
 2424 948 2849 950 0
 948 2849 3293 2424 0
 5161 3293 2424 948 0
 1885 4027 2348 2692 0
 2692 4027 2348 3169 0
 4027 4410 2348 3169 0
 1885 2348 4027 4131 0
 4027 2348 4410 4131 0
 2621 4307 1914 3898 0
 3898 4307 3665 2621 0
 5050 3368 3413 3970 0
 1509 2324 4756 2399 0
 3394 4547 3246 3493 0
 4547 3246 3493 5138 0
 3246 3493 5138 3592 0
 2017 3417 2518 1131 0
 5064 3745 1684 1929 0
 32 3007 5343 2154 0
 3745 1929 5064 2632 0
 2017 3417 1131 1110 0
 2017 3264 3417 1110 0
 3806 1953 3347 4188 0
 3704 872 3189 3481 0
 874 3189 3704 872 0
 3008 3836 2865 1470 0
 3836 3726 3008 2865 0
 3440 3823 3726 3008 0
 3206 3434 4934 2801 0
 2551 4934 1661 3206 0
 3284 3261 1300 3610 0
 3206 3434 4132 4934 0
 1606 1686 1580 2061 0
 4377 2553 3955 3897 0
 3206 4132 2551 4934 0
 4936 3206 4934 2801 0
 3206 1661 4936 4934 0
 5209 1571 3073 2622 0
 4161 3628 1203 1677 0
 2256 3010 1557 2537 0
 3210 3029 1411 3539 0
 1473 4005 2374 1751 0
 1751 2953 4035 3658 0
 4005 1751 3011 2374 0
 1411 3210 3280 3029 0
 2855 1571 2622 1862 0
 3497 4371 3773 1823 0
 3210 3539 1411 3540 0
 3497 1823 3773 5159 0
 2214 3497 4371 3773 0
 3210 3540 1411 4121 0
 2214 3497 3773 3902 0
 3011 4059 2120 2953 0
 3902 3497 3773 5159 0
 1413 1501 1500 4090 0
 2825 2905 3915 2625 0
 4090 2625 1413 1501 0
 948 1610 3502 3293 0
 945 3502 1610 2502 0
 3255 2243 3054 2104 0
 2829 2538 1670 4863 0
 3210 3280 4121 1411 0
 3367 477 2700 2733 0
 5217 3502 2502 5292 0
 4621 3502 3293 4306 0
 5217 4621 4306 3502 0
 2527 929 3586 3787 0
 2986 1115 1136 5080 0
 2986 1115 5080 4970 0
 507 4116 4188 5254 0
 4116 3847 4188 5254 0
 1705 1382 3338 2277 0
 3684 672 5252 674 0
 1705 3134 2804 1387 0
 3684 672 4877 5252 0
 3338 3838 1382 2803 0
 895 4003 4547 3505 0
 895 4532 4003 3505 0
 3367 3674 3722 5288 0
 780 810 3728 811 0
 3684 672 730 4877 0
 670 2886 3728 727 0
 4314 739 687 3673 0
 4314 687 739 691 0
 3943 1500 3170 4899 0
 3170 4908 2409 4899 0
 3943 3170 2409 4899 0
 810 808 727 3728 0
 4899 3170 4908 1500 0
 3226 2837 3859 4976 0
 3958 5033 4976 3859 0
 2759 3859 4976 3226 0
 3440 3008 3726 1449 0
 1328 4825 3986 3677 0
 2872 5126 2087 4849 0
 2433 1297 4708 4706 0
 1416 3548 3186 1545 0
 4529 2293 2106 4276 0
 3235 4027 2648 1885 0
 4027 3235 2692 1885 0
 4706 2433 1297 1301 0
 4529 2106 3735 5145 0
 5145 4529 2106 5217 0
 2293 2106 3735 4529 0
 1109 3517 4591 4030 0
 1885 4027 2648 4131 0
 1130 4928 3517 4694 0
 4186 1539 1416 3186 0
 4694 3517 3270 4068 0
 4030 3517 4591 3270 0
 4186 3697 1539 3186 0
 1109 4928 3517 1130 0
 2662 2968 2658 2508 0
 2662 2508 2658 4365 0
 3713 3676 5314 3361 0
 4994 4702 4708 2433 0
 3213 3284 1300 3610 0
 2662 4399 2508 4365 0
 523 3284 1977 1300 0
 2719 531 3284 1213 0
 3713 5314 5124 3361 0
 2534 3558 3392 1479 0
 3688 2872 5267 5126 0
 3279 3228 4271 4589 0
 3022 1529 2892 3839 0
 3060 923 905 921 0
 5182 1739 1729 3932 0
 3594 2903 2433 1209 0
 3594 1209 3285 2903 0
 5182 1729 4439 4358 0
 3974 4857 819 818 0
 3974 1364 819 4857 0
 3974 5297 819 1364 0
 3974 819 5297 818 0
 3882 3040 3969 1490 0
 5182 3932 1729 5089 0
 3526 2833 4267 3882 0
 1095 1127 1110 1126 0
 1127 5287 1110 1126 0
 5089 5182 4358 1729 0
 4246 4267 5244 3526 0
 4187 3530 3193 5256 0
 1223 3780 3530 4081 0
 4187 2217 3530 5256 0
 859 2935 2833 860 0
 3535 3218 2841 3358 0
 334 4174 342 3198 0
 945 2847 949 2502 0
 2745 4174 334 3198 0
 3535 5140 3710 3358 0
 1886 3377 3062 2410 0
 1610 2847 945 2502 0
 5256 3535 3358 3218 0
 3535 2841 5140 3358 0
 1400 2832 4004 4312 0
 1400 1900 2832 4312 0
 3594 3285 4129 3783 0
 4669 5102 2353 1683 0
 1900 4312 1400 5291 0
 5227 959 4744 961 0
 5211 1683 5102 4669 0
 4502 2982 4010 2966 0
 3993 5034 5028 3401 0
 2117 3401 4291 4441 0
 4010 2982 1109 2966 0
 409 424 423 5288 0
 2067 347 355 3972 0
 4765 2067 355 3972 0
 355 3972 4206 4765 0
 355 4797 4206 3972 0
 3523 3048 4133 3659 0
 5237 4566 3334 2693 0
 5237 3997 2688 3956 0
 5305 3198 2745 3532 0
 2819 3022 3839 1529 0
 4797 347 3972 355 0
 2637 1797 1611 3024 0
 4281 3936 953 958 0
 4271 3694 5249 5260 0
 5260 4271 3694 3622 0
 1954 1381 4377 1680 0
 1899 2725 1263 1381 0
 4734 5216 864 863 0
 3338 1706 3838 2803 0
 1706 2803 3296 2323 0
 3838 3338 2250 2899 0
 3538 452 447 4370 0
 447 3538 5310 452 0
 3538 5310 4452 447 0
 1356 1286 5186 3297 0
 5186 1286 873 1984 0
 2771 3036 1204 1644 0
 1963 1644 1204 3036 0
 1673 2812 3036 1575 0
 1673 3036 1204 1888 0
 1673 1963 3036 2812 0
 2771 1888 1204 3036 0
 2218 2083 2209 1911 0
 3298 4559 3138 5155 0
 3793 3967 3942 2225 0
 4286 3967 2659 3942 0
 3967 3426 2659 3942 0
 3967 2225 3426 3942 0
 4286 3967 3942 3793 0
 3584 3229 4036 3944 0
 5217 5292 2502 949 0
 1296 4479 5249 324 0
 5018 3677 1435 4563 0
 3214 3571 4228 4487 0
 4090 1455 3509 1499 0
 4090 4487 3148 3509 0
 2984 4166 1366 2955 0
 4479 5260 5249 324 0
 457 3301 470 456 0
 2984 4166 2955 4350 0
 1838 3073 1708 1873 0
 5163 3677 3744 5122 0
 3264 4854 3302 3390 0
 1838 916 3073 1873 0
 2969 2066 3596 5184 0
 5184 4530 5089 3596 0
 2969 4530 3688 5184 0
 5184 2066 3596 4615 0
 4864 4863 2829 3042 0
 5184 4615 3596 5089 0
 4526 4995 2123 4425 0
 4526 4425 3150 2664 0
 3160 3081 3141 2937 0
 4526 2123 3150 4425 0
 4526 4995 4425 2664 0
 3947 3602 522 4051 0
 3947 4999 3602 4051 0
 5010 3825 3947 4224 0
 3947 5010 4224 4999 0
 3947 3825 522 3602 0
 4737 3037 4200 4837 0
 4737 4200 5271 4837 0
 2220 2283 2034 3305 0
 4200 4173 3037 4737 0
 3171 1358 3306 1471 0
 3171 2964 1471 3306 0
 5271 4173 4200 4737 0
 2011 3242 1308 540 0
 548 1750 3242 544 0
 1215 3242 3072 1750 0
 3072 1215 2713 3242 0
 548 3072 3242 1750 0
 4753 3811 3343 2230 0
 4107 333 4634 341 0
 3662 2553 3955 1954 0
 3949 4371 4622 3560 0
 4276 4529 2962 5292 0
 4439 2678 4607 4983 0
 3502 4276 2962 5292 0
 4983 4439 2678 3271 0
 4369 4602 5069 4739 0
 2319 900 3058 2949 0
 3048 438 450 2552 0
 3318 5189 2197 3906 0
 3318 1422 5036 1419 0
 2568 5315 4664 5181 0
 5209 904 3422 3073 0
 3422 3073 904 916 0
 370 392 388 3884 0
 2065 3320 5139 5010 0
 897 3323 3060 3787 0
 3400 3323 3060 2421 0
 2843 3003 3905 4155 0
 563 2150 588 3321 0
 563 581 3321 588 0
 563 581 589 3321 0
 563 2150 3321 3543 0
 563 3546 3543 3321 0
 3884 5305 388 370 0
 3322 2978 1445 4228 0
 4228 4346 3214 3322 0
 1505 370 3884 392 0
 3884 5305 370 1505 0
 1950 4570 1820 4073 0
 1635 1950 3713 4073 0
 3712 4570 4935 1635 0
 1403 1209 2401 3319 0
 3319 1209 2401 3173 0
 5098 1209 1403 3319 0
 5098 1209 3319 3173 0
 2437 914 4264 1587 0
 2437 4264 3687 1587 0
 4264 5071 2221 3114 0
 4264 5142 5071 3114 0
 1267 3288 2029 3191 0
 2100 3568 4987 4336 0
 4149 2024 3327 2669 0
 3568 3267 3211 2759 0
 3548 1416 4858 5025 0
 3568 2759 4987 4976 0
 3465 3464 3582 1414 0
 3192 2020 1314 3064 0
 3211 2759 4987 3568 0
 3211 3568 4987 2100 0
 3568 4976 4987 4336 0
 1965 4358 4615 2249 0
 2301 503 517 2101 0
 4615 5089 2249 4358 0
 2301 517 525 2101 0
 1289 2073 498 3219 0
 1289 498 2681 3219 0
 3071 498 1723 1687 0
 498 1687 2681 1220 0
 2377 2436 277 293 0
 2550 293 2436 2377 0
 277 293 2436 209 0
 4558 3332 3578 2500 0
 4591 4558 3578 2500 0
 4188 4997 5254 2096 0
 352 3956 3963 375 0
 2771 2971 1428 1644 0
 4122 4344 2971 1428 0
 4558 3332 4546 3578 0
 4927 3487 3579 4451 0
 3150 3686 3579 4927 0
 3150 4927 3579 4451 0
 1411 3068 3280 1452 0
 2116 4328 1217 3705 0
 1215 1325 3072 2713 0
 548 1555 3072 1750 0
 540 1750 3242 1308 0
 3887 2015 3072 548 0
 548 2015 3072 1555 0
 2713 1325 3072 3887 0
 3242 2713 3072 548 0
 3348 1226 2121 2191 0
 4937 4483 3802 1609 0
 2738 3730 4979 4519 0
 2262 1591 1647 1268 0
 3583 1022 2805 1950 0
 1432 2695 2843 1228 0
 4172 1724 1478 2843 0
 2670 353 376 4049 0
 376 3701 4049 353 0
 2102 1282 1560 1558 0
 2941 2102 1560 1558 0
 1030 1012 935 4262 0
 4262 1012 935 3586 0
 929 3586 935 1012 0
 3943 4290 3717 4899 0
 4899 4290 3717 1413 0
 3338 2098 1998 2250 0
 2277 3338 3134 1998 0
 3818 4290 3337 1413 0
 2098 2803 3338 1705 0
 3337 3784 2409 4899 0
 2098 3296 3338 2803 0
 1705 3338 3134 2277 0
 2787 3084 1347 1890 0
 3084 3863 1825 1540 0
 3084 4896 3863 1540 0
 2098 3296 2899 3338 0
 3084 1347 1376 2705 0
 2787 3084 947 1347 0
 3901 4988 5125 4541 0
 2653 3998 2645 4606 0
 1218 1453 3668 1456 0
 1218 1456 4146 1453 0
 1365 2218 2202 1958 0
 2083 2218 2209 1958 0
 1456 3807 1218 4146 0
 3337 4290 3784 4899 0
 2825 3971 3088 1506 0
 4903 4360 3241 3088 0
 401 412 3584 433 0
 1215 2673 1668 3091 0
 1555 2257 1215 3091 0
 1215 2673 3091 2257 0
 1555 3091 1215 2890 0
 1668 1215 3091 2890 0
 2956 1757 3612 4799 0
 5323 2670 2956 4799 0
 4363 4139 3344 3158 0
 5323 2956 2462 4799 0
 2956 1757 3655 3612 0
 3158 4139 3344 2361 0
 2462 2956 3612 4799 0
 3963 5047 4481 352 0
 1851 2210 2029 3239 0
 3239 2210 2029 3376 0
 3246 3493 3592 4240 0
 3376 2210 2029 3383 0
 2537 2332 3345 2312 0
 4481 352 3956 3963 0
 2435 2332 3345 2897 0
 2435 2897 3345 2499 0
 4252 5240 3298 1667 0
 4252 3298 1273 1667 0
 4491 3151 576 590 0
 2238 4775 4252 3298 0
 2238 3298 4252 5240 0
 4775 1273 4252 3298 0
 3151 3739 3101 4039 0
 3101 3739 2835 4039 0
 4240 3592 4796 4062 0
 3493 4062 3592 4240 0
 3786 1546 4289 3138 0
 1950 1972 3853 4073 0
 3853 4073 1972 4832 0
 2698 3093 2470 3353 0
 3077 4147 3059 3093 0
 2077 886 882 3232 0
 1567 1573 1620 2364 0
 1372 2388 2022 2690 0
 3893 855 4043 3593 0
 3312 2075 1211 2594 0
 3123 2180 3838 2281 0
 1706 2899 3838 3123 0
 1706 3338 3838 2899 0
 4283 3978 3593 3372 0
 3732 1551 1238 3099 0
 3687 1016 3096 2974 0
 4079 3732 1709 3096 0
 3096 1016 1709 2974 0
 3556 5245 3731 3139 0
 3556 5070 3139 3511 0
 3461 5070 3556 3511 0
 4283 4446 3593 5112 0
 2348 2981 1932 3169 0
 3919 4627 4689 453 0
 4702 2981 2348 3590 0
 4467 4446 3593 5147 0
 3977 1212 4117 4580 0
 454 4627 3919 453 0
 2914 4580 1212 3977 0
 3097 2120 3945 2883 0
 3097 2120 2883 2898 0
 3229 4036 3573 3386 0
 3205 3262 5085 5136 0
 3991 3635 2329 3094 0
 4783 5085 3205 3262 0
 830 4699 4366 834 0
 4783 3205 5085 2716 0
 1880 2821 3352 2179 0
 3834 1880 3352 2179 0
 2641 1880 3352 3167 0
 3742 4239 416 432 0
 3167 1880 3352 3834 0
 2641 1880 3167 2263 0
 2033 2945 3099 1551 0
 3096 3099 3732 1238 0
 1879 3093 3353 3077 0
 3538 4704 452 455 0
 3538 455 452 4370 0
 4117 3538 4704 452 0
 3353 2470 2403 4511 0
 3353 3093 4511 3077 0
 4239 416 4194 3742 0
 4194 406 3742 2760 0
 4031 3792 3647 4102 0
 3355 1307 1460 1512 0
 4691 3980 4669 1083 0
 4669 3980 5153 1083 0
 4488 2527 3649 4106 0
 3940 3356 2958 4728 0
 2958 3356 1472 1356 0
 3357 3712 4524 1996 0
 4691 3980 1083 991 0
 5124 4731 4223 4886 0
 5046 2508 4611 5109 0
 4749 4085 3598 4624 0
 2929 1429 3635 1524 0
 1376 1429 3635 2929 0
 4482 3598 4758 4565 0
 4749 4758 3598 4598 0
 3598 4085 2871 4624 0
 1515 1516 2254 1219 0
 3469 3749 855 854 0
 2775 950 4793 1610 0
 5025 4617 3504 4435 0
 3860 5004 5007 3707 0
 1337 1219 2254 2284 0
 3469 3749 3926 855 0
 3749 4076 3926 855 0
 3283 3311 1402 2407 0
 4588 3273 4071 1877 0
 3064 2383 3746 4765 0
 4765 2383 3746 4965 0
 3269 874 873 5172 0
 5281 874 4690 3269 0
 2877 3600 4403 4069 0
 3671 3207 4403 3600 0
 3671 4403 5167 3600 0
 4179 1467 3692 3120 0
 3600 3207 4403 4069 0
 1550 1549 3219 2681 0
 5172 3269 874 5281 0
 3113 2039 1238 3901 0
 2789 3113 1889 4316 0
 1731 3113 2653 4316 0
 561 4181 4389 557 0
 561 4802 4389 4181 0
 4213 4040 1610 3936 0
 1173 3429 5313 2837 0
 3358 5140 3710 2738 0
 2690 4129 4865 3612 0
 4865 3122 2690 3612 0
 1610 4276 4213 2962 0
 3358 3730 5140 2738 0
 4891 3710 3005 2738 0
 2738 5140 4979 3730 0
 3044 3374 3767 842 0
 3197 3941 837 3374 0
 3197 3374 3767 3044 0
 3533 462 3126 5316 0
 487 462 3533 5316 0
 3377 1590 1210 3152 0
 1254 2911 1853 884 0
 4169 3976 3377 4776 0
 2743 1853 2911 884 0
 1514 2743 2911 2651 0
 3377 2372 1299 3152 0
 2331 5321 1480 1641 0
 2015 3887 1325 2822 0
 2825 1446 3915 3378 0
 4831 3608 4537 1782 0
 3378 1451 2825 1445 0
 1782 3608 4537 3196 0
 3608 4803 4831 4537 0
 1583 4630 4205 3196 0
 4630 3361 4205 4150 0
 4060 3620 3609 3221 0
 3355 1460 3519 3792 0
 1156 4953 3609 1166 0
 4060 4953 3609 3620 0
 4541 3901 3113 3998 0
 4541 5125 3998 4606 0
 4803 3221 3609 4537 0
 1214 2448 2078 3433 0
 3613 4062 5263 3669 0
 1214 1404 2448 3433 0
 4340 4550 3245 3613 0
 3394 3613 3245 4062 0
 4550 3613 5263 3669 0
 3394 4340 3245 3613 0
 2150 4238 3281 1527 0
 3128 603 595 3516 0
 4238 3281 1527 1477 0
 3128 3516 595 2150 0
 487 4017 4952 3086 0
 3254 3382 4002 3435 0
 4591 3578 3092 2500 0
 4591 4524 2500 3092 0
 2897 2894 2499 2435 0
 3614 2897 2499 3345 0
 2897 3345 3614 4307 0
 4524 3902 2500 3092 0
 4532 5134 4003 3394 0
 3394 4003 3493 4062 0
 1916 2232 3439 812 0
 3505 4003 4547 3394 0
 3394 4003 4547 3493 0
 3505 4532 4003 3394 0
 3617 4785 4886 4888 0
 1071 974 980 1713 0
 1071 1072 974 1713 0
 974 4698 1713 1072 0
 3617 3667 4886 4785 0
 3607 2991 4798 835 0
 835 3805 3607 2991 0
 831 835 4955 2991 0
 835 831 3805 2991 0
 835 3607 839 4798 0
 835 4798 4955 2991 0
 3779 3132 1710 3019 0
 1426 5104 4801 2127 0
 3779 3132 3019 2521 0
 3330 5104 4801 1426 0
 2926 1541 3140 3090 0
 1541 2654 3140 3453 0
 2033 3090 3140 2945 0
 3550 3105 5025 3556 0
 3556 3550 3448 2615 0
 3550 5025 3548 3556 0
 3550 3556 3548 2615 0
 3105 3550 3448 3556 0
 2647 2643 4386 2375 0
 2668 2647 4428 5020 0
 2698 2470 1311 2403 0
 2698 3627 1311 2470 0
 4093 3627 2470 1311 0
 4069 4931 3828 1833 0
 3235 1536 3455 2692 0
 2528 1536 1494 3455 0
 2528 1536 3455 3235 0
 3455 1536 1494 2903 0
 2692 3455 2903 1536 0
 3998 2653 4608 3113 0
 3998 2645 4606 5125 0
 4608 2645 3998 5125 0
 3621 4403 2489 4398 0
 2594 2075 4055 2045 0
 1833 3621 2727 2114 0
 4403 4931 3828 4069 0
 1123 4599 3453 1069 0
 3010 2537 3389 1557 0
 2389 2435 1644 2332 0
 1579 2303 1644 2435 0
 5192 1055 1056 1021 0
 3043 1842 1870 4578 0
 1777 2809 3632 4380 0
 865 1671 4782 4013 0
 5087 2296 4013 865 0
 2065 4696 3320 2696 0
 5345 598 591 3148 0
 4696 3320 2696 2914 0
 4559 4322 4775 1273 0
 5146 4559 1273 4322 0
 4003 3493 4062 5138 0
 2265 3062 3377 3976 0
 1273 5146 3804 4559 0
 4856 4953 3609 1156 0
 4856 1156 3609 4831 0
 4641 3400 4061 4300 0
 4062 3245 5134 3669 0
 5023 4474 3592 3244 0
 4652 2244 419 3734 0
 4098 4229 2940 3046 0
 5041 2679 3260 3403 0
 4856 1156 4831 1144 0
 2748 2473 4588 3149 0
 3443 3896 1412 5147 0
 1412 3896 4345 2857 0
 3896 4345 3443 1412 0
 4446 3526 5112 4283 0
 3244 5023 3156 3592 0
 4246 3526 5244 4446 0
 3639 2931 4976 1162 0
 3639 4976 3568 4336 0
 3147 5248 2028 706 0
 3935 2074 4288 1379 0
 1692 1930 1379 4288 0
 1692 4288 1379 3574 0
 5036 1379 4496 4288 0
 4891 2738 4979 4519 0
 4222 1379 4288 4496 0
 4891 4632 3216 4519 0
 2756 2326 1485 1608 0
 4288 4869 1379 3574 0
 3147 667 706 661 0
 5036 4869 1379 4288 0
 1379 1930 2074 4288 0
 4646 4048 2535 4758 0
 4632 4891 4909 4519 0
 4909 4891 4979 4519 0
 3416 2554 3414 4759 0
 3415 5265 4752 3970 0
 5288 4024 3367 3301 0
 900 2295 912 5138 0
 4999 3301 3367 4024 0
 4024 4999 3301 2975 0
 4003 2295 900 5138 0
 4311 5003 4303 2608 0
 4024 3301 456 2975 0
 5346 2042 2051 129 0
 4024 3301 5288 423 0
 2921 5287 2017 1145 0
 2519 519 527 2075 0
 3827 3711 3185 2858 0
 535 527 2075 2519 0
 2813 2719 3213 4028 0
 3880 2955 5298 815 0
 4350 3880 817 815 0
 4028 4114 2813 3177 0
 4547 4003 900 5138 0
 879 2407 883 1269 0
 1402 3311 2342 2407 0
 3065 2033 3096 1238 0
 2033 3099 3096 1238 0
 887 1269 883 1515 0
 3410 3672 3643 4519 0
 891 1515 2254 1269 0
 4303 2040 3226 2837 0
 3488 4273 2659 2663 0
 3257 4555 4210 3420 0
 3426 2659 4273 2663 0
 2329 3635 2929 3094 0
 2329 2929 3964 3094 0
 493 1240 1652 1354 0
 27 1240 1652 493 0
 3810 2923 4630 2752 0
 5197 5195 2107 2055 0
 4506 3810 4630 2752 0
 4205 3810 3769 2923 0
 4223 4210 4074 4731 0
 4630 2992 4150 3810 0
 2992 3810 4630 4506 0
 4205 4150 3769 3810 0
 3472 359 2718 5303 0
 361 359 5303 2718 0
 2758 3477 3493 3246 0
 3493 3477 4240 3246 0
 2758 3246 3493 3394 0
 4759 3918 3648 4667 0
 4759 3648 3111 4667 0
 3162 3149 4588 2473 0
 577 605 4228 3370 0
 4011 5075 3648 4667 0
 5075 3111 3648 4667 0
 3164 3325 1591 1355 0
 2865 1355 1591 3325 0
 1355 2023 1591 3164 0
 1419 4204 4038 3409 0
 3164 2883 1355 2898 0
 1419 1994 4038 4204 0
 1415 2779 3431 5106 0
 1859 3311 1269 2378 0
 1608 1516 2254 891 0
 2356 3433 5325 524 0
 2356 3433 524 2503 0
 3433 2078 5325 524 0
 4262 1012 3586 3649 0
 2448 516 2078 3433 0
 3433 524 2503 3937 0
 524 3937 3433 1404 0
 3014 4351 1925 3000 0
 3594 1832 2433 3263 0
 3263 1666 2433 3594 0
 2075 1211 3212 3166 0
 513 521 3166 1211 0
 3014 3482 4196 4019 0
 529 3827 521 2075 0
 5301 3202 1212 3437 0
 3654 5242 804 3678 0
 4979 3016 5041 4106 0
 5041 3260 4106 3403 0
 2490 2036 4884 4864 0
 3260 5041 4106 4909 0
 5041 4979 4106 4909 0
 4555 5314 4210 3420 0
 3796 1222 3426 2230 0
 4555 4210 5314 4731 0
 3796 1222 4713 3426 0
 2706 3481 2722 3187 0
 2790 3172 1670 3666 0
 1527 2150 3172 3543 0
 3666 1670 3128 3172 0
 2706 3187 2722 4758 0
 1697 1213 2420 1314 0
 3661 5206 5067 3234 0
 1864 1890 1580 2737 0
 1697 3284 1977 531 0
 1697 1213 3284 531 0
 3666 3909 1676 2038 0
 1556 1676 2224 2038 0
 2623 3347 478 3341 0
 3847 3347 3341 478 0
 824 821 3819 4259 0
 4259 821 3819 4545 0
 3819 821 3220 4545 0
 3179 1407 2310 2313 0
 3179 2310 1407 2631 0
 4022 380 4147 357 0
 3696 380 4147 4022 0
 1093 3396 1125 3329 0
 1093 1107 1125 3396 0
 1809 3183 1354 493 0
 2834 1354 4103 3183 0
 1576 3183 4103 1844 0
 1809 3183 1576 1844 0
 493 1354 2834 3183 0
 1149 4253 1135 5265 0
 3555 1777 3702 3185 0
 527 519 2563 2075 0
 3024 1882 2473 1839 0
 2075 3185 2563 527 0
 4051 506 514 5139 0
 426 3777 4574 3217 0
 4583 4549 4521 4411 0
 5134 4234 3669 4411 0
 426 476 3777 5201 0
 3777 476 5293 5201 0
 1782 3833 3608 3196 0
 742 793 744 2867 0
 4178 3406 5263 3669 0
 4776 1590 1796 3670 0
 1796 1590 4603 3670 0
 1927 4110 4610 4603 0
 4610 4603 2369 1927 0
 1228 1274 4396 4349 0
 3670 397 4776 1590 0
 3592 5138 4796 4062 0
 1663 1723 3069 3057 0
 3592 5023 4796 5138 0
 2576 3122 3304 3451 0
 3658 3127 2116 4127 0
 3122 3612 3304 3451 0
 3451 3612 3655 3701 0
 470 3301 2975 456 0
 953 3936 4529 5292 0
 5145 5292 953 4529 0
 2949 5024 1915 707 0
 2125 886 2129 890 0
 4765 3192 2279 3064 0
 2766 2465 3192 2264 0
 1915 5024 1928 707 0
 379 3456 3046 4402 0
 1991 3375 4675 3314 0
 2670 376 3655 4049 0
 3655 376 3701 4049 0
 4057 3375 1991 3314 0
 4804 4196 1925 3014 0
 4019 4351 4196 3014 0
 4019 2735 4196 4351 0
 2773 5342 2344 2146 0
 4438 1540 2575 4896 0
 1431 839 4334 844 0
 4334 4595 1431 844 0
 2828 4595 844 1431 0
 3132 4896 2007 4438 0
 4438 1540 4896 2007 0
 2575 4438 4896 3812 0
 3450 3520 3277 2049 0
 3184 3277 3450 3520 0
 4225 2629 2794 1294 0
 2629 2617 4225 2794 0
 2032 3671 2217 5167 0
 1223 2217 3671 4081 0
 2629 2767 4225 2617 0
 1223 3207 3671 3600 0
 2032 3671 5167 3600 0
 1223 3207 4081 3671 0
 3838 2899 2180 3123 0
 3672 4751 4632 4519 0
 812 809 2232 3439 0
 3439 812 809 4867 0
 2782 2877 4500 3600 0
 2409 3540 4121 4908 0
 2409 3899 4121 3540 0
 5078 3899 2409 3540 0
 3540 2409 3170 4908 0
 1958 2209 2639 1642 0
 5078 2409 3170 3540 0
 4500 2032 2782 3600 0
 1267 2029 3116 2086 0
 3370 2625 3078 1501 0
 2701 2625 3370 1501 0
 4276 4083 2849 4213 0
 1610 950 4793 3153 0
 3676 3799 3361 2992 0
 4214 2992 3676 4453 0
 3951 2409 5213 3170 0
 3676 3799 5314 3361 0
 2801 4407 4934 5080 0
 3449 2801 4510 2489 0
 3676 3294 4810 5314 0
 2409 3943 5213 3170 0
 4497 4478 4364 1098 0
 4497 4382 4478 1098 0
 3239 3208 2210 3376 0
 3345 2435 18 2831 0
 2435 2499 3345 18 0
 3345 2831 18 4387 0
 3762 3345 18 4387 0
 3614 2499 18 3345 0
 3614 3345 18 3762 0
 4663 4002 1346 4543 0
 3654 5242 3678 660 0
 3475 4409 4764 375 0
 5242 774 3678 4604 0
 4409 4697 3475 4764 0
 4070 1292 3359 4778 0
 4070 4778 3359 4094 0
 1731 3849 3081 3476 0
 1728 607 4233 3395 0
 3419 5137 4548 3045 0
 1731 3849 3476 3113 0
 2926 1541 4523 3140 0
 1541 4351 4523 2654 0
 3826 4351 3000 1541 0
 4669 1683 2353 3724 0
 1666 3212 2418 3594 0
 3166 1211 3212 3594 0
 3783 1494 1536 2903 0
 3594 2903 3212 2418 0
 2707 1458 1479 3494 0
 5286 3843 5199 4490 0
 5167 3063 3681 4138 0
 3681 2551 1661 3206 0
 3206 4132 3681 2551 0
 3602 5301 2975 3437 0
 4228 5345 3148 3571 0
 3681 1661 1565 3206 0
 4976 1172 4336 1162 0
 2669 3793 4680 4286 0
 2656 4286 2659 3942 0
 2656 4286 3942 3793 0
 5323 5322 1630 4208 0
 3829 2134 2613 517 0
 3960 3217 3877 5324 0
 3960 4123 3877 3217 0
 2613 3829 517 509 0
 1910 2610 4080 1807 0
 3757 3567 2610 4080 0
 1807 2610 4080 3757 0
 3638 2610 4080 1910 0
 3567 3638 2610 4080 0
 2034 2283 2397 1884 0
 5154 1328 4034 3677 0
 2034 2283 1884 3305 0
 5154 1328 3677 4825 0
 4391 4921 4924 1102 0
 3913 5197 4440 5141 0
 3638 4440 3913 5197 0
 498 3219 1244 1220 0
 1244 3219 2129 1220 0
 3219 1549 2129 1548 0
 3219 2073 498 1244 0
 3219 498 2681 1220 0
 3219 1549 1548 2681 0
 1010 934 3685 2686 0
 1253 2015 3658 3188 0
 4391 1063 4921 1102 0
 3523 2688 3475 3963 0
 938 3685 2686 2983 0
 938 3685 2983 3381 0
 3685 920 3381 938 0
 3685 920 938 934 0
 3686 1134 3579 4927 0
 3275 1805 2751 1732 0
 5035 2395 4650 3483 0
 3686 4600 5179 3579 0
 3163 3483 2395 5035 0
 2580 2083 2639 3058 0
 4162 3686 2868 4851 0
 1958 2083 2639 2209 0
 3689 1561 1927 2846 0
 3253 3689 1927 2846 0
 3253 4704 4054 3689 0
 426 3777 476 4574 0
 4574 426 5164 476 0
 2496 3485 2122 4392 0
 2760 406 3742 2103 0
 4860 2431 2457 3002 0
 2103 432 406 3742 0
 2449 2049 2431 4084 0
 5099 4889 3488 4273 0
 2337 3002 2049 4084 0
 1372 3122 2576 1507 0
 1243 3489 1508 1454 0
 3116 4689 1759 3919 0
 1130 4460 3861 1782 0
 1020 3092 1098 3578 0
 4460 1144 1130 3861 0
 1020 3578 1098 4546 0
 4327 1509 1845 2249 0
 1098 3578 3092 4591 0
 1705 1387 1386 2277 0
 1387 1705 2631 2634 0
 3184 3277 4466 3450 0
 1508 3489 3500 1454 0
 4107 325 4634 333 0
 2527 3586 3649 3787 0
 2804 325 4634 4107 0
 4107 325 4534 2804 0
 3402 3586 5094 3649 0
 3649 3586 5094 3787 0
 3101 4917 3865 564 0
 591 568 3148 4917 0
 5345 3148 591 568 0
 3101 3509 3865 3148 0
 3865 1499 3509 3101 0
 3076 3601 2208 4906 0
 4906 3076 3601 3238 0
 2295 5074 912 5138 0
 4553 3694 4320 3622 0
 393 2689 403 3110 0
 3695 735 737 676 0
 3695 682 679 4828 0
 3695 682 4828 4815 0
 737 3695 676 4949 0
 3894 4386 1198 1190 0
 3894 3803 1190 1198 0
 1707 3987 2563 1650 0
 3475 3659 4795 4590 0
 2752 4273 1222 4738 0
 4273 4738 3426 1222 0
 2230 3426 4738 1222 0
 4738 2752 2230 1222 0
 2689 403 398 393 0
 800 802 1847 2336 0
 3224 4045 802 2336 0
 3418 4311 3243 2608 0
 3418 3103 3243 4311 0
 4311 4303 3243 2608 0
 4311 3103 3243 4303 0
 4240 4062 3495 5246 0
 5202 3870 449 461 0
 3870 449 3248 5202 0
 3047 3232 2077 882 0
 3248 3870 3636 449 0
 3870 3636 449 445 0
 445 3870 461 449 0
 5064 2399 3501 2456 0
 5216 863 868 5061 0
 537 2253 2613 1679 0
 2047 2036 4884 2490 0
 1833 1967 2839 2727 0
 1967 2727 4510 2839 0
 2839 1833 4443 3438 0
 4069 4931 1833 3438 0
 1833 4931 4443 3438 0
 820 3699 737 3470 0
 3699 735 737 3695 0
 3699 817 820 788 0
 737 3699 3695 3470 0
 3024 2960 3727 1797 0
 3024 3017 3727 2960 0
 3699 817 788 785 0
 3729 2711 1932 3871 0
 3729 2842 3748 3871 0
 2591 1393 2588 3507 0
 880 884 2556 2911 0
 1393 4295 2588 3507 0
 1393 4371 3507 3773 0
 1629 1393 3507 3773 0
 2591 1629 1393 3507 0
 1393 4371 4295 3507 0
 3508 1315 3829 3553 0
 1315 2613 3508 3829 0
 3508 3168 480 509 0
 2613 3168 3508 509 0
 2711 1209 1932 3871 0
 3264 3390 1099 5192 0
 4141 2841 3958 4987 0
 2759 3710 4987 3535 0
 4141 3958 4976 4987 0
 2759 3958 4987 4976 0
 3958 2841 5140 3535 0
 2293 1421 4341 1763 0
 4169 2097 4776 4452 0
 2065 2696 3320 5010 0
 2272 3510 3618 1391 0
 4985 3510 4807 3760 0
 3650 2940 4225 1942 0
 2940 3205 3736 1942 0
 4225 2940 3736 1942 0
 3650 1942 4942 2940 0
 3513 4021 338 346 0
 2639 3058 2083 4929 0
 2940 1942 4942 3205 0
 4942 1942 5136 3205 0
 4929 1257 4423 2083 0
 4392 3867 2083 5337 0
 3202 5187 5301 3527 0
 4463 2569 3747 3533 0
 3747 2569 4042 3533 0
 4977 3520 5060 2049 0
 2994 3877 3015 1865 0
 3530 5238 4148 5256 0
 3533 2569 2612 5289 0
 4330 3877 3857 2994 0
 3193 3530 4148 5256 0
 3983 3470 737 4949 0
 1100 1111 2951 3703 0
 5153 1683 4669 3724 0
 4067 672 673 677 0
 4067 677 673 679 0
 4067 672 677 4890 0
 907 921 919 5094 0
 3586 919 5094 903 0
 3586 5094 3787 903 0
 3060 921 907 5094 0
 897 5094 903 3787 0
 444 439 411 3588 0
 3704 873 874 867 0
 3674 3367 477 4101 0
 2102 4201 4008 2941 0
 2700 506 477 3367 0
 3704 874 872 867 0
 3391 3269 1357 1353 0
 1565 3449 2640 2877 0
 2125 2933 1261 1244 0
 3449 3458 2640 2877 0
 486 5316 3086 5289 0
 487 5316 3086 486 0
 3888 4979 4106 3368 0
 3888 3368 4106 3605 0
 3053 2420 3112 1585 0
 3888 3368 3605 4498 0
 3855 4909 4106 3888 0
 2490 2047 3112 3053 0
 4109 4784 1729 4517 0
 3605 3888 3855 4106 0
 4909 4979 4106 3888 0
 4970 1104 1067 2900 0
 3709 4525 3161 1067 0
 1104 1067 3709 2859 0
 1104 1067 2859 5183 0
 2953 618 4005 625 0
 5130 992 5262 5231 0
 4005 636 3011 2953 0
 3820 3332 1054 4383 0
 1740 1735 2334 14 0
 1740 1735 14 2853 0
 14 2853 1735 2674 0
 3916 1735 5013 2674 0
 3716 4974 3646 3812 0
 1735 5013 3155 3916 0
 3456 4518 3588 430 0
 950 4961 3153 954 0
 3153 950 4793 4961 0
 2145 2436 277 2607 0
 3760 3233 3964 4985 0
 2377 2607 277 2436 0
 1346 4002 4663 4078 0
 719 717 649 5239 0
 827 794 5214 825 0
 3409 4038 4083 4204 0
 4083 4038 2390 4204 0
 1346 4002 4078 3435 0
 827 825 5214 2871 0
 2644 4937 3802 4270 0
 3198 5305 3373 1505 0
 1505 5305 366 3198 0
 4526 2660 3399 2664 0
 4526 3444 2664 3399 0
 3399 4647 2664 4145 0
 3399 2660 4145 2664 0
 3399 3444 2664 4647 0
 1101 1058 3346 4701 0
 3258 4613 4126 3256 0
 3258 2723 4126 4613 0
 2862 1877 2852 1839 0
 1336 1611 1237 1839 0
 814 3813 3098 2128 0
 2128 5298 3098 814 0
 821 3452 705 4182 0
 3345 2312 2435 2880 0
 3098 3813 2739 2128 0
 821 3452 4182 4605 0
 2858 2563 3026 3263 0
 3711 1666 3263 3166 0
 2999 3026 2144 3263 0
 2999 2144 1978 3263 0
 5094 919 932 921 0
 4344 4122 3004 2821 0
 5094 932 919 3586 0
 3728 670 666 663 0
 666 671 3728 5236 0
 3977 1212 460 4117 0
 4091 4117 3595 2696 0
 2696 3977 4091 4117 0
 4567 4312 799 3874 0
 3595 4117 4091 3023 0
 4806 478 4175 2623 0
 3376 3383 2029 2248 0
 3353 3093 2470 4511 0
 3376 3208 2210 3383 0
 2470 4511 3093 3696 0
 1728 629 4619 3266 0
 3266 3491 4948 3891 0
 2838 4233 3266 3491 0
 3352 2893 2520 2906 0
 2520 2893 4584 2906 0
 3070 173 1674 3053 0
 1216 1969 173 3053 0
 3053 1674 3070 3178 0
 3053 1216 2047 3178 0
 2490 1216 2047 3053 0
 4058 3498 5066 3049 0
 1260 3128 2512 3948 0
 3128 615 603 2972 0
 3290 3564 821 4190 0
 3733 2813 4188 515 0
 4188 507 3733 515 0
 4188 3733 507 5254 0
 2813 3733 4188 4997 0
 3046 3566 4942 4830 0
 4530 5089 5056 4517 0
 4188 3733 5254 4997 0
 883 1515 1269 1514 0
 2342 2407 3311 1269 0
 2407 1514 883 1269 0
 3739 3273 1962 1464 0
 3734 2874 2244 2649 0
 3274 2047 537 1607 0
 531 1697 3274 1977 0
 2129 886 3619 890 0
 3734 4829 474 2869 0
 3089 5238 3780 4081 0
 3583 4026 2004 2943 0
 1820 3583 2004 2943 0
 5227 4744 4213 961 0
 5088 5227 4213 961 0
 5088 961 4213 963 0
 4213 963 961 4486 0
 2943 3583 4026 2122 0
 1851 1775 2210 3239 0
 3382 2043 4002 3435 0
 3780 3089 3700 5238 0
 3382 2043 3435 5022 0
 4994 2433 4708 4706 0
 2699 2943 3583 1820 0
 2943 3583 2122 2699 0
 1415 1584 3575 2779 0
 3384 2740 4810 3569 0
 1584 1415 4653 2925 0
 1415 2779 2925 1584 0
 3257 4074 3554 5226 0
 3554 4074 3257 4408 0
 4074 4210 3257 4555 0
 5226 3257 4074 5011 0
 3257 4210 4074 5011 0
 3384 4810 3199 3569 0
 1465 2638 3287 3633 0
 1671 5173 1397 4013 0
 2150 588 3281 595 0
 366 3198 5305 3532 0
 3572 4380 2809 528 0
 4238 3516 3281 1475 0
 1809 3278 3183 493 0
 1482 493 3278 1645 0
 1809 1645 3278 493 0
 1482 493 2345 3278 0
 493 3183 2834 3278 0
 2345 493 2834 3278 0
 3492 5188 3044 3197 0
 366 3532 5305 364 0
 4601 4434 1444 4241 0
 3743 3709 4221 4248 0
 4398 3743 4082 2114 0
 1344 3574 1426 1321 0
 1321 1755 3574 1426 0
 4288 1321 1755 3574 0
 1321 1344 3574 4288 0
 2986 4221 2114 4082 0
 4082 4221 2114 3743 0
 1411 3068 3029 3280 0
 3155 2334 1735 14 0
 14 1735 3916 2674 0
 4959 5060 3442 2049 0
 3442 5060 3176 2049 0
 1735 3916 3155 14 0
 2303 1306 3629 3031 0
 3629 2894 1644 2303 0
 2303 1306 1567 3629 0
 1567 3629 1644 2303 0
 2864 2053 4269 3222 0
 4440 3913 1753 5215 0
 2641 2053 3222 4269 0
 4772 3916 5068 2674 0
 3112 1236 1427 1585 0
 1728 2817 3891 3266 0
 5173 1438 4508 1224 0
 1437 1438 5173 1224 0
 5173 4508 1438 2609 0
 2572 1438 2609 5173 0
 1437 1438 2572 5173 0
 5215 4440 3913 3638 0
 3563 3035 2232 3882 0
 4789 3035 3563 3882 0
 1497 1962 3162 1496 0
 1496 1411 1497 1962 0
 1675 3995 4901 4044 0
 3182 3311 4494 3044 0
 699 5009 4573 633 0
 4628 3712 1583 3357 0
 4524 1583 3833 3196 0
 699 4573 3697 633 0
 4524 3357 3833 1583 0
 3833 4524 4591 3357 0
 4718 3697 3582 3186 0
 2676 3662 3033 2780 0
 4591 4524 3833 3196 0
 2323 1705 2098 2685 0
 1410 2323 2698 3093 0
 3662 2780 2882 3033 0
 5246 4041 4240 3477 0
 2903 3169 2348 1932 0
 901 3477 5246 2758 0
 5246 901 4041 3477 0
 2692 2348 2903 3169 0
 2758 3477 5246 3493 0
 5206 3004 4122 3037 0
 5246 3477 4240 3493 0
 2028 706 701 3147 0
 4650 1683 1715 4651 0
 2395 4651 5037 4650 0
 4651 3317 4650 2395 0
 3317 4651 4650 1715 0
 4112 5084 851 853 0
 5084 851 3675 4112 0
 5303 4136 1210 4021 0
 4238 2972 3516 1475 0
 2936 1374 710 3287 0
 5319 4143 3291 868 0
 1492 3758 2029 3288 0
 3262 3588 4841 5225 0
 2698 2323 2814 3770 0
 1381 3076 4377 1680 0
 3897 2553 3076 4377 0
 3627 3770 2814 3231 0
 3231 1706 3770 2814 0
 2563 2506 2671 2704 0
 3770 2323 2814 1706 0
 2077 886 3232 3292 0
 2129 886 3292 3619 0
 2129 886 2077 3292 0
 2698 2814 3627 3770 0
 4702 2433 1283 3590 0
 4391 3419 5137 3028 0
 4205 3769 4537 3371 0
 4630 3810 4205 2923 0
 3221 3769 3371 4537 0
 2422 3591 2520 2179 0
 3591 3834 3352 2179 0
 3221 4803 3769 4537 0
 4391 5137 3419 3045 0
 4391 3641 3419 3028 0
 3184 94 3277 3520 0
 94 3520 108 3277 0
 4444 3419 4391 3641 0
 3694 2718 2995 5249 0
 3563 3310 809 807 0
 3310 4867 809 807 0
 3310 4867 807 4862 0
 1223 4526 3775 2014 0
 1223 3193 3530 3775 0
 3595 3606 3877 4741 0
 2265 3023 3877 2957 0
 3023 3877 2957 3595 0
 1223 3775 3530 3780 0
 3595 3877 2957 1773 0
 3595 3877 1773 4741 0
 1314 1213 2420 3299 0
 1172 3215 4976 1160 0
 1314 2420 1585 3299 0
 1223 3775 3780 2014 0
 1585 1236 2416 3299 0
 2416 1236 2698 3299 0
 3215 1160 4141 4976 0
 540 3242 1750 544 0
 1160 4141 4976 4987 0
 1172 4987 1160 4976 0
 3284 1213 1697 2009 0
 1671 5087 4013 865 0
 1033 4544 2847 2918 0
 887 1515 891 1269 0
 3153 1610 4040 4793 0
 4630 3361 1583 4205 0
 1757 5098 3597 3285 0
 3783 3285 3701 1494 0
 1757 5098 4049 3597 0
 4205 3361 3608 4803 0
 1757 3597 4049 3701 0
 2282 1618 1234 2459 0
 2684 2282 1234 2459 0
 1652 1354 2359 2393 0
 3519 4913 3492 3197 0
 5313 5158 3859 5265 0
 5284 3599 5308 1138 0
 5018 4372 1435 3677 0
 3100 1706 3123 2899 0
 3583 2699 1820 4570 0
 3308 1593 40 2266 0
 5086 4333 3431 627 0
 3431 627 5021 697 0
 4290 5086 3431 4151 0
 2191 2243 3255 2104 0
 2947 1706 3168 2307 0
 1265 1375 3054 2243 0
 1532 1375 3054 1265 0
 1265 2243 3054 3255 0
 1265 2620 3255 3054 0
 3076 2737 2208 3601 0
 3607 2915 4798 2991 0
 4937 1609 4270 1184 0
 3311 1859 3182 4494 0
 3244 2501 3561 3156 0
 1726 5184 3118 5089 0
 3126 446 461 462 0
 4356 446 461 3126 0
 3126 461 5316 462 0
 2868 3785 1160 3565 0
 5316 3126 4368 461 0
 3126 4356 4368 461 0
 470 3301 3602 2975 0
 1910 5064 5215 4727 0
 1910 5198 4727 5215 0
 529 1600 535 3312 0
 1015 2594 2519 3312 0
 1600 3312 1015 2519 0
 2022 1015 1600 3312 0
 2388 2594 1015 3312 0
 1600 2519 535 3312 0
 2388 1015 2022 3312 0
 2690 2388 2022 3312 0
 4859 5256 5179 4464 0
 2926 2573 4100 2118 0
 2926 2573 3096 4247 0
 3664 3089 3096 3099 0
 1237 1839 1325 1215 0
 1237 1839 2852 1325 0
 4117 4580 3595 2696 0
 3606 4330 3877 2977 0
 2977 2405 3606 4330 0
 3023 1865 3877 3595 0
 3240 3932 3118 5267 0
 2934 3690 1315 1776 0
 1315 2176 3690 2934 0
 2552 3048 438 3006 0
 3061 436 381 3229 0
 1216 173 3070 3053 0
 3053 3070 1216 3178 0
 381 4397 3229 436 0
 4397 3531 3386 436 0
 3623 436 3061 3229 0
 3623 436 3229 3386 0
 3284 2628 3610 1249 0
 4818 4028 3610 1249 0
 4731 5124 4223 4210 0
 4385 3192 3177 3611 0
 3611 1249 2081 2009 0
 4385 2264 3192 3611 0
 4019 930 4196 1013 0
 2703 2809 3104 1777 0
 3104 1777 2809 3632 0
 1060 5026 4149 1120 0
 1060 2024 4149 5026 0
 1060 2024 3327 4149 0
 4196 930 3848 1013 0
 4019 1013 4196 2735 0
 3566 4830 348 340 0
 3566 3534 4569 340 0
 2700 5010 2065 5139 0
 4196 1013 2810 2735 0
 3938 1914 3788 3498 0
 4196 1013 3848 2810 0
 1237 1325 3325 2257 0
 1237 1325 2852 3325 0
 3164 2883 3325 1355 0
 2257 1237 1334 3325 0
 1751 1355 2865 3325 0
 4277 1022 4788 2091 0
 1104 5183 3250 3789 0
 3981 3789 3416 2909 0
 1067 5183 1104 3789 0
 2091 1022 4788 4465 0
 4063 1022 4465 4788 0
 3974 816 818 3425 0
 4277 2916 4788 1022 0
 5297 3974 818 3425 0
 808 806 725 2886 0
 2886 702 806 725 0
 808 2886 725 727 0
 3326 3383 2248 1685 0
 2916 1022 4063 4788 0
 1683 4669 5211 3980 0
 5165 1683 5211 3980 0
 3980 991 5165 1683 0
 1751 4127 3658 1217 0
 4922 3620 1195 1201 0
 4846 4189 2799 4273 0
 4846 4189 4273 4037 0
 3150 2868 3686 3565 0
 2594 2690 2388 1507 0
 2388 3312 2690 2594 0
 4537 3221 4399 3371 0
 3622 5047 4589 2901 0
 3862 557 4181 5128 0
 562 2150 3543 558 0
 3543 2150 3172 558 0
 3321 3842 4275 2411 0
 3584 4104 4036 3531 0
 3321 2150 3514 3543 0
 3321 3546 3543 3514 0
 4500 4995 2123 4526 0
 2013 3043 2313 1842 0
 157 248 180 3537 0
 320 2132 2560 309 0
 2132 2446 2560 309 0
 2032 2123 3150 4526 0
 3782 4968 4885 4366 0
 4091 3023 2957 3595 0
 2032 4500 2123 4526 0
 3632 3624 2506 1018 0
 5297 5061 864 3425 0
 863 864 5297 5061 0
 5061 3430 864 3425 0
 5061 864 3430 2296 0
 3038 4794 3900 2818 0
 5301 5187 3518 3527 0
 2958 3333 4252 3940 0
 3940 1359 4252 2958 0
 1273 1359 4322 4775 0
 4173 4675 3314 5013 0
 4827 3375 4057 5206 0
 2698 3627 3093 3770 0
 3145 5249 2159 4271 0
 1158 3397 3165 3799 0
 4555 3397 3165 1158 0
 4804 1925 1873 3795 0
 2338 354 2823 377 0
 2823 3722 2884 377 0
 3799 3397 3361 1158 0
 2884 2338 2823 377 0
 3795 1925 1866 2069 0
 2823 3631 3722 377 0
 3730 4979 3888 3368 0
 377 2823 3631 354 0
 3791 3179 2870 2631 0
 1728 3395 4233 2838 0
 3395 4233 2838 3335 0
 3335 4233 2838 3856 0
 3629 1306 1567 2201 0
 3730 3368 3888 4498 0
 2767 2940 1945 3736 0
 1945 4098 2940 2767 0
 3730 5050 3368 4498 0
 2409 3337 5090 3784 0
 4290 3337 1413 4899 0
 2940 2767 4225 3736 0
 2940 2767 4098 4225 0
 3630 3476 3849 3113 0
 1390 3529 3866 2029 0
 1786 1348 3339 1582 0
 1786 2811 1586 3339 0
 3630 3113 3849 3732 0
 1085 5130 993 996 0
 1683 996 993 5130 0
 2573 2741 2118 2579 0
 1034 2847 939 1033 0
 1018 1777 2506 3632 0
 1777 3104 2506 3632 0
 4544 2847 1034 1033 0
 1705 2870 1407 2631 0
 3791 2870 1705 2631 0
 4155 3130 5045 5194 0
 575 4923 582 3616 0
 3411 5203 2530 2554 0
 1166 4803 1156 3954 0
 3009 4392 2943 4461 0
 3617 3954 4785 1156 0
 3009 1060 4461 2004 0
 4392 4066 4461 3009 0
 4461 4066 1060 3009 0
 3009 4461 2943 2004 0
 1683 992 5262 5130 0
 1683 5262 5102 2353 0
 3962 2191 3490 4863 0
 4650 1683 5262 5102 0
 1683 5130 5262 2353 0
 5035 1683 992 5262 0
 4238 1475 1477 4146 0
 1477 4146 1475 3515 0
 5035 1683 5262 4650 0
 3034 4034 2702 2980 0
 3676 1132 3799 2992 0
 3566 5326 4569 3534 0
 5215 5198 4561 5129 0
 3230 2623 4578 3326 0
 3679 4175 4806 4353 0
 1166 3954 4785 4731 0
 5198 5129 5215 3638 0
 2378 1219 2548 2342 0
 2378 2262 2548 1219 0
 549 3348 2121 2191 0
 3348 553 2191 549 0
 1374 2342 2911 2556 0
 2898 1219 2911 2616 0
 4898 3810 4150 4657 0
 1010 3685 3800 2686 0
 1329 1394 3349 4372 0
 3801 3800 3561 2961 0
 1010 927 2924 3685 0
 1010 3685 2924 3800 0
 3801 2924 3561 3800 0
 1023 3801 4701 1010 0
 1010 3800 3801 2686 0
 3126 3580 3747 4463 0
 1010 2924 3801 3800 0
 2971 2824 3737 1644 0
 3253 1927 5032 2369 0
 3572 3698 520 528 0
 2807 2952 2832 5327 0
 2832 2807 1400 2952 0
 3253 1927 4054 5032 0
 5032 1927 4054 3538 0
 3045 4451 4391 5111 0
 5137 3045 5040 4608 0
 1927 5032 4610 3538 0
 5032 4610 2369 1927 0
 3706 1549 3619 2129 0
 3566 3650 4830 4569 0
 2073 2770 1289 498 0
 3255 3067 2104 3054 0
 1711 4578 3751 3806 0
 1016 5336 1625 1626 0
 575 3842 3616 4275 0
 4660 4654 4120 2731 0
 4660 4654 5019 4120 0
 4040 3354 4213 3153 0
 575 4275 3616 4250 0
 575 3842 4923 3616 0
 3809 1866 2810 2069 0
 3809 2810 1866 3848 0
 4649 4192 4651 4659 0
 5043 356 379 3046 0
 1226 3067 2582 3255 0
 5179 3193 4391 5256 0
 5179 4391 3193 3045 0
 4334 758 844 839 0
 4451 4391 5179 3045 0
 2817 3645 1529 1530 0
 2817 2819 1529 3645 0
 5179 4391 3487 4464 0
 3645 3268 1529 1530 0
 5179 5256 4391 4464 0
 5179 4391 4451 3487 0
 418 4027 4575 374 0
 3235 4027 4575 418 0
 3580 4368 4463 3126 0
 2969 5126 2087 2872 0
 4235 3099 4931 3438 0
 2969 2872 2087 5184 0
 4196 4351 1925 3014 0
 4196 2735 2810 4351 0
 4196 2177 3482 1873 0
 4036 2103 412 3944 0
 2103 4036 412 3524 0
 3944 412 4036 3584 0
 873 5087 867 3704 0
 3704 5186 873 5087 0
 5278 682 4067 3695 0
 5278 682 3695 3470 0
 2759 3958 4976 3859 0
 1269 879 3311 1859 0
 3283 875 3311 879 0
 3283 879 3311 2407 0
 3311 2407 879 1269 0
 879 875 3311 1859 0
 2759 5140 3958 3859 0
 3710 4602 5183 4081 0
 577 4228 3078 3370 0
 951 5292 5145 949 0
 5276 2984 4284 4166 0
 820 4990 4284 4166 0
 4645 3728 666 663 0
 1362 1600 2022 1015 0
 3728 4645 2886 663 0
 3234 4122 4241 3525 0
 2512 3948 3128 2972 0
 2029 3376 3866 1390 0
 2829 3570 546 2490 0
 3014 4019 4309 5334 0
 3065 2573 3096 2926 0
 2208 2737 20 3601 0
 3538 4292 4110 1927 0
 4685 2929 2861 3964 0
 550 2829 1638 1556 0
 550 2829 546 1638 0
 2329 2929 4685 3964 0
 550 3570 546 2829 0
 2861 3760 4685 3964 0
 3655 3701 376 425 0
 4206 2627 3746 3972 0
 3659 3656 5030 5283 0
 5030 5283 4516 4590 0
 1537 3380 2684 1234 0
 5166 5308 4692 1106 0
 4692 1032 5166 1106 0
 1335 1219 2898 2023 0
 3164 2898 2023 1335 0
 3164 1334 2883 1335 0
 5277 4203 5180 658 0
 5025 3461 3504 3556 0
 1437 861 3657 2128 0
 3105 3461 5025 3556 0
 861 2111 3657 2128 0
 655 5180 4203 658 0
 4730 3582 4573 1414 0
 4573 1414 3582 3697 0
 3984 4465 4788 2501 0
 3690 510 3580 4463 0
 3747 3580 510 4463 0
 3984 2501 4788 3156 0
 2459 1618 1234 2318 0
 3010 2459 2318 1618 0
 3156 2501 4788 5023 0
 2256 1699 2318 1360 0
 4312 1900 2832 4567 0
 518 3747 510 4463 0
 4463 4159 3690 510 0
 4463 518 4159 510 0
 377 3722 427 3631 0
 3631 3722 427 3674 0
 5283 5030 3659 4590 0
 5157 4268 3501 3660 0
 5051 4231 1693 3660 0
 904 2398 4641 3422 0
 930 4551 4640 2398 0
 2501 4465 4788 4063 0
 1407 1842 3383 3038 0
 2210 2913 3038 3383 0
 3383 4616 3679 3326 0
 3326 1842 3383 1407 0
 4203 3968 652 650 0
 4274 2896 4029 3562 0
 5074 5138 4474 912 0
 926 4474 912 5074 0
 2501 4474 926 5074 0
 1851 3066 3663 1775 0
 1851 508 3663 3066 0
 1775 1851 1730 3663 0
 2501 5023 4474 5074 0
 2448 2078 3663 1214 0
 2448 3663 2078 508 0
 3664 2926 4523 3140 0
 2720 4158 4489 5132 0
 2926 4247 3096 3664 0
 2033 2926 3664 3140 0
 2033 2926 3096 3664 0
 2459 2318 3665 3010 0
 3665 2318 2459 2621 0
 4846 4273 2799 2752 0
 5074 5023 4474 5138 0
 2409 4177 3385 4121 0
 4434 3898 4359 2621 0
 2265 2884 2957 1770 0
 2957 2267 1770 2884 0
 4216 4590 2776 5030 0
 3363 1609 4937 1184 0
 436 481 3580 3652 0
 3821 2735 1013 1026 0
 3124 3623 3229 3573 0
 5256 3218 4391 4833 0
 4391 3218 1102 1113 0
 4602 4199 3821 3809 0
 4602 4014 3821 4199 0
 4391 4444 1102 3218 0
 4833 3218 4391 1113 0
 3683 4218 1062 2697 0
 3683 4218 4257 1062 0
 5256 4444 4391 3218 0
 2697 4218 1062 3890 0
 4921 4257 4218 1062 0
 4021 4136 3513 5303 0
 2534 3558 3948 3392 0
 1063 1102 5050 3973 0
 3896 4112 3822 4847 0
 2114 3828 2816 1833 0
 4248 3828 4739 2816 0
 3621 3828 2114 1833 0
 4403 3828 4398 3621 0
 5069 3828 4398 4403 0
 5069 3828 4739 4248 0
 4377 2208 5306 4906 0
 1728 607 3395 2948 0
 670 3728 2886 663 0
 4224 3437 3602 2975 0
 4224 3825 3947 3602 0
 808 3728 2886 727 0
 3234 4122 3525 4376 0
 2116 1325 2822 3658 0
 4262 4405 1012 3649 0
 3947 4224 3602 4999 0
 4999 4224 3602 2975 0
 3658 2822 2116 3127 0
 4224 3825 3602 3437 0
 4183 5298 2984 1366 0
 2989 2100 4332 5183 0
 1366 4183 3289 2984 0
 1395 2984 4183 5298 0
 4332 4748 5183 2100 0
 3399 1551 2162 2233 0
 4183 3289 2984 1395 0
 3289 1366 2984 5276 0
 3399 4305 4145 2657 0
 4405 4488 1012 3649 0
 2991 3401 3993 3460 0
 2991 5031 3401 3460 0
 4597 3696 4022 3119 0
 1025 4347 1012 4405 0
 4347 4488 1012 4405 0
 2409 3385 5090 3337 0
 2880 1682 1489 4527 0
 1025 4405 1012 4262 0
 4527 2880 3830 1489 0
 3789 4759 2909 3918 0
 1665 800 5327 2832 0
 4613 4968 1307 3131 0
 4869 2107 3012 3021 0
 4869 2107 3914 3012 0
 4944 4678 2107 4869 0
 4618 3227 3407 3814 0
 2977 3407 4330 3857 0
 5327 2952 2832 4476 0
 4869 4678 2107 3021 0
 4944 2107 3914 4869 0
 5288 3674 424 3301 0
 3409 4083 2424 4276 0
 4312 3831 4165 5275 0
 4591 3833 4030 1782 0
 483 1759 496 482 0
 711 2625 4090 3214 0
 4030 3833 4591 1109 0
 1446 4228 2625 3214 0
 1759 483 496 4631 0
 3214 2625 4090 4228 0
 4382 3833 4591 3357 0
 482 496 5096 1759 0
 1657 3412 1261 1798 0
 4591 3833 1782 3196 0
 2823 354 346 3536 0
 496 1759 4631 5096 0
 2338 346 2823 354 0
 557 4389 3835 4181 0
 354 3536 2823 3631 0
 2922 4111 4431 2934 0
 4467 5244 1412 1319 0
 4882 5202 4463 4368 0
 4431 4882 5202 4463 0
 2034 2397 4174 3373 0
 2745 2034 4174 3373 0
 561 4670 3766 2944 0
 561 3766 4389 2944 0
 5150 1656 3924 4053 0
 5150 1656 1624 3924 0
 4798 3607 839 2915 0
 3760 5151 3964 3233 0
 5151 3760 3964 4685 0
 2927 3044 3404 4415 0
 4264 3114 2221 902 0
 4264 5142 3114 914 0
 746 4593 2889 708 0
 4593 2889 3182 746 0
 3421 2548 2616 2342 0
 3837 4053 3646 4974 0
 3840 5242 4787 5259 0
 1517 4006 3615 2225 0
 3513 4136 346 3536 0
 5110 1822 4811 2336 0
 3841 2826 4045 2336 0
 1822 4811 2336 1847 0
 3202 5301 5300 3527 0
 2336 2826 5110 1822 0
 3102 1664 1863 2793 0
 3125 3283 875 3044 0
 1822 2826 3841 2336 0
 1590 372 1210 2798 0
 3125 3283 3044 4415 0
 5327 3841 2336 1822 0
 2995 372 2798 1210 0
 2995 384 372 1210 0
 3953 2948 4140 574 0
 4490 3843 5199 4314 0
 3953 2817 1529 4140 0
 1728 4619 2817 3266 0
 2948 3953 4140 2817 0
 3489 1243 3083 1307 0
 689 4490 693 686 0
 2480 1295 82 5341 0
 3688 2872 5126 2969 0
 4382 1109 4478 1098 0
 3809 3848 3265 4199 0
 1258 2771 1204 1567 0
 1258 2824 2771 1567 0
 3683 2937 4218 2697 0
 3683 2937 4257 4218 0
 4602 4199 3809 3265 0
 1098 4591 4382 1109 0
 4043 853 4112 856 0
 3191 2613 533 537 0
 3191 537 2253 2613 0
 2086 2173 3191 1760 0
 3191 537 2029 2253 0
 4043 853 856 859 0
 4043 860 853 859 0
 1276 2732 2481 1391 0
 1098 1109 4996 4591 0
 2393 2732 4442 2481 0
 1276 2764 2732 1391 0
 2967 4254 4047 2710 0
 2876 3145 2144 2102 0
 3152 2144 1978 2876 0
 2144 2876 3152 3145 0
 4354 4767 3851 4521 0
 2656 3793 2669 4286 0
 3532 332 326 2614 0
 4354 3851 4767 1996 0
 4569 1294 332 2614 0
 326 2614 1294 1384 0
 4891 4047 2967 4254 0
 3055 4097 3634 845 0
 2695 4097 3055 845 0
 2839 2114 2816 1833 0
 4641 2967 4047 2710 0
 2114 2816 3282 2839 0
 3691 1884 350 358 0
 1505 3691 350 358 0
 2909 3414 4335 4759 0
 2900 2114 3282 2839 0
 3852 3635 4648 5302 0
 3559 5249 5260 324 0
 3472 5249 3559 324 0
 3692 4172 4349 1431 0
 3559 5260 328 324 0
 3707 2895 2485 3581 0
 3438 1323 2661 4230 0
 3707 5332 2485 2895 0
 3438 4331 2945 3752 0
 5171 4331 3438 3752 0
 2485 3707 3581 3435 0
 4770 5038 3852 5302 0
 3707 2056 3435 2485 0
 3707 2056 2485 5332 0
 407 397 3670 4110 0
 407 397 4110 4370 0
 3910 3853 3713 1950 0
 3853 4630 3713 4073 0
 3676 2992 3713 3853 0
 1950 3853 3713 4073 0
 4823 5150 4293 3837 0
 991 1086 1001 995 0
 3656 5328 3698 4516 0
 991 3980 1083 1086 0
 2858 3227 3185 3827 0
 1779 3702 3185 3827 0
 2992 4630 3713 3853 0
 3910 3676 3713 3853 0
 3202 5187 3437 5301 0
 3000 4351 1925 4523 0
 4369 4792 2069 4523 0
 4792 3000 1925 4523 0
 4245 823 4046 822 0
 4144 4245 822 823 0
 4007 3441 3082 1769 0
 4515 3441 1650 3082 0
 5207 4245 823 825 0
 4144 5207 4245 823 0
 2337 2049 3277 4084 0
 2337 4986 4084 3466 0
 3277 2337 4084 3466 0
 4220 2991 831 4955 0
 3444 4424 2668 2666 0
 3445 5337 2130 2652 0
 5327 2336 1847 1822 0
 5327 4045 2336 3841 0
 3372 855 858 3920 0
 5137 4218 2937 3476 0
 3976 2823 5205 2097 0
 2823 4513 5205 2097 0
 2097 4227 4755 2823 0
 4755 3976 2097 2823 0
 2097 4513 4227 2823 0
 4227 4513 5288 2823 0
 3705 1217 2116 4127 0
 3700 5142 3365 4167 0
 4286 4680 1168 3967 0
 3613 3493 4062 3394 0
 4484 5024 2699 2083 0
 2758 3493 3613 3394 0
 2699 5024 4484 4570 0
 2824 2201 1644 1567 0
 3394 2758 4340 3613 0
 2824 2201 3737 1644 0
 1567 2201 1644 3629 0
 3264 3390 4178 4854 0
 4507 2467 4416 2381 0
 1995 4507 4416 2381 0
 125 2381 1995 2784 0
 4178 4854 3390 3576 0
 3454 2915 839 3607 0
 3694 2718 360 2995 0
 2718 361 360 2995 0
 4271 3694 4118 2995 0
 2692 4027 3169 3455 0
 3007 2784 1995 1602 0
 1708 3708 3881 3687 0
 4957 4236 4399 3808 0
 5168 1063 3358 3216 0
 4856 3808 4831 4236 0
 4444 5238 5168 3358 0
 3460 4108 2915 3512 0
 2991 2915 4798 3460 0
 3461 3556 5070 5073 0
 4444 5168 1063 3358 0
 5168 3216 3358 5238 0
 1252 59 3462 2447 0
 1252 3462 3587 63 0
 3645 2742 2411 1528 0
 3268 2742 2411 3645 0
 4953 1201 4236 3620 0
 4858 3464 3504 4617 0
 3415 1114 4253 5265 0
 1414 4894 4730 3465 0
 4953 3620 4922 1201 0
 3277 3463 2337 3466 0
 1446 2825 4228 1445 0
 1445 3971 3088 2825 0
 1445 1446 2825 3378 0
 3868 912 2319 5024 0
 1445 4228 3971 2825 0
 2858 3185 2563 3711 0
 2563 1666 3263 3711 0
 2858 3711 2563 3263 0
 2563 2075 1666 3711 0
 1009 926 3583 5074 0
 3711 3185 2563 2075 0
 401 412 392 3944 0
 1098 3092 1020 3357 0
 4516 4742 3572 5228 0
 4201 2144 2102 2846 0
 4216 4742 5228 2340 0
 2102 2144 2876 2846 0
 2876 2846 2144 2999 0
 3330 2413 1426 4352 0
 3873 4891 3710 3005 0
 4651 1683 991 995 0
 1683 3980 991 995 0
 3873 2967 4891 4047 0
 2602 3542 4802 2944 0
 3766 4919 587 4378 0
 4891 2967 3873 5209 0
 2062 3656 512 5228 0
 3873 4891 3005 4047 0
 2994 3877 3857 3217 0
 3873 5075 4602 5209 0
 3357 1098 4497 1020 0
 3357 1996 3092 1020 0
 799 2832 797 3874 0
 2832 4004 799 797 0
 1020 4497 3357 1996 0
 4067 679 673 3695 0
 1591 2548 3421 1675 0
 5184 4109 5089 4517 0
 3473 1217 3705 4127 0
 2413 4352 3330 3903 0
 3534 4569 2614 5326 0
 2243 2538 1589 2104 0
 2191 2538 2243 2104 0
 5184 5089 4530 4517 0
 3688 5267 5184 4517 0
 361 2995 2718 5303 0
 384 1210 2995 5303 0
 2751 3994 3720 3917 0
 2751 3255 3720 1218 0
 5184 5267 4109 4517 0
 512 2340 2062 5228 0
 4071 3823 3726 3440 0
 4284 4350 3880 817 0
 3688 5184 4530 4517 0
 2750 3917 3720 3994 0
 3721 5305 2034 2614 0
 4570 4753 4484 4073 0
 4570 5024 4484 1928 0
 1302 4466 2337 3450 0
 4466 3277 2337 3450 0
 2819 1468 3022 3645 0
 3645 1468 3022 1528 0
 4600 4464 5179 3579 0
 3579 3487 5179 4451 0
 3366 4531 1490 3882 0
 1916 2232 3882 3439 0
 1846 4727 1408 1910 0
 5061 5216 5320 2908 0
 857 2950 4989 3479 0
 3479 4989 1291 2950 0
 4176 1032 3402 4692 0
 5166 1032 4692 3402 0
 1032 4262 4176 3402 0
 5166 4262 3402 4405 0
 3726 1877 2865 2862 0
 2748 3726 2862 1877 0
 3581 3171 4967 3786 0
 3113 1889 1709 1238 0
 1238 3113 1889 2789 0
 3358 3216 4751 4519 0
 3358 4519 3730 2738 0
 3360 3115 3886 1892 0
 3358 5050 3730 4519 0
 2991 4960 765 831 0
 3358 4519 2738 4891 0
 3437 530 5187 2703 0
 3358 4891 3216 4519 0
 2622 4369 1866 3809 0
 2855 4369 1866 2622 0
 3358 4751 5050 4519 0
 2855 3795 1866 2069 0
 2069 1866 2855 4369 0
 3518 530 5187 3437 0
 4937 1184 4270 2968 0
 3809 4369 1866 2069 0
 2644 4937 4270 2968 0
 2375 4386 3894 3959 0
 2647 4386 5020 2375 0
 1804 1681 2741 3482 0
 2118 3881 4804 3482 0
 4518 2940 4942 4783 0
 2940 3205 4942 4783 0
 1978 3377 1299 3152 0
 4518 4942 3262 4783 0
 3750 1847 1822 851 0
 4783 4942 3262 3205 0
 3187 4816 4143 4734 0
 2706 4734 868 4973 0
 4942 5136 3262 3205 0
 4757 762 829 4360 0
 4695 4032 4587 4375 0
 3034 2702 2873 2980 0
 5050 1102 4343 3973 0
 1228 3778 2836 3521 0
 868 3187 4683 5319 0
 4520 3002 2337 4986 0
 3587 63 3484 2227 0
 4466 3447 2227 4468 0
 868 4734 2706 3187 0
 582 4250 575 3616 0
 582 4089 4250 3616 0
 582 4089 3616 4894 0
 868 3187 2706 4683 0
 1865 2994 2858 2999 0
 5319 3187 4143 868 0
 3187 4734 4143 868 0
 3410 4018 3855 3605 0
 1260 3486 2534 2512 0
 3855 4909 3888 4018 0
 1260 3486 2970 2534 0
 3605 4018 3855 3888 0
 3855 3643 4909 4018 0
 3410 3643 3855 4018 0
 3241 1389 4360 4956 0
 3530 3780 5238 4081 0
 4903 4956 4360 3080 0
 4719 4998 709 4757 0
 4757 5251 709 3080 0
 591 4412 583 4917 0
 591 3148 4412 4917 0
 4412 3509 3101 3148 0
 3070 3490 4884 545 0
 1166 3954 1156 4785 0
 4785 2768 1156 4408 0
 4233 3503 2117 5031 0
 4962 4233 2117 5031 0
 1166 4785 1156 4408 0
 2838 3503 4893 4291 0
 4291 1542 3428 5049 0
 3205 3900 3736 3637 0
 3900 3736 3637 1961 0
 5094 921 932 3351 0
 3049 2971 1622 3737 0
 2824 4355 1622 3737 0
 5094 3351 932 4176 0
 4176 3586 932 5094 0
 3469 4849 3893 3926 0
 3275 4437 2707 3494 0
 4876 4279 1089 1087 0
 1683 4279 997 1000 0
 5153 4279 4876 3980 0
 1683 4279 5153 3980 0
 3893 4112 4849 3822 0
 1319 3443 5147 3593 0
 3438 4230 2661 3752 0
 3443 3893 3593 3469 0
 3443 4847 3896 3822 0
 3443 5147 3893 3822 0
 926 912 3868 5074 0
 2394 3496 1732 2707 0
 2394 1943 1265 3496 0
 3496 1943 1265 3486 0
 3937 3927 2503 5096 0
 3486 1265 3496 3807 0
 4588 4071 2748 1877 0
 4845 2874 4243 3342 0
 3896 1678 1412 5219 0
 3132 2007 1710 3019 0
 2723 756 3500 763 0
 4283 3978 5270 3593 0
 4283 3593 1319 5112 0
 3132 4896 1710 2007 0
 1763 1321 2293 1421 0
 3109 1763 1321 2293 0
 2409 4736 3899 3951 0
 2409 4736 3385 4177 0
 3083 4613 4126 2723 0
 1321 2293 4288 3109 0
 4499 2053 4737 2864 0
 822 2618 4046 4245 0
 4245 4144 822 2618 0
 4279 1004 997 1000 0
 3401 2117 3503 5031 0
 4740 2214 3773 3902 0
 3922 5073 3504 5218 0
 3556 3922 5073 3504 0
 4279 1004 1089 997 0
 2117 5031 3401 2991 0
 4524 4740 2500 3902 0
 4499 2674 4263 4737 0
 5263 3406 1008 925 0
 4178 3406 1008 5263 0
 2917 3745 1684 5064 0
 3745 5064 2917 2632 0
 4303 3095 4260 3103 0
 3397 5314 3165 3799 0
 3514 2150 588 3281 0
 1147 4556 1159 5011 0
 1498 2835 1499 3101 0
 1147 3420 4556 5011 0
 3101 1499 3544 3865 0
 3148 4487 3625 3509 0
 3460 3512 2915 4798 0
 4303 3639 4260 3095 0
 3556 3139 3105 3511 0
 3461 3511 3556 3105 0
 5288 4946 3367 4024 0
 3139 3511 2996 3105 0
 4999 4024 3367 4946 0
 2996 3521 3511 3139 0
 3827 3166 3711 2994 0
 4227 3367 5288 4946 0
 3827 2075 3711 3166 0
 2602 1477 3740 3515 0
 3788 1914 3898 4585 0
 2150 595 3281 3516 0
 1218 1453 3515 4016 0
 3128 2972 603 3516 0
 2228 4568 4431 5289 0
 2996 3778 1228 3521 0
 2892 3506 3022 4378 0
 3388 2847 2918 2775 0
 1467 3522 4179 3692 0
 3961 3842 3321 2411 0
 3546 3321 567 4275 0
 392 3944 412 406 0
 412 406 3944 2103 0
 3040 3882 4852 3366 0
 406 2103 2760 3884 0
 3752 3364 2945 4087 0
 1570 2083 4469 1257 0
 2083 1257 1570 2202 0
 2202 2083 1257 1958 0
 3752 4230 2661 4419 0
 2723 756 3633 3500 0
 4504 347 3972 4797 0
 4504 5058 3972 347 0
 4852 3366 4531 3310 0
 4852 3882 4531 3366 0
 406 2103 3884 3944 0
 5144 3747 526 518 0
 3731 5081 836 840 0
 1218 3994 3275 3528 0
 3944 3884 406 392 0
 3668 3528 3994 1218 0
 3731 4258 836 5081 0
 4788 2501 4063 5023 0
 5023 4063 4788 4935 0
 3907 4704 3253 4536 0
 4536 5220 2126 3946 0
 4060 3769 2799 3221 0
 1158 4916 4153 1146 0
 4060 4916 3620 4189 0
 3947 5139 4051 522 0
 3073 1708 1873 1862 0
 5003 2759 4976 3226 0
 1926 1601 1971 2005 0
 3481 869 3704 872 0
 3704 869 867 872 0
 5003 2759 3568 4976 0
 5003 4303 4976 3639 0
 5003 4303 3226 4976 0
 1028 937 4302 5192 0
 1414 4573 5008 3653 0
 5003 4976 3568 3639 0
 1414 3465 4730 3582 0
 2614 364 5305 3532 0
 3582 1414 4858 3697 0
 576 3763 4039 3151 0
 559 3763 3101 564 0
 153 4636 239 1904 0
 5178 3764 3210 5268 0
 1100 3910 2916 1950 0
 4101 506 4051 4999 0
 4311 4260 3103 4303 0
 5143 4670 561 2944 0
 3447 4466 3463 4468 0
 4982 566 3766 4670 0
 3197 4972 3767 837 0
 5127 755 761 3767 0
 2700 506 3367 4999 0
 4986 4468 3463 2337 0
 3463 4986 2337 3466 0
 1190 4419 1182 3959 0
 3294 3676 4810 3910 0
 3907 1865 3023 4580 0
 3778 5077 840 3768 0
 4277 3910 4788 2916 0
 3778 766 760 3768 0
 2946 4796 2904 2402 0
 4667 4641 3005 4963 0
 4796 2740 2402 2946 0
 4667 4641 4963 2680 0
 4641 4667 4300 2680 0
 2904 4796 2946 5124 0
 3542 3862 2602 4802 0
 3005 5075 4641 4667 0
 4641 4667 5075 4551 0
 4300 4667 4641 4551 0
 3970 4329 3725 3415 0
 3415 4752 3725 3970 0
 3542 4670 2892 3545 0
 3100 1706 3770 3231 0
 1706 2323 3296 3770 0
 2899 3296 3770 1706 0
 3546 2411 3321 4275 0
 2899 1706 3770 3100 0
 5202 465 5289 486 0
 2815 1778 3106 534 0
 3504 5073 3556 3461 0
 5202 461 465 486 0
 2117 4441 3856 3547 0
 2297 4441 3805 3547 0
 5212 3742 416 432 0
 3918 4011 3648 4667 0
 2103 432 3742 5212 0
 1067 4335 1026 3918 0
 3922 3504 3582 5274 0
 432 2103 5044 5212 0
 3772 3127 2116 4318 0
 3772 3127 599 611 0
 3127 3772 4127 611 0
 3772 2116 3127 4127 0
 1609 4426 3802 4270 0
 3106 1778 526 534 0
 3918 4623 4667 3408 0
 526 3106 534 4042 0
 441 432 5044 5212 0
 1904 3551 3537 239 0
 1904 2593 3551 239 0
 3918 4335 4623 3408 0
 3552 3729 4980 1932 0
 4759 3789 3111 3648 0
 4759 3918 3789 3648 0
 2228 5108 3919 454 0
 1629 1871 1393 3773 0
 1871 3225 1393 3773 0
 2228 2086 3919 5108 0
 2335 42 2347 1949 0
 3116 3919 1759 2228 0
 2228 2086 3116 3919 0
 535 2075 527 3827 0
 3827 3702 527 535 0
 2563 519 527 3555 0
 1629 1871 1700 2591 0
 1313 1329 3774 3786 0
 2376 3372 3920 855 0
 3139 3556 5245 5057 0
 3780 3775 3732 2014 0
 3780 3775 4148 3732 0
 4679 1196 4647 1188 0
 3924 1656 4287 5121 0
 2534 3948 2512 3392 0
 3924 1656 5121 4053 0
 3938 1914 2897 3788 0
 1202 4424 4843 1196 0
 4843 1202 4428 4424 0
 4048 3187 2535 4758 0
 4048 4482 3187 4758 0
 4873 2897 5210 3788 0
 5065 4873 5210 3788 0
 5046 3908 4274 3562 0
 3908 5109 3562 5046 0
 3244 2501 3156 5023 0
 2973 1975 3562 2896 0
 3349 4372 1435 3776 0
 1435 4372 3039 3776 0
 5256 4056 3218 4833 0
 4859 4056 5256 4833 0
 1186 3362 1194 4493 0
 2635 2785 2224 1375 0
 3785 1172 3628 3063 0
 2623 3347 4116 478 0
 4208 1211 4975 3777 0
 4574 3651 3644 3857 0
 3857 3777 3217 4574 0
 1172 3063 3785 5167 0
 3937 492 468 489 0
 3937 492 5096 471 0
 3847 3347 478 4116 0
 4333 1413 1503 3717 0
 3469 4735 3926 3749 0
 4650 1715 1683 5102 0
 3469 3926 3893 855 0
 4650 1715 5102 980 0
 3893 855 3926 4043 0
 3993 3401 5028 3460 0
 2915 3993 2297 1951 0
 3993 2915 3460 4226 0
 1706 2323 2253 2803 0
 1223 2014 3780 3207 0
 4081 3780 3089 3207 0
 2323 2910 2253 2800 0
 2490 546 2036 3570 0
 3010 1557 2427 2256 0
 3781 2499 2894 4198 0
 4198 3031 3781 2902 0
 3148 5345 598 3571 0
 2750 619 3917 3994 0
 2750 613 619 3994 0
 2914 1212 3437 3977 0
 3977 1212 2975 460 0
 3977 1212 3437 2975 0
 3934 4317 4887 2728 0
 4887 4317 4638 2728 0
 3931 1415 3794 1510 0
 5000 1415 4665 3794 0
 1074 1079 1076 4698 0
 3937 492 1361 3927 0
 4017 3927 1361 4952 0
 3935 2074 1292 4288 0
 1896 3938 4058 3737 0
 3423 2947 3100 3231 0
 1361 492 4952 3927 0
 4058 3938 3049 3737 0
 4058 3938 3498 3049 0
 3677 2702 4695 4032 0
 3420 5314 4210 3569 0
 4211 4325 2708 1138 0
 3150 1181 2660 1189 0
 4555 3165 5314 3420 0
 3420 3165 5314 3569 0
 5212 3305 2760 2850 0
 3014 5334 3790 2118 0
 2636 3790 3000 1541 0
 3014 3790 3000 2118 0
 3171 3860 5022 3707 0
 5060 1815 4977 4959 0
 4497 1098 4364 3992 0
 2940 3650 4830 4942 0
 3303 3440 4071 1877 0
 4830 3566 4942 3650 0
 4886 4888 2768 3929 0
 1020 1996 3930 1007 0
 1996 3474 3930 924 0
 1859 4494 3311 1675 0
 3474 5247 4321 4881 0
 1129 1094 4211 4325 0
 4900 3930 5159 4781 0
 4321 5247 4266 4881 0
 5125 4608 3775 3901 0
 52 59 3587 1252 0
 52 3587 2227 1252 0
 52 3587 3484 2227 0
 1602 35 1747 3007 0
 3007 1948 35 1747 0
 3007 35 1948 32 0
 1948 1284 32 35 0
 1473 4005 1751 3589 0
 4146 1218 2602 3928 0
 2618 822 4046 3673 0
 3928 1218 2602 4181 0
 2934 3690 4882 4159 0
 3843 4046 5199 3673 0
 2563 3555 527 3185 0
 3673 4046 5199 822 0
 4940 2230 3796 3237 0
 2508 4940 3796 3237 0
 2508 3796 4937 3237 0
 4937 3802 3796 2508 0
 2635 2785 1375 1532 0
 4759 3918 4667 3408 0
 1010 4701 2686 3801 0
 5269 343 3169 351 0
 3939 2735 1026 1067 0
 4208 2778 3594 1832 0
 4865 4208 4799 4129 0
 4208 1832 3594 3166 0
 3939 3161 2735 1067 0
 1211 3783 3212 3594 0
 3473 1751 1217 4127 0
 3939 1026 4014 1067 0
 4340 896 899 5246 0
 4340 4550 3613 5246 0
 2859 1067 3709 3939 0
 3709 3161 3939 1067 0
 2698 2814 2323 3299 0
 2061 1563 3076 1381 0
 2737 2061 1563 3076 0
 931 4342 5203 4061 0
 5203 1014 4342 931 0
 1954 2553 4377 1381 0
 2553 3076 4377 1381 0
 3798 1705 2458 2685 0
 2390 5002 3359 3286 0
 3771 2735 1013 4019 0
 3972 2627 3798 4207 0
 3359 3286 5002 4747 0
 2621 2332 3380 2971 0
 4391 1063 3641 3028 0
 4444 3641 4391 1063 0
 2820 2971 2621 3380 0
 4391 4444 1063 1102 0
 1163 1173 5284 2837 0
 4160 811 810 1916 0
 3428 1538 1459 4893 0
 4160 811 5095 810 0
 5049 4893 1538 3428 0
 4765 3746 4206 4965 0
 4206 3972 3746 4765 0
 2126 4704 3946 455 0
 3689 4054 3946 4704 0
 4536 3946 2126 4704 0
 3946 4704 4054 455 0
 4536 3689 3946 4704 0
 2984 4350 2955 3880 0
 4946 4091 2975 4024 0
 5010 2975 4946 4091 0
 4350 2955 3880 815 0
 3784 578 5185 4290 0
 2375 4866 3959 3894 0
 2694 1541 3090 3453 0
 3749 850 3926 4076 0
 5086 578 3784 4290 0
 2926 1541 3090 2694 0
 2033 2926 3090 2694 0
 3784 573 5185 578 0
 5086 573 3784 578 0
 3926 850 853 4076 0
 2646 3647 4406 4956 0
 1261 2933 2125 2763 0
 2933 1261 1943 3603 0
 3603 1261 1943 2856 0
 1261 2933 2763 3603 0
 3775 3399 3901 2014 0
 3399 4361 3775 5125 0
 5301 490 2975 1212 0
 3604 2996 3448 3139 0
 3968 650 4203 648 0
 3952 3310 3563 807 0
 3073 1862 1866 2622 0
 3265 3073 1866 2622 0
 2622 3265 4602 3809 0
 3716 4272 5107 4438 0
 3812 2575 2259 2882 0
 2091 4465 4788 3984 0
 3456 4942 410 3262 0
 4518 4942 3456 3262 0
 3712 4354 3357 4835 0
 1770 4123 1773 3877 0
 4835 4354 3357 4497 0
 505 3651 3644 4574 0
 3644 3877 1773 4123 0
 1996 4497 3357 4354 0
 2739 861 2128 3813 0
 3813 861 3425 2739 0
 4518 3262 3456 3588 0
 3712 1996 3357 4354 0
 3164 1334 1237 3325 0
 3164 1335 2883 2898 0
 3164 1334 3325 2883 0
 3456 410 3588 3262 0
 3229 2103 4036 3944 0
 3691 3884 2850 3944 0
 1252 3462 59 3587 0
 5323 1630 2778 4208 0
 1507 3612 3701 3783 0
 5323 1630 2670 2778 0
 358 3229 3061 381 0
 3122 3612 3451 1507 0
 3122 3612 4865 2462 0
 1637 2670 1630 2778 0
 4225 1961 3637 3736 0
 358 4397 3584 3229 0
 4628 3617 4460 3608 0
 4628 3617 4886 4460 0
 3810 2992 4150 4657 0
 3691 3108 1884 358 0
 3722 3367 477 3674 0
 3615 4128 4680 2225 0
 2130 4680 3615 1059 0
 2992 4657 3810 4506 0
 2267 3367 477 3722 0
 3249 5313 1149 1161 0
 3249 3251 1149 5313 0
 2885 4275 3616 2411 0
 991 995 3980 1086 0
 3980 4876 1086 995 0
 4923 3842 604 3616 0
 1635 3713 1583 4073 0
 3260 4015 2679 4909 0
 4676 5029 3618 4780 0
 1151 1129 4211 1138 0
 1151 2040 1138 4211 0
 1129 4325 4211 1138 0
 3957 18 2499 2902 0
 3957 4842 5210 2499 0
 4198 2902 2499 18 0
 1711 3806 3751 2465 0
 3422 4551 4086 916 0
 3706 3619 890 2129 0
 4086 3265 3422 916 0
 3816 4590 4216 4516 0
 3816 3624 2506 3632 0
 4086 4551 930 916 0
 2506 3816 4201 3030 0
 4086 3265 916 930 0
 1711 3806 2465 2766 0
 2875 3085 1624 4287 0
 3646 3924 1624 3085 0
 1624 3924 4287 3085 0
 792 2867 793 742 0
 4886 4010 4888 3929 0
 1779 3227 3814 3827 0
 3814 3227 3857 3827 0
 1910 4678 1379 5189 0
 5189 4678 1379 5036 0
 1379 4678 4944 4869 0
 3148 598 591 3625 0
 3148 3625 4412 3509 0
 1379 4678 4869 5036 0
 3913 4678 1379 1910 0
 1379 4678 3913 4944 0
 2969 3596 4530 5184 0
 4601 3049 5066 4434 0
 5242 774 804 3678 0
 4601 4434 5066 1444 0
 3830 2880 2071 1489 0
 723 4604 774 5259 0
 1951 1469 3105 1274 0
 4093 2887 1311 4745 0
 4093 2887 4745 509 0
 4745 3892 4093 509 0
 526 3106 4042 5144 0
 5144 4042 526 3747 0
 2644 2667 4426 3802 0
 3793 2656 2669 4149 0
 916 4551 930 2398 0
 3101 1498 3544 1499 0
 3754 1374 2638 843 0
 3865 4090 3148 3509 0
 843 3754 1374 876 0
 3865 4090 1499 3078 0
 2723 3633 2638 3500 0
 3996 2737 3824 1890 0
 1567 1306 2364 2201 0
 569 3951 573 5213 0
 2554 2608 3418 4211 0
 4255 573 569 3951 0
 1104 3789 2909 1067 0
 2375 4331 3959 4866 0
 1104 3789 3981 2909 0
 3968 652 4373 4203 0
 3790 3826 3000 1541 0
 1844 2359 3424 4130 0
 3826 2654 4351 1541 0
 1116 3418 1137 4211 0
 3832 3850 4674 3223 0
 3508 3829 5101 3553 0
 3829 2613 3508 509 0
 4591 3270 4394 3196 0
 4377 2208 3897 5306 0
 5306 4377 3955 3897 0
 3968 4373 652 657 0
 5125 4988 4606 4541 0
 4463 3747 5144 518 0
 4159 4463 5144 518 0
 2983 4240 3495 5246 0
 3894 1202 1198 4428 0
 3148 3571 598 3625 0
 4428 4386 1198 3894 0
 1038 3468 1036 4544 0
 1038 3309 3468 4544 0
 1038 3309 4544 2358 0
 3373 2397 350 1884 0
 3373 1884 350 3691 0
 3468 4544 3309 2847 0
 1505 3373 350 3691 0
 929 915 3586 3787 0
 3063 1172 2551 1162 0
 2935 3969 2833 860 0
 3461 3105 4435 5048 0
 3314 5013 2806 4173 0
 3526 3040 860 3969 0
 3526 860 2833 3969 0
 1126 5287 1110 1092 0
 3264 1110 5287 1092 0
 3970 3368 3480 5050 0
 3415 5265 3970 3368 0
 3616 4275 3842 2411 0
 4923 596 604 3842 0
 4751 3672 3236 4519 0
 3844 1282 2102 1558 0
 1282 3844 3145 3228 0
 3145 1282 2102 3844 0
 3859 3599 5208 5265 0
 5265 5166 3599 5208 0
 3846 1847 3750 851 0
 868 4734 2908 4973 0
 3954 1156 3617 4831 0
 3439 809 2232 4531 0
 4330 2977 3857 3877 0
 3563 4531 809 3310 0
 3857 2977 3644 3877 0
 3617 3954 4831 3608 0
 3563 2232 809 4531 0
 4531 4867 809 3310 0
 4531 3439 809 4867 0
 328 5260 3559 5311 0
 3608 3954 4831 4803 0
 2974 1221 3081 3849 0
 3617 1156 1144 4831 0
 3954 1156 4831 4803 0
 4292 417 4370 4110 0
 4956 3647 4998 4102 0
 4292 455 4370 417 0
 3148 572 3865 568 0
 995 4279 4876 1087 0
 1683 4279 995 997 0
 995 3980 4876 4279 0
 1683 3980 995 4279 0
 4096 4265 3098 4890 0
 3397 5314 3361 4731 0
 1253 2953 3658 4035 0
 3658 4035 3325 1253 0
 2852 3325 2862 1237 0
 1473 3589 1751 1449 0
 1217 1751 2865 3325 0
 1325 2257 3072 2015 0
 2015 2257 3072 1555 0
 3963 3956 3475 375 0
 3963 3475 420 375 0
 3799 5314 3361 3397 0
 4306 3502 948 945 0
 5124 5314 4731 3361 0
 4089 3653 1531 1414 0
 948 3293 4306 5161 0
 4547 900 912 5138 0
 4474 912 5138 4547 0
 4342 4061 931 3247 0
 4086 4551 4766 930 0
 3468 2847 940 939 0
 4086 3265 930 4766 0
 1939 2650 12 3858 0
 2552 438 450 463 0
 2359 3858 3424 4130 0
 4518 3262 4841 4783 0
 2650 3858 2359 4130 0
 1104 1115 3981 3250 0
 1217 2116 4127 3658 0
 3325 1325 1217 3658 0
 1217 1751 3325 3658 0
 3277 3520 4977 2049 0
 4042 2672 534 4454 0
 2672 2815 534 4454 0
 2815 538 534 4454 0
 3264 1110 1099 3302 0
 3264 3417 1110 3302 0
 1385 2220 1814 1384 0
 1383 1385 1384 2220 0
 1407 1383 2220 1385 0
 4731 4886 4408 4703 0
 4886 2768 4703 3895 0
 3294 1146 3799 1132 0
 3456 4390 3046 4402 0
 4676 3863 3135 5029 0
 3135 1376 3084 3863 0
 3084 1376 1825 3863 0
 5211 1683 5165 1715 0
 4676 3863 5029 2235 0
 3002 3442 2337 2049 0
 3014 3482 4019 5334 0
 1746 3240 3822 5250 0
 5285 979 984 1077 0
 864 3704 869 867 0
 4482 4323 4048 4143 0
 3953 4140 570 574 0
 4528 602 3953 614 0
 550 3666 1556 2038 0
 2038 3666 554 550 0
 550 2829 1556 3666 0
 2790 554 3666 550 0
 3042 2790 3666 550 0
 550 3570 2829 3042 0
 2829 3666 550 3042 0
 4991 4482 4143 4323 0
 3526 3035 4789 3882 0
 3526 4789 3372 3882 0
 3050 2777 1262 2808 0
 4789 3526 4283 3035 0
 3050 1262 2777 2268 0
 3090 3453 3140 4599 0
 4595 2268 3050 2687 0
 2769 402 1703 2760 0
 2760 388 2769 402 0
 2694 3453 3090 1069 0
 1556 1589 1676 2829 0
 4789 3372 4283 3526 0
 3867 4392 2699 2943 0
 4392 2699 2083 3867 0
 3867 2943 2699 3393 0
 2676 2400 1564 2976 0
 2676 2400 2976 2203 0
 1218 1453 4016 3668 0
 1363 5279 5297 1364 0
 1363 5297 2879 2739 0
 1363 1364 3974 4857 0
 5170 2207 4845 4557 0
 4950 2877 2782 1565 0
 1124 1070 4525 4970 0
 1124 4970 4525 2839 0
 1779 4596 4618 3227 0
 1779 2497 3227 3185 0
 3227 1779 3185 3827 0
 4845 4514 2207 5170 0
 4356 412 4104 3524 0
 1779 2914 4618 4596 0
 329 2711 3871 2401 0
 412 4036 4104 3524 0
 3584 412 4036 4104 0
 3045 5137 5040 5111 0
 433 412 3584 4104 0
 446 4104 412 433 0
 4391 5137 3045 5111 0
 446 412 4104 4356 0
 4178 4354 3576 3406 0
 4354 3851 3576 4521 0
 4354 3992 4854 3576 0
 3991 1613 3025 3832 0
 4178 4354 4854 3576 0
 4354 3576 3851 3992 0
 3991 1613 3832 5174 0
 4106 3016 3403 3787 0
 358 381 4397 3229 0
 4354 4521 3576 3406 0
 5193 478 2623 4116 0
 4029 2973 2491 3562 0
 506 4101 477 3367 0
 1053 2973 3018 3872 0
 506 4101 3367 4999 0
 2693 5237 3523 3963 0
 1219 2023 2548 2616 0
 2548 2616 2342 1219 0
 2023 1219 2898 2616 0
 4481 3963 5237 2693 0
 2117 4962 4960 3856 0
 3301 456 423 4024 0
 2117 3856 4960 3547 0
 3875 4771 2099 4164 0
 423 456 3301 457 0
 4155 4771 2099 3875 0
 2922 2086 2173 1778 0
 3809 1866 3265 3848 0
 423 424 457 3301 0
 3148 4090 3865 3078 0
 2922 1778 2173 2495 0
 4159 2922 2173 2495 0
 4449 2708 4692 3599 0
 2622 3265 3809 1866 0
 2933 3603 2394 2077 0
 360 4118 2995 372 0
 2995 372 4118 2798 0
 2850 3124 3108 3229 0
 2933 1943 2046 2394 0
 3305 3124 3108 2850 0
 1148 1134 2781 4471 0
 1290 4327 1509 3876 0
 1290 4327 3876 1955 0
 4400 5307 4449 2708 0
 4400 5307 2708 4211 0
 1590 372 2798 383 0
 3073 1708 1862 2221 0
 4172 3878 2783 1724 0
 2077 2792 2783 3878 0
 4172 2843 3878 1724 0
 3073 2221 1862 1571 0
 3878 2792 4155 4025 0
 2077 2792 3878 4025 0
 3399 2657 4145 2660 0
 929 2527 3586 1012 0
 3586 2527 3649 1012 0
 3677 1394 4034 4372 0
 4895 3879 331 2804 0
 3879 2804 4895 3972 0
 4488 2527 1012 3649 0
 4372 1394 1435 3677 0
 4694 3808 1782 4831 0
 4757 4915 4719 762 0
 3861 3608 4831 1782 0
 4757 4719 829 762 0
 379 4402 3046 356 0
 4402 4390 3046 356 0
 3631 5288 3674 424 0
 3631 409 5288 424 0
 3631 409 424 400 0
 4118 383 4271 2798 0
 5166 4262 1032 3402 0
 2044 1948 4456 1521 0
 1745 1992 4456 2044 0
 360 383 4118 372 0
 4118 372 383 2798 0
 4407 1136 5080 2801 0
 3028 4313 2937 4257 0
 3434 1136 4407 2801 0
 1473 3883 2865 1470 0
 3883 1449 1473 2865 0
 2795 1646 3581 3885 0
 1546 3581 1646 3885 0
 3330 2632 3886 3459 0
 3411 4342 5203 1014 0
 2141 1911 5337 1332 0
 2141 5337 1911 3445 0
 3410 4405 3413 4498 0
 4347 3410 4488 4405 0
 3410 4347 3413 4405 0
 2534 1479 1724 3137 0
 2318 2537 3665 3010 0
 3010 2537 3665 3389 0
 4555 4408 4074 4731 0
 3102 3423 2947 3100 0
 3123 2947 3100 3102 0
 3159 4000 2851 5123 0
 5071 2221 1571 3687 0
 5123 4000 2851 3897 0
 3897 4000 2851 3955 0
 2003 2307 2086 3056 0
 1114 4253 5265 1135 0
 1725 52 1788 1252 0
 1252 2227 52 1788 0
 4468 2227 1302 1788 0
 3456 395 411 410 0
 3456 4942 395 410 0
 3456 410 411 3588 0
 3274 3178 1697 2047 0
 1218 3994 3668 4016 0
 4391 4921 5137 5111 0
 2817 1530 3891 4540 0
 329 2401 3173 337 0
 329 3871 3173 2401 0
 453 464 4689 1759 0
 1759 1214 464 4689 0
 2748 2888 3823 4071 0
 2888 3823 3017 2748 0
 1759 3919 4689 453 0
 1916 2833 4629 1291 0
 4511 3077 3093 4147 0
 3101 3865 3544 564 0
 4917 568 3865 564 0
 1414 4573 3653 3697 0
 4010 1109 1130 2966 0
 4628 4278 4460 4010 0
 4010 4628 4278 4502 0
 3444 4843 1952 3894 0
 4027 374 4410 4875 0
 4027 4875 4575 374 0
 3444 5020 2668 4428 0
 3894 1952 3803 1202 0
 3894 3803 1198 1202 0
 4065 4011 5183 3648 0
 4065 4011 4014 4602 0
 4602 4011 4014 4199 0
 3037 5206 4200 3661 0
 4200 4173 5206 3037 0
 4200 3499 3661 5206 0
 4451 3045 5179 4361 0
 3897 2553 2259 2737 0
 2737 2553 3076 3897 0
 3897 2737 2208 3076 0
 5123 3897 2259 2737 0
 4015 4813 2679 4909 0
 1447 2045 2746 2241 0
 2241 519 2519 2045 0
 4299 5224 3264 4052 0
 4299 5287 4052 3264 0
 4299 2017 5287 3264 0
 5032 4054 4704 3538 0
 2096 3347 5266 3847 0
 2809 4742 3632 4380 0
 1777 1018 2506 3555 0
 2704 3555 2506 1018 0
 2554 4211 1105 5203 0
 4918 585 592 3899 0
 3540 5078 3899 3180 0
 1757 3701 4049 3655 0
 1507 3612 3451 3701 0
 3148 572 3078 3865 0
 4228 4090 3214 4487 0
 3901 2233 2039 1551 0
 3555 3702 527 3185 0
 2014 3901 3732 1551 0
 769 2988 717 768 0
 769 718 717 2988 0
 3193 4391 4444 3419 0
 4391 5256 3193 4444 0
 1025 4405 1064 4347 0
 1308 1015 1600 1362 0
 3399 5125 3775 3901 0
 3399 4988 3901 2233 0
 2859 3939 3821 4014 0
 3706 2129 4242 2073 0
 4191 2795 3707 4967 0
 3860 3171 4660 4775 0
 4014 1026 3821 1013 0
 4775 2178 4660 3860 0
 5183 4011 4065 4602 0
 4014 4011 1026 1013 0
 5183 4065 2859 4602 0
 2859 3939 4739 3821 0
 2125 2077 886 882 0
 3614 3345 3762 4307 0
 3814 3227 3407 3857 0
 3330 4352 1684 3903 0
 3903 1941 1684 3330 0
 512 3698 3572 5228 0
 512 3656 3698 5228 0
 3572 3698 512 520 0
 2679 4813 5041 4909 0
 4855 3614 3762 4307 0
 3663 1775 3066 1940 0
 3663 1775 1940 2716 0
 4691 4669 1079 1083 0
 1775 3663 1730 2716 0
 4307 3345 3762 2408 0
 2716 2210 3900 1730 0
 1775 1730 2210 2716 0
 2757 3984 2961 3561 0
 3346 3984 2961 2757 0
 3493 4062 5138 3592 0
 3851 1007 924 4767 0
 371 3721 1942 3650 0
 356 3046 4229 4098 0
 4098 348 356 4830 0
 356 4390 4830 348 0
 4193 5215 1753 3913 0
 3046 4390 4830 356 0
 4098 356 3046 4830 0
 4017 3927 4952 3086 0
 4017 3927 3937 1361 0
 1419 4496 3906 1994 0
 1423 4496 1994 3906 0
 1144 3861 4831 4694 0
 3907 4580 3023 4117 0
 1865 3023 2999 3907 0
 1130 4694 1782 3861 0
 1880 3718 2821 1537 0
 3861 4694 1144 1130 0
 1163 2837 5284 2040 0
 1164 3908 3363 1824 0
 1176 3908 1164 4184 0
 4178 3576 1021 3406 0
 3718 4344 1888 3398 0
 2812 1428 3718 1537 0
 3036 2812 1428 3718 0
 4344 2771 3036 1888 0
 3718 1428 2821 1537 0
 4344 4122 5206 3004 0
 3719 5186 1356 5133 0
 3583 1820 2004 1950 0
 1081 2353 5285 5231 0
 1080 1081 2353 5285 0
 2015 3887 552 548 0
 3887 1325 3072 2015 0
 2713 3887 3072 548 0
 2286 1396 2238 4508 0
 5019 4660 4120 2178 0
 4137 4509 4836 730 0
 4137 783 730 4836 0
 732 3684 730 4877 0
 732 784 4877 730 0
 1556 2829 1676 3666 0
 4444 3358 1063 1102 0
 1556 3666 1676 2038 0
 5256 3358 4444 3218 0
 3285 2903 1209 2842 0
 2778 1209 3594 1832 0
 746 3723 4593 708 0
 4415 3044 3404 3723 0
 3283 4415 3311 3044 0
 2938 3911 2045 2840 0
 2045 3911 4055 2840 0
 2774 3911 2045 2938 0
 2037 5019 4120 2178 0
 926 3583 2863 1009 0
 3175 5064 5157 4193 0
 3583 926 3868 5074 0
 2960 3836 3727 1797 0
 3727 1675 1591 3836 0
 1285 2588 2756 2326 0
 1009 5074 3583 2805 0
 3583 5074 4570 2805 0
 926 2496 2863 3583 0
 4483 3426 4006 2230 0
 2663 2665 3426 4421 0
 3915 2905 711 2625 0
 2625 1446 711 3915 0
 4023 4371 910 2878 0
 2650 1240 1354 1939 0
 762 4360 3080 696 0
 2650 2359 1939 1354 0
 4371 2878 4023 3560 0
 3080 696 4360 3088 0
 2594 2045 2519 2075 0
 1193 1201 4427 4236 0
 4579 4427 4399 4236 0
 438 2552 443 463 0
 2552 438 443 5220 0
 2951 1111 4214 3703 0
 4546 3332 3560 5159 0
 1020 3738 3578 4546 0
 3578 3332 4546 5159 0
 1100 4277 3199 2091 0
 4963 4759 2530 2788 0
 2554 5203 2530 4211 0
 2554 1068 5203 1105 0
 4500 2014 3444 4526 0
 1709 3113 1238 3732 0
 3901 3113 3630 3732 0
 3089 3099 4369 4931 0
 3436 2111 2572 2296 0
 1709 3732 1238 3096 0
 3096 3089 4079 3732 0
 3867 2024 2652 3009 0
 4500 3444 4995 4526 0
 3867 3009 2943 2024 0
 4026 3583 1022 1009 0
 3867 3393 2130 2652 0
 839 3921 4798 2915 0
 2915 3921 4798 3512 0
 3556 5072 5097 3922 0
 699 4718 3582 4853 0
 3556 5072 3922 3548 0
 4030 4694 1782 1130 0
 2018 1897 2334 3923 0
 3314 2334 2806 5013 0
 1414 4894 3465 3741 0
 2176 1760 2086 2613 0
 1109 3517 4030 1130 0
 1130 3517 4030 4694 0
 4030 4777 1130 1782 0
 2602 4458 1218 3515 0
 1130 4777 4030 1109 0
 4178 3576 3390 1021 0
 2993 4152 2720 3387 0
 4165 5277 2682 4004 0
 4996 1054 4558 1118 0
 4383 2491 3300 4577 0
 3616 3741 4576 4154 0
 4261 1118 4996 4558 0
 4577 3300 2655 2491 0
 1118 4577 4558 4261 0
 4165 4312 1400 4004 0
 3300 4558 4383 4577 0
 914 928 4813 4015 0
 928 914 4813 4661 0
 5024 2949 3058 2526 0
 3283 1402 3311 4415 0
 4453 4214 2992 4832 0
 3712 4570 1915 2949 0
 2910 4188 3326 1953 0
 3326 1953 4188 3347 0
 820 4166 4284 4350 0
 1953 2910 4188 2813 0
 2602 2944 4389 3740 0
 3513 5303 1351 3472 0
 3972 2627 3746 3798 0
 3748 2842 3729 3552 0
 2880 2831 4489 2720 0
 2720 5017 4489 4158 0
 5027 5017 4158 4489 0
 5027 5017 4152 4158 0
 2720 5017 4158 4152 0
 3863 1691 2575 2235 0
 2160 1895 2237 1242 0
 3602 5301 491 490 0
 3602 490 491 470 0
 3602 490 470 2975 0
 3602 490 2975 5301 0
 1036 3468 1034 4544 0
 3468 1034 4544 2847 0
 3813 861 2128 2111 0
 3605 3855 4488 4106 0
 4519 4498 3888 3605 0
 4405 3605 4488 4106 0
 3605 3368 4106 4405 0
 4847 5051 2249 5182 0
 3900 1407 3038 2818 0
 2220 2629 1383 1961 0
 2125 2129 886 2077 0
 5186 2724 3481 1649 0
 851 852 1822 3750 0
 4041 913 3381 3685 0
 3477 913 4041 2924 0
 4409 2102 2941 1558 0
 4041 901 5246 3381 0
 2102 4201 4697 4008 0
 2102 4008 4697 4409 0
 4041 913 3685 2924 0
 4627 4689 4554 1875 0
 2086 4689 5108 3056 0
 5108 3056 4689 1875 0
 4689 2021 4554 1875 0
 5108 1875 4689 4627 0
 3056 4689 1875 2021 0
 2029 3376 2248 3866 0
 4043 858 853 860 0
 1341 3753 1949 1997 0
 1997 1949 2347 3753 0
 1916 4629 2833 4267 0
 3101 2835 3509 4039 0
 1916 4267 2833 3882 0
 1419 4496 5036 3906 0
 853 4043 855 858 0
 5036 4496 1419 4288 0
 3926 855 853 4043 0
 4943 5287 3495 4299 0
 4028 1249 4818 4997 0
 1249 4028 3177 4385 0
 1249 4028 4385 4997 0
 3495 4796 2402 2904 0
 3495 2402 4943 4299 0
 3495 5224 4299 4052 0
 4796 4062 2904 3495 0
 3873 2967 4047 4641 0
 3873 4047 3005 4641 0
 2963 2281 1425 2271 0
 3005 4641 4047 4979 0
 3206 3434 2801 2489 0
 3206 2801 3449 2489 0
 3458 3206 3449 2489 0
 2433 3590 2348 1562 0
 3458 4138 3206 2489 0
 4138 3434 3206 2489 0
 3510 5152 4807 3760 0
 4547 3246 5138 4474 0
 1487 3013 2649 4515 0
 2649 419 3734 2869 0
 2649 3013 2869 4515 0
 3013 419 2869 3988 0
 5283 2552 3048 450 0
 5283 2552 5234 4516 0
 1229 2811 1786 1348 0
 1786 1348 2811 3339 0
 2552 463 450 466 0
 5283 450 466 2552 0
 4751 3236 1063 5050 0
 2977 2405 4330 3407 0
 1024 1063 4751 3236 0
 3358 1063 5050 4751 0
 5003 2788 3226 2608 0
 5003 2608 3226 4303 0
 2759 5140 3859 4963 0
 3662 2553 2882 2259 0
 2664 2666 4424 3444 0
 4053 3618 5121 5029 0
 1260 620 615 3948 0
 1260 3128 3948 615 0
 3948 620 615 3392 0
 3948 615 3128 2972 0
 3948 2972 3392 615 0
 3263 2563 1650 1666 0
 2563 4055 1650 1666 0
 4502 2982 3417 4478 0
 4918 4255 4736 592 0
 5078 4907 3170 3951 0
 5078 3951 3170 2409 0
 5078 3899 3951 2409 0
 4736 592 3899 4918 0
 1961 1685 3900 1407 0
 2210 3383 1685 2029 0
 4223 4886 3432 4502 0
 1685 3900 2210 1730 0
 3056 1685 3900 1961 0
 1927 4054 3538 4292 0
 3253 4054 1927 3689 0
 3689 1927 4292 4054 0
 3946 4054 3689 4292 0
 614 4619 3953 580 0
 1728 4619 3953 2817 0
 614 3953 4528 574 0
 1167 5226 4480 1157 0
 3257 5226 4480 4556 0
 5314 4810 2946 2740 0
 3569 2740 4810 5314 0
 3569 5314 4810 3294 0
 401 412 3944 3584 0
 1376 1429 2929 2705 0
 4081 4987 3535 4056 0
 4056 4987 3535 3925 0
 4615 3675 1850 2249 0
 5345 577 3148 572 0
 4228 3148 577 3078 0
 3148 577 3078 572 0
 5345 3148 577 4228 0
 981 1715 980 5211 0
 1715 981 980 5181 0
 2217 4056 4987 4081 0
 5181 4650 980 1715 0
 5192 4304 937 4302 0
 3103 1115 1136 4260 0
 2527 3260 4106 3855 0
 2646 3519 4406 3647 0
 4520 2337 1599 4338 0
 4260 3095 1136 3103 0
 4520 2337 3864 1599 0
 3523 5237 2688 3963 0
 5237 3956 2688 3963 0
 3956 4409 3475 375 0
 4481 3963 3956 5237 0
 352 3956 4409 1558 0
 4299 2017 2921 5287 0
 1100 1022 4277 2091 0
 1100 1950 1022 2004 0
 1100 2916 1022 1950 0
 1100 2004 1022 4088 0
 1100 2916 4277 1022 0
 2788 4963 5208 2530 0
 2036 2047 3274 1607 0
 1791 1569 4307 2408 0
 4307 1569 3345 2408 0
 3639 1150 1136 3095 0
 1136 4260 2100 3639 0
 1136 3639 2100 1150 0
 3639 3095 1136 4260 0
 1158 4916 4060 4153 0
 3820 3332 4383 1629 0
 1629 3507 3820 3332 0
 2591 1629 3507 3820 0
 4898 4153 4060 4846 0
 1166 4060 1158 4922 0
 1158 4060 4916 4922 0
 3778 4280 3521 5052 0
 3769 4846 4898 4060 0
 2996 3139 3778 3521 0
 1009 4063 5074 2805 0
 2805 1022 4063 2916 0
 1054 4577 4558 1118 0
 2602 4146 1477 3515 0
 1526 4146 4238 1527 0
 2150 4238 1527 3172 0
 4146 4238 1527 1477 0
 3199 3294 4810 3910 0
 4277 4810 3199 2091 0
 1839 3024 2862 2748 0
 4277 3199 4810 3910 0
 3024 1839 2473 2748 0
 1927 417 4110 3110 0
 3918 1026 4065 4011 0
 4110 3110 4603 1927 0
 1067 3918 1026 4065 0
 4065 4011 1026 4014 0
 4825 3677 4563 3986 0
 4065 1067 2859 4014 0
 3677 3986 1435 4563 0
 1507 2690 3612 3783 0
 2594 2690 1507 3783 0
 2594 2075 3212 4055 0
 3594 2903 3285 3783 0
 4014 1026 4065 1067 0
 3212 1536 3783 2594 0
 3594 3783 3212 2903 0
 4488 3855 2527 4106 0
 4405 4488 3649 4106 0
 4292 417 4110 1927 0
 5220 1927 417 4292 0
 5220 3110 417 1927 0
 4161 1677 1203 4429 0
 4736 2409 5090 3784 0
 3951 3784 5213 2409 0
 4217 803 4095 2682 0
 3959 1182 1190 3364 0
 1190 4219 4419 3959 0
 3959 3364 3752 1182 0
 3804 3171 5146 1358 0
 3804 3786 3774 3138 0
 5137 4608 3630 3045 0
 4148 3193 4444 3419 0
 3015 2999 4169 1978 0
 3981 1115 3103 4260 0
 3429 2931 4976 3427 0
 5018 4445 4372 3677 0
 3349 1346 4372 3776 0
 1746 3240 4847 3822 0
 3822 1746 3443 4847 0
 3822 3240 4847 3118 0
 1067 2909 4335 3918 0
 3789 3918 2909 1067 0
 4845 2207 474 4557 0
 4845 4557 474 4538 0
 1067 3789 4065 5183 0
 3002 4084 2431 2049 0
 3541 1962 3151 3162 0
 2049 2431 3002 4959 0
 515 3966 502 4818 0
 4694 4068 3270 3808 0
 3270 4068 4394 3808 0
 4365 3808 4394 4068 0
 4365 3808 4068 4957 0
 4401 3002 2431 4860 0
 3102 1863 2947 3982 0
 3168 2947 3231 1706 0
 3102 2947 1863 1425 0
 3168 1706 2814 2253 0
 5046 3562 4274 2655 0
 2655 3562 4029 2491 0
 5282 2935 4160 1291 0
 2225 4128 4680 3967 0
 4694 4957 4068 3808 0
 4006 4128 2225 3967 0
 865 4348 866 4990 0
 3289 4348 4990 4284 0
 462 461 5316 486 0
 4251 408 421 438 0
 637 3431 4151 2779 0
 626 3431 4151 637 0
 413 408 4251 438 0
 4354 3992 3851 1996 0
 3782 4209 4366 3794 0
 4854 3992 4354 4497 0
 1996 3992 4497 4354 0
 4887 4192 4638 4317 0
 1166 3769 1158 4060 0
 3047 3878 2695 4097 0
 4060 1166 3769 3221 0
 3047 3878 4097 4025 0
 1166 3769 4150 1158 0
 3221 1166 3769 4803 0
 4223 3432 4703 2921 0
 4074 2921 3554 5226 0
 3444 4843 4424 4679 0
 2664 4424 4647 3444 0
 1166 3769 4803 4150 0
 3597 3748 4285 3701 0
 3150 4161 1197 4425 0
 1104 3709 2900 4221 0
 1115 1104 2900 4221 0
 1115 1104 4221 3743 0
 4332 1104 1115 3743 0
 1104 3709 4221 3743 0
 3434 1136 2986 4082 0
 3362 4421 3802 4426 0
 4427 1195 3620 1201 0
 2665 4422 4713 4427 0
 2663 4421 3426 4493 0
 4075 393 4910 4119 0
 4075 389 4910 367 0
 4075 3997 393 4119 0
 4075 3997 4119 5237 0
 3146 1136 3434 4082 0
 2489 3434 2986 4082 0
 3362 3802 4421 3426 0
 2644 4426 4270 3802 0
 3146 3434 2489 4082 0
 3444 4428 2668 4424 0
 3769 4898 1158 4060 0
 3769 4898 4150 1158 0
 4161 4995 4429 4425 0
 4161 1203 1197 4425 0
 4908 3540 4121 1498 0
 4361 3045 3775 4608 0
 5179 3045 3193 3775 0
 4361 3045 5179 3775 0
 1220 3797 1430 2268 0
 1262 1732 1220 1663 0
 1220 2783 2707 1430 0
 1220 3797 2268 1262 0
 2783 2707 2394 1220 0
 1732 2394 1220 1663 0
 4776 2097 3976 5205 0
 1911 2083 5337 1332 0
 2338 3976 4755 2823 0
 4400 2708 4449 3599 0
 3377 4776 3976 5205 0
 2265 3976 4169 2097 0
 2265 3976 4755 2338 0
 5166 4692 3599 3402 0
 2720 4152 5132 3387 0
 2071 2720 5132 3387 0
 5311 336 4589 5047 0
 4194 416 402 3742 0
 3362 1609 4426 3802 0
 4849 3926 4112 3893 0
 4421 2667 3802 4426 0
 402 4194 3742 2760 0
 4112 5084 853 4939 0
 4194 402 388 2760 0
 1864 5123 2737 20 0
 1313 3979 1346 3034 0
 1346 3979 2702 3034 0
 1313 3979 1329 1346 0
 20 4805 5123 5309 0
 20 5123 1368 5309 0
 1848 2521 3019 4379 0
 3152 2144 1301 1978 0
 5199 739 4314 3673 0
 4082 1115 1136 2986 0
 3146 4332 1136 4082 0
 1136 1115 4082 4332 0
 3202 3698 528 3527 0
 4856 4831 3808 4694 0
 2521 4272 3019 4379 0
 3572 3698 528 3202 0
 4365 4068 4394 4261 0
 4379 3759 2521 4272 0
 3202 5300 3698 3527 0
 5234 5300 3698 3202 0
 3572 5234 3698 3202 0
 5122 4012 4978 5229 0
 5122 3457 4012 5229 0
 1166 4060 3609 3221 0
 1166 4953 3609 4060 0
 1166 4060 4922 4953 0
 4258 5072 832 767 0
 1871 4693 3765 3811 0
 4073 4753 3343 2230 0
 2394 3603 3496 2792 0
 3603 2077 4025 2792 0
 2077 3603 2394 2792 0
 4749 4598 3598 4085 0
 5266 3341 4578 3230 0
 3553 3982 2793 5101 0
 3326 4578 3347 2623 0
 1445 3080 3971 2978 0
 1445 3080 3088 3971 0
 3982 435 480 3231 0
 2949 895 3058 2526 0
 2949 900 3058 895 0
 1911 3445 2130 1392 0
 3445 5337 1911 2130 0
 5264 4171 4105 1780 0
 3276 4312 4105 5275 0
 2348 4410 1559 2981 0
 2091 4788 2961 3984 0
 2361 3204 5088 963 0
 3204 3359 5002 4747 0
 902 914 4254 2540 0
 738 3452 821 790 0
 4418 4462 2873 1827 0
 4032 2702 4445 3677 0
 738 3452 705 821 0
 1254 2911 880 3815 0
 5134 4411 4583 4354 0
 3530 3775 4148 3780 0
 3530 3780 4148 5238 0
 3780 3732 3700 3089 0
 3096 3732 3099 3089 0
 2707 3985 1543 3904 0
 4187 3193 5179 5256 0
 1891 2156 5347 3817 0
 5099 4273 3488 4417 0
 5099 4273 4417 4189 0
 1692 3989 1379 1930 0
 1379 3989 2074 1930 0
 2267 1773 2733 2957 0
 3990 2733 2700 1773 0
 2957 1773 2733 3990 0
 3990 1773 2700 4741 0
 2014 2939 3099 4235 0
 2939 1551 2945 3364 0
 4331 2939 3099 2945 0
 2014 1551 3732 3099 0
 3990 3595 2957 1773 0
 3990 3595 1773 4741 0
 4499 4737 5271 2864 0
 4290 3337 5090 3818 0
 4499 4263 5271 4737 0
 4499 4905 5271 4263 0
 826 824 4092 5222 0
 4961 1040 3153 954 0
 4961 954 952 1040 0
 4520 3002 3864 2337 0
 4195 3598 4092 5222 0
 4565 4323 4482 4296 0
 2753 1126 4304 5287 0
 3993 4291 3401 4441 0
 5287 1126 4304 1092 0
 3598 4482 4195 4296 0
 3173 3748 3871 329 0
 4854 4478 4364 4497 0
 1864 2998 3996 4805 0
 4497 4502 4478 4382 0
 3019 4379 3996 4609 0
 2159 5260 3279 4271 0
 793 796 744 2867 0
 2960 3836 3726 3823 0
 3836 3823 3008 3726 0
 492 496 3927 5096 0
 744 2867 796 5214 0
 3106 2495 526 1778 0
 4391 1063 3028 4921 0
 3905 2836 2843 3055 0
 2797 1682 2408 4527 0
 3363 1184 4937 4611 0
 4937 1184 2968 4611 0
 1176 3363 4611 1184 0
 2408 3345 4387 4527 0
 2408 1682 3345 4527 0
 801 803 5272 4095 0
 521 3827 3166 2075 0
 527 2075 3185 3827 0
 3827 3702 3185 527 0
 1779 3702 3827 535 0
 1779 3827 3814 535 0
 3814 3827 529 535 0
 801 803 4095 5317 0
 4004 801 2848 5272 0
 3974 3098 1367 4096 0
 5192 3390 1099 1055 0
 816 814 3098 4096 0
 4857 4096 3974 1367 0
 816 814 4096 5252 0
 5252 4096 818 4857 0
 5210 3614 4620 4855 0
 2481 4442 4001 5302 0
 441 432 5212 416 0
 5242 4604 3678 660 0
 895 898 4003 4532 0
 4532 4457 4003 5134 0
 769 718 2848 771 0
 4421 3802 2665 3426 0
 2848 769 2988 718 0
 4421 2665 3802 2667 0
 2732 2764 3832 1391 0
 1391 4586 4395 3832 0
 3606 1865 3877 4330 0
 4549 3245 5134 4532 0
 3549 2683 2051 2146 0
 4745 3892 509 503 0
 2184 1835 2683 2146 0
 3149 551 2473 555 0
 3549 129 5346 2051 0
 3533 5289 2612 3086 0
 1880 1786 1229 3834 0
 3834 3352 3167 3591 0
 2811 3834 3591 2179 0
 1229 3834 1786 2811 0
 4559 4967 3786 3138 0
 4559 3786 3804 3138 0
 4181 2750 3835 3720 0
 4181 3835 3928 3720 0
 3995 3836 4472 1470 0
 3008 4472 3836 1470 0
 2960 4512 3727 3836 0
 4512 1675 3836 4901 0
 2960 4761 3836 3823 0
 4786 3823 3008 3836 0
 3086 5316 3533 5289 0
 3838 1407 1706 1425 0
 3338 3296 2899 1706 0
 1873 1925 1866 3795 0
 4819 587 594 4919 0
 2892 3545 4378 3839 0
 3022 3839 2892 4378 0
 895 898 2526 2382 0
 3187 872 3189 4690 0
 872 869 4816 3187 0
 1996 3712 4524 3474 0
 3984 4788 2961 3156 0
 3618 1391 4395 2907 0
 869 872 3481 3187 0
 3712 3474 1996 4354 0
 4122 2971 5257 4601 0
 4122 2971 4601 2820 0
 4816 872 3187 4690 0
 1624 3085 1710 3132 0
 4983 3315 4439 4358 0
 4122 4601 5257 4241 0
 4122 2820 4241 3525 0
 4122 4601 4241 2820 0
 3132 3646 1624 3085 0
 3264 3302 1099 3390 0
 3779 1624 1710 3132 0
 3779 1624 3132 2521 0
 2521 5150 1624 3132 0
 5150 3646 1624 3132 0
 3788 1914 4307 3898 0
 1537 1428 4009 3380 0
 1537 1428 2821 4009 0
 2821 1428 4122 4009 0
 2897 3614 3788 4307 0
 1553 1354 4130 2650 0
 3788 3614 4855 4307 0
 2650 1354 4130 2359 0
 3788 1914 2897 4307 0
 5003 2759 3226 2788 0
 2608 2830 3226 2040 0
 4515 3441 3082 4007 0
 3850 2160 1376 3223 0
 3635 3850 4103 1576 0
 3850 1895 2160 1242 0
 3850 1895 1242 3183 0
 3850 3183 4103 1576 0
 2608 2788 3226 2830 0
 1870 4578 3230 5266 0
 1315 2176 2613 2134 0
 1354 2359 1844 4130 0
 2114 2900 3282 4221 0
 2114 3282 4248 4221 0
 3743 4221 2114 4248 0
 166 5299 2161 4688 0
 189 166 2161 4688 0
 4688 2161 2186 1815 0
 4039 583 3101 3763 0
 4688 189 2186 2161 0
 5299 2161 4688 1815 0
 3101 4039 3509 4412 0
 2361 963 5088 966 0
 2117 2838 4233 3856 0
 4831 4803 3609 4537 0
 3153 4213 4744 4486 0
 4213 3354 4486 3153 0
 3857 3166 3217 3777 0
 3602 3518 491 5301 0
 3651 2977 3644 3857 0
 705 692 684 685 0
 3467 692 705 685 0
 3616 4089 4250 2885 0
 3526 858 860 3040 0
 616 621 5076 4894 0
 858 3526 3372 3040 0
 3920 3040 858 3372 0
 4356 3126 4368 4104 0
 4460 4628 3833 4278 0
 4628 4010 4460 4886 0
 4105 4567 2112 3032 0
 895 4003 900 4547 0
 2612 5289 3927 3086 0
 2091 2961 2740 3346 0
 443 417 5220 438 0
 3384 3346 2091 2740 0
 4223 4886 4703 3432 0
 4903 4612 4031 4102 0
 3862 3928 2602 4181 0
 3742 406 4239 432 0
 406 4239 4194 3742 0
 4457 4549 5134 4532 0
 4340 899 4550 5246 0
 899 5263 911 4550 0
 4029 2896 2973 3562 0
 4107 4634 2633 341 0
 899 5246 5263 4550 0
 367 365 360 3694 0
 5059 4515 3441 1650 0
 365 359 360 4433 0
 3866 3529 2248 2029 0
 4093 3693 3627 2887 0
 360 3694 365 4433 0
 3441 4020 1650 3082 0
 2698 3627 2470 3093 0
 4020 2144 2846 3026 0
 2506 4020 2846 3026 0
 2506 2671 4020 2563 0
 3082 4020 1650 2144 0
 2410 4021 3062 338 0
 1590 397 398 3670 0
 2410 4021 338 330 0
 338 4021 3513 330 0
 3513 4136 4021 346 0
 3062 4021 4136 346 0
 398 417 4110 4370 0
 4110 397 3670 398 0
 1260 3558 3948 2534 0
 3538 4292 4370 4110 0
 3948 3558 620 3392 0
 4110 407 4452 3670 0
 2113 1593 3308 2266 0
 2497 1865 3227 2858 0
 3227 4330 3857 2994 0
 2858 3227 3827 2994 0
 3246 2924 4240 3244 0
 1870 1842 429 3230 0
 5266 4175 3230 429 0
 2765 2781 3251 5033 0
 3687 2974 3096 4079 0
 2765 3251 3249 5033 0
 4482 4048 3187 4143 0
 529 3312 535 2075 0
 3312 2519 535 2075 0
 3096 2974 1709 4079 0
 3687 2974 4264 2437 0
 529 3827 2075 535 0
 3962 553 549 2191 0
 3962 553 2191 1525 0
 1870 3230 429 5266 0
 3251 4872 5033 2781 0
 1732 3057 1663 2620 0
 1220 2933 2394 2077 0
 1150 3639 2100 1162 0
 2100 3639 4336 1162 0
 4148 5238 3700 5168 0
 4148 5238 3780 3700 0
 2717 4079 3700 3732 0
 3639 1162 1150 2959 0
 3639 1162 2959 2931 0
 3639 4976 4336 1162 0
 3964 3991 3025 4985 0
 4170 1396 2286 4508 0
 4985 3964 4586 3025 0
 4556 5226 1167 1159 0
 3094 4674 3964 3025 0
 1159 4556 5226 5011 0
 796 828 827 5214 0
 3991 3094 3964 3025 0
 1770 3960 4123 3877 0
 4091 3595 2957 3990 0
 4556 5226 4480 1167 0
 3025 4674 3964 4586 0
 795 796 827 5214 0
 3383 2913 3208 2210 0
 3376 3208 3383 4616 0
 2655 3562 4274 4029 0
 5263 911 4550 925 0
 3708 1681 3881 3687 0
 2573 1681 3881 2741 0
 2573 1681 3687 3881 0
 3482 3708 1681 3881 0
 2741 1681 3881 3482 0
 2579 2573 2926 2118 0
 2579 2636 2926 1264 0
 4932 4031 2881 2646 0
 3241 4612 2881 4031 0
 4932 3241 2881 4031 0
 3355 4612 1451 4031 0
 4031 3355 2881 2646 0
 4528 602 594 3953 0
 2817 4619 3953 2819 0
 3403 2527 4106 3787 0
 5134 4549 4583 4411 0
 4308 4375 4032 2728 0
 4308 4587 4032 4375 0
 4522 4308 4032 4938 0
 2059 1418 4032 4587 0
 5172 5281 1377 2871 0
 4735 849 3295 3190 0
 2871 5281 1377 3598 0
 3135 2705 4951 4687 0
 3135 3084 2705 2749 0
 391 387 405 4942 0
 2679 5041 2540 3403 0
 2540 5041 3323 3403 0
 1377 4195 3598 5281 0
 5319 3187 4683 2535 0
 5319 3187 2535 4048 0
 5319 3187 4048 4143 0
 3191 525 533 2613 0
 2086 3191 2253 2613 0
 5208 2830 4400 3599 0
 2149 2230 1222 4940 0
 3198 4174 342 3373 0
 3198 3373 350 1505 0
 2397 342 3373 350 0
 4174 2397 342 3373 0
 4038 1994 2390 4204 0
 3372 3882 4789 4852 0
 4852 3978 4789 3372 0
 4940 1222 3796 2230 0
 2955 815 813 5298 0
 4119 413 393 4933 0
 2984 2955 5298 3880 0
 4910 4119 393 4933 0
 4789 3978 4283 3372 0
 3752 2945 4599 4087 0
 4119 408 413 4933 0
 2945 4599 4087 1123 0
 4651 4659 3934 995 0
 1683 5037 997 995 0
 877 1262 2268 3797 0
 2563 511 519 3555 0
 2831 4750 4489 5017 0
 4649 4651 4192 2304 0
 5016 4887 5204 2304 0
 4192 4887 5016 2304 0
 3151 3739 4039 5118 0
 4192 4651 4887 2304 0
 4887 4651 3317 2304 0
 5204 3317 2304 4887 0
 1974 1804 1225 5334 0
 1804 2741 1225 5334 0
 2699 2083 3868 2496 0
 2033 3140 3099 2945 0
 3868 2699 2496 3583 0
 2699 3868 2083 5024 0
 4570 2699 5024 3868 0
 4650 5102 987 984 0
 4040 3388 1041 4544 0
 3715 3354 3936 4040 0
 3583 3868 2699 4570 0
 5102 987 984 5285 0
 976 1074 1076 4698 0
 976 1076 978 4698 0
 1774 2379 1997 3753 0
 4045 804 5242 802 0
 1774 2379 2206 1997 0
 804 4045 5242 1406 0
 2707 3807 1732 3275 0
 1732 3807 1265 3255 0
 2707 3807 3496 1732 0
 1707 2869 2606 5059 0
 2606 4477 5059 2869 0
 3284 1674 3261 2628 0
 2081 1856 2628 1674 0
 1565 3449 4868 2640 0
 2707 4437 3904 3494 0
 2715 503 2301 2101 0
 5037 3934 1648 997 0
 5265 4752 3970 4185 0
 14 3916 4772 2674 0
 688 690 4125 694 0
 695 4125 5214 690 0
 5037 3934 997 995 0
 5214 5222 4125 2867 0
 2786 353 4049 345 0
 4049 345 3319 2786 0
 4049 3173 3319 345 0
 2594 1211 3212 2075 0
 3212 2594 3783 1211 0
 2416 2403 1959 434 0
 1879 3353 2416 434 0
 3353 2403 2416 434 0
 4050 1478 4172 1543 0
 3778 4280 2836 3521 0
 4050 1467 4172 1478 0
 3905 2836 3055 4280 0
 3288 537 2029 3191 0
 3758 537 2029 3288 0
 978 4698 1076 5290 0
 4856 4957 3808 4236 0
 3935 4222 4288 1423 0
 4856 3808 4957 4694 0
 3481 869 3187 4734 0
 3187 869 4816 4734 0
 2568 3317 5330 2320 0
 3317 2320 2603 5330 0
 2603 3317 2304 5204 0
 1823 4371 3560 2878 0
 2603 2304 3317 4684 0
 3002 142 3442 193 0
 5192 3264 4304 1092 0
 2753 5287 4304 4052 0
 4052 5224 3264 4178 0
 4052 5287 4304 3264 0
 4620 3614 4842 3762 0
 3949 3560 1823 4371 0
 4620 3614 3762 4855 0
 5008 4089 4894 1414 0
 986 1715 4684 983 0
 5008 3653 4089 1414 0
 2038 3909 2224 1260 0
 1260 2038 3909 3128 0
 1260 3909 2512 3128 0
 3486 1260 2224 3909 0
 2512 1260 3486 3909 0
 2596 2301 1236 1378 0
 1427 1236 2325 2416 0
 1236 2325 1378 1427 0
 2416 1236 2325 2698 0
 3064 3192 2279 1314 0
 474 4845 4243 2207 0
 474 4845 4652 3734 0
 986 5211 5165 1715 0
 4845 4538 474 4652 0
 474 4845 3734 4243 0
 986 1715 5165 4684 0
 2114 4082 2489 2986 0
 3913 3638 4678 1910 0
 4398 4082 2489 2114 0
 3621 2489 2727 2114 0
 3330 2917 3913 3886 0
 1910 3913 2917 3886 0
 986 4691 5165 5211 0
 2727 2489 4510 2114 0
 986 4691 5211 5290 0
 4869 3012 3914 5105 0
 2114 2986 2489 4510 0
 3621 4398 2489 2114 0
 2998 3084 2787 1890 0
 1162 3194 1150 4132 0
 4132 1162 3063 2551 0
 4132 1162 4934 1150 0
 4132 1162 2551 4934 0
 3309 949 3468 2847 0
 421 3048 5283 4133 0
 451 3656 4133 5283 0
 2327 2334 4057 3923 0
 2327 1888 4057 2334 0
 4057 3314 1991 3923 0
 2327 1888 2771 4057 0
 2225 3615 1517 3811 0
 3811 2225 3615 2130 0
 3508 3982 480 3168 0
 5101 3508 3553 3982 0
 3970 3368 3413 3415 0
 3377 1210 4136 4021 0
 3377 4136 1210 5205 0
 4993 4120 4654 4064 0
 4993 4120 4064 2985 0
 2687 2707 3985 1543 0
 3985 3120 2687 1543 0
 3120 4172 2687 1543 0
 2707 4172 1543 2687 0
 3970 3415 3413 4329 0
 3485 4066 4461 4392 0
 3206 2877 4138 3458 0
 3348 3928 3720 2191 0
 3835 3348 3928 3720 0
 387 5326 5329 3650 0
 1148 2765 1160 4141 0
 2765 3215 1160 4141 0
 1160 4141 3925 1148 0
 1160 4141 4987 3925 0
 3970 4185 3480 3368 0
 5265 3970 3368 4185 0
 4185 3859 3480 3368 0
 3480 3859 5140 3368 0
 4144 1286 2619 5207 0
 2191 1525 553 3928 0
 3862 553 3928 557 0
 1525 553 3928 3862 0
 557 3835 553 3928 0
 3348 553 3928 2191 0
 3835 3348 553 3928 0
 3127 4318 3869 2116 0
 2992 3799 3361 4150 0
 1158 4150 3361 3799 0
 4630 2992 3361 4150 0
 2139 4738 4889 4037 0
 1166 4150 3361 1158 0
 5075 3422 2967 4641 0
 3400 2275 4641 2710 0
 2275 3400 4641 2398 0
 4641 904 2967 2710 0
 3207 4235 4931 4069 0
 1415 3931 5131 3041 0
 4403 3828 3621 4069 0
 5000 1415 3794 3931 0
 4069 4235 4931 3438 0
 2727 3449 4510 2489 0
 3686 2868 1148 3565 0
 4162 2868 1160 4851 0
 3606 4072 4580 1865 0
 3712 2382 2168 3474 0
 3712 2168 4524 3474 0
 4596 4580 4072 1865 0
 4618 4330 4696 3407 0
 2405 4696 4330 3407 0
 4618 2914 4072 4596 0
 4528 3953 594 4919 0
 3839 4762 3953 4919 0
 3953 2819 4762 3839 0
 2819 3022 4762 3839 0
 3935 1292 4778 4288 0
 3935 4288 4778 4094 0
 3346 2091 2961 3984 0
 4476 2832 4004 2952 0
 3133 4153 4926 1146 0
 4846 4153 4657 4898 0
 3426 3967 4006 2225 0
 4926 4153 4916 1146 0
 4006 4128 3615 2225 0
 5010 2914 3977 2696 0
 4741 2696 2065 3990 0
 3907 3253 4704 5032 0
 447 442 5310 437 0
 1273 1359 4252 3940 0
 387 362 5329 5326 0
 2220 2034 1814 1384 0
 5326 4569 2614 3650 0
 4156 5180 2988 4203 0
 655 5180 4156 4203 0
 387 391 5326 3650 0
 2951 4077 2024 5026 0
 1120 3703 4077 1169 0
 4149 3793 2656 4889 0
 362 369 5326 387 0
 4663 2412 4871 4078 0
 4663 3471 2412 4078 0
 4079 3687 5071 1571 0
 3849 3732 1709 4079 0
 3650 371 5329 387 0
 3687 2974 4079 5071 0
 4079 2974 1709 3849 0
 3174 4163 3350 4904 0
 5098 2786 1403 1637 0
 5098 1637 1403 2778 0
 2778 1403 5098 1209 0
 5098 3319 1403 2786 0
 1355 3011 3945 4035 0
 2883 3945 4035 1355 0
 3097 3945 1253 2883 0
 4180 2703 2914 1779 0
 913 3685 2924 927 0
 3800 4240 3685 2924 0
 3523 3048 4566 4133 0
 4942 405 431 5136 0
 3650 391 4942 387 0
 4288 3950 4869 3574 0
 391 5326 3650 3566 0
 3613 4062 3669 3245 0
 382 5326 369 391 0
 4550 3613 3669 3245 0
 3669 4550 3245 3259 0
 1223 3780 4081 3207 0
 4468 4338 1302 2337 0
 4167 5142 3365 3141 0
 2390 5006 2424 4083 0
 4891 3114 4167 4661 0
 2390 4083 3286 5006 0
 1011 4167 3365 3141 0
 1243 1460 3355 1307 0
 2726 1282 2144 4992 0
 2864 2053 3222 4499 0
 2641 2053 2853 3222 0
 2473 4388 2748 4588 0
 4003 4457 3474 5134 0
 4588 1962 3273 1877 0
 5126 1780 4501 3190 0
 3190 4501 4735 4171 0
 3752 3364 4087 1182 0
 4105 4735 3276 850 0
 3752 4087 4230 1182 0
 4087 4230 1182 1174 0
 4171 4501 4105 1780 0
 4176 3586 4262 935 0
 3045 4451 5111 5040 0
 4451 4562 5111 5040 0
 3171 5146 1358 4322 0
 3876 3479 1291 856 0
 4339 3627 2470 4093 0
 4093 435 480 3892 0
 5322 3217 3960 5324 0
 3680 1647 2262 1337 0
 3896 1955 1678 5219 0
 1955 1678 4754 3896 0
 549 2191 3490 3962 0
 1975 1871 2973 3765 0
 4779 4393 4135 2500 0
 1629 1871 4135 2973 0
 4779 3765 4393 2500 0
 3713 3676 4810 5314 0
 705 3290 821 4182 0
 4204 1423 4094 4288 0
 2933 1244 2125 2129 0
 3935 4288 4094 1423 0
 1864 4805 3996 5123 0
 3028 4548 3999 3641 0
 4444 5168 4548 3641 0
 1795 2331 1480 1641 0
 1579 1636 17 1480 0
 3419 3641 4548 3028 0
 4444 4548 3419 3641 0
 4185 4872 3480 5033 0
 1917 3082 1769 4007 0
 3251 4185 5033 4872 0
 2843 4155 3905 5194 0
 4371 4622 1255 4295 0
 2825 4228 3971 2701 0
 3047 4097 878 882 0
 20 4805 1864 5123 0
 2961 3845 2740 3346 0
 3384 3346 2740 3052 0
 3340 3346 3384 3052 0
 1223 2217 4187 4162 0
 1223 3530 2217 4081 0
 1223 3530 3193 4187 0
 1223 2217 3530 4187 0
 3043 2627 3746 4206 0
 4207 4504 3972 2627 0
 3290 4190 4605 2691 0
 5050 3368 5140 3730 0
 4100 3881 4804 2118 0
 3730 5140 4979 3368 0
 3358 5050 5140 3730 0
 2926 4100 4792 2118 0
 2926 4100 2573 4247 0
 4100 3687 2573 4247 0
 4559 4775 2238 3298 0
 3978 3593 3372 854 0
 3593 3469 855 854 0
 4095 5272 801 4004 0
 3681 3206 2877 4138 0
 4138 3206 3434 4132 0
 4138 4132 3681 3206 0
 4199 4014 3821 1013 0
 4199 1013 3821 3848 0
 4199 4011 4014 1013 0
 4199 5075 4011 4766 0
 2293 4083 4276 4213 0
 4199 3265 5075 4766 0
 4091 2696 3595 3990 0
 3990 4091 5010 4946 0
 3990 2696 5010 4091 0
 1093 2686 3329 3379 0
 4023 2878 910 924 0
 2878 924 4023 3560 0
 2435 3345 2332 2312 0
 4319 5236 665 666 0
 4319 5095 5236 666 0
 3085 2875 1710 4896 0
 2875 4492 4287 5121 0
 3085 4896 1710 3132 0
 3450 1302 3308 1599 0
 1788 1302 1599 40 0
 3308 2266 40 1302 0
 3132 3646 3085 4896 0
 4492 5121 2875 4896 0
 4156 2988 655 4203 0
 4203 2848 2988 648 0
 722 2848 4203 650 0
 3985 712 3050 750 0
 4825 4563 4430 3986 0
 4737 2821 3004 4376 0
 3608 4205 4537 3196 0
 4205 4803 3608 4537 0
 4226 2915 4108 1476 0
 3460 4226 2915 4108 0
 4205 4803 4537 3769 0
 4537 4205 2149 3196 0
 4251 3997 2688 5237 0
 4566 408 5237 3334 0
 4251 408 4119 5237 0
 3123 2281 3838 1425 0
 558 3128 3172 3666 0
 816 3098 3974 4096 0
 554 2790 3666 558 0
 554 3128 558 3666 0
 2790 3172 3666 558 0
 4857 4096 818 3974 0
 3098 3425 3974 2739 0
 4160 3439 811 1916 0
 1916 4160 1291 810 0
 2935 1916 4160 1291 0
 3994 628 3528 619 0
 3157 4415 3311 2342 0
 641 4901 634 3995 0
 2613 517 2814 509 0
 2613 2814 3168 509 0
 5104 2413 1426 3330 0
 5104 3330 1379 1692 0
 3421 3011 2987 2616 0
 1559 4410 2348 4131 0
 2934 2086 4111 2093 0
 5108 2086 4111 2228 0
 1729 4439 1739 5182 0
 4358 1729 4439 5056 0
 4615 1303 4939 2066 0
 4615 1303 1828 5084 0
 1828 3675 1850 4615 0
 4277 4810 4788 3910 0
 3054 3057 1532 1265 0
 1955 3896 4327 4637 0
 2620 1265 3057 3054 0
 1265 1532 1943 3057 0
 2394 1943 3057 1265 0
 1100 1111 3199 3910 0
 1223 4500 2032 4526 0
 2075 3166 521 1211 0
 521 3857 3166 3827 0
 3814 3857 521 3827 0
 529 3814 521 3827 0
 1223 2014 4500 4526 0
 1456 2512 3807 4146 0
 1456 2512 4146 2972 0
 142 3002 3864 4520 0
 4299 4223 3432 4502 0
 4299 4223 4074 2921 0
 4005 2953 3011 1751 0
 3615 1119 1059 4680 0
 4483 3426 3362 4006 0
 5333 2609 2572 4113 0
 2609 1438 2572 4113 0
 4385 4114 3177 3192 0
 2813 4028 4818 4997 0
 2926 1264 1541 2694 0
 4385 4114 3192 2766 0
 3254 3087 2059 4522 0
 2714 3087 3254 4522 0
 3589 4127 1751 3473 0
 4005 618 4127 3589 0
 4799 2778 2670 1757 0
 1917 3082 4007 4515 0
 2102 2941 4008 4409 0
 4745 509 517 503 0
 4745 503 517 2301 0
 509 517 2814 2887 0
 3421 3011 1355 1751 0
 3421 2865 1355 1591 0
 3421 1751 1355 2865 0
 2843 3778 1228 2695 0
 2843 2836 1228 3778 0
 5252 4096 816 818 0
 625 4005 2953 636 0
 818 4096 816 3974 0
 513 521 3857 3166 0
 2823 346 3062 4136 0
 4411 4178 3669 3406 0
 4835 4178 4234 4354 0
 4062 4234 4835 4178 0
 4234 4178 4062 3669 0
 4234 4178 4411 4354 0
 2538 2191 1670 4863 0
 3490 1216 2538 2191 0
 3490 2191 2538 4863 0
 1265 4033 1375 2243 0
 1375 3909 1676 4033 0
 4033 1676 1375 2243 0
 4026 3583 1009 2122 0
 1498 4121 1455 1461 0
 4121 4177 1455 1461 0
 4908 4121 1455 1498 0
 1422 3021 2965 5036 0
 1218 1453 4146 3515 0
 1569 2537 2332 3345 0
 1569 2332 2897 3345 0
 4095 4217 4165 3831 0
 3831 4165 4095 4312 0
 4181 2750 3720 4458 0
 2624 4300 4061 3247 0
 4300 3400 4061 3247 0
 2398 3400 4300 3247 0
 1426 5104 2127 3574 0
 2398 4300 3405 3247 0
 3975 2249 1965 4615 0
 1218 4016 3515 4458 0
 5212 2850 2760 2103 0
 3884 2103 2850 3944 0
 2574 2795 3707 4191 0
 5332 3707 2574 2895 0
 2140 4869 5036 4288 0
 4941 5036 3021 1422 0
 1962 1452 1498 2835 0
 1497 1962 1498 3541 0
 3517 4261 4591 3270 0
 4591 4261 4394 3270 0
 4591 3517 4996 4261 0
 4261 4996 4591 4558 0
 4171 849 4735 3190 0
 448 440 4413 415 0
 2021 415 440 4554 0
 4413 415 440 2021 0
 3653 4186 1531 1414 0
 4271 4075 2689 383 0
 4271 3997 2689 4075 0
 4499 4905 2674 4763 0
 3318 5036 3906 1419 0
 4499 2853 3222 4763 0
 2053 2853 3222 4499 0
 2696 3977 4117 4580 0
 2696 3977 5010 4091 0
 2914 3977 3437 5010 0
 4097 3130 878 882 0
 2799 1222 2923 2752 0
 2923 2799 3371 1222 0
 4027 3455 4575 4875 0
 4027 4410 3169 4875 0
 2799 4273 1222 2752 0
 4128 1178 1168 3967 0
 4006 1178 4128 3967 0
 3952 807 805 3310 0
 2519 2075 3312 2594 0
 4629 4246 2833 4267 0
 4629 4637 2833 4246 0
 860 859 4043 4246 0
 4129 3285 3594 2778 0
 4129 1211 3594 3783 0
 1553 2650 4130 12 0
 2687 2707 4437 3985 0
 2707 4437 3985 3904 0
 4130 3858 3424 5039 0
 2650 3858 4130 12 0
 1265 3486 1375 4033 0
 3807 3486 1265 4033 0
 1265 4033 2243 3255 0
 3807 1265 3255 4033 0
 1602 1747 1995 3007 0
 3007 1995 1948 1747 0
 4852 3310 5221 4256 0
 5221 4852 4256 2376 0
 2121 3490 1216 3070 0
 3178 1216 4884 3070 0
 2114 3828 4248 2816 0
 4625 4510 1183 1175 0
 3325 2883 1253 4035 0
 4510 4625 4420 1967 0
 2744 2938 2840 4824 0
 4035 2953 3945 1253 0
 2883 3945 1253 4035 0
 2938 4514 2840 4824 0
 2810 1013 3821 2735 0
 3711 2075 1666 3166 0
 3911 2774 2045 2746 0
 2810 1013 3848 3821 0
 5263 4550 4249 925 0
 5108 4111 5044 2228 0
 5263 3406 925 4249 0
 3595 2696 4580 3606 0
 3939 2735 3821 1026 0
 2859 1067 3939 4014 0
 1629 4135 4383 2491 0
 1629 1871 3773 4135 0
 2913 4616 2385 4806 0
 4014 1026 3939 3821 0
 4832 4214 4037 4077 0
 4926 5099 4214 4077 0
 4251 3048 2688 3006 0
 3562 2973 2491 4779 0
 4251 438 3048 3006 0
 3332 4135 4383 1629 0
 1629 3773 3332 4135 0
 421 4251 3048 5237 0
 421 408 4251 5237 0
 2316 3900 2716 1771 0
 3020 3900 2316 1771 0
 2316 3900 3205 2716 0
 661 662 701 3147 0
 3147 667 661 662 0
 667 5248 662 3147 0
 1165 4577 1118 4261 0
 2717 2919 5168 3365 0
 464 4413 440 4689 0
 4139 5088 4213 966 0
 2361 5088 4139 966 0
 453 464 440 4689 0
 4139 966 4213 964 0
 4363 966 3344 4139 0
 4139 966 3344 2361 0
 4363 4139 964 966 0
 1214 4413 464 4689 0
 4276 2293 4341 4529 0
 1565 2877 2782 3681 0
 5167 3681 2877 4138 0
 596 571 567 3842 0
 3842 571 567 4275 0
 826 824 4259 4092 0
 4092 4605 4296 2691 0
 824 4259 4646 4598 0
 3371 3221 4399 2799 0
 641 4593 4044 708 0
 4044 4593 3723 708 0
 4420 4868 4936 4510 0
 3250 1115 3981 4260 0
 1322 3811 1392 1911 0
 1911 1392 2130 3811 0
 1032 1030 4176 4262 0
 5293 2152 4975 5201 0
 3777 5293 476 505 0
 1065 4262 1030 1032 0
 2674 1735 4263 4737 0
 1735 2806 4263 4737 0
 4265 814 813 3252 0
 4265 813 814 3098 0
 3883 3008 2865 1470 0
 3008 3726 1449 2865 0
 1473 2865 3421 1470 0
 5255 4265 4850 3252 0
 3574 3950 2127 1755 0
 2764 2907 1391 1577 0
 2838 3491 3503 4233 0
 2907 2675 4780 3618 0
 1577 2907 1564 2345 0
 1577 2764 2907 2345 0
 3491 3503 4233 3369 0
 4151 4290 5086 5090 0
 4151 4290 5090 3818 0
 3930 4266 5159 4781 0
 4266 4781 2878 5159 0
 3902 4266 5159 3930 0
 4561 4727 2456 3181 0
 1705 3791 2631 2634 0
 4266 2878 3497 5159 0
 4524 3902 3092 3930 0
 3902 4266 3497 5159 0
 4297 2249 3557 3181 0
 507 502 3733 515 0
 3826 1070 4525 2654 0
 507 3733 502 5254 0
 502 4643 507 5254 0
 1916 3882 1490 3439 0
 1916 3882 2833 1490 0
 3791 2627 2870 2313 0
 1490 3439 4160 1916 0
 4160 1490 1916 2935 0
 3911 4874 3342 4514 0
 519 2075 4055 2563 0
 3603 2099 2856 2970 0
 3603 2856 1943 2970 0
 2526 898 4455 3316 0
 3129 1374 710 642 0
 5247 2526 3316 898 0
 3011 636 2936 4059 0
 3011 636 4059 2953 0
 4379 3996 4272 3019 0
 1961 3900 2818 1407 0
 5107 4379 3996 4272 0
 3759 4379 5107 4272 0
 2126 3946 443 455 0
 2835 1499 3509 1455 0
 1500 1499 4908 4090 0
 5220 3946 3689 4292 0
 3827 2075 3185 3711 0
 641 4901 3995 4044 0
 4095 5317 4217 3831 0
 4217 2928 803 2682 0
 1374 3011 2936 4059 0
 4059 1374 3129 642 0
 2970 3875 4164 1260 0
 2970 4164 2856 1260 0
 1100 3910 4277 2916 0
 1100 3199 4277 3910 0
 5186 3189 1649 3481 0
 1414 3697 3653 4186 0
 3704 3481 5186 3933 0
 4278 1109 1130 4010 0
 4010 4278 4382 4502 0
 1130 4278 4777 1109 0
 4382 4278 3833 3357 0
 3122 4774 2152 4865 0
 2977 3407 3857 3651 0
 3814 3857 3407 521 0
 2497 3755 4535 2506 0
 1779 1777 3185 3702 0
 2497 2506 2858 3185 0
 4211 5307 2708 4325 0
 4211 3599 2830 1138 0
 1367 3098 2739 1366 0
 4388 597 4071 5120 0
 1962 3739 3151 3273 0
 3151 3273 4071 4588 0
 1462 1411 1962 1464 0
 1692 1941 3330 3989 0
 926 2496 4423 2863 0
 1411 1452 1461 1498 0
 1498 3544 3541 3101 0
 1962 1452 1411 1498 0
 3924 1656 1624 4287 0
 2875 4492 3085 4287 0
 3646 4492 3085 4896 0
 3646 3924 3085 4492 0
 3163 3483 4168 2395 0
 2980 5154 4168 3163 0
 4168 3163 2395 1420 0
 2980 3163 4168 1420 0
 3279 336 5260 328 0
 328 5260 5311 336 0
 1218 4016 4458 3994 0
 4292 4054 3538 455 0
 3946 4054 4292 455 0
 443 4292 417 455 0
 443 3946 4292 455 0
 3561 3244 3156 4240 0
 4240 3592 3156 4796 0
 3592 3246 4240 3244 0
 3244 3592 3156 4240 0
 4169 3377 1978 2876 0
 2999 4169 1978 2876 0
 2265 3023 4169 3015 0
 1978 4169 2265 3377 0
 2265 3976 3377 4169 0
 3716 4293 3646 3837 0
 3716 3837 3646 4974 0
 4293 5150 3646 3837 0
 4190 4296 4991 4323 0
 4195 4296 4991 4503 0
 4190 4545 4296 4323 0
 4092 4259 4296 4605 0
 4475 1396 4170 4508 0
 4092 4296 4195 2691 0
 3583 1022 2004 4026 0
 4026 1022 2004 4461 0
 3248 449 5044 5202 0
 4882 3248 5044 5202 0
 4363 964 4139 962 0
 4139 964 4213 962 0
 4882 3248 2103 5044 0
 2686 3379 4298 938 0
 1010 2686 1029 934 0
 407 4110 3538 4370 0
 3538 447 407 4370 0
 4640 4300 3405 2398 0
 4180 2914 3320 4696 0
 1916 4267 3882 2232 0
 1943 1798 2046 3057 0
 2046 1943 3057 2394 0
 1532 1657 1943 3057 0
 3243 2040 4303 3427 0
 4303 2931 2959 3427 0
 4303 3427 4976 2931 0
 4303 3427 2959 3243 0
 4085 826 3598 828 0
 5222 828 3598 826 0
 2038 554 3666 3128 0
 442 5310 2097 4091 0
 3162 3149 2473 555 0
 4306 3502 3293 948 0
 596 3321 567 589 0
 3842 596 3321 567 0
 3321 3842 567 4275 0
 2840 4824 4514 3342 0
 4246 858 860 3526 0
 2833 4267 4246 3526 0
 4043 858 860 4246 0
 4849 3926 853 4112 0
 4043 4112 3926 3893 0
 853 4939 4849 4112 0
 4849 853 850 848 0
 4849 850 853 3926 0
 4939 853 4849 848 0
 4342 3408 3411 2260 0
 3405 3408 4342 2624 0
 1414 4848 3464 4186 0
 3741 3465 1414 4848 0
 4310 367 365 385 0
 4553 3622 4320 4310 0
 3416 3981 3103 4311 0
 3416 4311 3418 2554 0
 3789 3981 3416 4311 0
 1040 4961 3153 4793 0
 3789 4311 3416 4759 0
 3416 3103 3418 4311 0
 3347 4578 5266 3341 0
 4868 3449 4510 2727 0
 1187 1195 4916 4189 0
 3028 1063 3999 4313 0
 4916 1195 3620 4189 0
 1187 1195 4189 4417 0
 1063 1024 3999 4313 0
 4921 1063 3028 4313 0
 4418 1827 3254 2964 0
 4254 902 3114 914 0
 1581 3184 3450 1660 0
 4418 1358 1827 3306 0
 4817 3673 4314 687 0
 4418 2964 3306 1827 0
 5072 767 4853 4718 0
 3922 4853 3582 4718 0
 3548 3922 4718 5072 0
 4817 687 4314 691 0
 2839 2727 4510 2114 0
 2114 4510 2839 2986 0
 2114 1833 2839 2727 0
 2114 2839 2900 2986 0
 2834 2764 4103 2732 0
 2834 4103 1242 3183 0
 3832 3850 1242 4103 0
 2732 2764 4103 3832 0
 3850 3183 1242 4103 0
 4862 4319 5248 662 0
 4319 665 5236 5248 0
 5051 4790 1739 4345 0
 4637 1955 5219 4629 0
 332 1294 326 2614 0
 2693 2901 4320 389 0
 365 3694 367 4553 0
 365 4553 367 4310 0
 4075 367 4966 3694 0
 2901 4075 4271 4320 0
 4310 4320 389 2693 0
 4197 1303 5084 1399 0
 3474 2168 4524 4321 0
 4939 4197 4326 1303 0
 3474 4321 4524 3930 0
 4524 4740 3902 4321 0
 3902 4321 4266 3930 0
 2168 4740 4524 4321 0
 4524 3902 3930 4321 0
 4142 2988 654 4156 0
 5239 649 4142 2988 0
 4344 1428 3036 2771 0
 1104 3250 3981 3789 0
 2208 4324 5123 3897 0
 3159 4324 4000 5123 0
 5123 4324 4000 3897 0
 4752 3725 3970 4185 0
 3251 4752 4185 3725 0
 2710 2540 5041 3323 0
 2502 3502 1610 2962 0
 2502 3502 2962 5292 0
 2093 2103 4882 3573 0
 2103 4368 4882 3573 0
 3452 3467 705 4182 0
 2785 1943 1375 1532 0
 1943 3486 2785 1375 0
 1185 4579 4236 1193 0
 1185 4957 4236 4579 0
 4656 3007 1995 1948 0
 32 3007 2154 1948 0
 4081 3211 5183 3710 0
 4202 4013 1397 1224 0
 4403 4138 3146 3194 0
 2989 2100 5183 3211 0
 4403 3146 4138 2489 0
 2989 3211 5183 4081 0
 2390 4094 3359 5002 0
 2390 4094 5002 4204 0
 2390 1994 1423 4204 0
 2390 1423 4094 4204 0
 1367 3974 2739 3098 0
 1115 4332 1136 4260 0
 5345 605 4228 577 0
 1172 5167 4336 3194 0
 3194 1162 2100 4336 0
 1879 3077 3353 434 0
 4147 380 4511 3077 0
 4299 4210 4074 4223 0
 4223 5124 4299 4210 0
 3791 4207 1705 2870 0
 4461 4026 3154 2122 0
 3798 2870 1705 4207 0
 3815 1374 2911 880 0
 4461 4026 1022 3154 0
 2911 2616 1374 3815 0
 901 913 4041 3477 0
 4041 913 901 3381 0
 4391 5111 4451 4924 0
 901 908 922 3381 0
 4217 2682 4095 4165 0
 1771 3038 3900 2210 0
 2394 3496 1265 1732 0
 1771 2913 3038 2210 0
 1732 3807 3496 1265 0
 4209 4665 4366 3794 0
 2706 3481 3187 4734 0
 2706 3481 4734 3933 0
 4655 1113 3218 1134 0
 5050 3973 4343 4329 0
 4343 1102 5050 3218 0
 4166 4350 820 5278 0
 3699 5255 785 735 0
 1165 4668 4261 1177 0
 4365 4068 4261 4957 0
 4350 817 820 3699 0
 5255 815 3699 785 0
 4132 3434 1150 4934 0
 2821 4009 4122 4448 0
 4122 4827 5206 5257 0
 4601 2971 2621 2820 0
 4344 2821 1428 4122 0
 2015 1253 2257 1555 0
 2293 4139 3158 4215 0
 2989 3194 2100 3144 0
 3146 2100 2989 3194 0
 3644 4574 4123 5191 0
 4560 4107 2633 341 0
 1064 3415 5166 1103 0
 1103 1114 3415 5166 0
 5166 1114 3415 5265 0
 1910 5215 2917 3913 0
 4405 3415 5166 1064 0
 1910 1846 4727 4124 0
 2194 5198 4727 4124 0
 4560 4147 357 4022 0
 4350 817 3699 815 0
 3594 1832 3263 3166 0
 3166 1666 3263 3594 0
 2375 4219 4386 3959 0
 4284 4350 2984 3880 0
 820 4350 4284 817 0
 4222 4496 1423 1892 0
 5333 2178 2609 4113 0
 2178 1438 2609 4113 0
 2178 3436 5333 2609 0
 4312 5175 3276 5264 0
 4171 5264 4105 3276 0
 5264 4312 4105 3276 0
 4901 4761 634 4472 0
 4512 1675 4901 2889 0
 904 2221 5209 2967 0
 3114 2967 5209 2221 0
 2617 2767 4225 4098 0
 902 2967 4254 3114 0
 3679 429 4353 2913 0
 3679 4175 4353 429 0
 5028 4108 4226 3460 0
 3188 611 4127 618 0
 2953 3188 4127 618 0
 4127 4005 2953 618 0
 3589 618 4127 611 0
 1751 4005 2953 4127 0
 1751 4005 4127 3589 0
 1544 1469 1951 4226 0
 4797 2627 4206 3972 0
 3399 4958 4145 4988 0
 4926 4214 1132 3703 0
 446 3126 4356 4104 0
 4625 4510 1175 4970 0
 4970 4625 4510 2839 0
 1124 4625 2839 2355 0
 1255 2756 1642 1393 0
 2639 3225 2580 3058 0
 2639 1393 1642 2209 0
 1393 4371 1255 4295 0
 2756 4295 1393 1255 0
 1945 4229 5043 2940 0
 2903 1536 3783 3212 0
 2692 3169 2903 3455 0
 3212 1536 1885 2903 0
 4665 1415 5106 4366 0
 4885 1415 4450 2925 0
 3526 3969 2833 3882 0
 860 2833 4246 3526 0
 4884 541 3178 3070 0
 4446 3526 5244 5112 0
 3395 4969 4233 3335 0
 3335 4969 4233 3856 0
 4446 4246 5147 4467 0
 1728 4233 629 3266 0
 2803 1382 1407 3838 0
 4641 5041 3016 3323 0
 4641 2710 5041 3323 0
 2800 2253 3326 2910 0
 2253 1213 2910 2323 0
 5171 4235 4069 3438 0
 4500 2939 4235 2375 0
 4866 2939 4331 3364 0
 5171 4331 4235 3438 0
 5040 5137 4237 5111 0
 5040 4562 5111 4237 0
 2382 2949 707 2526 0
 1728 2948 3953 580 0
 3941 3125 3197 2927 0
 5050 4498 3413 3368 0
 4498 4405 3413 3368 0
 4519 3730 3888 4498 0
 4498 3368 3605 4405 0
 4519 5050 3730 4498 0
 2956 376 425 3655 0
 3234 4122 5257 4241 0
 4096 814 3098 4265 0
 4146 2972 4238 1475 0
 4096 3252 814 4265 0
 4096 814 3252 5252 0
 2374 1473 3421 1470 0
 3421 2374 1470 1450 0
 4444 5238 3358 5256 0
 1859 3311 2378 1675 0
 938 2686 1029 4298 0
 1023 4701 1029 1010 0
 4606 1170 1121 4826 0
 4988 1170 4826 2233 0
 5125 4305 2657 4606 0
 3399 4305 2657 5125 0
 4988 1170 4606 4826 0
 4478 2982 1109 4010 0
 4382 1109 4010 4478 0
 4010 4278 1109 4382 0
 3230 4175 3341 2623 0
 4154 604 3616 616 0
 3616 1414 3741 4894 0
 3616 3741 4154 616 0
 4874 4055 2207 504 0
 4155 3875 2099 2970 0
 1120 4149 1169 4077 0
 1375 2224 1676 3909 0
 2038 3909 1676 2224 0
 5026 2024 4149 4077 0
 648 720 2848 718 0
 3616 2411 4157 4576 0
 3842 4157 604 3616 0
 1109 3833 4591 4382 0
 1109 4278 3833 4382 0
 4554 4627 4870 4384 0
 4554 1875 4870 4627 0
 4312 4095 799 4004 0
 3664 4369 3089 3099 0
 2926 4792 4247 3664 0
 4159 3690 4882 4463 0
 4160 3439 5095 811 0
 4867 1490 3439 4160 0
 5042 4160 5095 810 0
 4161 4429 4995 4950 0
 2926 4100 4247 4792 0
 4786 3823 3440 3008 0
 3823 3440 4071 5113 0
 4750 5017 5027 4489 0
 2855 3664 4369 3089 0
 1292 4215 1930 2361 0
 1930 3158 2361 4215 0
 2785 2224 1375 3486 0
 3486 2224 1375 3909 0
 1652 1939 2359 1354 0
 3366 4867 4531 3310 0
 3366 1490 4531 4867 0
 3911 4874 4055 3342 0
 2045 2075 4055 519 0
 1911 3811 4484 2580 0
 4165 4004 1400 5180 0
 4095 2682 4004 4165 0
 1911 2580 4484 2083 0
 4166 820 1401 5278 0
 1911 4484 3811 2130 0
 962 4341 1421 958 0
 1113 4391 3487 4924 0
 4341 962 4363 4139 0
 4341 4213 958 962 0
 3457 5230 4663 5082 0
 5265 3368 5208 3859 0
 3457 5230 5082 4012 0
 5265 3368 3859 4185 0
 5140 3859 5208 3368 0
 3639 2959 1150 3095 0
 3669 4550 3259 4249 0
 3669 3406 4249 3259 0
 3539 3869 3029 2116 0
 3705 3772 2116 4318 0
 4399 2799 1222 3371 0
 3196 2230 2149 4940 0
 4073 2752 2230 4738 0
 4162 3925 4851 1160 0
 4742 4380 2809 3572 0
 1148 4471 3925 1134 0
 4362 4172 4349 1432 0
 3120 1467 3692 4172 0
 1467 4172 4349 3692 0
 4362 1430 4172 1432 0
 3951 2409 4736 3784 0
 4265 815 813 2955 0
 4265 2955 813 3098 0
 5213 5185 3943 3784 0
 3784 3943 5213 2409 0
 5255 815 4850 4265 0
 5033 3251 3249 4185 0
 3249 3251 5313 4185 0
 5313 5265 4185 3251 0
 3082 4201 2941 1769 0
 2937 3999 4134 4313 0
 3160 2937 4134 4257 0
 1101 4701 3346 3845 0
 5057 3556 5245 5097 0
 2857 3660 4790 1345 0
 4231 1345 3660 2857 0
 4294 5157 1345 3660 0
 448 3262 431 5136 0
 4398 3828 2114 3621 0
 4591 1109 4996 3517 0
 4996 1109 4928 3517 0
 2502 2847 949 3388 0
 3309 2847 3388 949 0
 4179 3522 4334 3692 0
 4118 4966 4075 383 0
 4966 3694 4118 4075 0
 4966 367 360 3694 0
 3862 3928 4181 557 0
 4389 2750 3835 4181 0
 557 3835 3928 4181 0
 5128 4181 561 557 0
 4389 2750 4458 601 0
 4467 3896 1412 5219 0
 4246 3896 4467 5219 0
 4246 4637 5147 3896 0
 4411 4549 4521 3259 0
 2801 3434 2986 2489 0
 2801 2986 4510 2489 0
 2974 4264 3081 1221 0
 3160 3141 4264 928 0
 4264 5071 3687 2221 0
 3687 2974 5071 4264 0
 3434 1136 1150 4407 0
 3026 2563 4020 1650 0
 2671 3987 2563 2704 0
 2563 4020 2506 3026 0
 4654 5320 2860 4993 0
 869 3704 3933 3481 0
 5320 2037 2860 4993 0
 1570 2083 5338 4469 0
 3481 1649 2722 3189 0
 3043 3746 2465 4206 0
 3598 826 4092 5222 0
 4565 4482 3598 4296 0
 3669 3406 3259 4411 0
 5134 4234 4411 4354 0
 4411 3406 3259 4521 0
 4583 4411 4521 4354 0
 4414 2329 16 1640 0
 4648 2329 4914 3991 0
 1624 2875 4687 2370 0
 4157 604 3616 4154 0
 4687 2875 1624 4287 0
 1624 1656 4687 4287 0
 3677 5018 4445 5122 0
 5163 5018 3677 5122 0
 3483 4825 4840 1328 0
 4840 1328 4825 3986 0
 4825 4430 4964 3986 0
 3905 4155 3003 4902 0
 4334 4179 3692 3120 0
 4092 4605 2691 5222 0
 4195 4092 2691 5222 0
 1377 5222 3598 4195 0
 1667 1273 4252 3940 0
 1965 4268 2249 2105 0
 4756 2456 3501 2399 0
 1693 3660 3501 5051 0
 4268 3501 4756 2456 0
 1965 3640 4358 4268 0
 4268 5051 3501 3660 0
 3315 4358 4983 4268 0
 2249 5182 5051 4268 0
 1586 3167 4269 3591 0
 3591 1586 3167 3834 0
 2009 1856 3284 2628 0
 3032 2112 4105 848 0
 3174 3167 4269 1586 0
 4269 2641 3167 3174 0
 4105 2112 4501 848 0
 4105 4501 850 848 0
 1559 3590 1562 2348 0
 2686 3800 3801 2961 0
 1559 2348 1562 2932 0
 4102 4903 4612 1445 0
 4337 3677 5122 3744 0
 4337 3677 4445 5122 0
 1774 1997 61 2347 0
 1341 3753 1997 2379 0
 1774 1997 2347 3753 0
 3694 4433 360 2718 0
 3792 4031 1451 4102 0
 4553 4433 3694 3622 0
 1705 1387 2277 3134 0
 2098 2685 2804 2721 0
 2130 3811 2225 3343 0
 3393 2130 2225 3343 0
 2822 2116 3869 3887 0
 4126 4366 4968 3131 0
 4417 4422 4273 2665 0
 3131 4968 3782 4366 0
 4273 2799 4713 4422 0
 4273 2665 2663 4417 0
 4273 2665 3426 2663 0
 4273 2665 4713 3426 0
 4273 4422 4713 2665 0
 3334 389 399 408 0
 2744 2648 3235 418 0
 2833 859 860 4246 0
 2833 859 4246 4637 0
 4206 3746 2465 4965 0
 3035 3526 4267 3882 0
 575 571 3842 4275 0
 4228 3322 3214 1446 0
 3586 935 932 919 0
 5323 4208 2462 4099 0
 5323 5322 4208 4099 0
 2849 4083 4276 2424 0
 3409 4276 2424 5161 0
 4621 4276 4892 3409 0
 4522 4032 4543 2712 0
 4695 1418 4587 4032 0
 4176 935 932 3586 0
 1629 4135 2491 2973 0
 3872 2973 1629 2491 0
 3759 4293 2521 4272 0
 875 3044 3182 842 0
 3311 1859 875 3182 0
 1138 2830 2040 5284 0
 4293 3759 3716 4272 0
 3283 3311 875 3044 0
 3716 3759 5107 4272 0
 3141 2919 4134 2937 0
 2919 3999 4134 2937 0
 2919 2937 4548 3999 0
 4043 4446 855 858 0
 4446 855 858 3372 0
 4283 3372 3593 4446 0
 4446 855 3593 4043 0
 824 3819 4646 4259 0
 4433 359 360 2718 0
 359 2718 4433 3472 0
 5116 4529 4281 2293 0
 4944 2107 5197 3914 0
 4341 4281 4529 2293 0
 4944 3914 5197 5141 0
 1058 1057 1023 4701 0
 4701 1101 1058 1057 0
 1057 4701 1093 1029 0
 1101 1057 4701 1093 0
 1732 1805 2751 3255 0
 4049 3173 345 4285 0
 345 3173 337 4285 0
 3597 4285 4049 3701 0
 1100 4453 3910 1950 0
 1100 2004 2951 4453 0
 1100 1111 4453 2951 0
 1100 1111 3910 4453 0
 2178 3707 2238 4191 0
 3623 3386 3229 3573 0
 3796 3426 4483 2230 0
 4483 3802 3426 3796 0
 910 924 3474 4583 0
 4532 898 4003 4457 0
 898 4549 4457 4532 0
 4003 898 3474 4457 0
 3996 5107 4459 4379 0
 3136 4374 92 2477 0
 4374 2415 107 92 0
 4374 92 2477 2415 0
 2871 828 827 4505 0
 4505 4085 2871 828 0
 1546 3581 3786 1646 0
 5098 2670 2778 1757 0
 4228 605 2978 3971 0
 2856 3486 2785 1943 0
 2970 2856 1943 3486 0
 3401 4291 5034 3503 0
 4291 3401 5034 3993 0
 3861 4460 3608 1782 0
 4777 4460 1130 1782 0
 4460 3617 4886 4888 0
 4460 4278 1130 4010 0
 1130 4460 4777 4278 0
 4460 4010 4888 4886 0
 4172 2843 4396 1432 0
 4172 2843 1478 4396 0
 5051 4754 1693 4231 0
 1478 2836 4396 2843 0
 2573 2741 3881 2118 0
 2118 2741 3881 3482 0
 3322 5015 1445 2978 0
 5126 4735 4501 4849 0
 1445 2978 3971 4228 0
 3579 1113 4464 3487 0
 1134 1113 4464 3579 0
 3340 3346 3052 3845 0
 4464 4391 3487 1113 0
 4464 5256 4391 4833 0
 1185 1193 4236 4856 0
 4561 4268 4297 3181 0
 2037 2609 4120 4993 0
 2860 2037 4120 4993 0
 4598 826 3598 4085 0
 2609 3436 2296 4993 0
 2150 3128 3516 4238 0
 1526 1670 4238 4146 0
 4126 4366 3131 834 0
 4699 3131 4366 834 0
 3160 3141 1011 4134 0
 3141 2919 1011 4134 0
 3504 5190 3464 3582 0
 3999 1024 1011 4134 0
 3156 4788 2961 4796 0
 5147 3896 1412 4467 0
 4246 3896 5147 4467 0
 4301 5240 4252 1667 0
 4301 2238 4508 4252 0
 1327 4508 4475 4301 0
 4470 3381 3027 922 0
 3381 908 922 4470 0
 2124 3706 894 4242 0
 2124 4242 894 2125 0
 2125 890 4242 894 0
 4242 890 3706 894 0
 2781 3725 4814 4655 0
 3218 4471 3925 2841 0
 4947 2022 1372 1362 0
 4052 4304 5192 3264 0
 3441 4020 3082 1769 0
 3441 1772 4020 1769 0
 1772 2671 3441 4020 0
 2833 859 5176 1291 0
 2833 859 4637 5176 0
 3399 4988 4145 4305 0
 4988 1170 4305 4606 0
 798 2988 5239 4476 0
 797 4476 2988 798 0
 2832 4476 797 798 0
 5327 4476 2832 800 0
 4476 800 5239 798 0
 797 2832 4004 4476 0
 4477 4829 2869 474 0
 3413 3415 3368 4405 0
 3574 1344 1426 2413 0
 1344 2413 3574 1692 0
 1692 4288 3574 1344 0
 4196 930 2177 1873 0
 3249 4185 5313 3859 0
 3360 3886 1379 1892 0
 3918 4623 4011 4667 0
 1499 4090 1455 4908 0
 4623 4766 4011 4667 0
 4097 4155 3130 4025 0
 1499 1455 1498 4908 0
 2835 1499 3101 3509 0
 3865 4090 3509 1499 0
 1467 2915 3522 3692 0
 3522 3512 3921 2915 0
 4334 3692 3522 2915 0
 3481 869 4734 3933 0
 3676 1132 3294 3799 0
 1111 1132 3294 3676 0
 2641 2755 3174 4904 0
 4522 2059 4032 4308 0
 662 4319 5248 665 0
 3354 4213 966 964 0
 3508 1863 3553 3982 0
 4852 3310 4256 3366 0
 4256 4852 3366 2376 0
 4368 3690 4882 3573 0
 4882 4463 3690 4368 0
 3139 5077 840 3778 0
 3139 3521 3511 5070 0
 3139 5052 3778 3521 0
 5030 4516 4216 4590 0
 5030 3656 4516 5283 0
 3644 3877 4123 4574 0
 3548 5025 4858 3922 0
 4485 797 2832 3874 0
 4485 798 2832 797 0
 3538 455 4370 4292 0
 3011 2953 2120 3945 0
 3011 2953 3945 4035 0
 2102 1979 1561 3110 0
 3110 1561 5220 1979 0
 2687 2268 2707 1430 0
 2707 1220 1430 2268 0
 2707 2268 2687 2777 0
 5316 4368 5202 461 0
 4159 4882 4431 4463 0
 4208 4129 2778 4799 0
 2831 4387 2880 4489 0
 1757 2778 5098 3285 0
 2880 4489 3830 5132 0
 2880 4387 4527 4489 0
 689 693 5214 690 0
 3496 1943 3486 2970 0
 2970 3486 3496 2534 0
 5214 693 695 690 0
 4312 4095 4004 4165 0
 4095 803 4217 5317 0
 5264 4312 5093 4105 0
 3085 4492 2875 4896 0
 3646 4053 4492 3812 0
 3582 3504 4858 3464 0
 3085 3924 4287 4492 0
 3646 3812 4492 4896 0
 3646 3924 4492 4053 0
 3357 4382 4497 1098 0
 4694 4957 4928 4068 0
 4315 5018 1435 4563 0
 4633 5018 4315 4563 0
 3372 3593 855 854 0
 854 3372 2376 855 0
 3236 3410 2845 4498 0
 4519 3410 3236 4498 0
 2845 3410 3413 4498 0
 4227 2267 2884 3722 0
 453 4554 440 415 0
 5114 5178 3029 4318 0
 3772 3127 4318 599 0
 3127 599 4404 4318 0
 2021 2802 415 4554 0
 3705 3772 4318 599 0
 3068 3705 3029 4808 0
 1372 2690 3122 1507 0
 3029 4808 3705 4318 0
 2690 3612 3122 1507 0
 453 4689 440 4554 0
 4689 2021 440 4554 0
 3704 874 873 5186 0
 5186 3189 1353 1649 0
 3809 2810 3848 3821 0
 4199 3821 3809 3848 0
 4105 4735 850 4501 0
 4171 4735 4105 4501 0
 5220 2552 438 3006 0
 4190 4296 4503 4991 0
 4296 4259 4323 4545 0
 4195 4296 4503 2691 0
 2220 1961 4225 2629 0
 2629 1961 4225 2767 0
 4646 3220 5319 4323 0
 2933 2129 2125 2077 0
 3346 2961 3845 4701 0
 3501 3660 1693 3175 0
 1693 3175 2990 3501 0
 2990 3501 1929 1693 0
 2871 4505 827 2406 0
 3273 4071 3303 5120 0
 4388 2888 4071 597 0
 3099 4331 2945 3438 0
 4235 4331 3099 3438 0
 4832 4506 4630 2752 0
 4214 4506 2992 4832 0
 4214 4506 4832 4037 0
 4697 4409 3475 3956 0
 4409 4008 4697 4764 0
 3492 5127 5188 3197 0
 3492 2927 3197 3044 0
 2992 4506 4630 4832 0
 4832 4506 2752 4037 0
 4327 4637 3876 1955 0
 4406 3197 4913 3519 0
 5270 1746 1319 3443 0
 1462 1217 4328 1448 0
 1319 3443 3593 5270 0
 3300 4779 3562 2491 0
 4558 2500 3300 4135 0
 4509 672 5255 4836 0
 5255 673 672 4509 0
 4618 4596 4330 3227 0
 4618 4596 4072 4330 0
 3606 4072 1865 4330 0
 1805 2808 3275 3917 0
 3050 4437 2808 644 0
 3171 4322 1358 1471 0
 4222 4496 4288 1423 0
 4331 3364 2945 3752 0
 4866 3364 4331 3959 0
 2375 2939 4235 4331 0
 2939 3364 2945 4331 0
 4235 2939 3099 4331 0
 3109 5119 1763 5116 0
 2033 3664 3099 3140 0
 1415 5106 4450 2779 0
 4813 928 4632 4015 0
 3917 2808 3275 4945 0
 2716 1730 3900 3205 0
 3663 3262 5085 4783 0
 928 4813 4632 4661 0
 2808 4437 3275 4945 0
 4661 4254 4813 4891 0
 4483 3362 3426 3802 0
 2976 1606 2882 2553 0
 1930 3158 4215 4288 0
 3662 2976 2882 2553 0
 3525 2282 2684 2459 0
 4190 3564 4323 4143 0
 3303 3440 5113 4071 0
 3843 689 686 4490 0
 5286 3843 4490 689 0
 3274 1697 3178 1977 0
 2844 4543 4337 2712 0
 435 4339 3231 3100 0
 435 3231 4339 4093 0
 4341 4213 3936 958 0
 4363 4341 1421 962 0
 4341 1421 958 1763 0
 958 4281 3936 4341 0
 4341 4213 962 4139 0
 958 1763 4281 4341 0
 2701 1503 2625 1501 0
 1503 1506 2701 2625 0
 1777 3555 2506 3185 0
 3206 3458 3449 2877 0
 4358 5056 3271 3640 0
 3449 3458 2727 2640 0
 1610 3388 2847 2502 0
 1610 2847 3388 2775 0
 1610 945 2847 2775 0
 3712 4935 3713 1635 0
 4282 2785 1657 1943 0
 4282 2856 2785 1943 0
 3264 4178 5192 4052 0
 3188 3127 4127 611 0
 3705 3772 599 611 0
 3473 4127 3705 611 0
 3473 3589 4127 611 0
 3844 3145 3228 4271 0
 2858 2563 2506 3026 0
 2858 2563 3185 2506 0
 2506 2563 3555 2704 0
 2563 3185 2506 3555 0
 3015 1865 2999 2994 0
 3015 2994 2999 3263 0
 4288 1789 4869 5105 0
 1419 4496 1994 4288 0
 5036 2140 4288 1419 0
 3950 5119 1755 4288 0
 2140 1789 4941 4869 0
 1994 4496 1423 4288 0
 4124 5198 4727 1910 0
 1930 3158 4288 1692 0
 1344 1692 4288 3158 0
 5036 4941 4869 2140 0
 2194 5198 4124 3001 0
 5170 2747 504 4557 0
 5090 5086 3784 4290 0
 4333 4290 1413 3717 0
 4290 4333 5185 3717 0
 4181 4389 4458 2602 0
 2602 4389 4458 3515 0
 2602 3740 4389 3515 0
 4122 5206 4827 4344 0
 3718 3036 1888 4344 0
 3431 1415 5131 3041 0
 4057 1888 2771 4344 0
 4827 5206 4057 4344 0
 2820 2621 4434 4359 0
 2971 4122 4827 4344 0
 4847 4345 1746 3443 0
 1054 3949 4546 3332 0
 4228 2978 5345 4346 0
 4346 2978 5345 623 0
 673 3695 4533 5255 0
 4533 735 5255 3695 0
 3535 3925 2841 3218 0
 4056 3535 3218 3925 0
 3772 3705 4127 611 0
 3705 2116 3772 4127 0
 5183 3267 3211 4748 0
 5183 4748 3211 2100 0
 4350 815 4265 2955 0
 4309 3771 4019 3826 0
 3790 4309 3014 3826 0
 5255 815 4265 4350 0
 2933 2077 2763 3603 0
 2727 3458 3449 2489 0
 4868 2640 3449 2727 0
 3526 3882 3372 3040 0
 3372 3882 4852 3040 0
 5090 600 4255 612 0
 1877 2852 1839 1495 0
 2748 3149 4588 1877 0
 3716 3759 4293 3837 0
 1865 3227 2858 2994 0
 2497 2506 4535 2858 0
 1415 2905 1510 3041 0
 1510 2905 1506 3041 0
 4171 3190 4501 1780 0
 3042 3570 2829 4864 0
 2829 1670 3666 3042 0
 2827 5134 3712 4354 0
 2827 4234 5134 4354 0
 4847 3932 5089 3118 0
 4542 4175 5266 429 0
 895 4455 2526 898 0
 1166 4150 4803 3361 0
 4150 3361 4205 4803 0
 3660 4231 1693 3175 0
 2185 1622 2824 4355 0
 2502 3388 949 951 0
 2892 4670 4378 3545 0
 3545 566 3839 1529 0
 3388 2358 3309 951 0
 2903 3552 3169 1932 0
 3936 3388 2502 951 0
 1353 3189 4690 1649 0
 1353 3189 3269 4690 0
 2099 4155 3130 4771 0
 4259 3819 4646 4323 0
 4646 3819 3220 4323 0
 3220 4323 3564 3291 0
 3786 3349 1329 4289 0
 4190 3564 821 4545 0
 4341 4139 4363 2293 0
 4357 1512 3331 3256 0
 3355 1307 4357 2881 0
 2033 2926 3140 3090 0
 4613 1512 4357 3256 0
 2033 1264 2926 2694 0
 4357 1512 2925 3331 0
 3355 1513 2881 4357 0
 4357 2925 1512 4653 0
 1965 4358 3596 4615 0
 1965 4358 2249 4268 0
 3596 5089 4615 4358 0
 5075 4551 4766 4086 0
 4359 3665 2459 2621 0
 1470 1675 1450 3995 0
 3421 1591 1675 3836 0
 1450 3995 1675 4044 0
 2548 3421 1675 2342 0
 3525 4359 2459 2820 0
 2820 2621 4359 2459 0
 1842 3679 3383 3038 0
 2913 3679 3038 3383 0
 367 3694 4320 4553 0
 4757 4367 4956 1389 0
 2660 3399 2657 4361 0
 367 4553 4320 4310 0
 4526 4361 3399 2660 0
 365 4433 3694 4553 0
 415 4554 2802 396 0
 415 4554 396 4384 0
 415 4554 4384 453 0
 5112 4446 3593 4467 0
 4446 5244 4467 5112 0
 5112 3593 1319 4467 0
 4027 418 2648 4131 0
 686 3843 4490 4817 0
 5114 3764 3210 5178 0
 4155 3003 4902 3137 0
 3228 4589 336 344 0
 1558 3228 344 4481 0
 5046 4365 3300 2642 0
 2658 4365 2642 4668 0
 5046 4365 2642 2658 0
 4531 3439 3882 2232 0
 4835 2827 3712 4354 0
 4835 4234 2827 4354 0
 4062 2827 4835 4234 0
 2995 361 372 384 0
 361 384 2995 5303 0
 4443 3664 4523 3140 0
 4443 4369 4523 3664 0
 2394 2783 3496 2707 0
 4792 2855 4247 3664 0
 2783 1724 3496 2707 0
 2855 4369 2622 3089 0
 926 3868 2496 3583 0
 4371 3949 4295 3507 0
 5247 4881 2878 4266 0
 3979 4372 1346 2702 0
 846 3032 848 4326 0
 3032 4567 2112 4326 0
 3032 2600 4326 4197 0
 2702 4372 4445 3677 0
 3979 4372 1329 1346 0
 2217 4987 4056 1160 0
 1160 4987 4056 3925 0
 2217 5167 4987 1160 0
 3372 855 3593 4446 0
 4796 4835 2904 4062 0
 3563 3882 2232 4531 0
 1492 3116 5325 2356 0
 2503 3116 1778 1267 0
 2356 1492 3116 1267 0
 1249 3611 3177 2009 0
 1249 4385 3177 3611 0
 4028 4114 3177 4385 0
 4028 4114 4385 4997 0
 4565 3598 4758 4598 0
 826 4259 4565 4092 0
 826 4565 3598 4092 0
 4259 4565 4646 4598 0
 3210 3280 5156 4177 0
 4406 4972 833 4719 0
 4757 4956 4998 5251 0
 4646 4565 4758 4598 0
 4566 399 421 408 0
 399 422 4566 421 0
 4566 399 3334 2693 0
 4614 3921 4334 3522 0
 4334 3522 3921 2915 0
 2898 2616 2911 3815 0
 389 2901 4320 4075 0
 4310 4320 367 389 0
 4584 4376 3525 2906 0
 3234 4376 3525 4584 0
 389 367 4310 385 0
 2944 4378 5100 3506 0
 4378 3506 3022 4819 0
 3707 2795 2895 3581 0
 4378 4919 587 4819 0
 3022 3839 4378 4819 0
 4980 2711 327 2942 0
 1788 4468 74 4338 0
 323 2711 3729 3871 0
 323 3729 3748 3871 0
 4381 2140 4941 5036 0
 1419 2140 4381 5036 0
 3050 712 4437 644 0
 4437 712 3904 644 0
 3050 4437 712 3985 0
 4437 712 3985 3904 0
 2512 2972 3392 3948 0
 3172 1670 3128 4238 0
 1054 4383 4558 4577 0
 707 4572 2214 4740 0
 3207 3732 3089 3099 0
 4321 4740 3902 4572 0
 4740 4572 2214 3902 0
 2214 4572 3497 3902 0
 2168 707 4740 4572 0
 2168 4740 4321 4572 0
 3816 1312 3624 2340 0
 3030 3816 4201 1772 0
 5020 4386 3894 2375 0
 4211 1105 1108 1116 0
 1329 4372 3349 1346 0
 4032 3677 4445 4337 0
 1950 3583 1820 4570 0
 3583 2805 4570 1950 0
 1650 3987 2563 2671 0
 3784 5185 3943 4290 0
 2623 4188 507 4116 0
 3943 5185 3717 4290 0
 507 4643 4116 5254 0
 4845 2244 3734 2874 0
 3630 3476 2919 3849 0
 4845 2244 4652 3734 0
 3630 3849 2717 3732 0
 3709 3282 3161 4525 0
 2680 3408 2260 3411 0
 2680 4667 4300 3408 0
 2985 2387 1472 1655 0
 5276 4284 4990 4166 0
 4135 1871 3773 4393 0
 2973 1871 4135 4393 0
 2973 3765 1871 4393 0
 1871 4693 4393 3765 0
 1871 4693 3773 4393 0
 5225 4841 3663 4812 0
 3243 2608 4303 2040 0
 4303 2608 3226 2040 0
 4178 4411 4354 3406 0
 4234 4178 3669 4411 0
 4349 4172 4396 1432 0
 1467 4172 4396 4349 0
 4411 4521 4354 3406 0
 3912 4193 3714 4352 0
 2764 1242 4395 2907 0
 2764 1242 3832 4395 0
 4395 4586 3223 3832 0
 3089 5209 4602 2622 0
 3618 4395 4780 2907 0
 4739 3161 4351 2735 0
 3826 4019 4351 3771 0
 3952 4852 3563 3310 0
 4754 5051 4345 2857 0
 4754 5051 2249 4847 0
 2083 3868 2319 5024 0
 1859 4512 1675 3727 0
 2083 4929 2319 4423 0
 4742 3816 3632 2340 0
 2340 3624 3632 1018 0
 3816 3624 3632 2340 0
 1751 2953 3011 4035 0
 2210 3208 1775 1771 0
 3239 1775 2210 3208 0
 1274 2996 1228 4396 0
 1228 3521 2836 4396 0
 448 444 431 3262 0
 431 410 3262 444 0
 2996 3521 1228 4396 0
 4398 3743 2114 4248 0
 4398 3743 4248 5069 0
 2075 3212 1666 3166 0
 3166 3594 3212 1666 0
 4398 3828 4248 2114 0
 4366 3331 5169 5063 0
 4968 3256 3331 5063 0
 4126 4925 4366 834 0
 4126 3256 4968 5063 0
 830 4366 5001 834 0
 5069 3828 4248 4398 0
 4930 924 910 4583 0
 4583 4767 3474 4354 0
 4583 4521 4767 4354 0
 4583 4549 4930 4521 0
 3617 3861 4460 3608 0
 3617 1144 4460 3861 0
 3119 4597 3696 3770 0
 3044 5188 3404 3723 0
 3044 4593 746 3723 0
 3498 3049 1914 4585 0
 2470 3696 3093 3770 0
 2958 1655 4436 4252 0
 4436 1359 1472 2958 0
 3498 1914 3788 4585 0
 3822 4849 3893 3469 0
 5250 3469 4849 3822 0
 5250 3822 4849 3118 0
 5250 3295 4849 3469 0
 4119 408 4251 413 0
 2717 3732 3849 4079 0
 5249 2995 4271 2798 0
 4079 2974 3849 1221 0
 2228 3116 4568 1759 0
 2228 4568 5289 4631 0
 2228 4568 4631 1759 0
 1431 4172 4349 4362 0
 1431 1430 4172 4362 0
 5289 2228 4631 483 0
 4236 4427 4399 3620 0
 4399 2667 3802 4713 0
 2508 3802 3796 4399 0
 145 1736 107 4374 0
 4374 107 2415 1736 0
 2016 2993 2880 2630 0
 5281 3598 4482 4195 0
 1705 1387 2804 2634 0
 3972 4895 2634 2804 0
 2228 1759 4631 483 0
 483 2228 3919 454 0
 483 3919 2228 1759 0
 1896 3781 4873 2894 0
 4366 4885 1415 4450 0
 4084 4986 4401 3466 0
 3781 5210 4873 2894 0
 4463 5316 4368 5202 0
 3868 912 4570 5074 0
 3671 3207 4081 4403 0
 3099 2945 3140 3438 0
 4941 4869 3021 5036 0
 4869 3012 4941 3021 0
 3658 1751 3325 4035 0
 2496 2863 3583 2122 0
 1497 1962 3541 3162 0
 3707 4967 4775 2238 0
 2238 2178 4775 3707 0
 3526 4267 5244 3035 0
 4775 4252 2178 2238 0
 4465 1009 4063 2501 0
 4465 1022 4063 1009 0
 1979 3816 5220 2552 0
 3044 754 746 3182 0
 4595 2687 3050 4768 0
 3055 752 766 3634 0
 2728 4375 4887 1648 0
 4500 3444 2939 2375 0
 3399 1551 3444 2162 0
 5099 4037 4214 4077 0
 5099 4037 4889 4273 0
 4809 3556 3548 5072 0
 1136 4260 4332 2100 0
 5126 2112 2087 4501 0
 4401 3002 4084 2431 0
 4084 3002 4401 4986 0
 4975 1211 513 3777 0
 4605 4545 4296 4190 0
 3857 3777 4574 3651 0
 2691 4296 4503 4190 0
 2691 4296 4190 4605 0
 5123 3824 5107 3996 0
 3159 5123 2851 2891 0
 2891 5123 2851 5107 0
 4917 4412 583 3101 0
 4917 4412 3101 3148 0
 3148 3625 591 4412 0
 3377 1210 4021 3152 0
 2372 3152 3377 4021 0
 3458 4403 2489 3621 0
 3458 2489 2727 3621 0
 3847 3347 5266 3341 0
 4565 3598 4598 826 0
 3262 448 444 5225 0
 3101 4039 4412 583 0
 3275 1218 2751 3994 0
 2751 1218 3720 3994 0
 1411 1498 1497 1962 0
 3141 3081 2919 2937 0
 3081 2919 3476 3849 0
 448 1214 4413 464 0
 1473 1449 1751 2865 0
 3008 1449 3883 2865 0
 4689 3056 1730 2021 0
 2994 3711 2858 3263 0
 4889 4273 4037 4738 0
 4600 4859 4464 4833 0
 4162 4851 4600 3686 0
 3686 1134 4600 3579 0
 4859 5256 4464 4833 0
 1134 4464 4600 3579 0
 4037 4273 5099 4189 0
 4356 3524 4104 4368 0
 843 1374 710 3129 0
 3524 4368 445 3636 0
 2687 3985 3050 4768 0
 3050 4437 3985 2687 0
 4368 3524 445 4356 0
 4155 3130 5194 4097 0
 3254 4418 2873 1827 0
 3668 3994 3528 619 0
 3994 619 3668 613 0
 4016 3994 3668 613 0
 2750 613 3994 4458 0
 2238 4191 2286 2178 0
 3752 4230 4419 1182 0
 1182 3959 4419 3752 0
 4510 4625 1183 4420 0
 3485 5338 4066 4392 0
 4422 1195 3620 4427 0
 4417 1195 4189 4422 0
 4189 1195 3620 4422 0
 2369 1796 2876 4603 0
 4603 2689 2876 2102 0
 1590 3670 398 4603 0
 4603 403 398 2689 0
 3110 2689 4603 2102 0
 4603 4110 3670 398 0
 4610 1796 2369 4603 0
 1956 3575 4151 3818 0
 1437 862 4183 4202 0
 4236 1201 4427 3620 0
 1581 1352 2266 1302 0
 1581 1352 1302 3184 0
 1581 2266 3308 1302 0
 1581 1302 3308 3450 0
 653 4604 5242 660 0
 3444 3894 4428 4843 0
 3444 4843 4428 4424 0
 4161 4429 1203 4425 0
 1972 4073 4738 4832 0
 1437 861 2296 3657 0
 861 2111 2296 3657 0
 1692 1941 3903 3330 0
 4138 3434 3146 3194 0
 4138 3146 3434 2489 0
 824 4605 3452 821 0
 3452 3467 4182 4605 0
 4092 824 4259 4605 0
 4092 824 4605 5222 0
 4605 824 4259 821 0
 3832 1613 4674 3850 0
 3832 1613 3850 4103 0
 5222 3452 4605 3467 0
 4148 3732 3700 3780 0
 1223 2032 2217 4162 0
 2815 4568 4631 5289 0
 4631 2503 2612 3927 0
 3927 4631 2503 5096 0
 2097 5310 442 437 0
 1223 3671 2217 2032 0
 456 442 423 4091 0
 1223 3671 2032 3600 0
 4361 4562 4451 5040 0
 3487 4391 4451 4924 0
 3686 4927 1148 1134 0
 3686 3565 1148 4927 0
 4248 3161 3282 2816 0
 4248 3282 3161 3709 0
 2998 4609 3996 4805 0
 4805 4609 3996 5309 0
 4563 3986 4571 4430 0
 1546 4967 3885 4191 0
 1411 2116 4328 1217 0
 4610 3538 4110 1927 0
 4603 4110 4610 3670 0
 3683 3081 2937 2697 0
 3683 3081 3160 2937 0
 4610 3670 1796 4603 0
 3844 3956 3997 5237 0
 3096 3687 1571 4247 0
 5022 3171 2979 4660 0
 2573 3687 3096 4247 0
 3096 3664 4247 3089 0
 1772 3030 4020 4201 0
 2696 4072 3606 2405 0
 5094 4449 3351 4692 0
 4227 2267 2957 2884 0
 3526 3040 3969 3882 0
 3144 3194 2100 4336 0
 3144 3194 4336 5167 0
 2265 3062 3976 2338 0
 2884 2338 2265 4755 0
 4283 5270 1319 3593 0
 3254 3382 4543 4002 0
 3519 3647 4998 4406 0
 3435 3254 3171 3581 0
 3382 2844 4543 2043 0
 3131 4126 834 838 0
 1020 1996 3092 3930 0
 4900 3092 5159 3930 0
 4590 3659 4795 5030 0
 3545 566 4378 3839 0
 4670 566 4378 3545 0
 5205 384 397 394 0
 5205 394 397 407 0
 5205 407 397 4776 0
 4570 4073 4484 1820 0
 4852 4531 3563 3310 0
 4852 3882 3563 4531 0
 1148 2765 4141 4471 0
 3603 2077 2763 4025 0
 3146 2100 4332 2989 0
 3146 2989 4332 3743 0
 3146 3743 4332 4082 0
 4436 1359 4252 4775 0
 3677 1435 3986 1394 0
 1930 4288 1292 2074 0
 3864 2337 3450 1599 0
 858 3526 4446 3372 0
 3317 3677 4825 2395 0
 858 3526 4246 4446 0
 858 4246 4043 4446 0
 2259 4438 3824 2575 0
 3824 4438 1540 2575 0
 4415 3404 1465 1511 0
 5024 2319 3058 2949 0
 4044 1675 4494 4901 0
 4590 2552 5283 4516 0
 4358 5056 4439 3271 0
 4416 114 101 133 0
 4441 1542 3547 1545 0
 2297 4441 3547 1545 0
 2297 3993 4441 1545 0
 3993 1542 4441 1545 0
 4504 5058 2634 3972 0
 3694 4271 4320 3622 0
 2901 4271 3622 4320 0
 555 4388 3162 559 0
 559 3151 4388 3162 0
 555 4388 2473 3162 0
 4588 4388 4071 3151 0
 4588 4388 2748 4071 0
 2816 4443 4525 2839 0
 4739 4351 3161 4443 0
 2816 4739 3161 4443 0
 4931 3099 4443 3438 0
 4931 3099 4369 4443 0
 3816 4516 2552 4590 0
 2816 4931 4739 4443 0
 3910 1111 3294 3676 0
 3910 1111 3676 4453 0
 3910 3676 3853 4453 0
 3213 4028 3610 4818 0
 3733 502 4818 515 0
 4368 3636 3870 445 0
 4032 2702 1346 4445 0
 4337 4543 4032 2712 0
 5044 3248 432 449 0
 2702 4372 1346 4445 0
 3248 432 2103 5044 0
 4032 4445 4543 4337 0
 3918 4335 1026 4623 0
 3918 1026 4011 4623 0
 537 1697 1213 2420 0
 1026 1013 4011 4623 0
 537 2047 1697 2420 0
 537 3274 1697 2047 0
 401 3944 392 1505 0
 1505 3584 401 3944 0
 4518 3262 3588 4841 0
 2821 4448 2906 2684 0
 4448 4009 2820 2684 0
 4448 2820 3525 2684 0
 2906 4448 3525 2684 0
 2821 4009 4448 2684 0
 4384 4627 454 453 0
 1544 1459 3478 4435 0
 4435 5025 1416 3478 0
 453 4689 4554 4627 0
 4554 4627 4384 453 0
 2574 2178 1438 4191 0
 3062 4021 346 338 0
 4366 1415 5106 4450 0
 4366 3331 4450 5169 0
 5016 3744 4887 4638 0
 3033 2675 2882 1564 0
 3033 2780 2882 2675 0
 3150 4927 4451 1181 0
 1181 1171 4451 4562 0
 1181 4927 4451 1171 0
 3643 928 4632 1011 0
 3643 928 4015 4632 0
 4891 4661 3216 4632 0
 4661 4891 4813 4632 0
 4452 447 407 3538 0
 4610 4110 4452 3670 0
 4610 5032 4452 3538 0
 4452 3670 1796 4610 0
 5032 4452 2369 4610 0
 3210 4808 3280 3029 0
 4182 3290 821 4605 0
 3290 4190 821 4605 0
 4605 4190 821 4545 0
 4605 4259 4545 821 0
 895 4455 3058 2526 0
 2639 4455 3058 4929 0
 3556 3922 5025 3548 0
 2702 2873 2980 3142 0
 3174 2082 2755 3817 0
 2873 3142 2702 1418 0
 3174 2082 4163 2755 0
 2702 2873 1418 4032 0
 3174 2755 4163 4904 0
 4032 2873 1346 2702 0
 2758 901 896 5246 0
 3786 3138 4967 1546 0
 4559 3171 3786 4967 0
 3581 3707 4967 3171 0
 2393 1354 2359 4442 0
 2732 5174 4103 4442 0
 1670 2790 3666 3042 0
 3533 3086 4017 487 0
 2777 3050 2687 4437 0
 1772 2776 3816 4008 0
 3816 4008 2776 4697 0
 487 5316 3533 3086 0
 1772 3816 4201 4008 0
 3128 2972 3516 4238 0
 1772 2776 1312 3816 0
 4146 2512 1670 4238 0
 4475 4508 1397 1671 0
 2293 4213 4341 4139 0
 4461 2943 2122 4392 0
 2122 3485 4461 4392 0
 1844 4442 3642 5091 0
 4418 1358 4462 1827 0
 3402 4262 4176 3586 0
 4405 4262 3402 3649 0
 3402 4262 3586 3649 0
 3150 1197 1189 4425 0
 3265 1873 3073 916 0
 794 5199 5214 825 0
 5214 825 5199 1388 0
 5199 743 794 5214 0
 4161 1565 4429 4950 0
 1903 1902 4456 3272 0
 54 4594 4456 1903 0
 2429 1902 3272 4456 0
 1431 4172 2687 3692 0
 3235 2648 4027 418 0
 3235 3455 4575 4027 0
 1431 2687 4334 3692 0
 5253 2886 4645 4912 0
 1534 1468 4473 3645 0
 3029 3068 4808 3280 0
 4566 421 422 4133 0
 4502 3417 2966 3432 0
 4886 2966 3432 4502 0
 54 1747 45 4456 0
 4456 1948 1747 1521 0
 3118 3932 4109 5267 0
 4109 3932 4784 5267 0
 5275 4312 1400 4165 0
 2750 613 4458 601 0
 4181 2750 4458 4389 0
 4458 601 613 4016 0
 3713 2946 5124 5314 0
 4618 4072 4696 4330 0
 2405 4696 4072 4330 0
 5124 4796 2946 3713 0
 1609 1200 4426 1192 0
 3867 4392 2943 3009 0
 815 4850 783 785 0
 1325 3658 2257 2015 0
 3325 1325 3658 2257 0
 1176 4611 3908 4184 0
 4623 4640 4667 3408 0
 4335 3408 4759 3411 0
 4011 4766 5075 4667 0
 3279 3145 4271 3228 0
 4141 2841 5033 3958 0
 5033 3958 2841 3480 0
 4141 2841 4987 3925 0
 4559 4967 3138 5155 0
 1845 4539 1509 4327 0
 474 4652 4829 3734 0
 4652 4538 474 4829 0
 3139 3778 840 3604 0
 4205 2923 3371 2149 0
 2697 2937 4218 3476 0
 2923 3769 4205 3371 0
 565 569 5078 3951 0
 4471 3925 1134 3218 0
 2781 4655 4471 1134 0
 1134 4471 3218 4655 0
 4481 344 1558 352 0
 1352 3184 62 4466 0
 62 1352 4466 2227 0
 62 2227 3447 3484 0
 3447 62 4466 2227 0
 62 78 3447 4466 0
 3184 78 62 4466 0
 4271 3844 5237 4481 0
 1558 352 3956 4481 0
 1132 4657 2992 4214 0
 3133 1146 1132 4657 0
 4296 4259 4565 4323 0
 4646 4482 4048 4758 0
 4950 4429 2668 2647 0
 3237 4483 1609 1517 0
 3133 4506 4214 4037 0
 2992 1132 3799 4657 0
 4937 4483 1609 3237 0
 4232 1129 1151 1138 0
 4214 4657 4506 3133 0
 74 3447 4468 52 0
 52 1788 4468 74 0
 3447 2227 4468 52 0
 3447 3484 2227 52 0
 52 2227 4468 1788 0
 4232 1138 1151 1163 0
 4228 2978 4346 3322 0
 4423 1257 4469 2083 0
 2953 3188 3658 4127 0
 1751 4127 2953 3658 0
 4196 930 1873 3848 0
 3995 3836 4901 4472 0
 3008 4786 3836 4472 0
 2580 3811 1928 4693 0
 4484 3343 3811 2130 0
 4484 4753 3811 3343 0
 4484 4753 3343 4073 0
 4233 630 607 629 0
 4233 607 4969 3395 0
 5209 3422 3265 3073 0
 3265 3073 3422 916 0
 4508 1671 4475 3333 0
 4017 4454 3927 2612 0
 4486 1049 961 1046 0
 3354 1049 963 4486 0
 876 880 1374 3129 0
 3754 880 1374 876 0
 880 2556 3754 1374 0
 3815 1374 880 3129 0
 880 2556 1374 2911 0
 4661 914 4167 928 0
 4661 928 3216 4632 0
 4936 3206 2801 3449 0
 4090 1502 4487 3509 0
 3206 1565 4936 1661 0
 1565 3449 4936 4868 0
 3404 3492 5188 3044 0
 4110 403 398 4603 0
 398 417 403 4110 0
 1655 4252 4775 4436 0
 5090 5086 4255 3784 0
 2100 3639 3568 4336 0
 3520 1660 149 3176 0
 3450 1660 3520 3176 0
 4894 4730 5008 1414 0
 3450 3520 2049 3176 0
 2150 3516 3281 4238 0
 3463 4466 3277 2337 0
 3184 78 4466 5055 0
 5055 78 4466 3463 0
 1707 1650 2563 4055 0
 4406 4719 833 4757 0
 4998 4406 4956 4757 0
 4406 3647 4998 4956 0
 1697 3178 1977 3284 0
 3157 1675 3311 4494 0
 3987 511 2563 4495 0
 2563 511 3555 4495 0
 5189 3906 4496 1892 0
 1892 5189 3906 2197 0
 441 4870 4627 4384 0
 4222 1379 4496 1892 0
 4173 3375 3314 4675 0
 3951 3784 573 5213 0
 4271 3997 4075 5237 0
 4675 4173 3375 3499 0
 4745 517 2887 2301 0
 4745 2301 2887 2596 0
 4132 3063 3681 2551 0
 2342 1675 3157 3421 0
 3157 4415 3723 4494 0
 4389 3766 586 2944 0
 4138 3063 3681 4132 0
 4312 2832 799 3874 0
 2832 4312 799 4004 0
 2340 4742 3572 4380 0
 3171 4775 1653 2730 0
 2731 4660 2730 4775 0
 2731 2730 1653 4775 0
 2730 3171 4775 4660 0
 398 1590 2689 383 0
 4146 2512 3807 4033 0
 2689 4603 1590 398 0
 4953 1201 1193 4236 0
 4264 914 3114 902 0
 4427 2667 2644 4399 0
 4621 4276 3293 3502 0
 5161 4276 4621 3409 0
 2506 2671 3030 4020 0
 2125 890 2129 4242 0
 2506 3624 3030 2671 0
 2129 890 3706 4242 0
 1772 2671 4020 3030 0
 2706 868 4683 4973 0
 4458 4016 613 3994 0
 3712 3357 4628 4835 0
 2759 3859 2788 4963 0
 2915 3993 1951 4226 0
 765 4220 2991 831 0
 2991 3805 4960 831 0
 2967 902 4254 2710 0
 2710 902 4254 2540 0
 1505 3884 3373 3691 0
 4032 2873 3117 1827 0
 4032 2059 1827 3117 0
 2811 1586 3591 3834 0
 1968 4954 2395 1648 0
 3486 3807 2534 2512 0
 2512 3486 3807 4033 0
 3353 4511 2403 434 0
 3220 4545 821 3564 0
 3353 3077 4511 434 0
 3017 622 4512 5196 0
 4512 4901 3836 4761 0
 2960 4761 4512 3836 0
 1243 1307 3489 1460 0
 4613 3258 3489 1460 0
 4293 3646 3132 3716 0
 3646 4896 3132 4438 0
 3437 5301 2975 1212 0
 4438 3646 4896 3812 0
 3785 1172 1160 3628 0
 4091 2975 460 3977 0
 3565 3628 3785 1160 0
 3522 4108 2915 1476 0
 634 4472 3995 4901 0
 1801 1995 125 4507 0
 110 1801 125 4507 0
 1995 125 4507 2381 0
 4303 3639 2959 2931 0
 4303 2931 4976 3639 0
 1396 1327 2238 4508 0
 2002 4515 1650 3082 0
 2923 3769 3371 2799 0
 3333 4301 4508 4252 0
 1327 1396 4475 4508 0
 2975 469 490 470 0
 4301 4508 4475 3333 0
 3221 3769 2799 3371 0
 4420 1967 4625 2661 0
 1967 4868 4420 4510 0
 2801 2986 5080 4510 0
 4868 3449 4936 4510 0
 4415 1508 1454 2927 0
 3877 3644 3857 4574 0
 2497 2914 1779 4596 0
 495 5301 5300 3202 0
 3861 4694 1782 4831 0
 3518 5187 5301 3437 0
 4618 2914 4696 4072 0
 4033 3486 1375 3909 0
 2512 3486 4033 3909 0
 4067 682 679 3695 0
 1023 2757 4701 3801 0
 1029 4701 1093 2686 0
 4125 692 3467 688 0
 5280 4125 3467 688 0
 694 4125 688 692 0
 5304 688 4125 5280 0
 2921 4703 3554 3895 0
 4703 2768 4408 3554 0
 4703 2768 3554 3895 0
 3554 4408 4703 4074 0
 4074 4703 3554 2921 0
 4074 4731 4408 4703 0
 1224 4508 1397 4170 0
 2238 4252 4301 5240 0
 4475 4170 1397 4508 0
 4228 5345 3571 4346 0
 1094 5307 1019 5203 0
 2806 3398 4173 4737 0
 4173 3398 3004 4737 0
 4263 2806 4173 4737 0
 4263 4173 5271 4737 0
 3696 4511 3093 4147 0
 2926 3000 4792 4523 0
 3664 2926 4792 4523 0
 2501 1009 4063 5074 0
 1009 2501 926 5074 0
 5235 4735 4849 3295 0
 3092 3902 2500 5159 0
 2859 3709 4248 3939 0
 4334 3120 2687 4768 0
 4768 3120 2687 3985 0
 4248 3161 3939 3709 0
 3786 3171 1358 4418 0
 1313 3786 1358 4418 0
 4564 4525 1070 2654 0
 4525 4351 3826 2654 0
 2817 4540 3645 1530 0
 5150 4053 3646 3837 0
 4823 5150 2521 4293 0
 4540 1531 2885 1530 0
 4540 2885 3268 1530 0
 4540 3268 3645 1530 0
 4168 1420 2395 4695 0
 4221 2986 2900 1115 0
 4695 3142 2980 1420 0
 3142 1420 4695 1418 0
 4528 3953 570 574 0
 1093 3845 3396 3329 0
 1093 3845 3329 2686 0
 5145 5292 4529 5217 0
 4276 4529 4341 2962 0
 1093 1101 3396 3845 0
 1101 4701 3845 1093 0
 4701 3845 1093 2686 0
 3132 4272 3019 2521 0
 3428 1539 4186 5049 0
 2623 3347 4188 4116 0
 3847 3347 4116 4188 0
 4640 4551 4300 2398 0
 4276 4213 2962 4341 0
 4341 4281 3936 4529 0
 4300 4667 4551 4640 0
 4563 1433 2568 5181 0
 2568 4633 1433 4563 0
 850 4105 5291 5275 0
 2568 4563 3317 2320 0
 4171 3276 4105 4735 0
 850 3276 4105 5275 0
 1500 3717 1501 1413 0
 4415 1454 3404 2927 0
 2376 3978 4852 3372 0
 2760 3742 5212 2103 0
 3011 2936 2987 1374 0
 4759 4963 5003 2788 0
 2608 2554 4311 4759 0
 4759 2788 2608 2554 0
 3993 4226 3460 5028 0
 3354 964 1048 1047 0
 964 962 3354 4213 0
 4226 3993 1951 1544 0
 4311 2554 3416 4759 0
 3486 3807 3496 2534 0
 1146 4657 3799 1132 0
 3715 1047 958 3354 0
 1007 1996 3930 924 0
 3216 928 1011 4632 0
 3767 754 761 5188 0
 3146 1150 1136 2100 0
 1904 2593 239 169 0
 200 2593 169 268 0
 169 1904 2593 2440 0
 3879 4534 331 2804 0
 3146 3434 1136 1150 0
 5226 5287 4943 4299 0
 3265 1873 916 930 0
 1448 1217 4328 3473 0
 4343 1102 3218 1113 0
 2209 4693 3811 2580 0
 1393 1871 2209 3225 0
 2639 3225 2209 2580 0
 4693 1871 2209 3811 0
 2999 2858 4535 3026 0
 1865 4580 3907 4535 0
 1865 4535 3907 2999 0
 4524 2168 1583 4740 0
 898 910 3474 4457 0
 2497 4580 1865 4535 0
 898 4549 910 4457 0
 2612 4631 3927 5289 0
 1115 4221 2986 4082 0
 2497 4535 1865 2858 0
 1877 1217 1462 1448 0
 1448 1449 1877 1217 0
 1877 2865 2852 1217 0
 1449 1877 1217 2865 0
 1104 4332 1115 3250 0
 4049 3701 345 353 0
 1115 4221 4082 3743 0
 2943 2699 2122 4392 0
 4049 4285 345 3701 0
 2053 4737 2864 2893 0
 2999 3907 3253 2846 0
 4536 2126 5220 3816 0
 3361 3713 4630 1583 0
 4591 3270 3196 1782 0
 4614 3512 3921 3522 0
 4852 3040 3920 3372 0
 4463 2569 5144 3747 0
 4179 3522 4614 4334 0
 3524 4036 4104 4368 0
 2822 3127 3869 2116 0
 3855 3260 4106 4909 0
 3643 4015 3260 4909 0
 2679 5041 3260 4909 0
 3855 3643 3260 4909 0
 4802 4181 3862 2602 0
 4802 4389 4181 2602 0
 562 3128 2150 558 0
 558 3172 3128 2150 0
 3118 5184 5267 4109 0
 4093 2887 3627 1311 0
 1214 458 471 464 0
 4787 659 4729 5242 0
 3044 4593 3182 746 0
 4190 3564 4545 4323 0
 1363 5297 3974 1364 0
 4959 1815 2515 4743 0
 4203 652 4373 5272 0
 4990 820 1401 4166 0
 3289 4284 4990 5276 0
 2288 5042 806 4989 0
 5042 1291 5103 4989 0
 3852 5302 4648 4770 0
 3479 5103 1291 4989 0
 852 857 4539 856 0
 1845 852 4539 3675 0
 3891 4540 1531 1457 0
 3133 4657 1132 4214 0
 4926 3133 1132 4214 0
 2755 2082 1483 3817 0
 4541 2789 3113 2039 0
 4241 4434 4359 2820 0
 4541 4316 3113 2789 0
 4541 4316 1061 4606 0
 4004 801 799 2848 0
 4095 801 799 4004 0
 3997 4251 413 4119 0
 3997 4251 4119 5237 0
 5306 4906 2208 4844 0
 3775 3901 3630 3732 0
 4663 1346 4445 4543 0
 4032 4445 1346 4543 0
 3822 3896 3443 5147 0
 5096 3433 2503 3937 0
 3699 5255 735 3695 0
 4345 5051 4790 2857 0
 3896 4345 4754 4847 0
 2563 2075 4055 1666 0
 3699 5255 4350 815 0
 3447 78 3463 4466 0
 3433 3937 5096 1214 0
 3137 3558 2534 1479 0
 2970 3496 1724 2534 0
 3137 3875 2534 3558 0
 3443 3893 5147 3593 0
 5270 3469 3443 3593 0
 4494 4593 3044 3723 0
 3182 4494 4593 3044 0
 2394 1943 3496 3603 0
 3603 1943 3496 2970 0
 358 3229 3108 3061 0
 2933 1943 2394 3603 0
 4171 849 3276 4735 0
 4193 3913 2917 5215 0
 4900 3092 3578 5159 0
 4579 2662 4399 2644 0
 2508 3802 4399 2644 0
 3982 3168 3231 480 0
 2980 4034 2702 3677 0
 3168 3982 3231 2947 0
 435 480 3231 4093 0
 3231 3693 4093 480 0
 3168 3231 3693 2814 0
 3991 2329 3964 3094 0
 4392 2083 5338 5337 0
 4392 5338 3009 5337 0
 5337 1332 2083 5338 0
 4914 3991 3964 3233 0
 3438 4599 4447 4230 0
 3991 2329 4914 3964 0
 4548 3476 2919 3630 0
 2082 1973 1688 1483 0
 2082 4581 2796 3756 0
 2082 2796 1688 3756 0
 4090 3214 4487 1502 0
 2228 4568 2922 4431 0
 4159 4431 3106 4463 0
 4159 4431 2922 2495 0
 4559 2238 4775 4967 0
 1273 4559 3804 3298 0
 3171 3786 3804 4559 0
 5155 4967 3138 4592 0
 1965 4561 4268 2105 0
 3282 2900 4525 3709 0
 2105 4561 4115 1965 0
 2194 4561 4115 2105 0
 3345 2831 4387 2880 0
 3029 2116 1411 3539 0
 1172 1162 3063 3194 0
 3194 1162 3063 4132 0
 1172 3194 4336 1162 0
 4149 4552 1169 4077 0
 1541 2654 4523 3140 0
 4525 4443 2654 2839 0
 3081 3476 2937 2697 0
 2937 3476 3081 2919 0
 4423 5338 3485 4392 0
 2937 4313 4134 4257 0
 2919 1011 4134 3999 0
 3665 2537 2318 2621 0
 2496 2083 3868 4423 0
 926 3868 4423 2496 0
 2782 3681 2877 5167 0
 5167 2877 4403 4138 0
 5167 3600 4403 2877 0
 4021 2372 3152 5249 0
 2782 2877 3600 5167 0
 4368 3652 3690 3573 0
 5010 3977 2975 4091 0
 650 720 2848 648 0
 3396 1101 1093 1107 0
 3959 4386 3894 1190 0
 3959 3803 1190 3894 0
 3959 3364 1190 3803 0
 3959 4219 4386 1190 0
 3111 3267 4748 5003 0
 4260 5003 4748 3639 0
 4748 3267 3568 5003 0
 4748 5003 3568 3639 0
 4759 3111 4748 5003 0
 4748 5003 4311 4759 0
 3786 1346 3349 1646 0
 3786 1346 1329 3349 0
 3786 1646 3581 1346 0
 3786 3171 3254 3581 0
 1614 18 4750 4387 0
 1900 4567 4312 5291 0
 5291 4567 4105 3032 0
 2831 18 4387 4750 0
 3216 1011 1024 4751 0
 3358 3216 1063 4751 0
 3326 2248 2623 4188 0
 1024 1011 3672 4751 0
 1024 3672 3236 4751 0
 1367 3974 1363 2739 0
 1363 5297 2739 3974 0
 3847 478 4800 4643 0
 5297 2739 3974 3425 0
 1098 4996 4546 4558 0
 1054 3332 4546 4558 0
 3332 4558 1054 4383 0
 2376 3372 4852 3920 0
 4562 2660 2657 4361 0
 3080 5251 4956 4757 0
 4167 3216 4661 928 0
 3141 1011 4167 928 0
 1478 4172 1543 1724 0
 4172 2707 1543 1724 0
 2707 1543 1724 1458 0
 4496 3906 1423 1892 0
 4167 1011 3216 928 0
 4019 4351 3014 3826 0
 3083 843 1508 2723 0
 3754 843 2638 1508 0
 2207 4514 3342 4874 0
 5214 5199 693 4490 0
 1132 2992 3676 4214 0
 1111 1132 3676 4214 0
 1965 3640 4561 2058 0
 1965 3640 4268 4561 0
 1965 2058 4561 4115 0
 4075 5237 389 2901 0
 4075 4119 389 5237 0
 4119 408 389 5237 0
 5237 408 389 3334 0
 5237 3334 389 2693 0
 5235 3295 2872 5267 0
 2872 5184 5267 3118 0
 4361 4451 3045 5040 0
 3188 3127 3658 4127 0
 4633 4563 4315 1433 0
 3188 2015 3658 3127 0
 3317 4825 4650 2395 0
 3910 4453 3853 1950 0
 4055 2594 1536 3212 0
 2075 3212 4055 1666 0
 4564 2355 1124 2839 0
 1124 2839 4525 4564 0
 3180 3540 3539 3210 0
 3899 3210 3764 5268 0
 4121 3899 4177 3210 0
 1124 4525 1070 4564 0
 4510 5080 1175 4970 0
 4510 5080 1183 1175 0
 4303 2040 2837 3427 0
 2839 4510 4970 2986 0
 4303 2837 3226 4976 0
 1823 3949 3507 3332 0
 1629 3773 3507 3332 0
 124 4507 110 125 0
 1905 4507 125 2381 0
 124 4507 125 1905 0
 3952 3310 5221 4852 0
 1358 3804 3171 3786 0
 3583 2496 2122 2699 0
 4846 2923 3810 2752 0
 4506 4846 3810 2752 0
 3810 4846 3769 2923 0
 3810 4657 4898 4846 0
 4657 4846 3810 4506 0
 3810 4898 3769 4846 0
 1778 2086 3116 4568 0
 4568 2086 2922 1778 0
 4568 1778 2495 3106 0
 4568 1778 2815 2503 0
 2815 1778 4568 3106 0
 4568 1778 2503 3116 0
 4568 1778 2922 2495 0
 1294 340 4569 332 0
 340 332 3534 4569 0
 3534 332 2614 4569 0
 1022 2805 1009 3583 0
 1022 4063 1009 2805 0
 4032 4695 3744 4887 0
 1635 4570 4073 4753 0
 4570 1950 4935 1635 0
 4763 14 2853 1612 0
 4763 2853 3350 1612 0
 4571 1435 4563 4315 0
 4563 3986 1435 4571 0
 1927 1561 5220 3110 0
 1392 3445 2130 1059 0
 1392 3615 1059 2130 0
 5220 1561 1927 3689 0
 4983 2678 4607 5129 0
 4983 3315 4607 4439 0
 3689 1927 5220 4292 0
 4861 5009 633 4573 0
 5009 3582 699 4573 0
 699 4573 3582 3697 0
 3762 3345 4387 2408 0
 4573 5162 3653 3697 0
 4193 3913 1753 4801 0
 4574 3777 476 505 0
 4574 3644 505 5191 0
 3840 659 656 4787 0
 4787 4883 659 656 0
 5259 3840 4142 4787 0
 3146 3194 1150 2100 0
 3146 3434 1150 3194 0
 4582 14 2853 2920 0
 2853 14 4582 1612 0
 4367 2646 4406 4956 0
 3045 4361 5040 4608 0
 4594 1995 69 1747 0
 4456 1747 1948 4594 0
 54 1747 4594 69 0
 4594 1995 1747 1948 0
 54 1747 4456 4594 0
 1166 1158 3397 4555 0
 1885 2648 3328 2932 0
 5075 2967 3873 4641 0
 5075 3873 3005 4641 0
 2820 4009 2971 3380 0
 4122 4009 2971 2820 0
 3676 3799 3294 5314 0
 2413 3903 3330 1692 0
 3346 2757 2961 4701 0
 5010 3977 3437 2975 0
 4393 4740 2500 3765 0
 2802 4870 402 396 0
 1583 1635 4073 4753 0
 1230 4136 3513 3536 0
 4136 390 409 400 0
 1230 4136 400 390 0
 4136 400 409 3631 0
 4747 959 5227 961 0
 4554 4870 2802 396 0
 4747 5227 5088 961 0
 3204 4747 5088 961 0
 4199 4766 4011 1013 0
 1534 4157 4576 4154 0
 4576 4769 1534 3741 0
 1534 4769 4576 2885 0
 4576 3741 1534 4154 0
 4199 3848 4766 1013 0
 4766 4640 1013 930 0
 4623 4640 4766 4667 0
 4766 4667 4640 4551 0
 4766 3848 930 1013 0
 2481 4648 1592 3203 0
 5151 4821 4414 3203 0
 3692 2687 4334 3120 0
 5083 4179 4334 3120 0
 1844 2359 4442 5091 0
 3474 924 1996 4767 0
 2777 4437 2808 3050 0
 3644 2977 4741 3877 0
 4583 924 3474 4767 0
 4583 4521 924 4767 0
 2996 3778 3604 1228 0
 4741 3877 1773 3644 0
 1996 924 1007 4767 0
 2458 3326 1842 4578 0
 3043 2458 1842 4578 0
 3751 4578 1870 5266 0
 3043 4578 1870 3751 0
 1193 4427 4579 4236 0
 3999 1024 4134 4313 0
 1649 4749 4690 4624 0
 1649 4624 4690 1353 0
 2914 3755 1212 4580 0
 4580 1212 4117 4704 0
 4559 3298 2238 5155 0
 3804 4559 3138 3298 0
 945 3502 2502 5217 0
 945 5217 2502 949 0
 4356 4368 461 445 0
 4332 1115 4082 3743 0
 4599 4447 4230 1123 0
 3743 3709 4248 2859 0
 3202 488 484 2126 0
 2126 488 5234 3202 0
 3202 5187 3527 528 0
 5069 3743 4248 2859 0
 2153 3435 2485 3581 0
 1646 1346 2153 3581 0
 3688 5184 5267 2872 0
 2520 2422 2906 4584 0
 2893 4376 4584 2906 0
 4837 4376 4584 2893 0
 1612 14 4772 4763 0
 3499 3375 5067 5206 0
 3355 1513 4653 4612 0
 4653 1512 1451 2925 0
 3782 4885 4357 4653 0
 1451 1584 4653 2925 0
 4615 5084 3675 4112 0
 1828 5084 3675 4615 0
 1828 4615 3975 1303 0
 1828 4615 1850 3975 0
 1313 1346 4418 2873 0
 3786 3171 4418 3254 0
 1313 3786 4418 1346 0
 4643 3847 4116 5254 0
 4967 4191 1546 4592 0
 4643 478 4116 3847 0
 4586 4676 4780 3223 0
 4586 4676 3618 4780 0
 1391 3618 4395 4586 0
 4395 3618 4780 4586 0
 4586 4676 4807 3618 0
 4288 5105 4869 3950 0
 90 74 5054 4338 0
 4986 4338 4468 2337 0
 3574 4288 3950 1755 0
 5105 5119 3950 4288 0
 5217 4306 945 3502 0
 3162 1962 3151 4588 0
 3162 4388 4588 3151 0
 3162 4388 2473 4588 0
 4589 2901 5047 4481 0
 3279 336 4589 5260 0
 3228 4589 344 4481 0
 3279 3228 4589 336 0
 5260 4589 5311 336 0
 5266 3341 3230 4175 0
 5089 3932 1729 4109 0
 2265 3976 2097 4755 0
 5089 4358 5056 1729 0
 2970 2792 4025 4155 0
 2792 3603 3496 2970 0
 3603 2792 4025 2970 0
 2970 3496 2792 1724 0
 4517 4109 5089 1729 0
 5234 2552 4742 4516 0
 4517 5089 5056 1729 0
 2126 3816 3632 4742 0
 1230 390 368 4136 0
 3513 4136 1230 368 0
 4458 2750 3720 3994 0
 4181 3720 3928 1218 0
 2868 5167 1160 3785 0
 1160 1172 3785 5167 0
 1160 5167 4987 1172 0
 4162 5167 1160 2868 0
 2931 1172 4976 1162 0
 3215 1172 4976 2931 0
 1172 4976 4336 4987 0
 3929 4010 1130 2966 0
 4888 3929 1130 1144 0
 4888 4010 1130 3929 0
 4460 4010 1130 4888 0
 4460 1144 4888 1130 0
 4030 3833 4777 1782 0
 4777 3833 4030 1109 0
 4777 4278 3833 1109 0
 3275 3807 1732 2751 0
 3833 4460 4777 1782 0
 4777 4460 3833 4278 0
 3218 3358 4444 1102 0
 4278 4628 3833 3357 0
 4592 4967 2238 5155 0
 658 3968 4373 4203 0
 658 4373 5277 4203 0
 4044 4901 4494 4593 0
 4044 4901 4593 641 0
 504 2207 5170 4557 0
 5170 4514 2207 4874 0
 824 4259 4598 826 0
 4259 4565 4598 826 0
 2153 1346 3435 3581 0
 1346 4078 2153 3435 0
 4173 5206 3375 3499 0
 4200 4173 3499 5206 0
 3499 5206 5067 3661 0
 4142 3840 656 4787 0
 722 5272 652 4203 0
 4203 2848 722 5272 0
 650 2848 720 722 0
 3109 5116 1763 2293 0
 4299 5287 2921 5226 0
 4727 1846 1654 4124 0
 2194 1654 4124 4727 0
 2497 2914 4596 4580 0
 2497 1865 4596 3227 0
 4596 2914 4072 4580 0
 4596 1865 4330 3227 0
 4596 1865 4072 4330 0
 4560 2098 4597 2899 0
 3119 4597 2899 4560 0
 4560 4597 4022 3119 0
 4196 2810 1866 1925 0
 4196 3848 1866 2810 0
 5003 2608 4311 4759 0
 3146 2989 3743 4398 0
 3146 3743 4082 4398 0
 2989 3743 4398 5069 0
 2878 924 3560 4781 0
 3930 4881 4781 924 0
 4881 924 2878 4781 0
 1007 3930 4781 924 0
 1007 3560 924 4781 0
 4311 3981 3103 4260 0
 2323 4733 2910 2458 0
 3250 3981 4311 4260 0
 3438 2945 3140 4599 0
 4599 2945 1069 1123 0
 3438 2945 4599 3752 0
 3011 2987 2936 3421 0
 3440 3726 1877 1449 0
 3726 1877 1449 2865 0
 313 229 297 2186 0
 2186 2550 297 2560 0
 313 2186 297 2560 0
 2186 2550 2377 297 0
 1544 1469 4226 4108 0
 3011 2987 2616 1374 0
 2556 2342 1402 1374 0
 2911 2342 1374 2616 0
 4785 1144 1156 2768 0
 4731 4886 4785 4408 0
 3617 1156 4785 1144 0
 1299 3377 2410 2372 0
 3062 3377 4136 4021 0
 368 5303 3513 4136 0
 4633 4639 5018 4563 0
 392 406 388 3884 0
 1505 3884 3944 392 0
 3840 5242 659 4787 0
 653 4729 5242 4787 0
 4138 3434 3194 4132 0
 901 913 908 3381 0
 3381 908 920 913 0
 3381 920 908 4470 0
 5264 5317 4312 5175 0
 5317 3831 5175 4217 0
 132 4416 2381 133 0
 133 4416 114 132 0
 153 4636 176 239 0
 4246 5219 5244 4267 0
 153 1905 4636 1904 0
 153 125 176 4636 0
 153 125 4636 1905 0
 4485 3874 2832 1594 0
 2564 144 2562 4642 0
 4439 4607 1739 3315 0
 4763 2853 3222 3350 0
 4639 5018 4563 5163 0
 4639 5018 5163 5122 0
 2853 4904 3174 3350 0
 4608 3890 3476 2653 0
 915 919 3586 903 0
 4608 3890 2653 2645 0
 915 3586 3787 903 0
 3586 935 919 915 0
 4563 3677 3317 5163 0
 3354 958 3936 4213 0
 229 2436 2186 2446 0
 3936 3354 4213 4040 0
 4642 194 144 143 0
 163 194 4642 143 0
 163 4642 2555 143 0
 1166 4731 4785 4408 0
 2843 3778 2695 3055 0
 1971 4644 2479 1992 0
 5351 4644 5350 1926 0
 163 261 2151 4642 0
 2450 4642 163 2151 0
 163 2555 4642 2450 0
 2844 4337 4543 5082 0
 163 194 261 4642 0
 4003 3712 2295 5138 0
 4653 2825 1513 1510 0
 4612 2825 1451 1445 0
 4612 1513 4653 2825 0
 3355 1513 4612 2881 0
 4612 1451 4031 4102 0
 5351 4644 47 64 0
 4644 2577 47 64 0
 4644 64 2479 2577 0
 4612 3355 2881 4031 0
 4102 4612 1451 1445 0
 2434 1883 2145 4688 0
 3991 3635 1613 5174 0
 2186 2557 2145 1815 0
 2481 3991 5174 4648 0
 3991 3635 5174 4648 0
 3055 3634 766 3768 0
 1715 5211 1683 5102 0
 4430 980 4650 982 0
 5181 4430 1433 5294 0
 398 4370 4110 397 0
 4649 991 995 4651 0
 3055 766 3778 3768 0
 4430 982 4650 984 0
 3489 3083 4613 1307 0
 5353 4656 81 2154 0
 81 4656 65 2154 0
 4656 2154 1903 65 0
 5353 4656 2154 5343 0
 3007 4656 2154 1948 0
 2154 1903 1948 4656 0
 4613 3083 4126 3131 0
 1307 4613 3489 1460 0
 2780 4053 3812 2675 0
 2272 2675 4053 2780 0
 3355 3519 3647 3792 0
 4563 5018 3677 5163 0
 3199 1111 3294 3910 0
 4649 4651 995 4659 0
 2885 3268 2411 1534 0
 2411 3961 4157 1534 0
 4656 2566 2476 1995 0
 4656 2566 4682 2476 0
 4576 2885 2411 1534 0
 4576 2411 4157 1534 0
 4656 2566 1995 1801 0
 4631 496 486 483 0
 3086 5289 3927 486 0
 5289 4631 3927 486 0
 4631 483 486 5289 0
 3927 496 486 4631 0
 3918 4011 4065 3648 0
 80 64 2479 4644 0
 3376 4616 2248 2396 0
 5350 2565 96 2050 0
 5350 4644 80 2565 0
 3376 5193 4616 2396 0
 2871 4085 3598 828 0
 1260 631 620 3558 0
 1260 620 3948 3558 0
 5255 672 673 4067 0
 2571 1857 4681 4662 0
 4415 3311 3044 4494 0
 3157 4415 4494 3311 0
 1416 1459 4617 4435 0
 4858 3464 4617 4760 0
 2267 2957 2733 4227 0
 3937 492 489 1361 0
 100 1662 113 4666 0
 4666 1662 4686 2466 0
 1721 95 121 2404 0
 2267 2733 3367 4227 0
 2957 3990 2733 4227 0
 614 602 3953 4619 0
 4473 1534 3645 4540 0
 1457 4473 4540 1534 0
 3980 4669 5211 4691 0
 4656 97 81 4682 0
 3000 3014 4351 3826 0
 1756 4673 235 247 0
 3790 3014 3000 3826 0
 4619 4762 3953 2819 0
 1063 3973 5050 2845 0
 2555 1802 4642 1826 0
 4642 2562 1802 2555 0
 2555 1826 4642 2450 0
 910 4371 4622 3316 0
 3660 3175 1345 4231 0
 4624 4085 2871 4505 0
 1737 2148 4677 109 0
 4677 2050 1737 1981 0
 1736 107 2453 146 0
 1063 3216 1024 4751 0
 877 1262 4595 2268 0
 229 213 2186 1883 0
 3609 1156 1166 4803 0
 3169 343 4626 351 0
 1166 3221 3609 4803 0
 3455 3169 4626 4875 0
 2450 1826 4642 2151 0
 2239 4681 2090 4720 0
 4681 1857 4705 4662 0
 4690 4816 872 5281 0
 3187 3189 2722 4690 0
 81 4682 65 4656 0
 5281 4690 874 872 0
 2599 4805 1864 20 0
 4682 4656 1903 65 0
 4986 4401 90 118 0
 1539 3395 3891 2838 0
 317 1800 235 1756 0
 3891 3395 1535 2948 0
 4666 1662 113 4686 0
 5193 478 4806 2623 0
 5193 4806 4616 2623 0
 4832 4738 2752 4073 0
 4205 4630 2149 3196 0
 189 4688 2186 1883 0
 4188 2910 3326 2248 0
 1981 2050 96 4677 0
 673 676 4533 3695 0
 4533 735 3695 676 0
 3695 679 673 4828 0
 4664 981 983 1715 0
 1872 2188 1802 1826 0
 1802 1872 1826 2555 0
 5172 2871 1377 1388 0
 5172 2871 1388 4245 0
 935 4262 4176 1030 0
 5211 1713 1079 4669 0
 5290 4691 5211 1079 0
 5211 4669 1079 4691 0
 751 4798 759 3512 0
 839 3921 3761 4798 0
 4798 3921 759 3512 0
 624 623 2978 4635 0
 2978 623 635 4635 0
 3080 2978 635 4635 0
 20 2208 5123 2737 0
 20 4324 5123 2208 0
 20 4324 1368 5123 0
 130 4686 131 113 0
 113 130 4686 1662 0
 2091 2740 4810 3384 0
 4637 4043 856 859 0
 4637 4246 4043 859 0
 2091 4810 3199 3384 0
 2528 3455 4575 3235 0
 1756 235 4673 1800 0
 2528 4575 418 3235 0
 1756 2322 235 317 0
 1292 3359 4215 3204 0
 1292 3204 4215 2361 0
 1292 4778 4288 4215 0
 1713 1079 4698 5211 0
 5290 1079 4698 1076 0
 981 983 4698 976 0
 980 1713 4698 5211 0
 914 4015 4813 2679 0
 4705 4707 2322 1756 0
 4705 4662 1857 1756 0
 287 303 4707 2000 0
 2322 4707 303 1756 0
 1756 4707 303 2000 0
 2239 1627 1767 4700 0
 1767 2306 2239 4700 0
 4700 2298 1597 4717 0
 4700 1627 2298 4710 0
 3776 1346 2153 1646 0
 4471 5033 2841 4872 0
 130 1597 131 4686 0
 4814 2841 3218 5050 0
 4814 2841 4471 3218 0
 2841 5033 3480 4872 0
 4814 3480 2841 5050 0
 4655 4471 3218 4814 0
 976 4698 978 983 0
 5211 1079 4698 5290 0
 2090 1792 1857 4681 0
 1792 2571 1857 4681 0
 2090 4681 1857 4705 0
 4711 4705 2322 234 0
 219 4662 4705 234 0
 3564 3291 4323 4143 0
 981 5211 4698 983 0
 1260 3558 2534 3875 0
 303 4707 2322 4711 0
 3313 4707 1923 2246 0
 2246 2000 287 4707 0
 3875 639 4164 1260 0
 3307 1767 1627 2298 0
 2570 1767 2339 246 0
 2298 1767 179 246 0
 2570 2531 1767 246 0
 2531 179 1767 246 0
 3812 4438 2259 2575 0
 4681 4705 219 4662 0
 2090 4681 4705 219 0
 4090 4899 1502 1455 0
 4709 1627 4700 4710 0
 4908 1455 4899 4090 0
 4899 4911 2409 3337 0
 4899 4911 3337 711 0
 4899 2409 4911 1455 0
 4090 1502 4899 711 0
 1148 4141 3925 4471 0
 4700 4710 2298 4717 0
 4709 4710 4700 156 0
 4712 4711 1985 4716 0
 4711 4721 1985 4716 0
 2090 4723 4720 219 0
 4720 4681 2090 219 0
 4323 4482 4646 4565 0
 1767 2443 1792 2239 0
 1792 1627 2239 2090 0
 1767 2239 1792 1627 0
 1792 2239 2443 2571 0
 1792 2571 4681 2239 0
 3284 3261 3610 2628 0
 287 303 4712 4707 0
 668 664 663 2886 0
 3399 4958 4647 4145 0
 3399 3444 4647 4679 0
 4647 4424 4679 3444 0
 1985 3324 4714 4715 0
 4714 4726 3324 1985 0
 2981 3209 3169 5269 0
 4912 663 664 2886 0
 3950 5105 4869 3914 0
 1631 4723 4720 2090 0
 1631 4720 1627 2090 0
 246 2339 271 3307 0
 2339 1923 271 3307 0
 4630 4150 4205 3810 0
 3313 1923 4712 271 0
 4205 4150 4803 3769 0
 1923 4707 4716 1857 0
 4716 4705 2090 1857 0
 2090 1923 4716 1857 0
 4707 4711 4716 4705 0
 1478 1724 1543 3003 0
 1724 1543 3003 1458 0
 4700 4717 1597 156 0
 4700 4710 4717 156 0
 4724 156 4710 4709 0
 4717 156 4710 4724 0
 1584 1415 2905 4653 0
 3794 1415 4653 1510 0
 4357 4653 1512 3355 0
 3355 1512 1451 4653 0
 3782 4653 4357 1513 0
 1451 1584 2825 4653 0
 3304 3612 3655 3451 0
 2239 1627 4700 4709 0
 4700 2306 2239 4709 0
 4255 592 600 4736 0
 4907 3170 3951 5213 0
 303 4711 4712 4707 0
 2090 4726 1631 4723 0
 4721 219 2090 4705 0
 4817 4490 693 691 0
 1923 4707 4712 4716 0
 1923 3313 4712 4707 0
 4707 4711 4712 4716 0
 2090 4721 4723 219 0
 2714 3382 3171 5022 0
 4714 1627 2298 1628 0
 3382 2844 2043 5022 0
 4658 2844 4337 2712 0
 4658 4337 2844 5082 0
 1724 3003 3137 1458 0
 3199 4810 3294 3569 0
 1631 203 4720 4723 0
 3569 4210 2740 5314 0
 4726 2090 1627 3324 0
 4714 4726 1627 3324 0
 3324 1627 4714 1628 0
 380 357 3059 4147 0
 2387 2985 4064 1655 0
 4721 4705 2090 4716 0
 2985 4120 4064 1655 0
 4711 4705 4721 4716 0
 4629 5219 4246 4267 0
 271 1923 4712 4715 0
 3350 4820 4582 4904 0
 2298 4717 4710 4725 0
 4717 4724 4710 4725 0
 3324 1628 4714 4715 0
 4725 1631 1627 4714 0
 4725 4710 1627 1631 0
 4904 4820 4582 4838 0
 4255 573 3951 3784 0
 4821 2292 4648 3203 0
 2292 4821 4648 16 0
 4822 5107 3759 4379 0
 2090 4721 4726 4723 0
 4822 5107 2891 3759 0
 3759 4823 4293 3837 0
 3759 4823 2521 4293 0
 5082 4337 4543 4663 0
 4337 4445 4543 4663 0
 830 4665 764 4212 0
 4699 4209 4366 3782 0
 830 4209 764 4665 0
 830 4212 5001 4366 0
 3146 4082 2489 4398 0
 4759 4335 3918 3408 0
 4565 4259 4296 4092 0
 1067 3918 4065 3789 0
 5075 4667 4766 4551 0
 3598 4296 4195 4092 0
 1165 4668 4577 4261 0
 4565 4296 3598 4092 0
 3695 4828 673 676 0
 4763 2853 14 2674 0
 3542 4670 5143 2944 0
 2745 4671 334 4174 0
 2745 4671 4174 1814 0
 1384 2745 4671 326 0
 3916 5013 5068 2674 0
 4672 2804 4895 331 0
 2804 1387 331 4672 0
 1498 1452 1461 2835 0
 1498 1461 1455 2835 0
 4674 1376 4676 3223 0
 4674 3850 1376 3223 0
 3635 1376 2929 4674 0
 4674 3635 1376 3850 0
 3964 4951 2861 4807 0
 4905 4772 2674 4763 0
 3997 413 4251 3006 0
 912 4570 5024 3868 0
 118 4986 4520 90 0
 4986 3002 118 4520 0
 4418 4462 1313 2873 0
 3734 419 4829 2869 0
 3988 419 2869 4829 0
 1376 3863 4676 3223 0
 2861 4951 4687 4807 0
 1376 3863 3135 4676 0
 3223 3863 4676 2235 0
 4586 4674 4676 3223 0
 4829 4652 419 3734 0
 4652 4538 4829 419 0
 3643 4632 3672 1011 0
 3672 1011 4632 4751 0
 1996 3851 1007 1020 0
 1996 3992 3851 1020 0
 3021 4678 2965 5036 0
 1020 3992 4497 1996 0
 4800 478 3341 4175 0
 3847 3341 4800 478 0
 4843 1952 1202 1196 0
 4679 2162 1952 1188 0
 3399 2162 4679 4958 0
 3847 3341 5266 4800 0
 3399 4679 4647 4958 0
 4800 3341 5266 4175 0
 4787 651 4883 656 0
 653 651 4883 4787 0
 657 4373 652 700 0
 2928 716 4373 700 0
 5272 2928 716 4373 0
 652 716 4373 5272 0
 700 652 716 4373 0
 4459 5107 4822 4379 0
 4459 5107 2891 4822 0
 3450 3442 3176 2049 0
 2337 3442 3450 2049 0
 4459 5123 2891 5107 0
 3688 2872 2969 5184 0
 1711 3043 3751 4578 0
 2875 3135 4687 2370 0
 4233 607 630 4969 0
 4167 3114 5142 914 0
 4661 4254 3114 914 0
 4661 3114 4167 914 0
 513 3166 3777 1211 0
 513 3166 3857 3777 0
 448 4413 440 464 0
 2086 2029 3116 4689 0
 1214 4689 1730 4413 0
 3405 4300 3408 2624 0
 3408 2680 2624 4300 0
 3408 4667 4300 4640 0
 3405 4640 3408 4300 0
 3250 4311 3981 3789 0
 1649 2722 4690 4749 0
 4260 5003 4311 4748 0
 3789 3111 4748 4759 0
 4753 3765 4693 3811 0
 1928 4753 4693 3811 0
 2209 3225 4693 2580 0
 2990 3175 1684 5064 0
 1684 5064 1929 2990 0
 3175 1684 5064 4193 0
 3617 3361 3954 3608 0
 3608 3361 3954 4803 0
 1166 4803 3954 3361 0
 3617 3667 4785 3954 0
 3954 3667 4785 4731 0
 2843 1724 1478 3003 0
 1166 3361 3954 4731 0
 1307 4613 1460 1512 0
 1307 4357 3782 4968 0
 3131 4613 4968 4126 0
 1307 1512 4357 4613 0
 3023 4169 2999 5032 0
 2999 4169 2369 5032 0
 3015 3023 4169 2999 0
 4414 2329 4685 4914 0
 5151 4685 3964 4914 0
 4914 2329 4685 3964 0
 5151 4685 4914 4414 0
 16 2329 4414 4648 0
 3677 4168 4695 2980 0
 1968 2997 1418 4695 0
 4695 1420 2997 1418 0
 4168 1420 4695 2980 0
 1166 4408 4555 4731 0
 4833 3218 1113 1134 0
 4833 3925 3218 1134 0
 4162 3925 4859 4851 0
 4464 4833 1113 1134 0
 4600 4833 4464 1134 0
 4162 4859 4600 4851 0
 3104 5187 3202 2809 0
 4697 3006 2688 4590 0
 1979 4536 1561 5220 0
 4321 3902 4266 4572 0
 3902 4572 3497 4266 0
 3583 3868 4570 5074 0
 733 4509 4836 4137 0
 783 813 782 4850 0
 4850 3252 813 782 0
 4836 730 672 4877 0
 4509 672 4836 730 0
 830 4209 4366 4699 0
 830 4366 4209 4665 0
 4661 914 4813 4254 0
 4704 1212 452 455 0
 4580 1212 4704 3755 0
 4117 4704 1212 452 0
 4303 2959 3095 3243 0
 4303 3095 3103 3243 0
 4541 4988 4606 4826 0
 733 785 5255 735 0
 815 5255 4850 785 0
 3987 1707 4432 1650 0
 3165 1146 3799 3294 0
 4623 1013 4766 4640 0
 1181 4451 3150 2660 0
 1181 2660 4562 4451 0
 1558 3228 4481 3844 0
 1558 1282 3228 3844 0
 3844 3956 5237 4481 0
 3498 3938 4839 3788 0
 2821 2179 2906 3352 0
 2821 4376 3352 2906 0
 3194 4132 3063 4138 0
 3802 3796 4713 3426 0
 5033 4185 3249 3859 0
 4128 1168 4680 3967 0
 4821 4414 4648 16 0
 699 3697 3582 4718 0
 4406 747 4719 4998 0
 4406 4998 4719 4757 0
 2992 4657 3799 4150 0
 1158 4898 3799 1146 0
 653 723 5259 4604 0
 4883 659 4729 4787 0
 4074 4731 4703 4223 0
 4223 4703 4074 2921 0
 1945 4098 4229 2940 0
 2940 4098 4830 4225 0
 4842 18 1614 3762 0
 4620 4842 1614 3762 0
 4623 1013 4011 4766 0
 3090 1069 4599 2945 0
 3090 3453 4599 1069 0
 1368 4324 20 4844 0
 2456 4268 5157 4561 0
 402 1703 2760 5212 0
 1356 3333 2958 4728 0
 4728 3356 2958 1356 0
 4607 5129 1753 5157 0
 2678 4440 1753 5129 0
 5129 2678 4440 5195 0
 5190 3464 3582 3465 0
 4730 621 5190 3465 0
 4730 3465 5190 3582 0
 621 632 4861 4730 0
 4831 3808 1782 4537 0
 4940 4537 3196 3808 0
 3808 4940 4537 4399 0
 1782 3808 3196 4537 0
 4831 4537 4236 3808 0
 3808 4399 4537 4236 0
 1166 4555 3397 4731 0
 4074 4210 4555 4731 0
 4396 4732 1467 1476 0
 1478 1467 4396 4732 0
 2020 1213 4733 3177 0
 4733 2910 2719 1213 0
 2323 1213 4733 2020 0
 2910 1213 4733 2323 0
 3177 4733 2719 1213 0
 3177 3192 2020 2009 0
 3740 2944 3889 3506 0
 4389 3740 586 593 0
 4389 2944 586 3740 0
 2034 3305 2850 3884 0
 5096 492 3937 3927 0
 3210 5178 3029 5114 0
 4802 561 4389 2944 0
 3182 3044 754 3767 0
 4605 4259 4296 4545 0
 2947 3231 3423 3982 0
 4199 3265 4766 3848 0
 5285 987 979 985 0
 4766 3265 930 3848 0
 979 5285 984 987 0
 4650 987 4840 984 0
 4964 4840 4825 3986 0
 443 5220 417 4292 0
 443 3946 5220 4292 0
 783 782 4836 4850 0
 783 815 813 4850 0
 4850 3252 782 4836 0
 4850 4265 813 3252 0
 4850 815 813 4265 0
 4736 5200 4177 3899 0
 4736 5200 3385 4177 0
 5155 1327 2238 1396 0
 4592 5155 2238 1396 0
 1715 3317 5181 4650 0
 4563 4430 1433 5181 0
 5181 4563 4430 4825 0
 4737 2821 4376 3352 0
 4555 5314 3165 3397 0
 2656 3942 2659 4889 0
 1972 4073 3343 4738 0
 4739 4351 2810 2735 0
 4369 4602 4739 3809 0
 3165 3799 1146 1158 0
 4602 3821 4739 3809 0
 2686 4701 2961 3801 0
 3801 2757 4701 2961 0
 4851 3686 1148 1134 0
 4851 3925 1134 1148 0
 4851 1134 4600 3686 0
 4851 3925 4833 1134 0
 4851 4833 4600 1134 0
 4343 4814 3218 5050 0
 4814 3970 3480 5050 0
 3725 3970 4814 4343 0
 5050 4343 3970 4329 0
 3970 4343 5050 4814 0
 4753 4740 3765 3196 0
 4740 1915 1583 4753 0
 4343 4329 3725 3970 0
 1368 4324 3159 5123 0
 1368 5123 3159 5149 0
 1368 5123 5149 5309 0
 5237 2693 389 2901 0
 2126 3104 3202 4742 0
 3104 2126 3632 4742 0
 2126 4742 3202 5234 0
 4743 1815 197 149 0
 4744 965 961 959 0
 4744 3153 5261 4213 0
 5261 5227 959 4744 0
 1044 3153 4744 4486 0
 3027 922 3381 5246 0
 2983 3027 3381 5246 0
 5285 2353 5262 5231 0
 4272 4293 3132 3716 0
 5221 3978 4789 4852 0
 4736 600 4255 5090 0
 4736 3385 5090 2409 0
 3171 1653 2964 2730 0
 4745 509 2887 517 0
 4746 1535 1531 4186 0
 4186 1539 4746 1535 0
 3871 3748 323 329 0
 4749 3598 4690 4624 0
 4842 2499 18 3614 0
 4749 2722 4690 4758 0
 4842 3614 18 3762 0
 3957 18 4842 2499 0
 559 3101 3544 564 0
 4187 2217 4859 4162 0
 3175 4193 3912 4352 0
 3175 1684 4193 4352 0
 4482 4690 3187 4758 0
 4690 3598 4482 5281 0
 3187 4690 2722 4758 0
 2217 4056 4859 4162 0
 4162 4056 4859 3925 0
 5212 416 402 4870 0
 2880 4489 4527 3830 0
 2462 2956 3304 3612 0
 3304 3612 2956 3655 0
 454 4384 441 4627 0
 4627 454 5108 441 0
 4693 4740 3765 4753 0
 3556 2615 3731 5245 0
 4030 3270 1782 4694 0
 4694 3517 4030 3270 0
 3896 4754 4345 2857 0
 5255 4067 673 3695 0
 1678 4231 4754 2857 0
 2957 4755 2265 2097 0
 2097 4227 2957 4755 0
 4756 3501 2249 1290 0
 4268 3501 2249 4756 0
 4757 3080 4915 762 0
 762 4757 3080 4360 0
 4757 4719 833 829 0
 4757 829 4367 1389 0
 4646 4482 4758 4565 0
 4482 4690 4758 3598 0
 1609 4483 4006 1517 0
 1609 4483 3362 4006 0
 2802 4870 1703 402 0
 3428 1538 4760 1459 0
 1416 4760 4617 1459 0
 441 416 4870 4384 0
 4870 1703 402 5212 0
 5212 441 416 4870 0
 1057 4701 1029 1023 0
 1010 4701 1029 2686 0
 2383 3192 1711 2465 0
 3746 2458 1711 2383 0
 4641 4047 5041 2710 0
 4047 5041 4979 4641 0
 4979 4641 5041 3016 0
 4744 965 959 960 0
 1404 5225 2448 4812 0
 4812 479 430 3066 0
 1404 3588 5225 4812 0
 508 479 4812 3066 0
 2781 3725 4872 4814 0
 4814 4872 3480 3970 0
 4814 4872 3970 3725 0
 3251 3725 4872 2781 0
 4185 3725 3970 4872 0
 3251 4185 4872 3725 0
 3286 954 4083 5261 0
 3938 2897 4873 3788 0
 5065 4839 4873 3788 0
 3938 2897 2894 4873 0
 4786 3823 3836 4761 0
 3836 4786 4761 4472 0
 5196 622 4512 4761 0
 637 3431 5092 626 0
 5086 627 3431 5092 0
 4899 4911 1502 1455 0
 602 4762 594 3953 0
 4619 602 3953 4762 0
 1512 3355 1451 3792 0
 1512 1307 4357 3355 0
 4653 1513 3355 4357 0
 4653 4612 1451 3355 0
 2905 1506 3041 1503 0
 1413 4333 3041 3575 0
 1413 3041 4333 1503 0
 4290 3575 4333 1413 0
 5189 2197 1892 1910 0
 1910 5189 2197 1807 0
 1910 4678 5189 1807 0
 1910 3886 1892 1379 0
 2412 5018 3039 4633 0
 2412 4445 4372 5018 0
 4639 2412 4633 5018 0
 4639 2412 5018 3457 0
 5163 3744 3317 5204 0
 2320 3317 2603 5163 0
 5163 3744 5204 4978 0
 2320 5229 5163 2603 0
 4735 850 3926 3749 0
 3926 4076 853 855 0
 5101 3982 2793 435 0
 480 3982 5101 435 0
 869 5216 4734 3933 0
 869 3704 5216 3933 0
 2776 4697 4795 4590 0
 4697 3475 4795 4590 0
 1357 2619 1286 5207 0
 5172 1357 5207 2619 0
 4441 4291 3856 1542 0
 2838 4291 5049 1542 0
 4441 1542 3856 3547 0
 655 4203 3968 658 0
 837 4972 4406 3197 0
 4367 833 4406 3941 0
 2502 951 949 5292 0
 3936 951 2502 5292 0
 4539 856 4327 3675 0
 857 856 5012 4539 0
 4327 5012 3876 856 0
 1845 4539 4327 3675 0
 3675 4327 1845 2249 0
 784 814 4877 782 0
 4877 4836 3252 672 0
 4877 782 814 3252 0
 4780 2567 2235 2675 0
 4780 1242 2235 2567 0
 2907 2567 1242 4780 0
 2907 2675 2567 4780 0
 1592 4648 4770 2292 0
 3124 3623 3061 3229 0
 3229 3124 3108 3061 0
 2292 4770 16 4648 0
 458 459 1404 468 0
 2178 2574 3707 4191 0
 3907 3023 2999 5032 0
 4880 4838 3051 2796 0
 5135 5083 4768 3120 0
 4334 3120 4768 5083 0
 4768 750 4595 758 0
 4880 4838 2796 4581 0
 4880 4581 5148 4838 0
 4904 4838 3051 4880 0
 4904 4880 5148 4838 0
 4162 4600 5179 3686 0
 4162 4859 5179 4600 0
 1414 3741 4848 4769 0
 4186 4769 1531 1414 0
 1414 4848 4186 4769 0
 4187 4859 5179 4162 0
 4526 4162 5179 3150 0
 910 924 4881 3474 0
 3474 4881 3930 924 0
 2878 4881 910 924 0
 4999 5010 4224 2975 0
 3125 3044 2927 4415 0
 4431 4568 2495 3106 0
 4431 4568 2922 2495 0
 2978 623 5015 635 0
 5015 2978 635 3080 0
 2978 623 4346 3322 0
 653 4883 4729 4787 0
 3322 623 5015 2978 0
 4018 4909 3888 4519 0
 3605 4519 4018 3888 0
 4018 3643 4909 4519 0
 3410 3643 4018 4519 0
 2233 2162 4958 1180 0
 4988 2233 4958 1180 0
 910 4583 3474 4457 0
 4549 4930 910 4583 0
 4457 4549 910 4583 0
 4499 2674 4905 4263 0
 2927 3125 3197 3044 0
 658 4373 3968 657 0
 4027 374 418 4131 0
 733 783 4137 4836 0
 733 783 4836 4850 0
 733 785 783 4850 0
 707 4740 4693 4753 0
 4056 3925 3218 4833 0
 4859 3925 4056 4833 0
 4618 2914 4180 4696 0
 3875 639 4771 4164 0
 4155 646 4771 3137 0
 4774 513 4975 1211 0
 4774 513 1211 2022 0
 4774 1211 4865 2690 0
 4774 2022 1211 2690 0
 4774 4975 2152 4865 0
 5075 3265 3422 4086 0
 3422 4641 5075 4551 0
 877 2268 4595 2828 0
 4303 2959 3639 3095 0
 2975 473 460 1212 0
 4453 1111 4214 2951 0
 442 456 460 4091 0
 5319 4323 4048 4646 0
 3604 3139 3448 3731 0
 4854 4478 3302 4364 0
 4502 4478 3417 3302 0
 3953 4762 594 4919 0
 4762 3022 4819 3839 0
 2775 939 941 945 0
 2775 948 945 941 0
 3194 3434 1150 4132 0
 2521 4293 3132 4272 0
 2696 3320 5010 2914 0
 4180 2914 3437 3320 0
 4693 2214 3773 4740 0
 3171 1653 4775 1471 0
 2731 4775 1655 4120 0
 4775 4322 3171 1471 0
 4452 407 4776 3670 0
 4776 3377 4169 1796 0
 4776 1210 3377 1590 0
 4776 1796 4169 4452 0
 4888 1144 4785 2768 0
 4888 1144 2768 3929 0
 4817 3673 3843 4314 0
 4817 4314 4490 691 0
 3446 2056 5004 3707 0
 5332 3707 2056 3446 0
 914 4813 4254 2540 0
 914 4813 2540 2679 0
 4094 4778 3359 5002 0
 4215 3359 4778 5002 0
 4204 4094 5002 4778 0
 1292 3359 4778 4215 0
 4788 2740 4810 2091 0
 4810 4788 4796 2740 0
 2500 3765 3336 4779 0
 4779 3336 2500 3300 0
 3910 4810 4788 3713 0
 3300 2500 4779 4135 0
 3713 4788 4796 4810 0
 396 4554 4870 4384 0
 396 4870 402 4384 0
 3990 5010 2065 2700 0
 3990 2696 2065 5010 0
 4555 5314 3397 4731 0
 3852 4648 16 4770 0
 793 828 796 2867 0
 5314 2946 5124 4210 0
 2596 4745 2301 2715 0
 2674 1735 5013 4263 0
 3223 2235 4780 1242 0
 4780 4395 1242 2907 0
 4395 3223 4780 1242 0
 4395 4780 3223 4586 0
 2806 5013 2334 1735 0
 1735 2806 5013 4263 0
 3393 3343 4484 2130 0
 4844 5306 4324 2208 0
 4844 5306 1368 4324 0
 1395 3289 4782 4202 0
 4497 1098 3992 1020 0
 619 628 3917 3994 0
 2405 4072 3606 4330 0
 2316 4783 5043 1940 0
 686 4490 693 4817 0
 2316 4783 1940 2716 0
 4518 2940 4783 5043 0
 2940 3205 4783 2316 0
 2316 3205 4783 2716 0
 4141 4471 2841 3925 0
 4897 4949 683 704 0
 3983 3470 4949 704 0
 5320 3933 4993 3195 0
 5115 5196 3823 4786 0
 5115 3823 3440 4786 0
 2641 3352 4269 3167 0
 3167 3352 4269 3591 0
 1158 4898 4150 3799 0
 1158 4153 4898 1146 0
 4569 4225 2794 1294 0
 1158 4153 4060 4898 0
 4569 2794 340 1294 0
 3591 3352 2520 2179 0
 4269 3352 2520 3591 0
 3608 3617 3861 4831 0
 3617 1144 4888 4460 0
 3088 1513 4612 2825 0
 4612 3088 3241 1513 0
 1020 3930 4900 1007 0
 1020 3092 4900 3930 0
 3156 5023 4788 4796 0
 1020 3092 3578 4900 0
 1020 4900 3738 1007 0
 1020 4900 3578 3738 0
 786 5252 732 784 0
 4399 3620 4713 2799 0
 732 784 5252 4877 0
 4236 3221 4399 4537 0
 4399 4713 3802 3796 0
 1298 2401 1209 1297 0
 2401 2711 1209 1297 0
 4885 3794 1415 4653 0
 1243 1454 3519 1463 0
 5045 4155 4902 646 0
 3905 4155 4902 5194 0
 4508 5173 1671 4791 0
 5186 4791 3297 5087 0
 5186 4791 4993 2985 0
 4791 4508 5173 2736 0
 4332 4260 4748 2100 0
 4791 2296 4013 5087 0
 4921 4257 3028 4218 0
 3250 4748 4332 4260 0
 2831 4750 4387 4489 0
 4921 1062 3890 1122 0
 4921 1062 4218 3890 0
 2383 2020 4733 3192 0
 2958 1359 4252 4436 0
 2118 3000 4804 4792 0
 4792 4100 4804 2118 0
 4792 4369 2855 3664 0
 4792 4100 4247 2855 0
 3664 4792 4369 4523 0
 3216 4632 1011 4751 0
 4453 1111 3676 4214 0
 2220 3637 3721 4225 0
 1942 2802 3637 3721 0
 2896 1824 3908 1164 0
 4909 4979 3888 4519 0
 4274 1164 1117 2896 0
 4184 1164 4274 3908 0
 4214 4657 2992 4506 0
 4819 4919 4762 3839 0
 4762 4819 594 4919 0
 4075 393 383 4910 0
 4075 4910 383 4966 0
 2791 4243 1650 4515 0
 1650 1707 5059 4515 0
 4769 1531 1414 2885 0
 4576 1414 4769 3741 0
 4769 1414 4576 2885 0
 4912 2886 4645 663 0
 2506 4536 3104 3755 0
 4536 2126 3104 3755 0
 2506 3632 4536 3816 0
 3632 2126 4536 3816 0
 3104 4536 2506 3632 0
 2776 4795 420 475 0
 3475 3659 420 4795 0
 4795 3659 420 475 0
 2776 4764 420 4795 0
 4764 3475 420 4795 0
 5157 2456 4727 5064 0
 4343 1113 3218 4655 0
 4268 2249 5182 4358 0
 2249 5089 5182 4358 0
 4767 3851 1007 1996 0
 417 403 4110 3110 0
 1411 4328 1464 1462 0
 403 3110 4603 4110 0
 1411 4328 1462 1217 0
 3713 4935 3712 4796 0
 2904 4835 4796 5124 0
 5151 4414 4914 3203 0
 5151 4914 3964 3233 0
 5151 3203 4914 3233 0
 1865 3877 4330 2994 0
 1063 1024 5168 3999 0
 3227 1865 4330 2994 0
 5168 3999 4548 3641 0
 3999 1011 5168 2919 0
 5168 2919 4548 3999 0
 2178 3860 5019 4660 0
 5004 5019 2178 3860 0
 5323 2778 2670 4799 0
 4799 4129 2778 1757 0
 4801 4193 3330 4352 0
 4167 3216 4891 4661 0
 5196 3823 4786 4761 0
 4786 622 4761 4472 0
 4817 3843 4490 4314 0
 1092 1099 1095 1056 0
 1092 5192 1099 1056 0
 3542 3862 4802 5128 0
 1095 1126 1110 1092 0
 5128 4181 3862 4802 0
 3542 2944 5143 4802 0
 1092 1110 1095 1099 0
 4185 4872 3970 3480 0
 3572 4380 528 520 0
 4831 1156 3609 4803 0
 2823 4227 2884 3722 0
 4100 3881 1862 4804 0
 4804 3000 1925 4792 0
 4792 4100 3795 4804 0
 379 4518 430 5043 0
 4464 4833 4391 1113 0
 4294 1739 1753 5157 0
 1739 4607 1753 5157 0
 3315 4607 1739 5157 0
 5186 4993 2724 2387 0
 2724 4993 4654 4064 0
 2387 4993 4064 2985 0
 1366 5276 4166 2984 0
 3451 3655 425 3701 0
 4800 4175 5266 4542 0
 1391 3510 3618 4586 0
 3510 5121 3618 4807 0
 3510 4807 3618 4586 0
 4318 599 584 4808 0
 3210 4808 5156 3280 0
 4583 4930 924 4521 0
 4163 2082 4880 2755 0
 2082 2796 4880 2755 0
 4163 2755 4880 4904 0
 4615 4849 5184 2066 0
 1965 3596 2066 4615 0
 4946 3367 2700 2733 0
 4946 2733 2700 3990 0
 2615 3556 4809 5245 0
 5245 3556 4809 5072 0
 3910 3676 4810 3713 0
 4811 5110 852 1822 0
 3781 4198 2894 3629 0
 3629 3031 3781 4198 0
 4119 408 4933 389 0
 2662 2658 4244 4365 0
 2658 4365 4668 4244 0
 810 5042 808 5095 0
 3047 878 4097 845 0
 3645 1534 3268 4540 0
 1534 3268 2411 3645 0
 796 2867 828 5214 0
 827 828 2871 5214 0
 2871 828 5222 5214 0
 2871 828 3598 5222 0
 2867 828 5214 5222 0
 4521 3851 924 4767 0
 2465 4965 3192 2264 0
 2264 3192 2025 428 0
 2465 3746 2383 4965 0
 4965 4765 3192 428 0
 4367 4406 2646 3941 0
 3150 4161 3565 1197 0
 5084 1828 3675 3846 0
 3675 3846 3750 851 0
 2024 2652 2669 3793 0
 2669 2652 4680 3793 0
 4798 3761 839 835 0
 5147 4446 4043 4246 0
 4112 4637 5147 4043 0
 4637 4043 4246 5147 0
 3733 4818 502 5254 0
 1384 2745 1814 4671 0
 3643 4015 4909 4632 0
 4015 4813 4909 4632 0
 2765 1148 2781 4471 0
 4075 4119 4910 389 0
 4910 4119 4933 389 0
 4378 3506 4819 5100 0
 4819 3839 4378 4919 0
 5109 3237 4940 2508 0
 3765 3237 4940 5109 0
 3350 4820 1612 4582 0
 3765 3237 2230 4940 0
 3765 1824 5109 3562 0
 3336 5109 4940 2508 0
 2853 4582 3350 1612 0
 3235 2648 4824 1885 0
 3317 3677 4563 4825 0
 4650 5181 4430 4825 0
 5322 4208 3217 1832 0
 3217 4208 3777 3166 0
 3217 4208 3166 1832 0
 4899 3717 1500 1413 0
 4541 4826 1061 2039 0
 4988 4826 4541 2233 0
 2771 3965 2327 4057 0
 2771 3965 4057 4827 0
 2771 4827 4057 4344 0
 4954 5035 2997 2395 0
 2395 5037 4954 5035 0
 4186 3697 4746 1539 0
 2462 4799 3612 4865 0
 3612 4865 4799 4129 0
 4356 446 445 461 0
 4754 3577 1693 4231 0
 3783 3285 3612 3701 0
 3285 2842 3597 1494 0
 2144 4706 4994 4992 0
 4992 2144 4706 4722 0
 2144 1301 4706 4722 0
 4129 3285 2778 1757 0
 3102 2793 3982 3423 0
 3102 3982 2947 3423 0
 1955 4754 1290 4327 0
 3577 1955 4754 1290 0
 4477 3988 2869 4829 0
 3617 4785 4888 1144 0
 3133 1146 4657 4153 0
 4898 4153 4657 1146 0
 949 5292 5145 5217 0
 3518 536 5187 530 0
 2617 348 4830 340 0
 4390 3566 4830 348 0
 2617 4098 4830 348 0
 3081 4264 3160 3141 0
 3470 4815 4949 704 0
 5215 3638 3913 1910 0
 737 3983 4949 4897 0
 3695 682 4815 3470 0
 1910 5215 3638 5198 0
 737 3695 4949 3470 0
 3470 3695 4949 4815 0
 4897 3983 4949 704 0
 3937 471 468 492 0
 3508 5101 509 480 0
 3508 3829 509 5101 0
 3652 3386 3580 436 0
 3265 3848 1873 930 0
 4383 2491 4135 3300 0
 4558 4135 3300 4383 0
 3300 4135 4779 2491 0
 2992 4630 3853 4832 0
 4453 2992 3853 4832 0
 5124 3712 3713 4628 0
 4356 412 445 446 0
 406 4194 388 2760 0
 3742 416 402 5212 0
 402 3742 5212 2760 0
 4293 3646 5150 3132 0
 2521 4293 5150 3132 0
 4766 4551 4640 930 0
 3695 4815 676 4949 0
 3695 4828 676 4815 0
 4993 3933 5186 2724 0
 796 745 744 5214 0
 4708 4702 1932 2433 0
 4286 3967 1168 1178 0
 487 3086 4952 486 0
 3086 3927 4952 486 0
 4952 496 486 3927 0
 4625 4970 1175 1124 0
 1124 4625 4970 2839 0
 2781 4814 4471 4655 0
 2781 4814 4872 4471 0
 2456 4756 4268 3181 0
 4756 2249 4268 3181 0
 1951 1274 4226 1469 0
 1469 1274 4226 1476 0
 1469 4226 4108 1476 0
 2208 3601 20 4844 0
 4324 2208 20 4844 0
 2824 2201 4355 3737 0
 1896 4058 4355 3737 0
 4835 4354 4854 4178 0
 4062 5134 2827 4234 0
 1146 4898 3799 4657 0
 3799 4898 4150 4657 0
 797 769 2848 771 0
 2848 797 771 799 0
 3683 2937 3160 4257 0
 5043 4841 430 1940 0
 4841 3066 430 1940 0
 4841 4812 430 3066 0
 4841 3588 430 4812 0
 4518 4841 430 5043 0
 4518 4841 3588 430 0
 4992 2159 3279 3145 0
 4813 4891 4909 4632 0
 4216 2340 1312 3816 0
 3816 2776 4216 4590 0
 2659 2656 4889 3488 0
 3942 4889 4273 2659 0
 4969 630 4233 698 0
 4843 1202 1952 3894 0
 4843 3894 4428 1202 0
 1428 4344 3036 3718 0
 4344 2771 2971 1428 0
 2971 4827 2771 4344 0
 1179 3488 5099 1169 0
 1179 5099 4926 1169 0
 3488 4552 4077 1169 0
 4808 3705 4318 599 0
 3029 5178 4808 4318 0
 4845 2874 3734 4243 0
 1115 4332 4260 3250 0
 3910 3713 4788 2916 0
 4482 4143 3187 4816 0
 4482 4323 4646 4048 0
 3437 5187 3202 3104 0
 4657 4846 4506 3133 0
 2848 797 2988 769 0
 799 797 4004 2848 0
 2848 797 4004 2988 0
 4004 797 4476 2988 0
 1746 1568 4847 3932 0
 4772 14 2674 4763 0
 5309 4379 3996 4459 0
 5309 4459 5149 4379 0
 4609 4379 3996 5309 0
 1692 3330 1379 3989 0
 4186 4848 3464 4760 0
 4186 4848 1538 1457 0
 3766 4670 4378 2944 0
 3766 566 4378 4670 0
 3573 2103 4368 4036 0
 3573 4368 3652 3386 0
 5319 4048 4323 4143 0
 389 4075 4320 367 0
 4075 4910 4966 367 0
 4773 4173 3499 4200 0
 4541 1061 2789 2039 0
 4541 4316 2789 1061 0
 3452 790 824 821 0
 4859 3925 4833 4851 0
 4859 4833 4600 4851 0
 795 743 745 5214 0
 745 796 795 5214 0
 4900 3930 4781 1007 0
 4622 4371 910 4023 0
 4929 895 3058 900 0
 4929 4455 3058 895 0
 3137 639 3875 3558 0
 1260 631 3558 639 0
 4853 3582 699 5009 0
 4853 647 3922 640 0
 4853 3922 3582 640 0
 4854 4364 3992 4497 0
 4854 3390 3576 4364 0
 4167 914 5142 928 0
 4167 5142 3141 928 0
 3317 5181 4650 4825 0
 4264 928 3141 5142 0
 4856 1193 4236 4953 0
 4857 703 819 5258 0
 4857 1364 819 703 0
 3548 1416 3186 4858 0
 3318 2965 5036 1422 0
 4401 3002 4860 118 0
 608 4861 633 4573 0
 608 4861 4573 5076 0
 621 4861 5076 4730 0
 724 5248 706 775 0
 784 782 4877 730 0
 4877 4836 782 3252 0
 3241 4956 4360 4903 0
 3241 4612 4031 4903 0
 1389 3241 4932 4956 0
 4956 3241 4031 4903 0
 3365 1011 5168 4167 0
 3431 4333 3041 627 0
 3365 5168 1011 2919 0
 4290 4333 3575 3431 0
 5168 1024 1011 3999 0
 162 4860 2457 3002 0
 5044 432 441 449 0
 4408 4074 3257 4555 0
 5267 4784 4109 4517 0
 4654 2724 3195 4993 0
 5320 3195 4993 4654 0
 3017 5196 2960 3823 0
 3017 5196 4512 2960 0
 2960 5196 4761 3823 0
 2960 5196 4512 4761 0
 1007 3738 3560 4781 0
 4900 4781 3738 1007 0
 4866 1952 3364 3803 0
 3444 3894 1952 4866 0
 4866 2939 3364 1952 0
 3444 1952 2939 4866 0
 4866 1952 3803 3894 0
 4867 5236 812 809 0
 3366 4867 3310 4862 0
 1967 5171 4868 4069 0
 4950 1565 4868 2640 0
 5332 3707 2178 2574 0
 4839 3938 4873 3788 0
 783 782 730 4836 0
 4836 4877 782 730 0
 5168 1024 3216 1011 0
 5168 1024 1063 3216 0
 4414 4821 4648 3203 0
 4414 4648 4914 3203 0
 4871 1346 2153 3776 0
 4773 4173 4675 3499 0
 2847 949 940 945 0
 4874 511 499 2774 0
 4874 511 504 499 0
 4874 3911 511 2774 0
 511 4055 4874 504 0
 3911 511 4055 4874 0
 4339 3770 3627 3231 0
 416 402 4870 4384 0
 4875 3169 351 4410 0
 4875 3169 4626 351 0
 417 413 3110 438 0
 4648 2329 4414 4914 0
 1087 4279 997 995 0
 2082 2796 4581 4880 0
 4749 4758 4690 3598 0
 492 496 4952 3927 0
 3930 4266 4781 4881 0
 4266 4881 2878 4781 0
 910 5247 4371 3316 0
 4216 2062 5030 475 0
 5228 4516 4216 5030 0
 5228 3656 4516 5030 0
 2878 5247 910 4881 0
 910 5247 3316 898 0
 4371 5247 910 2878 0
 4949 4815 676 683 0
 4771 4155 3130 5045 0
 4897 4949 676 683 0
 5168 1011 3216 4167 0
 5015 5251 4102 3080 0
 3080 709 635 5015 0
 4577 3300 4558 4261 0
 2934 4111 4431 4882 0
 2934 4882 2093 4111 0
 2093 4882 2934 1776 0
 4882 3690 2934 1776 0
 2934 4431 4159 4882 0
 4289 3786 3349 1646 0
 3786 1646 4289 1546 0
 382 5326 3566 3534 0
 3566 5326 3650 4569 0
 1411 3029 3068 2116 0
 1411 2116 3068 4328 0
 3068 3705 4328 2116 0
 3068 3705 2116 3029 0
 3029 4318 3705 2116 0
 1437 4013 4202 1224 0
 2868 3686 1148 4851 0
 1160 2868 1148 4851 0
 910 4881 5247 3474 0
 898 910 5247 3474 0
 3586 929 935 915 0
 1160 3925 4851 1148 0
 4885 1415 2925 4653 0
 4885 4357 2925 3331 0
 4885 3331 4450 4366 0
 4885 2925 4357 4653 0
 4450 3331 4885 2925 0
 413 3110 393 417 0
 3110 393 417 403 0
 4886 3895 2966 3929 0
 4886 4628 4010 4502 0
 2723 3500 3258 763 0
 4887 4651 2395 3317 0
 4887 2395 3744 3317 0
 2700 4999 5139 506 0
 5095 4867 3439 4160 0
 3488 2656 4889 4552 0
 4552 4149 2656 4889 0
 4857 4890 4096 1367 0
 3225 4371 1393 3773 0
 5024 3225 2580 707 0
 4693 3225 1871 3773 0
 1871 4693 2209 3225 0
 4891 3114 3700 4167 0
 2838 3491 5049 4893 0
 5034 3428 1459 4893 0
 2838 4893 5049 4291 0
 3741 4894 621 616 0
 3616 4894 3741 616 0
 3182 4494 2889 4593 0
 1539 1535 3891 3395 0
 2634 4895 5058 4672 0
 339 3879 331 4895 0
 3972 5058 2634 4895 0
 4672 4895 339 331 0
 3135 5029 5121 4676 0
 1710 3135 3084 4896 0
 4492 4053 5121 5029 0
 4573 633 608 5162 0
 4573 633 5162 3697 0
 1680 1563 3238 24 0
 3703 4077 5026 1120 0
 4019 2177 3482 4196 0
 4804 3482 1873 4196 0
 4804 3881 1873 3482 0
 1260 639 3558 3875 0
 1450 3157 1511 3723 0
 4415 3723 3404 1511 0
 1413 711 3337 3818 0
 4899 3337 1413 711 0
 1413 711 4090 4899 0
 4220 645 2991 4955 0
 4155 4902 646 3137 0
 4406 4998 755 747 0
 3519 4998 4913 4406 0
 3088 2825 4612 1445 0
 1445 3088 4903 4612 0
 1445 3080 4903 3088 0
 4903 4956 3080 4102 0
 4956 4903 4031 4102 0
 1531 4540 2885 1534 0
 1531 1534 2885 4769 0
 5078 569 4907 3951 0
 569 4907 3951 5213 0
 4580 1865 3595 3606 0
 2696 3606 3595 4741 0
 1274 2996 4396 1476 0
 1469 1274 1476 2996 0
 4899 1502 4911 711 0
 509 4093 480 3892 0
 5086 4333 578 4290 0
 4181 3720 1218 4458 0
 4458 3994 3720 1218 0
 118 4984 3002 162 0
 4913 5127 3492 3197 0
 4406 3197 755 4913 0
 4913 4998 755 4406 0
 1728 629 580 4619 0
 1728 580 3953 4619 0
 4915 709 635 3080 0
 1728 629 607 580 0
 4917 568 3148 3865 0
 4917 3148 3101 3865 0
 565 569 3951 4918 0
 3951 4918 3899 565 0
 3839 4919 570 566 0
 4916 3620 1195 4922 0
 3616 604 4923 616 0
 4923 4894 3616 616 0
 4391 5111 4924 4921 0
 4126 757 4925 838 0
 5063 757 749 4925 0
 4798 759 3921 3761 0
 751 3761 759 4798 0
 760 753 3139 5081 0
 3139 5077 5081 840 0
 5099 3133 4189 4926 0
 5099 4037 4189 3133 0
 3150 1189 1197 4927 0
 4926 3133 4214 5099 0
 4926 4077 3703 1169 0
 4927 4924 4451 1171 0
 4369 4931 4739 5069 0
 3089 4931 4369 5069 0
 5069 4931 3828 4403 0
 4854 4502 3302 4478 0
 4854 4364 3302 3390 0
 3383 3679 4616 2913 0
 2913 4616 4806 3679 0
 326 2745 4671 334 0
 2617 4569 2794 340 0
 2617 4830 4569 340 0
 3566 4569 4830 340 0
 4233 3503 5031 3369 0
 638 645 5031 4220 0
 644 4437 2808 4945 0
 2805 4935 5074 4570 0
 3713 2916 4935 4788 0
 4341 1763 4281 2293 0
 4936 4934 1191 1183 0
 4936 5080 4934 1183 0
 4936 4420 1183 1191 0
 4420 4936 1183 4510 0
 4936 5080 1183 4510 0
 3363 4937 1609 1824 0
 1824 4937 1609 3237 0
 4937 1609 3802 4270 0
 4789 3952 5221 4852 0
 1910 5064 2632 2917 0
 1941 2632 3745 3330 0
 1910 2917 2632 3886 0
 4847 5182 2249 5089 0
 4847 3932 5182 5089 0
 4938 2728 4032 2712 0
 4938 4308 4032 2728 0
 4858 4186 1416 3186 0
 4858 3697 4186 3186 0
 3582 3697 4858 3186 0
 4615 1303 5084 4939 0
 853 848 4939 846 0
 4942 5136 431 3262 0
 410 4942 431 3262 0
 1159 1142 1147 5011 0
 1125 2753 4943 1140 0
 3329 2753 3379 4943 0
 5182 1739 5051 3315 0
 4847 1568 5051 3932 0
 5182 5051 1739 3932 0
 5182 5051 4268 3315 0
 4790 3660 5051 1739 0
 4847 5051 1568 4345 0
 3574 4869 4944 3950 0
 3950 3914 4869 4944 0
 4765 4965 378 428 0
 5319 4323 3220 3291 0
 3564 3220 4545 4323 0
 2700 4946 5010 4999 0
 3990 4946 5010 2700 0
 4742 3104 3202 2809 0
 3572 2809 3202 528 0
 4742 2809 3202 3572 0
 1426 3574 2127 1755 0
 1865 2858 4535 2999 0
 1457 4948 1538 3891 0
 1729 3932 4784 4109 0
 2632 2917 3330 3886 0
 2576 3304 425 3451 0
 3550 3105 1951 3478 0
 4168 4825 3677 2395 0
 2980 5154 3677 4168 0
 2980 5154 4034 3677 0
 2697 3476 4218 3890 0
 5137 4218 3476 3890 0
 3833 4628 3608 1583 0
 4628 3361 3617 3608 0
 4628 3667 4886 3617 0
 1179 5099 4417 1187 0
 1179 5099 1187 4926 0
 4926 4189 1187 4916 0
 4500 4950 3444 2375 0
 4950 5020 2668 3444 0
 5020 4950 2668 2647 0
 4335 3414 3411 4759 0
 3416 4759 3414 2909 0
 3789 4759 3416 2909 0
 3135 1376 4951 2705 0
 4951 1376 2929 2705 0
 2929 1376 4951 4674 0
 4674 1376 4951 4676 0
 4951 1376 3135 4676 0
 3597 3173 4049 4285 0
 5186 3719 2387 1649 0
 5186 1649 2387 2724 0
 5186 1353 3719 1649 0
 3330 1941 3459 3989 0
 4121 4177 3280 3210 0
 2825 1446 2625 3915 0
 4954 5037 2395 1648 0
 3428 4760 1538 4186 0
 4186 4848 4760 1538 0
 1389 4956 4932 2646 0
 2646 4956 4367 1389 0
 1415 3575 3041 3431 0
 4856 4957 1177 4928 0
 1185 2662 1177 4957 0
 1185 4957 1177 4856 0
 1165 1177 4261 4928 0
 2662 4244 1177 4957 0
 4244 4957 4668 1177 0
 4348 3289 4782 1395 0
 4371 3949 3507 1823 0
 4371 4023 4622 3560 0
 4371 3949 4622 4295 0
 4958 1188 4145 1180 0
 4958 1188 4647 4145 0
 4958 2162 4679 1188 0
 4958 4679 4647 1188 0
 4958 2162 1188 1180 0
 4946 3367 4999 2700 0
 4946 3367 2733 4227 0
 4946 4227 2733 3990 0
 2424 4083 954 2849 0
 4961 943 4793 1039 0
 4294 5157 3660 1739 0
 4991 4482 4816 4143 0
 4690 4482 4816 5281 0
 5281 4482 4991 4195 0
 3362 3426 4493 4006 0
 4006 3426 4493 3967 0
 4493 3362 4421 3426 0
 3651 3777 4574 505 0
 513 3857 3651 3777 0
 1312 3816 2776 4216 0
 4697 2776 3816 4590 0
 4220 4962 698 765 0
 4233 698 638 4962 0
 698 638 4962 4220 0
 4962 698 765 4960 0
 3040 1490 3882 3366 0
 4979 3368 5140 5208 0
 3789 5183 3111 3648 0
 4979 4963 4641 3016 0
 4650 4430 984 4964 0
 984 4840 4650 4964 0
 4399 4713 3796 1222 0
 4940 3796 1222 4399 0
 3192 428 4765 2279 0
 4559 2238 4967 5155 0
 4967 2238 4191 4592 0
 4967 3171 4775 4559 0
 3707 4967 2238 4191 0
 4967 3707 4775 3171 0
 1968 4695 4587 4375 0
 1968 1418 4587 4695 0
 4375 1968 4695 4887 0
 4968 4357 3331 3256 0
 4613 4357 4968 3256 0
 4968 5063 3331 4366 0
 4613 3256 4968 4126 0
 4126 5063 4968 4366 0
 4220 645 5031 2991 0
 2395 3483 4168 4825 0
 2066 4939 4615 4849 0
 5255 4350 4265 4971 0
 3884 2034 3373 2850 0
 2034 2397 3373 1884 0
 445 4368 461 3870 0
 4406 4972 747 755 0
 4890 4265 4971 5255 0
 4096 3252 4265 4890 0
 4285 3173 337 329 0
 1216 4864 4884 3490 0
 4099 5322 4208 426 0
 4863 3962 2191 1525 0
 2191 1670 1525 4146 0
 2695 2843 3055 4097 0
 2695 4097 845 3047 0
 2059 4587 4032 4308 0
 4894 621 4730 3465 0
 4894 621 3465 3741 0
 621 4730 5076 4894 0
 3812 4974 4053 2780 0
 4974 4053 3646 3812 0
 2161 197 2557 1815 0
 2161 2557 2186 1815 0
 505 4975 513 3777 0
 5241 513 505 4975 0
 4977 4920 5299 1815 0
 4959 1815 5053 2457 0
 2457 2431 5053 4959 0
 120 4920 150 4977 0
 5098 3285 2778 1209 0
 5155 3298 2238 1327 0
 1969 2490 3074 3112 0
 2264 3192 428 4965 0
 2033 3664 3096 3099 0
 1535 3891 1531 4186 0
 1539 1535 4186 3891 0
 2738 4963 3005 4979 0
 3005 4963 4641 4979 0
 3258 4126 5063 3256 0
 2951 4214 4077 3703 0
 5086 606 578 4333 0
 335 3552 327 4980 0
 4980 3729 327 2711 0
 2942 4980 3209 327 0
 335 3209 4980 327 0
 3552 3729 327 4980 0
 4049 3319 5098 2786 0
 3899 3180 3764 3210 0
 4004 4476 2952 2988 0
 3180 3210 5114 3764 0
 561 4982 3766 4670 0
 5180 2952 4004 1400 0
 3778 3768 840 845 0
 1216 3490 4884 3070 0
 1216 2490 4884 4864 0
 4687 2705 3121 2370 0
 3135 2705 4687 2370 0
 1942 2802 3056 3637 0
 1703 3721 3305 2220 0
 4417 4189 4273 4422 0
 4273 4189 2799 4422 0
 5063 4126 757 4925 0
 4561 4983 4268 5157 0
 5157 4268 3315 4983 0
 5157 3315 4607 4983 0
 142 3002 4520 4984 0
 1391 3510 4586 4985 0
 3510 4985 4807 4586 0
 4520 4986 4338 90 0
 4986 5054 4401 3466 0
 5054 4468 3463 4986 0
 3463 5054 4986 3466 0
 74 4338 4468 5054 0
 512 3572 520 4380 0
 2748 4071 3823 3726 0
 4081 3535 5238 5256 0
 3480 3368 5140 5050 0
 3958 3480 5033 3859 0
 5033 3859 3480 4185 0
 5238 3535 3358 5256 0
 4988 2233 1180 1170 0
 4988 1170 1180 4145 0
 4988 1170 4145 4305 0
 2828 4595 877 844 0
 2372 4021 2410 330 0
 4409 3956 2102 1558 0
 3956 3844 2102 1558 0
 3844 1558 3956 4481 0
 4939 4326 2087 2066 0
 2272 4053 3618 3510 0
 4867 5248 809 807 0
 4862 4867 807 5248 0
 1968 2395 4887 1648 0
 4887 4695 3744 2395 0
 4887 1968 4695 2395 0
 3127 4318 4404 3869 0
 556 3127 4404 3869 0
 4993 5061 2296 5216 0
 3752 4599 4230 4087 0
 4599 4230 4087 1123 0
 2324 2866 4756 3181 0
 2456 2324 4756 3181 0
 4526 3444 4995 2664 0
 4500 4995 3444 4950 0
 4995 4950 2668 3444 0
 4995 3444 2668 2666 0
 4774 1211 4975 4865 0
 2914 3104 3755 2497 0
 2914 2497 3755 4580 0
 5139 4051 522 514 0
 5131 1415 4665 5000 0
 5131 1415 5000 3931 0
 2643 2375 2647 4950 0
 3209 4980 1932 3169 0
 5001 643 749 4366 0
 5001 4366 4925 834 0
 1979 2552 5220 3006 0
 5001 4212 643 4366 0
 4087 4230 1174 1123 0
 1053 2896 4029 1117 0
 4765 4206 355 378 0
 4541 4606 1061 4826 0
 1609 1192 4270 1184 0
 4679 1952 1196 1188 0
 4679 1196 4424 4647 0
 3301 4101 4051 4999 0
 5139 4999 4051 506 0
 5245 3556 5072 5097 0
 4923 616 5076 4894 0
 1164 3363 3908 1176 0
 1387 3134 2804 3200 0
 2804 4634 3134 2098 0
 2804 4634 2098 4107 0
 3200 3134 2804 4634 0
 162 2145 2434 185 0
 4043 5147 3593 4446 0
 5147 4112 4043 3893 0
 3893 3593 4043 5147 0
 4432 1650 2671 3987 0
 4020 2671 3441 1650 0
 2563 2671 4020 1650 0
 2671 4432 3441 1650 0
 4986 3002 4401 118 0
 4520 3002 118 4984 0
 3891 3491 5049 2838 0
 4948 3491 5160 3891 0
 4595 4768 3050 750 0
 4768 3985 3050 750 0
 5135 3120 4768 3985 0
 4215 5002 2293 5088 0
 5002 4083 2293 5088 0
 4204 2293 5002 4083 0
 2390 4204 5002 4083 0
 4204 4215 5002 2293 0
 4215 5002 4778 4204 0
 3789 3111 5183 4748 0
 4098 4830 3046 2940 0
 3993 1542 3428 4291 0
 4389 3515 593 601 0
 4389 601 4458 3515 0
 4389 3740 593 3515 0
 3642 4442 5302 5091 0
 2642 3300 5046 2655 0
 2642 4184 4274 5046 0
 2642 5046 4274 2655 0
 3791 4504 2634 4207 0
 3791 4504 4207 2627 0
 3791 4207 2634 1705 0
 4388 3151 559 4491 0
 4458 4016 3515 601 0
 4410 5269 3169 351 0
 4654 4993 2860 4120 0
 4561 1654 4727 3181 0
 5006 954 2424 4083 0
 5006 4083 3286 954 0
 4939 4326 2066 1303 0
 608 5076 4573 5162 0
 5008 4573 5162 3653 0
 582 4089 4894 5008 0
 5162 3653 4089 5008 0
 582 5076 608 5162 0
 3105 3139 3556 3448 0
 3044 5188 746 754 0
 3044 746 5188 3723 0
 640 3582 5009 632 0
 4567 2112 1780 4105 0
 3122 4865 2152 2462 0
 836 3731 832 4258 0
 4571 4315 4563 1433 0
 3663 508 4812 3066 0
 2448 4812 3663 508 0
 3675 852 3750 1845 0
 5228 4742 4216 4516 0
 994 1084 992 993 0
 994 5231 1082 990 0
 994 992 5231 990 0
 1975 2973 3562 3765 0
 3562 3765 2973 4779 0
 1975 1824 3765 3562 0
 2372 3377 2410 4021 0
 4597 4147 4560 4022 0
 3884 2850 3373 3691 0
 4186 1457 1531 4769 0
 1460 4613 3258 3256 0
 4613 3256 1460 1512 0
 2178 1438 2286 4508 0
 2286 4191 1438 2178 0
 4904 2920 2641 3051 0
 4904 2920 3051 4838 0
 2786 2670 5098 4049 0
 5011 1142 1133 1125 0
 3420 4210 3257 5011 0
 1159 5011 5226 1142 0
 2457 1815 2145 4959 0
 2457 4959 2145 3002 0
 1509 5012 3876 4327 0
 1724 3137 4155 2534 0
 4155 3875 2970 2534 0
 4155 3137 3875 2534 0
 1724 4155 2970 2534 0
 2991 4960 4962 765 0
 4827 1622 3965 5014 0
 3860 5022 4660 3171 0
 5022 5007 3707 3860 0
 4417 4273 3488 2663 0
 3488 4273 4889 2659 0
 2993 2831 2720 5017 0
 5186 5133 1286 1356 0
 3039 5018 1435 4315 0
 3039 4372 1435 5018 0
 3039 2412 4372 5018 0
 4633 5018 3039 4315 0
 871 870 5087 866 0
 5087 1671 871 866 0
 1984 871 870 5087 0
 5087 1984 871 1671 0
 3444 2375 5020 3894 0
 4950 2375 5020 3444 0
 2375 4950 5020 2647 0
 3431 627 697 5092 0
 3041 3931 5131 5021 0
 3431 3041 5131 5021 0
 5023 2501 4063 5074 0
 2580 3225 5024 3058 0
 2776 4008 4764 4697 0
 2776 4697 4764 4795 0
 4008 3816 4201 4697 0
 4697 3475 4764 4795 0
 5025 3504 4858 3922 0
 3556 3922 3504 5025 0
 2646 3355 3647 4031 0
 3355 3792 3647 4031 0
 3778 766 4280 760 0
 3014 1925 4804 3000 0
 3014 3482 4804 4196 0
 4757 3080 709 4915 0
 4757 709 4719 4915 0
 1544 4108 4226 5028 0
 3993 4226 5028 1544 0
 3863 2575 4896 5029 0
 5029 2235 2575 2675 0
 3812 5029 2575 2675 0
 2575 4896 5029 3812 0
 3863 2575 5029 2235 0
 5250 3469 3443 5270 0
 5250 3295 3469 854 0
 2695 3778 840 845 0
 3077 380 3059 4147 0
 3792 3355 1451 4031 0
 2776 5030 4795 475 0
 4216 5030 2776 475 0
 5030 3659 4795 475 0
 4996 1054 4546 4558 0
 760 753 5070 3139 0
 3139 3521 5070 5052 0
 2922 2228 4111 2086 0
 2922 2228 4431 4111 0
 4111 2228 4431 5044 0
 4111 4882 5044 4431 0
 4559 1273 4775 3298 0
 5032 3907 3023 4117 0
 4117 452 5310 3538 0
 5032 5310 4452 3538 0
 3251 5265 4185 4752 0
 3480 3958 5140 3859 0
 3993 1459 1544 5034 0
 5034 4291 4893 3503 0
 4291 5034 3428 3993 0
 3993 5034 1544 5028 0
 3379 2753 3495 4943 0
 3200 4634 2804 325 0
 2804 3200 325 331 0
 4534 325 331 2804 0
 4757 4360 829 1389 0
 3277 4977 5296 2449 0
 108 3520 120 5296 0
 3277 3520 108 5296 0
 3163 1420 993 5035 0
 992 5035 5262 3483 0
 3163 3483 5035 992 0
 4783 2316 5043 2940 0
 4518 2940 5043 3046 0
 641 2889 4512 4901 0
 5111 1171 1122 4562 0
 5111 1122 1171 4924 0
 2956 2670 376 3655 0
 1757 2670 3655 4049 0
 1757 5098 2670 4049 0
 4968 4357 4885 3331 0
 4968 3331 4885 4366 0
 3207 2014 4235 4500 0
 2014 2939 4235 4500 0
 2014 3444 2939 4500 0
 5104 3913 4801 2127 0
 4801 3330 1426 4352 0
 2795 3885 3581 4967 0
 4967 2795 3707 3581 0
 1546 3581 3885 4967 0
 4001 5302 4442 5091 0
 4130 3858 5039 12 0
 1185 2662 4957 4579 0
 1185 4957 4856 4236 0
 646 639 4771 3137 0
 4771 3137 639 3875 0
 3250 4260 4311 4748 0
 3250 5183 4748 3789 0
 4608 3890 2645 4237 0
 5040 4237 4608 2645 0
 5040 4562 4237 2645 0
 3998 4608 2653 2645 0
 5040 2657 4562 2645 0
 5040 5125 2645 4608 0
 4813 4254 5041 4891 0
 5212 4111 2103 5044 0
 4111 4882 2103 5044 0
 1039 1037 943 4793 0
 4771 4155 5045 646 0
 4939 853 846 847 0
 5084 4939 847 853 0
 3286 5261 4083 5227 0
 4611 5109 3908 5046 0
 4611 2508 5046 2658 0
 2508 4365 3336 5046 0
 2508 4365 5046 2658 0
 5109 2508 3336 5046 0
 2071 2312 2912 1557 0
 4697 3997 2102 3956 0
 3997 4697 2688 3956 0
 2888 5196 3017 3823 0
 617 2888 5196 3017 0
 3622 5311 4589 5047 0
 4589 5047 336 344 0
 4589 5047 344 4481 0
 5189 4678 5036 2965 0
 5087 870 865 866 0
 865 1671 5087 866 0
 5087 867 2296 865 0
 1544 5048 3105 1469 0
 5048 3105 4435 1544 0
 4186 1539 3891 5049 0
 5049 3491 5160 4893 0
 5049 4893 3428 4291 0
 3891 4948 1538 5160 0
 3891 3491 5160 5049 0
 5313 5284 3859 5158 0
 2843 3003 1478 3905 0
 1467 1476 1274 4396 0
 556 4404 560 3869 0
 142 3442 3864 3002 0
 2696 2914 4580 4072 0
 375 3956 4409 352 0
 4519 4498 3236 5050 0
 3218 1102 5050 3358 0
 4071 3726 1877 3440 0
 2748 4071 3726 1877 0
 4169 1796 2369 4452 0
 1197 1203 4161 3628 0
 5051 4268 3501 2249 0
 5063 749 4366 4925 0
 5001 4366 749 4925 0
 3778 4280 5052 760 0
 3139 760 3778 5052 0
 3139 5052 5070 760 0
 4977 1815 5299 5053 0
 5053 2431 5177 4977 0
 4688 1815 5053 5299 0
 4984 162 2145 3002 0
 90 4338 5054 4986 0
 74 3447 5054 4468 0
 5055 3184 94 3277 0
 3277 3184 4466 5055 0
 4338 4468 5054 4986 0
 4986 90 4401 5054 0
 118 4860 162 3002 0
 3464 1414 4186 4858 0
 3582 1414 3464 4858 0
 4841 3663 3066 1940 0
 4783 3663 1940 2716 0
 4841 3663 1940 4783 0
 4311 4260 4303 5003 0
 4406 3197 3519 3941 0
 2646 4406 3519 3941 0
 3752 5171 2661 3438 0
 1967 5171 2661 4868 0
 2661 2375 2643 4868 0
 4536 3816 5220 1979 0
 5057 753 4258 3139 0
 3556 5070 5057 3139 0
 3556 5057 5070 5073 0
 5057 4258 753 715 0
 5058 4895 339 4672 0
 4255 4736 5090 3784 0
 3951 4736 4255 3784 0
 3151 3763 3101 559 0
 3520 3176 149 5060 0
 4920 3520 149 5060 0
 5060 149 4920 1815 0
 1815 149 4743 5060 0
 4743 149 3176 5060 0
 3707 5007 2056 5004 0
 5070 753 5057 3139 0
 5070 5057 753 715 0
 5062 5259 3224 4045 0
 5062 5259 5239 3224 0
 4562 4361 2657 5040 0
 3139 3105 2996 3448 0
 2887 509 4093 3693 0
 3168 2814 3693 509 0
 4093 3693 509 480 0
 3430 864 2111 2296 0
 4126 5063 4366 4925 0
 3332 4558 4383 4135 0
 1910 1408 5064 4727 0
 1408 2456 5064 4727 0
 2399 1408 5064 2632 0
 2399 2632 5064 1929 0
 3532 326 2745 2614 0
 5320 2037 4993 5061 0
 3690 3580 4368 4463 0
 5333 3436 2178 3446 0
 3456 3566 3046 4390 0
 3445 2652 2130 1059 0
 5206 4122 5257 3234 0
 4081 3089 4602 5069 0
 5069 5183 3743 2859 0
 4081 4602 5183 5069 0
 5069 4931 4739 3828 0
 4856 4953 4236 3609 0
 980 5102 982 1713 0
 4650 5102 982 980 0
 1715 5211 5102 980 0
 4233 3369 5031 638 0
 5034 4291 3428 4893 0
 2659 3426 4493 2663 0
 2659 3426 3967 4493 0
 2908 3933 5320 4973 0
 3700 5209 1571 3114 0
 4079 5071 3700 1571 0
 5071 2974 4079 1221 0
 4264 1221 5071 5142 0
 5071 2974 1221 4264 0
 767 699 4853 4718 0
 5072 5079 4718 3548 0
 4809 5072 3548 5079 0
 832 5072 4809 767 0
 2899 2098 4597 3296 0
 2899 3296 4597 3770 0
 3475 4764 420 375 0
 4422 3620 4713 4427 0
 4861 632 5009 4730 0
 632 3582 5009 4730 0
 5073 3556 5057 5097 0
 3922 5097 3556 5073 0
 5073 5057 5070 715 0
 3638 4080 4678 1910 0
 3567 3638 4080 4678 0
 4935 5074 3712 5138 0
 5074 4935 3712 4570 0
 3710 5075 4602 3873 0
 4856 4957 4928 4694 0
 4068 4928 4261 4957 0
 3150 3686 5179 3579 0
 4153 4916 4060 4189 0
 4060 3620 4916 4922 0
 4926 4077 4214 3703 0
 4918 569 3951 4255 0
 4510 2986 5080 4970 0
 3763 4917 3101 564 0
 3766 566 4919 4378 0
 4378 566 4919 3839 0
 4406 4972 755 3197 0
 5127 761 5188 3767 0
 3197 755 3767 4972 0
 4334 3921 758 839 0
 3778 760 5077 3768 0
 3139 760 5077 3778 0
 3139 760 5081 5077 0
 3180 3539 5114 3210 0
 3210 5114 3029 3539 0
 3899 3540 3180 3210 0
 565 3899 3951 5078 0
 5072 3922 4718 4853 0
 5072 767 4718 5079 0
 4809 5072 5079 767 0
 3609 4953 4236 3620 0
 4060 3620 4922 4953 0
 1815 4920 2187 149 0
 5097 4853 647 3922 0
 4258 5097 4853 647 0
 5216 3704 5186 3933 0
 4525 3826 4351 3771 0
 3080 4635 635 4915 0
 4936 2801 4934 5080 0
 4936 2801 5080 4510 0
 1098 4591 3092 3357 0
 3150 1197 3565 4927 0
 3581 2485 2153 2895 0
 4955 835 3761 4798 0
 4258 753 5081 3139 0
 4927 3487 4451 4924 0
 4650 982 5102 984 0
 3360 3935 4222 1379 0
 4222 3935 4288 1379 0
 1363 2879 5297 5279 0
 4614 4179 4334 5083 0
 4334 5083 4768 758 0
 1128 1149 1139 1143 0
 5084 847 851 853 0
 1128 5158 1106 1139 0
 1128 1135 1114 5158 0
 4396 3521 2836 1476 0
 2996 3521 4396 1476 0
 1469 2996 1476 3521 0
 1942 1730 4413 5085 0
 3205 5085 1730 1942 0
 2716 1730 3205 5085 0
 5085 1730 1214 3663 0
 3663 5085 1730 2716 0
 4413 1730 1214 5085 0
 1542 1539 1416 3428 0
 3430 3425 2111 864 0
 2185 1622 2771 2824 0
 2771 1622 2971 2824 0
 2971 2824 1622 3737 0
 2771 1622 2185 3965 0
 2771 1622 3965 4827 0
 4827 2771 1622 2971 0
 3264 5287 4304 1092 0
 626 5086 3431 5092 0
 2951 4077 5026 3703 0
 873 1984 870 5087 0
 5087 5186 873 1984 0
 5087 4791 3297 3333 0
 5087 3333 1671 4791 0
 4013 1437 862 2296 0
 1437 862 4202 4013 0
 4215 3204 5088 2361 0
 4215 5002 5088 3204 0
 2991 4798 751 3460 0
 3460 3512 4798 751 0
 3800 2924 3561 4240 0
 4853 3582 5009 640 0
 713 2991 4955 751 0
 3596 5089 4358 5056 0
 4944 3950 2127 3574 0
 1703 3305 5212 2003 0
 3729 323 327 2711 0
 5257 4827 1622 2971 0
 5257 2971 1622 4601 0
 5257 1622 1444 4601 0
 5257 4827 5014 1622 0
 1444 5257 5014 1622 0
 2998 3779 2749 3084 0
 4486 1045 4744 1044 0
 4744 4213 5261 5227 0
 4539 856 5012 4327 0
 5038 3424 5005 5091 0
 2359 4001 5091 3424 0
 3642 5091 5005 3424 0
 4001 5038 5091 3424 0
 1844 5091 3642 3424 0
 1844 2359 5091 3424 0
 4290 4333 3431 5086 0
 5186 3481 2724 3933 0
 4926 4189 4916 4153 0
 4996 3517 4928 4261 0
 3482 1838 3708 3881 0
 1457 2817 4540 4473 0
 1457 3891 4540 2817 0
 1457 4948 3891 2817 0
 5106 1415 5131 3431 0
 799 4095 4312 5093 0
 5264 4312 5317 5093 0
 3897 3955 2851 2259 0
 2851 3955 3662 2259 0
 3955 2553 2259 3897 0
 5123 2851 2259 3897 0
 3662 2553 2259 3955 0
 4240 4062 4796 3495 0
 4769 4848 4186 1457 0
 5096 4631 2503 1759 0
 5096 1759 1214 471 0
 1759 3433 2503 5096 0
 3433 3937 1214 1404 0
 3922 5274 5218 3504 0
 4258 647 715 5097 0
 2395 4887 1648 5037 0
 570 3953 4528 4919 0
 3839 3953 570 4919 0
 5098 3285 1209 3597 0
 3285 1209 3597 2842 0
 5098 1209 3173 3597 0
 1169 3488 5099 4077 0
 1179 5099 3488 4417 0
 1187 5099 4417 4189 0
 1169 5099 4926 4077 0
 1187 5099 4189 4926 0
 4522 2059 3254 4032 0
 3254 4522 4032 4543 0
 2714 4522 3254 4543 0
 4454 2815 538 2503 0
 4161 1677 1565 3681 0
 4779 2973 2491 4135 0
 4443 4739 4351 4523 0
 4443 4369 4739 4523 0
 4451 2660 4562 4361 0
 5036 4678 4869 3021 0
 4944 4678 5197 2107 0
 5177 4977 2431 2449 0
 120 3520 4920 4977 0
 4378 3766 5100 587 0
 4378 5100 4819 587 0
 4759 3111 5003 4963 0
 4368 3580 3690 3652 0
 3652 4368 3580 3386 0
 4045 5259 3224 802 0
 4476 4142 2952 2988 0
 5062 3224 5239 4476 0
 480 3508 5101 3982 0
 1713 3854 2353 5102 0
 5102 5262 5285 2353 0
 4650 5102 5262 987 0
 4040 3388 2918 4793 0
 4159 3106 2495 526 0
 4159 3106 5144 4463 0
 3301 4999 3602 2975 0
 3301 4051 3602 4999 0
 2248 4616 3326 2623 0
 3204 961 5088 963 0
 1692 3574 5104 2413 0
 1692 2413 5104 3330 0
 5104 4944 2127 3574 0
 5104 4944 3913 2127 0
 3623 3386 3652 436 0
 4733 2910 1953 2813 0
 3177 4733 4114 2813 0
 4212 5106 637 643 0
 4212 5106 643 4366 0
 5106 637 643 4450 0
 4366 5106 643 4450 0
 2841 5050 5140 3358 0
 2841 3958 5140 3480 0
 5129 5195 3638 2055 0
 5129 5195 2055 3640 0
 2985 3719 2387 5186 0
 4993 5186 2985 2387 0
 4616 2623 3679 3326 0
 3376 2385 4616 5193 0
 4616 2623 4806 3679 0
 2210 2913 3208 1771 0
 4574 3877 4123 3217 0
 3877 4574 3857 3217 0
 3236 3672 3410 4519 0
 1684 4193 3330 2917 0
 1684 3330 4193 4352 0
 1684 4193 2917 5064 0
 2621 2897 1914 4307 0
 2617 4225 4830 4098 0
 4955 645 2991 713 0
 2991 3626 5031 3460 0
 5123 2259 2851 5107 0
 1850 2249 4297 2105 0
 4627 4870 5108 1875 0
 2820 4359 4241 3525 0
 4601 4434 4241 2820 0
 4736 3385 5200 5090 0
 1053 1975 2973 2896 0
 1053 2973 3872 4029 0
 1053 2896 2973 4029 0
 3363 5109 4937 1824 0
 3562 1824 5109 3908 0
 1824 5109 4937 3237 0
 3908 5109 3363 1824 0
 2731 1655 4775 1653 0
 4064 4120 2731 1655 0
 4679 4843 4424 1196 0
 3296 2323 2098 3093 0
 4597 2098 3093 3296 0
 3093 2323 2098 1410 0
 5111 4921 3890 1122 0
 5111 4451 1171 4562 0
 5111 1171 4451 4924 0
 5111 3890 4237 1122 0
 5111 4562 1122 4237 0
 5111 1122 4924 4921 0
 3105 1469 2996 1274 0
 1379 4869 4944 3574 0
 5104 1379 4944 3574 0
 5104 1379 3913 4944 0
 1471 4322 1359 4775 0
 4436 1359 4775 1471 0
 1653 4775 1471 4436 0
 1420 996 993 5035 0
 4631 4568 2815 2503 0
 4568 3116 2503 1759 0
 4631 4568 2503 1759 0
 3231 3627 4339 4093 0
 3231 3693 3627 4093 0
 3435 3471 2056 4834 0
 3526 3035 5244 5112 0
 4467 5147 1319 1412 0
 597 5113 2888 4071 0
 5113 3440 5115 3823 0
 5114 4404 4318 3869 0
 560 3764 5114 4404 0
 4981 3180 560 3764 0
 3180 3539 560 5114 0
 5114 3869 3029 3539 0
 4406 747 4972 4719 0
 1086 4876 1087 995 0
 2888 3823 5115 5196 0
 4574 426 3217 5164 0
 426 4208 3777 3217 0
 4574 3217 4123 5164 0
 3457 5230 5117 4663 0
 5117 3457 4663 2412 0
 2951 4832 2139 4077 0
 2951 4214 4832 4077 0
 5172 3269 2406 1357 0
 3744 2728 4638 2712 0
 5016 3744 4638 2712 0
 5016 4658 3744 2712 0
 4337 4032 3744 2712 0
 4032 2728 3744 2712 0
 4032 3744 3677 4337 0
 3151 5118 5120 3273 0
 4951 5121 4687 4807 0
 4687 5152 2861 4807 0
 4951 4676 5121 4807 0
 4586 4676 4951 4807 0
 2765 3249 3215 5033 0
 3907 3755 4536 4535 0
 3907 4535 4536 2846 0
 4944 5197 3913 5141 0
 4678 5197 3913 4944 0
 4440 5197 5195 5141 0
 4301 1327 4508 2238 0
 2238 5240 4301 1327 0
 2238 3298 5240 1327 0
 4365 4394 3300 4261 0
 4100 3881 3687 1862 0
 4100 3687 4247 1862 0
 4247 3687 1571 1862 0
 2221 3687 1862 1571 0
 4141 5033 4976 3958 0
 356 5043 4229 3046 0
 5120 4071 3303 5113 0
 4492 3924 4287 5121 0
 4687 3135 2875 5121 0
 4287 1656 4687 5121 0
 3135 4896 2875 5121 0
 5295 5122 5229 3457 0
 5295 4639 5122 3457 0
 4639 5018 5122 3457 0
 1415 2905 3041 3575 0
 3823 5113 4071 2888 0
 5113 5115 2888 3823 0
 3286 4083 5088 5227 0
 4486 4213 4744 961 0
 4213 3354 963 4486 0
 3996 2737 5123 3824 0
 2208 3897 5123 2737 0
 3996 5107 5123 4459 0
 2208 5306 4324 3897 0
 5124 4835 4796 3712 0
 5125 2657 2645 4606 0
 4361 3399 2657 5125 0
 5040 2657 2645 5125 0
 5040 4361 2657 5125 0
 5201 4865 4975 4208 0
 5201 4865 4208 2462 0
 5201 2462 4208 4099 0
 3714 4193 4801 4352 0
 3714 4193 1753 4801 0
 1194 4421 3362 1200 0
 5235 5126 4849 4735 0
 5188 3767 3044 3197 0
 5127 755 3767 3197 0
 4913 755 5127 3197 0
 3542 5128 4802 5143 0
 5215 5129 4440 3638 0
 4561 4983 5129 3640 0
 5157 4983 4607 5129 0
 4847 1568 1746 4345 0
 3336 3765 4940 5109 0
 3765 1824 3237 5109 0
 5130 1084 1085 993 0
 1084 5130 992 993 0
 3431 5131 697 5021 0
 5273 5131 697 5092 0
 697 5273 764 5000 0
 3431 5131 5092 697 0
 5273 5000 697 5131 0
 4835 4497 4502 4854 0
 4835 4354 4497 4854 0
 3922 4718 3582 3186 0
 3548 3922 3186 4718 0
 4858 3922 3582 3186 0
 3548 4858 3186 3922 0
 2973 4393 4135 4779 0
 2973 3765 4393 4779 0
 2720 4158 5132 4152 0
 565 3180 4981 3764 0
 565 3899 3764 4918 0
 565 5078 3180 3899 0
 5186 3391 5133 1353 0
 2617 4830 4225 4569 0
 3669 4411 3245 5134 0
 5134 4234 4062 3669 0
 4457 4549 4583 5134 0
 5134 3474 3712 4354 0
 5104 1379 3330 3913 0
 4801 3913 1753 2127 0
 3913 4944 5141 2127 0
 3330 3913 4801 5104 0
 4440 5141 2127 3913 0
 750 5083 4768 5135 0
 750 5135 4768 3985 0
 3363 4611 4937 5109 0
 3908 4611 3363 5109 0
 2897 2894 5210 2499 0
 4873 2897 2894 5210 0
 1221 5142 3700 5071 0
 4079 5071 1221 3700 0
 512 4380 2340 3572 0
 4447 3438 3453 4599 0
 4447 3438 2654 3453 0
 1942 5085 4413 5136 0
 3205 5136 5085 1942 0
 5136 405 415 1942 0
 2755 2796 1688 2082 0
 2082 4581 5148 4880 0
 4149 2024 4889 4077 0
 4077 4149 4552 4889 0
 5137 3890 3476 4608 0
 5137 4921 3028 4218 0
 5137 4921 4218 3890 0
 4003 3493 5138 4547 0
 5138 4935 4796 3712 0
 4474 5023 2501 3244 0
 3879 4895 339 3972 0
 3972 339 5058 4895 0
 5106 2779 3431 637 0
 5106 637 4450 2779 0
 637 5106 5092 3431 0
 4212 5106 5092 637 0
 3002 3442 3864 2337 0
 3864 3442 3450 2337 0
 3431 3575 4151 2779 0
 5140 3859 4963 5208 0
 5140 5208 4963 4979 0
 2644 2968 2662 2508 0
 4399 2644 2662 2508 0
 2985 2958 4791 2736 0
 4791 4508 2736 2958 0
 4120 2958 1655 2985 0
 5278 5255 4350 3699 0
 5278 4350 820 3699 0
 4280 752 766 3055 0
 4280 766 3778 3055 0
 4857 818 5252 5258 0
 3105 4435 3478 5025 0
 3550 1416 3548 5025 0
 2617 4569 4225 2794 0
 4896 3135 3084 3863 0
 3135 3863 4896 5029 0
 5088 963 4213 966 0
 4213 966 963 3354 0
 4114 4733 1953 2813 0
 4114 4733 3177 3192 0
 1500 4090 4899 1413 0
 5037 1683 998 996 0
 5035 1420 996 2997 0
 4954 996 2997 5035 0
 5037 998 4954 996 0
 3700 3114 5142 4167 0
 4361 4608 3775 5125 0
 3775 4608 3630 3901 0
 5037 1683 996 5035 0
 5037 996 4954 5035 0
 4987 2841 3958 3535 0
 2759 3710 5140 4963 0
 641 2889 4593 708 0
 4901 1675 4494 2889 0
 4901 2889 4494 4593 0
 4901 2889 4593 641 0
 4580 3755 3907 4535 0
 2497 3755 4580 4535 0
 2990 5064 1929 3501 0
 5143 2944 561 4802 0
 5143 5128 4802 561 0
 5144 2569 4042 3747 0
 4159 3106 526 5144 0
 4159 5144 526 518 0
 3023 4169 5032 4452 0
 5032 4169 2369 4452 0
 2139 4832 4738 4037 0
 3899 5200 4177 5268 0
 3764 585 5268 584 0
 3899 5268 3764 585 0
 4559 3171 4775 4322 0
 4163 5148 3350 4904 0
 2853 4904 3350 4582 0
 4904 5148 4820 4838 0
 2375 2640 4868 4069 0
 2643 4950 4868 2375 0
 2375 4950 4868 2640 0
 4192 4887 4651 4659 0
 5235 3190 4735 3295 0
 3966 3213 3610 4818 0
 5186 1286 1984 3297 0
 5186 3297 1984 5087 0
 3719 1353 5186 5133 0
 873 3391 1286 5186 0
 2127 4944 5141 3950 0
 2706 4734 4973 3933 0
 5319 4323 3291 4143 0
 5150 3924 3646 4053 0
 5150 3924 1624 3646 0
 3510 1656 4807 5152 0
 4274 2896 1117 4029 0
 5010 3825 4224 3437 0
 5010 3320 3437 2914 0
 3159 5306 4000 4324 0
 5309 5123 5149 4459 0
 3159 5123 2891 5149 0
 1083 5153 4876 3980 0
 4669 1683 5153 3980 0
 4690 3598 3269 4624 0
 3269 4624 2406 1357 0
 5154 3483 4168 3163 0
 5154 4825 3677 4168 0
 2845 4329 5050 3413 0
 2989 5183 3743 5069 0
 5183 4602 2859 5069 0
 5217 4621 3502 4276 0
 3210 5178 5268 5156 0
 3210 5156 5268 4177 0
 4512 622 634 4761 0
 4512 4761 634 4901 0
 5120 4071 5113 597 0
 1345 3660 5157 3175 0
 3175 5157 1345 3912 0
 1345 5157 3714 3912 0
 1345 5157 4294 3714 0
 4834 3435 3471 2043 0
 4719 4998 747 709 0
 5000 4665 5243 3794 0
 4209 5243 4665 3794 0
 5273 4665 764 5000 0
 4914 3203 3991 3233 0
 5189 2965 5036 3318 0
 1149 5158 1135 1128 0
 1149 1139 5158 1128 0
 5158 5166 3599 5265 0
 1139 5308 5158 1106 0
 5158 5308 5166 1106 0
 3092 3902 5159 3930 0
 4321 4881 4266 3930 0
 5247 2878 3497 4266 0
 4096 3252 4890 5252 0
 5252 4890 4096 4857 0
 3854 984 982 1075 0
 984 3854 982 5102 0
 3854 5285 2353 5102 0
 5049 5160 1538 4893 0
 3891 5160 1538 5049 0
 4261 4668 4957 1177 0
 4261 4957 4928 1177 0
 4988 4958 4145 1180 0
 4908 4121 2409 1455 0
 4908 2409 4899 1455 0
 4121 4177 3385 1455 0
 1757 3612 3701 3655 0
 3612 4799 1757 4129 0
 4129 3612 3783 3285 0
 4663 2043 4002 4543 0
 4543 4663 2043 5230 0
 4730 621 632 5190 0
 4978 4337 5082 4012 0
 4658 4337 5082 4978 0
 5161 4276 2424 3293 0
 3293 4276 4621 5161 0
 5008 4573 5076 5162 0
 582 5162 4089 5008 0
 4668 4365 4261 4957 0
 4244 4365 4668 4957 0
 1027 1031 5203 1066 0
 1031 5203 1066 1094 0
 4866 3803 3959 3894 0
 4866 3364 3959 3803 0
 4563 5163 3317 2320 0
 4563 4639 5163 2320 0
 2603 5163 3317 5204 0
 5164 4123 3960 3217 0
 426 4208 3217 5322 0
 5124 3667 4731 4886 0
 4783 4841 5043 1940 0
 4518 4841 5043 4783 0
 5097 4258 5057 715 0
 5073 5097 5057 715 0
 3922 5218 5097 5073 0
 1313 3774 3804 3786 0
 1313 3804 1358 3786 0
 3298 3804 1273 1667 0
 3114 2221 5209 1571 0
 3700 3114 1571 5071 0
 4580 4117 3907 4704 0
 3907 4580 4704 3755 0
 4151 4290 3575 3431 0
 5166 1064 1065 4262 0
 5166 1096 1106 1065 0
 5166 1103 1065 1064 0
 4366 5063 643 749 0
 2032 4162 2868 5167 0
 3600 2032 2782 5167 0
 4736 5200 592 600 0
 4736 5200 600 5090 0
 3822 3893 3443 3469 0
 5250 1746 3443 3822 0
 963 1049 961 4486 0
 4744 1046 965 1045 0
 4486 1045 1046 4744 0
 2643 4420 4936 1191 0
 3151 5118 576 590 0
 3151 5118 4039 576 0
 3869 5114 3029 4318 0
 2194 5198 4115 4561 0
 2194 5198 2610 4115 0
 3907 4704 4536 3755 0
 3755 4536 2126 4704 0
 3766 579 586 5100 0
 864 861 2111 2296 0
 5216 864 5061 2296 0
 3886 1379 3459 3360 0
 1379 3330 3886 3459 0
 3459 1379 2074 3360 0
 1379 3989 3459 2074 0
 4608 2653 3476 3113 0
 4608 3113 3476 3630 0
 5238 3216 3358 4891 0
 5168 3700 3365 4167 0
 4366 5169 643 5063 0
 4366 5169 4450 643 0
 374 351 4410 4875 0
 3151 5118 590 5120 0
 3483 1328 5154 4825 0
 5154 4825 4168 3483 0
 5231 5130 1084 1082 0
 5170 4874 499 2774 0
 5170 4874 504 499 0
 4112 4327 3675 2249 0
 4615 4112 3675 2249 0
 3181 2866 2249 3557 0
 2929 4674 4951 3964 0
 2861 3760 3964 4807 0
 3296 2323 3093 3770 0
 4597 3093 3770 3296 0
 5320 5061 4993 5216 0
 5320 3933 5216 4993 0
 3210 5178 4808 3029 0
 3210 4808 5178 5156 0
 4812 3663 3066 4841 0
 4962 4220 5031 2991 0
 4399 3620 4427 4713 0
 2375 4331 5171 3959 0
 2375 4235 4069 5171 0
 2375 4331 4235 5171 0
 5171 2375 4868 4069 0
 3959 2375 2661 5171 0
 5171 2375 2661 4868 0
 4693 4740 3773 4393 0
 5068 5013 4773 4263 0
 1671 5173 4013 4791 0
 4791 5173 2296 4993 0
 5173 2296 4013 4791 0
 2481 3832 5174 3991 0
 5174 1613 3832 4103 0
 2732 3832 4103 5174 0
 4501 850 4849 4735 0
 751 2991 3460 3626 0
 3361 4205 3608 1583 0
 1955 4754 4327 3896 0
 4112 4754 4847 3896 0
 3822 3896 5147 4112 0
 3876 856 1291 5176 0
 1291 859 5176 856 0
 4629 2833 5176 1291 0
 120 4977 150 5177 0
 5296 4977 5177 2449 0
 5137 2937 4548 3476 0
 5137 3476 4548 3630 0
 3785 3063 4161 5167 0
 2217 3144 4987 5167 0
 3144 4336 4987 5167 0
 4231 3660 5051 2857 0
 4754 4345 5051 4847 0
 5241 4774 4975 2152 0
 5241 513 4975 4774 0
 5241 505 513 501 0
 5053 5177 150 4977 0
 2859 4065 5183 1067 0
 4011 5075 5183 3648 0
 4065 4014 2859 4602 0
 5183 5075 4011 4602 0
 1850 3846 1845 3675 0
 2058 3640 5129 2055 0
 2058 2055 5129 3638 0
 2821 4448 4376 2906 0
 4376 4448 3525 2906 0
 4404 3764 5178 584 0
 4756 2866 2249 3181 0
 1290 2249 4756 1509 0
 4007 3013 4515 5059 0
 2791 2649 4243 4515 0
 2401 2711 3871 1209 0
 3150 4162 2032 4526 0
 808 3728 5095 5253 0
 810 808 3728 5095 0
 5272 4004 4203 2848 0
 801 2848 773 771 0
 4514 4845 2207 3342 0
 801 773 5272 803 0
 5264 849 5175 3276 0
 5186 2985 3719 1356 0
 801 771 799 2848 0
 1356 4791 3297 5186 0
 1356 4791 5186 2985 0
 4668 2642 3300 4365 0
 4668 2642 4577 3300 0
 4956 4757 4360 3080 0
 1433 5181 5294 2568 0
 3317 4563 2568 5181 0
 5181 3317 4563 4825 0
 3119 2899 4597 3770 0
 5182 4847 5051 3932 0
 3919 2086 3116 4689 0
 758 3921 4334 4614 0
 3250 5183 4332 4748 0
 4561 2058 5198 4115 0
 4115 2058 5198 2610 0
 3901 3998 4608 3113 0
 3901 3998 4541 5125 0
 3998 2653 3113 4316 0
 3998 2653 4316 4606 0
 4608 3113 3630 3901 0
 4608 3998 3901 5125 0
 426 3217 3960 5322 0
 426 5164 3960 3217 0
 4849 1726 3118 3822 0
 5059 3013 4515 2869 0
 4290 4333 578 5185 0
 3675 1845 1850 2249 0
 4297 2249 4268 2105 0
 4268 2249 4297 3181 0
 4615 2249 1850 3975 0
 3975 2249 1850 2105 0
 4327 4754 4112 3896 0
 2915 4334 3454 839 0
 2809 5187 528 536 0
 5187 536 3518 3527 0
 5187 536 3527 528 0
 2703 536 5187 2809 0
 4597 3093 4147 3696 0
 3696 4597 3093 3770 0
 1273 1359 4775 4252 0
 4097 3130 3634 845 0
 4097 878 3130 845 0
 4334 4768 4595 758 0
 2788 4963 3859 5208 0
 4291 1542 4441 3993 0
 3044 754 3767 5188 0
 3420 4210 5011 3569 0
 1133 1142 5011 1147 0
 5036 1379 5189 4496 0
 1379 5189 4496 1892 0
 4496 5036 3906 5189 0
 1379 5189 1892 1910 0
 3721 4225 1942 3650 0
 3721 2614 4225 3650 0
 640 5190 3582 632 0
 632 5190 3582 4730 0
 4032 4375 4887 2728 0
 4887 3744 4032 2728 0
 3744 2728 4887 4638 0
 5046 3336 3300 4365 0
 2508 4940 3336 4365 0
 4365 2508 4940 4399 0
 5191 4574 4123 5164 0
 4574 5191 505 476 0
 1915 4570 1928 5024 0
 4740 1915 4753 707 0
 933 5192 1028 1008 0
 5263 4178 5192 1008 0
 4302 5192 4304 1092 0
 4052 4062 4178 5263 0
 1028 4302 1092 5192 0
 5192 4178 5263 4052 0
 5095 3728 666 4645 0
 5193 507 4616 2396 0
 5193 2385 4616 4806 0
 3905 5194 5233 3055 0
 3055 5194 752 3634 0
 5194 714 752 3634 0
 752 5194 4902 714 0
 3905 5194 4902 5233 0
 3504 5274 5190 3582 0
 1139 1138 5284 5308 0
 1163 1173 1155 5284 0
 3713 4788 4935 4796 0
 617 622 5196 4786 0
 622 5196 4786 4761 0
 617 622 3017 5196 0
 1379 3330 3459 3989 0
 2107 3567 4678 5197 0
 5048 3511 3105 1469 0
 5157 1753 4294 3714 0
 5157 4193 1753 3714 0
 4561 3640 5129 2058 0
 2058 4561 5198 5129 0
 2058 5129 5198 3638 0
 1388 4046 5199 5286 0
 2871 825 5214 1388 0
 5002 3286 4083 5088 0
 2390 4083 5002 3286 0
 501 5293 476 5223 0
 426 3777 4208 5201 0
 5201 4099 4208 426 0
 3595 4580 4117 3023 0
 2914 4580 3977 2696 0
 5044 5202 449 465 0
 5202 465 5044 2228 0
 5044 2228 4431 5202 0
 4882 5202 5044 4431 0
 3959 3364 4331 3752 0
 3959 4331 5171 3752 0
 3752 3959 2661 5171 0
 2233 4826 4541 2039 0
 4606 1121 1061 4826 0
 5238 5168 4148 4444 0
 3501 3175 5064 5157 0
 3501 3175 2990 5064 0
 4988 4305 5125 4606 0
 3399 4305 5125 4988 0
 4931 4369 4739 4443 0
 1044 957 1045 4744 0
 960 957 959 4744 0
 5205 384 390 4136 0
 5205 1210 3377 4776 0
 3976 4136 3377 5205 0
 4136 384 1210 5205 0
 5128 4802 561 4181 0
 4602 5075 4011 4199 0
 4602 2859 4739 3821 0
 5130 1683 992 993 0
 3744 5016 4887 5204 0
 3744 5122 4337 4978 0
 5204 3744 5016 4978 0
 4312 5175 3831 5275 0
 5093 4312 4567 4105 0
 697 5131 5000 3931 0
 5131 3931 697 5021 0
 3923 2334 3314 5013 0
 3314 4675 3923 5013 0
 3935 1292 4070 4778 0
 3935 4778 4070 4094 0
 1622 4058 3049 3737 0
 4355 4058 1622 3737 0
 3781 2499 5210 2894 0
 5210 2897 2499 3614 0
 5211 4669 5102 1713 0
 981 5211 980 4698 0
 5211 5102 980 1713 0
 3899 585 592 5200 0
 4736 592 5200 3899 0
 3766 586 2944 5100 0
 2944 3766 5100 4378 0
 5093 799 4567 4312 0
 4111 2003 5212 2093 0
 4032 4695 3677 3744 0
 4695 4032 4375 4887 0
 3744 4695 3677 2395 0
 573 5185 5213 3784 0
 1039 4961 1040 4793 0
 1500 4908 4899 4090 0
 1900 4197 847 1399 0
 846 3032 4326 4197 0
 5188 5127 3767 3197 0
 5214 5286 5304 1377 0
 689 5214 5286 690 0
 1388 5214 1377 5286 0
 5214 5199 5286 1388 0
 3599 2708 5308 1138 0
 5129 5215 1753 5157 0
 4193 5157 1753 5215 0
 5064 5215 5157 4193 0
 5114 4404 3869 560 0
 5114 560 3869 3539 0
 3584 3229 3691 358 0
 1080 985 988 5285 0
 5285 985 988 987 0
 5214 2871 1377 5222 0
 743 5199 693 5214 0
 3488 4889 4077 4552 0
 4013 862 865 2296 0
 4782 862 4013 4202 0
 862 4782 4013 865 0
 3796 4483 4937 3237 0
 4937 3802 4483 3796 0
 5084 1828 3846 1399 0
 559 3151 3763 4491 0
 1039 943 946 4961 0
 943 950 946 4961 0
 5097 647 715 5218 0
 5218 715 5097 5073 0
 3876 856 5176 4637 0
 5176 859 4637 856 0
 4327 856 3876 4637 0
 4536 3689 5220 3946 0
 4813 4891 5041 4909 0
 3171 4559 5146 4322 0
 3388 2775 2918 4793 0
 3388 4544 2847 3309 0
 638 4233 4962 5031 0
 5222 4605 2691 3467 0
 4195 5222 2691 5280 0
 1377 5280 5222 4195 0
 2867 5222 3452 826 0
 5223 5201 476 426 0
 1176 3363 3908 4611 0
 5224 4062 4178 4052 0
 3495 4062 5224 4052 0
 2904 4062 5224 3495 0
 2904 4835 5224 4062 0
 5224 4835 4178 4062 0
 4425 4995 2668 2666 0
 4403 3207 4081 5069 0
 2989 5183 5069 4081 0
 1346 4871 2153 4078 0
 4491 3151 3763 576 0
 3151 4039 3101 3763 0
 4781 3738 3560 5159 0
 1823 3560 3332 5159 0
 4155 5045 4902 5194 0
 1404 2448 5225 1214 0
 1404 459 5225 3588 0
 1404 459 458 5225 0
 1404 5225 458 1214 0
 3483 4650 4840 4825 0
 1083 4876 1086 3980 0
 5226 1140 1154 1142 0
 5226 1142 4943 1140 0
 1142 5011 5226 4943 0
 1932 2981 3209 3169 0
 4410 2981 2348 3169 0
 4702 2981 3209 1932 0
 4597 4147 4022 3696 0
 3696 380 4511 4147 0
 3382 2043 4543 4002 0
 5230 2043 4543 2844 0
 3286 959 5261 5227 0
 5227 4083 4213 5261 0
 4747 959 3286 5227 0
 4747 3286 5088 5227 0
 3444 3894 5020 4428 0
 3175 4193 5157 3912 0
 5157 4193 3714 3912 0
 5194 3130 5045 3634 0
 5194 3130 3634 4097 0
 5194 5045 714 3634 0
 2062 5228 4216 5030 0
 2062 3656 5228 5030 0
 4029 2973 3872 2491 0
 94 3277 108 5055 0
 5082 4543 2844 5230 0
 4744 956 957 959 0
 956 4744 5261 959 0
 5231 5130 992 1084 0
 5262 5231 992 989 0
 989 992 990 5231 0
 988 5285 987 989 0
 987 5285 5262 989 0
 5232 3153 954 5261 0
 5232 954 1042 955 0
 5232 3153 1042 954 0
 956 5232 954 5261 0
 956 955 954 5232 0
 4203 4373 5277 5272 0
 4095 803 5272 2682 0
 803 716 5272 2928 0
 4679 1952 4843 1196 0
 5233 752 4280 3055 0
 5233 5194 752 3055 0
 5233 5194 4902 752 0
 4049 5098 3173 3597 0
 3572 5234 4516 3698 0
 4742 5234 4516 3572 0
 4742 5234 3572 3202 0
 4765 4206 378 4965 0
 4861 4730 5009 4573 0
 4730 3582 5009 4573 0
 3764 584 5268 5178 0
 5268 5178 584 5156 0
 1065 5166 4262 1032 0
 373 396 371 3721 0
 396 3721 1942 371 0
 3721 2802 2769 396 0
 5236 809 5248 779 0
 666 671 5236 665 0
 4867 5248 5236 809 0
 4271 4481 5237 2901 0
 2693 5237 4566 3523 0
 4271 5237 4075 2901 0
 5076 4861 4573 4730 0
 5076 4730 4573 5008 0
 4894 4730 5076 5008 0
 4081 3710 5238 3535 0
 5238 3710 4891 3358 0
 5238 3710 3358 3535 0
 3959 4419 2661 4219 0
 4419 3959 2661 3752 0
 4428 2647 4386 5020 0
 4428 4386 3894 5020 0
 3426 3942 4273 2659 0
 5241 501 513 3201 0
 4392 2083 2496 4423 0
 2496 4423 3485 4392 0
 4801 3913 3330 4193 0
 2508 4937 2968 4611 0
 5103 806 808 5042 0
 5042 5103 806 4989 0
 5002 3286 5088 4747 0
 3204 5002 5088 4747 0
 4529 5116 3735 2293 0
 758 4614 4334 5083 0
 3318 5036 5189 3906 0
 5035 993 992 1683 0
 5062 3840 4142 5259 0
 5165 4649 2304 4651 0
 4002 3471 4078 3435 0
 4002 3471 3435 2043 0
 4663 2043 3471 4002 0
 2952 5327 5062 4476 0
 1724 3003 4155 3137 0
 3878 1724 2843 4155 0
 2792 4155 2970 1724 0
 2843 1724 3003 4155 0
 992 3163 993 5035 0
 4151 5086 3431 626 0
 626 5086 612 5090 0
 4151 5090 5086 626 0
 5172 5281 2871 3269 0
 666 3728 5095 5236 0
 4867 5095 5236 4319 0
 3992 4364 4854 3576 0
 3005 4047 4891 4979 0
 4891 5041 4979 4047 0
 5123 3824 2259 5107 0
 1127 1131 1110 5287 0
 5000 4665 764 5243 0
 4209 764 4665 5243 0
 5037 998 1000 4954 0
 3483 987 4840 4650 0
 5262 987 3483 4650 0
 4404 4318 584 5178 0
 5178 4318 584 4808 0
 5178 4808 584 5156 0
 4467 5219 1412 5244 0
 1096 1114 5166 5158 0
 5166 4692 5308 3599 0
 1135 5265 1114 5158 0
 5158 5308 3599 5166 0
 5146 3171 3804 4559 0
 4744 1045 965 960 0
 4393 4693 4740 3765 0
 764 4665 5273 4212 0
 4665 5106 5273 4212 0
 4665 5000 5273 5131 0
 2996 3511 1469 3105 0
 2996 1469 3511 3521 0
 5228 3698 3572 4516 0
 2062 2340 4216 5228 0
 512 2340 5228 3572 0
 832 5245 4809 5072 0
 5246 922 896 899 0
 1910 3913 3886 1379 0
 3330 3886 3913 1379 0
 994 1082 5231 1084 0
 2353 5130 5262 5231 0
 2662 4244 4957 4365 0
 4678 3567 3638 5197 0
 2067 3879 339 3972 0
 2067 339 347 3972 0
 2214 5247 4371 3497 0
 2214 5247 3497 4572 0
 898 5247 2382 3474 0
 2168 707 4572 5247 0
 4112 4615 5084 4939 0
 3896 4345 4847 3443 0
 5236 5248 669 726 0
 4862 4867 5248 4319 0
 4867 4319 5236 5248 0
 688 690 5304 4125 0
 669 662 5248 665 0
 2991 3993 3401 4441 0
 3805 2991 2117 4441 0
 4441 2117 3805 3547 0
 4918 4255 3951 4736 0
 3951 4736 3899 4918 0
 3942 2139 4738 4889 0
 1671 4791 4013 5087 0
 4983 4358 3271 3640 0
 4268 4358 4983 3640 0
 4268 5182 3315 4358 0
 4650 4430 4964 4825 0
 4964 4840 4650 4825 0
 3457 5082 4337 4012 0
 5082 4337 4663 3457 0
 4337 4445 4663 3457 0
 4978 5122 4337 4012 0
 4337 5122 4445 3457 0
 4945 644 4437 628 0
 5285 979 1078 985 0
 808 5253 2886 3728 0
 4045 5242 5259 802 0
 787 736 5258 819 0
 4857 5258 819 818 0
 805 807 775 5248 0
 4445 2412 4663 3457 0
 5018 2412 4445 3457 0
 5122 5018 4445 3457 0
 4403 3207 4931 4069 0
 3207 4931 5069 4403 0
 2753 5287 3495 4943 0
 4757 5251 4998 709 0
 4998 4102 5251 4956 0
 5015 709 5251 3080 0
 638 5031 4962 4220 0
 2753 1126 5287 1140 0
 1145 1152 1157 5226 0
 1167 5226 1157 1152 0
 1141 1145 5287 1152 0
 4133 3048 5283 3659 0
 4133 3656 3659 5283 0
 5047 344 4481 352 0
 4506 4846 2752 4037 0
 5252 678 5258 674 0
 5258 678 681 675 0
 4857 5258 678 681 0
 5264 3190 4171 1780 0
 5253 3728 5095 4645 0
 4939 4615 4849 4112 0
 4849 4615 5184 1726 0
 2991 4962 4220 765 0
 4971 4350 5278 5255 0
 5262 5035 4650 3483 0
 5235 5267 2872 5126 0
 3638 5195 4440 5197 0
 5129 5195 4440 3638 0
 4476 5062 4142 5239 0
 5145 5116 3735 4529 0
 2217 4056 5256 4859 0
 5256 4056 3535 3218 0
 4187 5256 5179 4859 0
 5067 5257 1444 4241 0
 5257 4601 1444 4241 0
 3581 3707 3171 3435 0
 4184 4611 3908 5046 0
 4184 4611 5046 2658 0
 5258 674 678 675 0
 4857 5258 5252 678 0
 4857 681 703 5258 0
 1173 5313 5284 2837 0
 653 651 4787 5259 0
 653 4729 660 5242 0
 5062 3840 5259 4045 0
 5062 4142 5239 5259 0
 653 4787 5242 5259 0
 4045 5242 3840 5259 0
 5181 981 980 5294 0
 5294 5181 5315 2568 0
 3731 5245 832 4258 0
 832 5245 5072 4258 0
 3234 4376 4584 4837 0
 5086 573 4255 3784 0
 4490 5199 693 691 0
 4490 4314 5199 691 0
 597 5113 609 2888 0
 5113 5115 609 2888 0
 5278 4067 5255 3695 0
 4971 5278 4067 5255 0
 662 669 5248 667 0
 667 5248 3147 706 0
 4862 5248 3147 662 0
 3234 5257 5067 4241 0
 4156 5180 2952 2988 0
 5252 674 672 678 0
 678 4890 5252 4857 0
 3279 5260 2159 328 0
 2159 5260 4479 328 0
 4479 328 5260 324 0
 3812 3716 5107 4438 0
 5107 4974 3716 3812 0
 695 694 4125 690 0
 5214 5222 1377 5304 0
 4125 5304 5214 690 0
 937 918 5263 933 0
 922 5246 918 899 0
 5312 4304 937 4052 0
 4052 5263 5192 937 0
 2867 3452 4125 694 0
 3769 3810 4150 4898 0
 5255 4890 4265 3252 0
 4772 2674 5068 4905 0
 4703 4408 2768 4886 0
 5076 5162 582 5008 0
 5158 5166 1096 1106 0
 5313 5265 3859 4185 0
 1114 5265 5166 5158 0
 5035 996 993 1683 0
 5255 672 4067 4890 0
 4890 5255 4971 4067 0
 5046 4184 4274 3908 0
 1416 4858 4760 4186 0
 5025 4858 3504 4617 0
 1416 4858 4617 4760 0
 5139 4999 3947 4051 0
 3751 4578 5266 3347 0
 3669 4411 3259 3245 0
 3724 1090 1091 4279 0
 4876 3724 1089 4279 0
 2641 4904 3174 2853 0
 5291 4105 850 848 0
 4447 4599 3453 1123 0
 5147 4112 3893 3822 0
 4849 5184 3118 1726 0
 4541 3998 3113 4316 0
 4541 3998 4316 4606 0
 373 2614 3721 371 0
 364 373 371 2614 0
 3950 3914 4944 5141 0
 5282 1291 856 859 0
 4155 3137 4771 3875 0
 3595 1865 3877 3606 0
 1984 4144 870 871 0
 1286 1984 4144 870 0
 2769 3884 3305 2034 0
 3721 2769 373 396 0
 5124 3667 4886 4628 0
 5137 3476 3630 4608 0
 1357 5172 5207 2406 0
 4053 5029 3812 2675 0
 3812 4492 5029 4053 0
 5072 4853 5097 3922 0
 4258 5072 4853 5097 0
 5245 4258 3731 3139 0
 3731 4258 5081 3139 0
 5068 2674 5013 4263 0
 5013 4173 4675 4773 0
 5269 3209 3169 343 0
 722 4203 652 650 0
 2682 5272 4004 5277 0
 4212 5106 5273 5092 0
 5274 640 5190 3582 0
 5291 4312 1400 5275 0
 5277 5272 4004 4203 0
 5317 3831 4095 4312 0
 3735 5119 3109 5116 0
 5317 4312 4095 5093 0
 463 488 5234 2126 0
 467 466 485 5328 0
 5234 485 466 5328 0
 501 5293 505 476 0
 505 5293 4975 3777 0
 5241 4975 505 5293 0
 5241 505 501 5293 0
 5241 2152 4975 5293 0
 4497 4478 4502 4854 0
 5037 4954 1000 1648 0
 1416 4617 5025 4435 0
 1416 4858 5025 4617 0
 4153 4189 4060 4846 0
 4467 5244 1319 5112 0
 612 5086 4255 5090 0
 3899 585 5200 5268 0
 4614 759 3921 3512 0
 3921 3761 758 839 0
 758 759 3921 4614 0
 5191 4574 5164 476 0
 3609 3221 4236 4537 0
 5060 4920 4977 1815 0
 2823 3631 4136 4513 0
 4665 5106 5131 5273 0
 5273 5106 5131 5092 0
 4629 2833 4637 5176 0
 937 5263 5192 933 0
 933 5263 5192 1008 0
 846 4326 848 4939 0
 2112 4326 2087 4939 0
 3482 1838 3881 1873 0
 3482 2177 1838 1873 0
 5075 3265 4086 4766 0
 1708 3881 1862 3687 0
 5209 5075 4602 3265 0
 2221 1571 3073 5209 0
 5280 5222 2691 3467 0
 1377 5304 5222 5280 0
 4816 4482 4991 5281 0
 2700 4999 5010 5139 0
 1444 5257 5067 5014 0
 3922 647 5097 5218 0
 3922 5274 647 5218 0
 4518 3046 4942 2940 0
 4518 3046 3456 4942 0
 5288 4091 4946 4024 0
 3151 4388 5120 590 0
 4388 597 5120 590 0
 4983 3271 5129 3640 0
 4983 3271 2678 5129 0
 946 950 952 4961 0
 4961 954 950 952 0
 3899 4177 2409 4121 0
 2409 4736 4177 3899 0
 4290 4899 3943 3784 0
 5090 4290 3784 3337 0
 3943 2409 3784 4899 0
 431 448 5136 415 0
 448 415 4413 5136 0
 5282 1291 4989 2950 0
 1085 5130 996 3724 0
 1683 3724 996 5130 0
 5283 451 466 450 0
 5283 451 467 466 0
 3656 451 467 5283 0
 5232 3153 5261 4744 0
 2843 5194 3055 4097 0
 2843 5194 3905 3055 0
 2139 3942 3793 4889 0
 3942 2225 3426 4738 0
 2656 3942 4889 3793 0
 3942 4273 4889 4738 0
 3456 4942 3046 3566 0
 488 5300 5234 3202 0
 466 485 5234 488 0
 4896 4492 5029 3812 0
 2508 3796 4940 4399 0
 4274 2896 3908 1164 0
 4084 2049 3277 2449 0
 4084 4401 2449 3466 0
 2337 3002 4084 4986 0
 3277 4084 2449 3466 0
 4920 3520 5060 4977 0
 3573 3386 4036 4368 0
 1151 3427 1163 2040 0
 3135 4896 5121 5029 0
 4492 5029 5121 4896 0
 901 896 5246 922 0
 5246 901 922 3381 0
 1149 1139 5284 5158 0
 5284 1153 1161 1173 0
 5284 1153 1149 1161 0
 1139 5308 5284 5158 0
 1149 5265 1135 5158 0
 1149 3251 4253 5265 0
 1149 5265 5158 5313 0
 1149 5265 5313 3251 0
 3472 5249 5303 2718 0
 2995 5249 2718 5303 0
 2267 3367 3722 4227 0
 3674 3367 4101 3301 0
 3559 2718 3694 5249 0
 4985 3760 4807 3964 0
 4658 4337 3744 2712 0
 4658 3744 4337 4978 0
 4932 3241 4031 4956 0
 4932 4956 4031 2646 0
 3854 984 1077 5285 0
 5102 5262 987 5285 0
 3854 984 5285 5102 0
 4629 4637 4246 5219 0
 5286 4046 5199 3843 0
 5214 5199 4490 5286 0
 3534 332 3532 2614 0
 363 3534 3532 5326 0
 1133 1112 5011 3396 0
 1112 3845 3052 5011 0
 1112 3396 3845 5011 0
 1101 1112 3396 3845 0
 5011 3845 4943 3396 0
 5010 3825 5139 3947 0
 5139 5010 3947 4999 0
 3438 4599 4230 3752 0
 5045 646 4902 714 0
 4902 5045 714 5194 0
 5098 3319 4049 3173 0
 1104 3709 3743 2859 0
 3584 3229 3944 3691 0
 2168 4572 4321 5247 0
 830 4665 4212 4366 0
 4665 5106 4212 4366 0
 4904 4880 3051 2755 0
 5230 4543 4663 5082 0
 5230 2043 5117 4663 0
 5137 3890 4608 4237 0
 5137 4237 4608 5040 0
 5137 4921 3890 5111 0
 5137 3890 4237 5111 0
 5206 4827 3375 5014 0
 5067 5206 3375 5014 0
 2753 1140 5287 4943 0
 1152 1145 5287 5226 0
 1127 1145 1131 5287 0
 4601 1622 1444 5066 0
 4514 3328 4845 3342 0
 4405 1025 1064 4262 0
 5263 4550 3669 4249 0
 5263 3406 4249 3669 0
 5106 5131 5092 3431 0
 5084 4197 4939 1303 0
 3362 4421 4426 1200 0
 3362 1609 1200 4426 0
 3435 5007 5022 4834 0
 2065 4696 2696 2405 0
 2405 2065 4741 2696 0
 5051 3315 3660 4268 0
 5215 5064 5157 4727 0
 5198 4561 4727 5215 0
 2759 3535 3958 5140 0
 3944 3691 3884 1505 0
 1505 3584 3944 3691 0
 492 496 5096 482 0
 5096 492 482 471 0
 3098 3425 2739 3813 0
 4556 3257 5226 5011 0
 4024 456 423 4091 0
 3055 5194 3634 4097 0
 2823 5288 4227 3722 0
 5040 4361 5125 4608 0
 2897 3614 5210 3788 0
 3788 3614 5210 4855 0
 5065 3788 5210 4855 0
 3480 5140 2841 5050 0
 4163 4880 5148 4904 0
 1027 5203 1031 1014 0
 3411 1014 5203 1027 0
 3411 5203 1068 1027 0
 1129 1137 1151 4211 0
 5075 3111 5183 3648 0
 5183 3710 5075 4602 0
 4921 4313 3028 4257 0
 4391 3028 5137 4921 0
 4918 3899 3764 585 0
 4246 5219 4467 5244 0
 4246 4637 3896 5219 0
 1178 2659 3967 4493 0
 2823 4513 5288 3631 0
 565 3180 3764 3899 0
 560 3180 5114 3764 0
 978 4698 5290 983 0
 5138 5023 4796 4935 0
 3700 5142 3114 5071 0
 4144 5207 2619 4245 0
 997 5037 1683 1000 0
 4279 1090 1006 998 0
 4105 4312 5291 5275 0
 2217 5256 4056 4081 0
 5292 4276 5217 3502 0
 854 3978 2376 3372 0
 5149 5123 2891 4459 0
 5214 4490 689 5286 0
 5181 4430 5294 980 0
 4430 4650 980 5181 0
 5037 1683 1000 998 0
 2320 5295 5163 5229 0
 2320 4639 5163 5295 0
 5041 4891 4979 4909 0
 2049 5060 4977 4959 0
 4959 2431 4977 2049 0
 2395 4887 5037 4651 0
 5037 4887 1648 3934 0
 4887 5037 4651 3934 0
 3934 4659 4651 4887 0
 4117 5032 4704 3538 0
 3907 5032 4704 4117 0
 2718 5249 3559 3472 0
 4900 5159 3738 4781 0
 3738 4546 3560 5159 0
 120 4977 5296 3520 0
 120 4977 5177 5296 0
 5310 5032 4117 3538 0
 5065 5210 4620 4855 0
 4021 5249 5303 3472 0
 2661 2643 2375 4219 0
 2661 4219 2375 3959 0
 2572 5173 2609 2296 0
 4993 2296 2609 5173 0
 2736 5173 4993 2609 0
 3190 4171 849 5264 0
 4601 2971 1622 3049 0
 4601 3049 1622 5066 0
 1622 4058 5066 3049 0
 4324 5306 4000 3897 0
 5245 2615 3731 832 0
 2615 5245 4809 832 0
 4091 4024 456 2975 0
 4556 3420 3257 5011 0
 4227 3367 3722 5288 0
 5228 4742 3572 2340 0
 1129 1108 4211 1094 0
 5313 5284 1161 1173 0
 5299 150 2187 4920 0
 4977 4920 150 5299 0
 4977 5299 150 5053 0
 4688 5299 5053 150 0
 5246 4240 4062 3493 0
 4258 5072 767 4853 0
 5206 3037 3234 3661 0
 4940 3196 3336 4394 0
 4365 4940 3336 4394 0
 1711 2465 3192 2766 0
 4846 4273 2752 4037 0
 3336 4394 3300 4365 0
 488 494 485 5300 0
 5300 494 485 3527 0
 5300 485 3698 3527 0
 5234 485 3698 5300 0
 488 485 5234 5300 0
 4796 2827 4835 4062 0
 1490 3439 3882 4531 0
 4148 3630 2717 3732 0
 4148 4548 2717 3630 0
 1900 4567 5291 3032 0
 5291 4567 4312 4105 0
 3150 3579 5179 4451 0
 1091 1004 1089 4279 0
 1089 3724 1091 4279 0
 4894 5076 582 5008 0
 2983 4041 5246 3381 0
 4240 4041 3685 2924 0
 4041 4240 2983 5246 0
 5301 490 495 491 0
 5301 3518 491 494 0
 5301 3518 3437 3602 0
 495 491 494 5301 0
 4770 5038 5005 3852 0
 4001 4770 5302 5038 0
 3367 3301 3674 5288 0
 982 1713 1075 1073 0
 1713 5102 982 3854 0
 2619 1388 4245 5172 0
 5172 5207 4245 2619 0
 467 466 5328 5283 0
 5283 4516 5234 5328 0
 3656 467 5328 5283 0
 3513 4021 5303 3472 0
 384 1210 5303 4136 0
 5303 4021 1210 5249 0
 2995 1210 5249 5303 0
 3345 2880 4387 4527 0
 2720 2831 4489 5017 0
 5197 3567 3638 2055 0
 3638 5195 5197 2055 0
 3642 5302 3852 5091 0
 459 5225 3588 439 0
 459 439 458 5225 0
 617 2888 609 5115 0
 5068 4263 5271 4905 0
 5068 4773 5271 4263 0
 2696 4072 4580 3606 0
 3595 4580 3023 1865 0
 3139 5057 5245 4258 0
 4258 5057 5245 5097 0
 5245 5097 5072 4258 0
 4900 5159 3578 3738 0
 3578 4546 3738 5159 0
 5214 5286 690 5304 0
 5214 5222 5304 4125 0
 2508 4937 3802 2644 0
 3169 335 3552 4626 0
 3169 335 4626 343 0
 3209 335 3169 343 0
 4980 335 3552 3169 0
 3209 335 4980 3169 0
 2568 4639 4633 4563 0
 2568 4639 4563 2320 0
 5305 2034 3373 3884 0
 4053 1656 5121 3510 0
 4687 1656 4807 5121 0
 4492 3924 5121 4053 0
 3510 1656 5121 4807 0
 3897 5306 4000 3955 0
 3599 2708 4692 5308 0
 4805 3996 5123 5309 0
 1864 5123 3996 2737 0
 3996 4459 5123 5309 0
 4480 5226 3554 1157 0
 5226 1145 3554 1157 0
 5304 4125 5222 5280 0
 5032 4117 3023 5310 0
 5032 3023 4452 5310 0
 3004 2821 4122 4376 0
 4397 3584 4036 3531 0
 3060 3787 3016 5094 0
 617 5196 5115 4786 0
 617 2888 5115 5196 0
 3092 4524 3357 4591 0
 2985 4993 2736 4791 0
 2736 5173 4791 4993 0
 4951 3135 4687 5121 0
 1212 484 455 2126 0
 3202 3104 2126 1212 0
 3755 2126 3104 1212 0
 3202 484 1212 2126 0
 1212 495 484 3202 0
 2126 1212 4704 455 0
 3755 4704 2126 1212 0
 2614 5305 2034 2745 0
 5206 4173 4344 3004 0
 5055 3277 108 5296 0
 3277 4977 3520 5296 0
 2753 5312 3495 4052 0
 2753 4304 5312 4052 0
 1149 5284 5313 5158 0
 5313 5284 1149 1161 0
 1683 3724 4279 998 0
 1683 998 4279 1000 0
 3724 1090 4279 998 0
 4985 4807 4586 3964 0
 5284 5308 3599 5158 0
 3622 5260 4589 5311 0
 5260 3622 3559 5311 0
 4091 3977 460 4117 0
 4467 3593 1319 5147 0
 4246 5244 4467 4446 0
 1094 4325 5307 4211 0
 2217 4987 3144 4081 0
 4997 4114 4385 2766 0
 2813 4818 3733 4997 0
 3733 4818 5254 4997 0
 4227 4946 5288 4091 0
 4757 829 833 4367 0
 4406 4757 833 4367 0
 3569 3165 5314 3294 0
 3317 1715 5181 4664 0
 5181 981 4664 1715 0
 4400 1019 923 5307 0
 4061 1019 923 4400 0
 2989 5183 4332 3743 0
 5058 339 3972 347 0
 4744 961 965 1046 0
 4486 1046 961 4744 0
 2014 3399 3901 1551 0
 3399 2233 3901 1551 0
 3399 4988 5125 3901 0
 1027 1068 1066 5203 0
 4211 1066 5203 1094 0
 4180 3437 530 3320 0
 3249 3429 5313 1161 0
 3415 4253 4752 5265 0
 423 4091 442 4513 0
 409 414 4513 423 0
 423 442 414 4513 0
 4513 4091 5288 423 0
 4513 409 423 5288 0
 980 1713 982 1073 0
 1073 980 975 982 0
 1071 973 1073 980 0
 1073 975 980 973 0
 1071 1073 1713 980 0
 1713 3854 982 1075 0
 4591 4996 1098 4558 0
 3656 2062 475 5030 0
 3659 3656 475 5030 0
 653 4604 5259 5242 0
 802 774 804 5242 0
 4604 5242 774 5259 0
 774 5259 5242 802 0
 2823 3631 5288 3722 0
 2745 4174 3198 3373 0
 3523 3475 420 3963 0
 3659 3475 420 3523 0
 5074 4063 5023 4935 0
 4935 4788 5023 4796 0
 1140 5287 4943 5226 0
 5205 2823 3976 4136 0
 5205 2823 4136 4513 0
 2338 3062 2823 346 0
 4141 5033 2841 4471 0
 4939 5084 847 4197 0
 5203 5307 4400 4211 0
 1094 5307 5203 4211 0
 5315 981 4664 5181 0
 5294 5181 981 5315 0
 4197 5084 847 1399 0
 846 4197 4326 4939 0
 846 4197 4939 847 0
 3046 3566 4830 4390 0
 5178 4404 4318 5114 0
 5114 3764 5178 4404 0
 5153 3724 4876 4279 0
 1683 3724 5153 4279 0
 5199 791 789 823 0
 5199 739 3673 789 0
 4046 823 5199 822 0
 5199 4314 739 691 0
 5199 822 823 789 0
 2355 1323 3438 4447 0
 3438 1323 4230 4447 0
 5250 3443 3469 3822 0
 3562 5109 3336 5046 0
 3562 3336 4779 3300 0
 3336 3765 5109 3562 0
 4779 3765 3336 3562 0
 1399 5084 847 851 0
 851 5084 3675 3846 0
 851 5084 3846 1399 0
 3533 3126 4463 5316 0
 4463 4368 5316 3126 0
 487 462 5316 486 0
 4773 4173 5271 4263 0
 5271 4173 4773 4200 0
 1008 4178 5192 1021 0
 1028 5192 1021 1008 0
 5203 931 1019 1014 0
 4061 931 923 1019 0
 4061 1019 5203 931 0
 2530 5203 4400 4211 0
 4400 1019 5307 5203 0
 1910 5215 5064 2917 0
 5317 3831 4312 5175 0
 4550 5246 5263 3613 0
 1102 1063 5050 3358 0
 5256 5238 4148 4444 0
 3193 5256 4148 4444 0
 1104 2859 3743 5183 0
 4065 5183 3789 3648 0
 4101 3301 3367 4999 0
 5250 3240 3822 3118 0
 864 2296 5216 3704 0
 5257 4827 5206 5014 0
 3694 4271 4075 4320 0
 4271 3694 2995 5249 0
 665 671 5236 669 0
 665 5248 669 5236 0
 956 5232 5261 4744 0
 5262 5285 5231 989 0
 4674 4951 4586 4676 0
 4586 4674 3964 4951 0
 3964 4951 4807 4586 0
 5247 2526 4371 3316 0
 4785 3667 4886 4731 0
 5270 5250 3469 854 0
 3602 530 3518 3437 0
 1212 490 495 5301 0
 4687 1656 5152 4807 0
 758 5083 4768 750 0
 5064 4193 2917 5215 0
 5165 991 4649 4651 0
 2917 3330 1684 3745 0
 3330 3745 2917 2632 0
 1684 3330 1941 3745 0
 3260 2527 4106 3403 0
 4342 2624 2260 4061 0
 4977 1815 5053 4959 0
 4959 2431 5053 4977 0
 4413 4689 1730 2021 0
 415 2802 1942 396 0
 4413 2021 440 4689 0
 1942 2802 3721 396 0
 2802 3721 2220 3637 0
 1399 5318 851 847 0
 1847 1822 851 5318 0
 1847 1399 5318 851 0
 5293 5201 4975 3777 0
 4208 3777 4975 5201 0
 2919 4548 2937 3476 0
 3365 1011 3141 2919 0
 4548 2919 5168 2717 0
 3631 5288 3722 3674 0
 410 391 405 4942 0
 4942 395 410 391 0
 409 414 394 4513 0
 981 974 976 4698 0
 4513 409 390 394 0
 4513 394 390 5205 0
 4136 390 5205 4513 0
 3532 363 364 366 0
 364 3532 5326 363 0
 1028 5192 1056 1021 0
 1028 5192 1092 1056 0
 4701 2961 3845 2686 0
 1116 4211 1137 1108 0
 4091 460 5310 4117 0
 460 452 5310 4117 0
 5310 4117 3023 4091 0
 3642 5091 3852 5005 0
 4001 5302 5091 5038 0
 3435 4078 2153 2485 0
 3813 2111 3425 861 0
 166 2187 5299 150 0
 166 2187 2161 5299 0
 2187 2161 5299 1815 0
 4332 1104 3743 5183 0
 5067 5206 5257 3234 0
 666 670 3728 671 0
 465 5202 449 461 0
 4748 4759 4311 3789 0
 3023 2097 4169 4452 0
 2265 3023 2097 4169 0
 4452 3023 2097 5310 0
 5310 3023 2097 4091 0
 2178 3446 5004 3707 0
 5302 5038 3852 5091 0
 680 703 681 5258 0
 675 681 5258 680 0
 3436 2037 2178 3446 0
 3691 3229 3108 358 0
 2745 5305 3373 3198 0
 5305 2034 2745 3373 0
 395 382 391 3566 0
 4942 395 391 3566 0
 4148 3775 3630 3732 0
 5163 5122 5229 5295 0
 5163 4639 5122 5295 0
 5023 5074 4935 5138 0
 4518 3456 3046 379 0
 5043 379 4518 3046 0
 1092 3264 1110 1099 0
 5287 2017 1131 1110 0
 641 4512 634 4901 0
 3934 4659 4887 4317 0
 4887 4659 4192 4317 0
 5316 5202 5289 486 0
 5289 465 2228 483 0
 5316 461 5202 486 0
 2603 5163 5204 5229 0
 2758 3493 5246 3613 0
 2924 3244 3561 4240 0
 5163 5122 4978 5229 0
 5163 4978 5204 5229 0
 1163 2040 5284 1138 0
 4776 407 397 3670 0
 1900 847 5318 1399 0
 4856 3609 4236 4831 0
 1942 5136 405 4942 0
 2481 5174 5302 4648 0
 488 495 494 5300 0
 3527 3518 5301 494 0
 5300 5301 494 3527 0
 495 5301 494 5300 0
 864 2296 3704 867 0
 5293 5201 476 5223 0
 4602 3265 5075 4199 0
 4321 4572 4266 5247 0
 4572 5247 3497 4266 0
 3379 2753 5312 3495 0
 5214 695 743 745 0
 5214 4490 693 689 0
 4648 3635 5174 5302 0
 5202 465 2228 5289 0
 4431 5202 2228 5289 0
 2753 4052 3495 5287 0
 4148 4548 3419 4444 0
 5225 458 444 439 0
 410 3588 3262 444 0
 5225 3262 3588 444 0
 1098 4591 3357 4382 0
 2056 5007 3707 3435 0
 1609 4426 4270 1192 0
 5297 864 2739 3425 0
 640 647 3922 5274 0
 640 3922 3582 5274 0
 2017 2518 2921 1145 0
 5287 1145 2921 5226 0
 3532 2614 364 5326 0
 362 363 364 5326 0
 3532 3534 2614 5326 0
 3707 2574 2895 2795 0
 362 369 363 5326 0
 369 363 5326 382 0
 382 363 5326 3534 0
 3622 5260 4271 4589 0
 3622 4589 4271 2901 0
 5199 825 791 823 0
 4061 905 923 917 0
 4061 923 931 917 0
 931 4061 917 3247 0
 4993 3436 2296 5061 0
 4286 3967 1178 2659 0
 4003 3474 3712 5134 0
 5234 485 5328 3698 0
 466 5234 5328 5283 0
 3656 5328 4516 5283 0
 437 447 407 4452 0
 4452 5310 437 447 0
 460 5310 442 4091 0
 5257 5206 5067 5014 0
 3602 3825 530 3437 0
 5139 3825 522 3947 0
 3825 3602 530 522 0
 5016 3744 4658 4978 0
 3613 2758 4340 5246 0
 5326 2614 364 5329 0
 364 371 5329 2614 0
 362 5326 364 5329 0
 371 362 364 5329 0
 3699 5278 3695 3470 0
 1045 957 960 4744 0
 4178 3669 5263 4062 0
 3405 2624 4342 3247 0
 2398 3400 4641 4300 0
 3247 905 4061 917 0
 1064 4405 4262 5166 0
 2260 4061 5203 4342 0
 3430 5061 2296 3436 0
 2554 1105 4211 3418 0
 2624 4061 4342 3247 0
 5287 3264 2017 1110 0
 4253 4752 5265 3251 0
 3257 5226 3554 4480 0
 2845 4498 3413 5050 0
 5050 3970 3413 4329 0
 5134 3245 4549 4411 0
 4789 4852 3563 3952 0
 4789 3882 3563 4852 0
 2614 5305 2745 3532 0
 864 861 2296 867 0
 4091 4024 5288 423 0
 423 5288 424 3301 0
 5248 777 807 775 0
 4887 4638 4192 5016 0
 724 775 777 5248 0
 5037 3934 995 4651 0
 1683 5037 995 4651 0
 5165 1715 2304 4684 0
 3317 1715 4664 4684 0
 2304 1715 3317 4684 0
 5165 4651 2304 1715 0
 2304 4651 3317 1715 0
 5037 1648 1000 997 0
 5211 5290 4698 983 0
 4691 991 5165 3980 0
 5165 4651 1683 991 0
 2603 3317 5330 4684 0
 978 983 5290 986 0
 5211 5290 983 986 0
 4684 1715 4664 983 0
 1900 5327 2832 1665 0
 2693 389 4310 385 0
 2693 389 385 399 0
 3062 4136 3377 3976 0
 1590 383 2798 4271 0
 4136 384 368 5303 0
 361 368 5303 1351 0
 1351 368 5303 3513 0
 2693 389 399 3334 0
 4433 3559 3694 3622 0
 4310 3622 4320 2693 0
 1505 366 370 386 0
 2178 3446 5332 5333 0
 1646 3581 2153 2795 0
 3435 3471 4078 2485 0
 5332 3707 3446 2178 0
 5333 5332 2178 2574 0
 2178 1438 4113 2574 0
 2609 3436 5333 2572 0
 3435 4834 2056 5007 0
 5117 2043 3471 4663 0
 3471 5117 4663 2412 0
 2056 3435 2485 3471 0
 3446 2037 2178 5004 0
 3490 1216 4864 2538 0
 3490 2538 4864 4863 0
 2867 826 3452 792 0
 5222 828 826 2867 0
 2012 1651 1215 2713 0
 5337 3867 2130 2652 0
 1734 1948 2044 5352 0
 1901 2146 5342 1966 0
 5342 1966 5341 2119 0
 5344 1330 2019 2115 0
 1904 3537 4636 239 0
 2048 2212 2587 2008 0
 1960 2051 2213 2589 0
 2280 2486 1808 2432 0
 2157 2544 1783 1841 0
 1841 147 2439 1704 0
 4688 1815 2457 5053 0
 172 204 272 2440 0
 4642 194 261 2564 0
 2486 1808 1840 2280 0
 2215 1698 1852 1821 0
 1834 2524 1784 2529 0
 1701 2529 2524 1790 0
 2483 2593 2590 288 0
 2483 284 200 216 0
 2483 2460 284 216 0
 206 2484 222 290 0
 2484 2516 1830 1868 0
 2164 290 2516 2511 0
 2446 2550 2436 2186 0
 2750 3917 1226 3720 0
 3835 1226 3348 3720 0
 4406 4757 4367 4956 0
 4228 2978 605 5345 0
 3794 4653 1513 1510 0
 4665 4366 3794 1415 0
 3794 4366 3782 4885 0
 4699 3782 4366 3131 0
 2915 2991 2297 3993 0
 2991 2915 3460 3993 0
 4157 3842 3961 2411 0
 5349 1341 1633 1272 0
 5349 2294 1272 1434 0
 1793 1999 1803 1989 0
 1858 1618 3010 1699 0
 2200 2294 1699 1858 0
 1793 1989 2315 1999 0
 5349 5344 1341 2294 0
 2294 2204 1349 2019 0
 2294 2204 2019 5344 0
 1858 1699 3010 2256 0
 5351 2044 1926 2611 0
 5352 32 1948 1284 0
 2154 1734 5352 1948 0
 32 5352 1948 2154 0
 1727 140 2133 117 0
 2174 2072 258 2199 0
 End
