 MeshVersionFormatted 2
 Dimension
 3
 Vertices
 5784
    0.036903607168085           27.388242269608           38.451177228066      0
    0.048183441162109           25.908693313599           38.480758666992      0
      0.2178850329135           26.523420527209            40.10726942671      0
     0.18556646307534           28.160776016163           36.947959207401      0
     0.22973335635315           28.980700640973           37.911581831871      0
     0.22794342041016           26.308181762695           36.999034881592      0
      46.305782361938           32.369560036393            5.037402421618      0
      0.4627199781827           24.538326858192           39.947796489795      0
      0.3514128827684           29.044603269322           39.845260805548      0
      18.201844407695           31.209515927215           34.432351616617      0
     0.50927387206516           29.793058727161           36.438407653114      0
      0.4451904296875           27.289756774902           36.007694244385      0
     0.53943839972835           27.499959798799            41.23280954508      0
     0.61977503071218           25.706620860673           41.238874141322      0
     0.60628640941755           23.684785925321           38.494470812812      0
     0.59277637521975           30.669579587105           37.694740246218      0
     0.61235106124241           28.605980367381           35.474038548718      0
     0.78183828832973           31.253411683079           39.031954435717      0
     0.77970159543883           19.440882799656             37.4940253634      0
      0.7735900219511           20.165518849644           36.136697731139      0
     0.90513043480832           29.830080688013           41.563618997313      0
      0.9699986623917           31.390106386088           40.387958433527      0
     0.86022257887439            18.63377550397           35.875579224796      0
      0.7852735655293           24.045826579551           36.933645788043      0
     0.93806163492924           22.356460527383           39.456750307209      0
     0.87591282860107            22.08914900158           37.719781166016      0
      1.0106427123565           30.322005400195           34.986766563964      0
      1.0504309584184            20.58907896009           39.733105664832      0
      1.0692362336357           18.609253878979           39.015470135227      0
      1.0772703379882           17.566858569939           37.219667982534      0
      1.0280266031643           27.087409497344           35.015759260974      0
      1.1030501246531           22.406259728561           36.107873580536      0
      1.3032360339345           22.168227782898           41.079656372584      0
      1.1624498318071           31.689776343431            35.43607753699      0
      1.3795294634322           31.843308258307           41.698086185031      0
      1.2789204858659           29.021068802805           34.390040930161      0
       1.221831033072            17.50870418485           38.524009747497      0
       1.521329277737           32.976063574633           39.000392264219      0
      1.3145811147906            19.30519192187           40.695455281063      0
      1.3710460537544           32.666898296727            37.28541990293      0
      1.2617809727798           21.141974025946           35.168072285444      0
      1.1622686255368           28.432191485366           42.701390032898      0
      1.3218952278154           28.279530144853           48.209302261864      0
      1.3058395385742           19.597528457642           34.825744628906      0
      1.3451516374814           27.141487573298           47.136925802438      0
      1.3647569702508           17.323783771743           35.805790280709      0
      1.4100561573543           26.746476208484           48.735176115597      0
      1.2205476200098           26.885915835005           42.877029914139      0
      1.4059371948242           28.403350830078           46.656410217285      0
      1.5245425534379           28.577214363154           49.498051219836      0
      1.6380347189315           23.828181600367           35.349258995372      0
      1.5478655975992           27.704614671215           45.477492351153      0
      1.6751031825873             20.4708227714            42.17167513484      0
      1.5009161563316           17.948239976923           40.391269887228      0
      1.7681577176131           25.699660148315           34.539376718618      0
      1.6452732512098           33.058901939048            40.69562274481      0
      1.6098823547363           24.686595916748           48.038558959961      0
      1.7616907714649           16.337066242339           37.921135972396      0
      1.5989051078692           27.818302401797           44.198490497088      0
      1.6457252502441           29.637277603149           48.681266784668      0
      1.6632829901079           16.469395047285           36.770317922971      0
      1.6564191216207           24.906228124467           43.126374017054      0
      1.7769248335443           30.998357464807           34.064270209016      0
      1.8326679687957           18.047113296779           34.548792764823      0
      1.8430505523142           31.167148505224           43.370398046953      0
      1.7235118750187           33.163189846576           35.565861944679      0
      1.7819462222132           26.137748586472           44.382260901771      0
      1.8834010711043           22.534573701742           34.709942578071      0
      1.8438979582921           29.158972867813           45.480546205986      0
      1.7774658203125           25.335952758789           49.289283752441      0
      1.8161571673493           27.590358745324           33.951005774792      0
      1.8797996298062           32.616731497999           34.488058817409      0
      1.8043785095215           27.874921798706           50.330955505371      0
      1.7672971560859           24.404058524744           46.921724173723      0
      1.7900347561957           16.729885442367           39.446095165502      0
      1.7842782136864           29.195236477201            44.14404454074      0
      1.9224795456887           29.468213336649           50.206292452534      0
      1.9013062192325           18.711028370757           42.562709211458      0
       1.914909362793           26.402751922607            49.98970413208      0
      1.8355985785898           25.275438478045           45.690647394479      0
      1.9844102581283           23.457249803759           47.782547998831      0
      2.0167236328125            22.56587600708            43.13793182373      0
      2.0291664713244           23.020781215198           46.634815667247      0
      2.0787561398665           29.894131226811           46.774372766055      0
      2.0818640109299           16.800737250391           40.790085667571      0
      2.0727836554111           21.657142515253           44.243370227869      0
      2.1171035766602           30.691757202148           49.465476989746      0
       2.156851084944           20.297888166469           34.027626374799      0
      2.1861627535606           28.674241660686           26.579171806993      0
      2.1966682899804           21.429895719365           45.714100646091      0
      2.2653165061204           16.263748517056           35.473154225528      0
       2.193473815918           23.605026245117           44.361530303955      0
      2.1873465367636           21.505060775992           34.149492694756      0
      2.1973098161859           29.298566121911           25.061767237716      0
      2.2238540649414           19.735811233521           44.429779052734      0
      2.2282280995664           30.549248527727           26.558662065141      0
      2.4252114506611           23.744306200522           34.379806553748      0
      2.2924880981445           33.638767242432           43.051445007324      0
      2.2811414940714           28.265429835864           24.120885662215      0
      2.2386963053415           28.994250965114           33.467769548483      0
      2.3251190675924            27.33280785594           25.261317796825      0
      2.3688741858061            29.13139243878           27.945052733876      0
      2.2624445816304           34.217394066791            35.95894520368      0
      2.3833509341682           27.381036650844           27.100921843013      0
      56.504192025894           32.325371617227           45.140923757823      0
      2.6388504399561           31.020567551412           45.499256650301      0
      2.5605940855067            16.70755728428           34.505963110834      0
      2.3938371714419           30.796966802117           23.190148106156      0
      2.6835780225468           19.143555622496           33.692333091148      0
      2.4218482971191            21.94319152832           47.566024780273      0
      2.4901553539812           29.108288186923           23.001497751548      0
      2.5267767430695           23.163521216446           48.988996771719      0
      2.6014130760061           32.638576086765           33.634603806679      0
      2.4611605506008           34.692393074152           39.995596808976      0
      2.4936332702637           32.240089416504           26.852430343628      0
      2.3969950556858           17.379062146556           42.611046632279      0
      2.6038727188643           31.099262949966           28.483729537283      0
      2.7628904501997           15.275173217431           38.672058267157      0
      2.5035147072619           26.828897253647           24.101312753645      0
      2.6814300214663           26.185580299789           26.423963031638      0
      2.6335092831965           19.848419709299           45.981206713697      0
      2.6138439465289           32.456089782004           22.925764939597      0
      2.6062132039521           27.668550963041            23.01431944619      0
      2.6383092674865           15.484381193595           40.006196177487      0
      2.7683253042616           31.075170323893            33.10676767667      0
      2.8630296146669           27.406488800659            29.01631964102      0
       2.838235838179           25.680066928863           25.169811834768      0
      2.6372558302661           15.517909730935           36.653515224678      0
       2.888466066077           29.107833117427           29.775752956864      0
      2.7302380320811           28.673104043708           50.986533143649      0
      2.8626022338867           35.672199249268           37.886318206787      0
      2.8291397122318           31.326738932335            47.48847254802      0
      2.8360196271822           30.248187996665            50.76472561619      0
       2.905353005174           24.356254513402             50.0741867796      0
       2.846198967158           15.681334742549           41.268916334365      0
      2.9687935778265           31.598753651186           50.143553321356      0
      2.8525654894869           31.774277313103           48.921832989014      0
      3.1769628882133           20.087647918496           47.436099028458      0
      3.0595231946201           26.035723518588           22.661224761677      0
       2.851201783667           29.705343463288            32.90060089489      0
      3.0335933263138           17.954113674015           44.927486993683      0
      2.7988775991518           27.287353965942           33.153328348379      0
      3.1145707156599           35.511241785596           36.373210052722      0
      3.0637041105838           17.822374378085           33.623426134379      0
      3.1388358316613           26.483166798134           50.912608348693      0
      3.1542438390201           22.483678086762           33.729480567402      0
      3.1274559987818           33.064446752537           21.472849442246      0
      3.1699432861157           25.079445302959           26.294142033581      0
      2.9771433774056            34.58336847629           43.370728889345      0
      3.3855323261325           27.167642625183           21.447226091162      0
      3.3314492670122           21.288941061442           33.413468334389      0
      3.0791378522042           25.278201539755           24.090796990533      0
      3.3800745242464           25.439947556154           28.277265173399      0
      3.2261613868071           34.184290343203           34.186894787191      0
      3.3602309923469           23.977310144043            33.69805931058      0
      3.2299118041992           35.858037948608           40.724275588989      0
      3.3306615898589           21.191339707762           48.593334215092      0
      3.2214995872894           28.507744646339           32.442634992642      0
      3.2659435272217           15.602102279663           34.861549377441      0
      3.2360046725108           32.886178248022           45.396293269939      0
      3.9783780007774           20.452861098569           33.019612154026      0
      3.5103556116697           34.732182247471           21.476234576746      0
      3.2320570349226           31.021641711258           21.186813956341      0
      3.3264486311792           30.507907578649           30.946096501606      0
      3.3652567436107           36.303367339806           39.290477709057      0
      3.2835934117216           16.330217287333           43.443137240267      0
      3.3531646728516           32.218212127686            32.81604385376      0
      3.5478902522369           33.781360692214           33.271495036156      0
      3.3607106216032           29.317301725202           31.555954105908      0
      3.3544535677616           28.083770959258           30.944953080604      0
      13.406715240487           26.675069344209           43.182725832655      0
      3.3736207393161           14.781912292008            37.26789734068      0
      3.4259268959509           18.782445198332           46.490444335677      0
      3.4840374718506           30.586480673716           32.109073463285      0
      3.4602357177449           32.438157748055           30.212319381985      0
      3.7324273170783           24.611564558542           22.506879131573      0
      3.6793463312755           24.077020645645           24.882006868926      0
       3.667858360149            31.15073453213           19.546992343444      0
      3.5833463566312           31.698531374446           31.489852911511      0
      3.6367702484131           32.722560882568           49.813026428223      0
       3.806671982989           32.930640158165           19.906587459588      0
      3.5553924592463           35.684587235749           42.381511611824      0
      3.8080337278674           36.606035545664           37.395404548548      0
      3.8721913201285           26.067489243845           30.658853616121      0
      3.4290565689553            28.95782901546           20.799489798842      0
      3.6930988503585           32.893512143311           47.043719321189      0
      3.5545241698132           27.514893990431           32.083113241793      0
      3.9053612876952           31.720325496831           50.974345512133      0
      3.9117726722036           24.542221184902            50.86828634369      0
      3.8468508022307           16.439595338699           33.834497546579      0
      3.8886092901367           23.913793310763           26.524621239933      0
      4.0652056547678           34.496563095513           20.315365426732      0
      3.5590612047456           22.530024231005           49.750909542995      0
       3.448028345695           33.596013663242           29.039551579135      0
      3.7753686793191           25.331073629525           32.881555746474      0
      4.0467269909843           19.550469198039           48.055210966632      0
      3.7780266515978           35.444804716557           27.838519883445      0
      3.8957691192627            14.74005317688           35.716949462891      0
      3.8769328234613            14.98546967573           42.384821709421      0
       3.870939028157           35.441396737071           34.883569486942      0
      3.6051634158464           35.579687658125           22.648910477616      0
      4.3765051070421           27.999355979791           51.710959545082      0
      3.9217214584351           36.408473968506           26.011210441589      0
       3.934513092041            23.86997795105           23.477344512939      0
       4.226595172423           36.516253920101           36.185954794951      0
      3.9570924173946           33.310905484758           32.033514830708      0
      4.0062637329102           29.998687744141           51.575588226318      0
      3.8946429768897           17.096961986713           45.487563081705      0
      3.9388751999565           33.124514478786           48.703368293298      0
      4.0181670177344           19.122863412435           32.965289219973      0
      4.1631925991554           32.389783389649           18.653407351429      0
      4.1180672017567           34.172324080728            46.19942138227      0
      4.1670894622803            37.16361618042           23.299264907837      0
      4.2398382280129           23.334696516551           33.205107157184      0
      4.0945087282938           24.841723485661           21.322209191753      0
      4.5241766627258           23.437063675802           28.351991183193      0
      4.2361431121826           29.180248260498           18.715312957764      0
      4.5640710155459           30.746764201801           17.857335380964      0
      4.2240729758222           25.801433117791           31.780612431849      0
      4.5733095138783           37.258207340899           40.481079007203      0
      4.2823085784912           34.579765319824           31.409009933472      0
      4.2832546234131           34.594779968262           32.891502380371      0
      4.2877330780029           22.005737304688           33.093105316162      0
      4.2812250718774           26.770568826199           19.785006931671      0
      4.6136577576616           26.017982324124           51.554294548899      0
      4.3180097546695           14.121123397936           38.382260317524      0
      4.3446083068848           36.727848052979           21.207874298096      0
      4.5631569858303           17.449004521284           33.063882102275      0
      4.5786035434592           24.141482559195            30.04049980294      0
      4.4223785400391           36.796178817749           41.728023529053      0
      4.5313675236318           37.419504845467           38.764277873029      0
      4.5223460963228           37.498212867971           26.621534150684      0
      55.053055873754           34.832780469893           41.138159492167      0
      4.9526621456795           34.801439784779           47.772155730661      0
      4.5656074704066           15.312665932464           34.377963795413      0
      4.6048060712207           15.297199848653           44.257227695797      0
      4.5471534729004           37.540386199951           22.100479125977      0
      4.4855681944462           20.417543986505           49.164272496345      0
      4.4427577928114           18.135195807146           47.115877845252      0
      4.6109237670898            33.91032409668           50.168308258057      0
      4.7334348357357           34.707305432129           18.950812455713      0
      4.1965665418952           22.966155095822           50.446732908879      0
      4.7311922412002           33.386569374354           17.943531165131      0
      4.5011175399255           24.896302792283           20.153354280558      0
      4.6949577331543           37.313098907471           37.188522338867      0
      4.5393272541686            24.89981875041           31.234912258998      0
      4.5863649407922           35.948821474389           30.214030513274      0
      4.6963335911822           23.248212671314           21.903716914105      0
      4.3598222274461           14.047232107359           40.968442189212      0
      4.7996768951416           24.272441864014           32.282432556152      0
      5.3570236379988           21.854735672223           24.231315232845      0
      4.6316406188653           37.916131629478           25.050602356721      0
      4.8283090591431           22.610294342041           26.765264511108      0
      5.2991386152532           23.653833963779           51.281175004795      0
      5.0550235510259           31.673207444973           51.647122234236      0
      4.8738256652788           36.174830812231           19.945796002324      0
      4.8242711087165           37.503864366798           28.216419033619      0
      5.0662334574469           23.209210953537           20.555519363894      0
      4.9290688622671           14.130592281692           42.715515027346      0
      4.6353550979846           35.422604216332             33.6158926625      0
      5.0568649871548            34.69838238372           49.153255929517      0
      4.6226809803871           13.708375967646           39.742285640985      0
      4.9080367933475           35.422959649605           32.099154395394      0
      5.1148710250854           33.385692596436           51.101951599121      0
      5.0813610968154           31.756068963068           17.060629781685      0
      5.6831113578634           37.841801930617           41.405277449821      0
      5.2426461828454           35.705018200722           46.085133017311      0
      5.3438608582912           23.538323377436           19.337666969034      0
       5.244221651288           22.752968806111           32.518178168663      0
      5.3370166568594           16.058860296967           33.446772991535      0
       5.453512322403           33.133120351531           16.724546644727      0
      5.4503265054983           38.936567830148           23.897698812232      0
      5.3310832977295           24.542993545532           18.598274230957      0
       6.372103525479            26.46165188027           52.221925551108      0
      6.0724556676747             30.6635572409            52.21715313345      0
      5.6763826563974           37.756300745302           29.966624036238      0
       5.436000753484           23.305914848971           31.353847927715      0
      5.5975269496299           38.094923776308           39.926210232639      0
      5.2465776456445           20.973016649221           50.072622954149      0
      5.5113769237607           21.336492569073           32.430762887164      0
      5.2401164146979           16.561624045633           46.313989861588      0
      5.9403463223932           28.734072580155           52.248726608299      0
      5.5358667459289           18.505842343947            48.44482705852      0
      6.0173203441918           21.751604082586           28.525276385254      0
      5.9224057036385           38.255576863709           38.275030976301      0
      5.6379181920587           34.797791014305            17.16239098711      0
      5.6273093939436           22.695858492212           30.129335383023      0
      5.6674250747175           34.895864938244            50.41149524286      0
      5.4992141281487           19.886995642249           32.283393289993      0
      5.5009161329813           36.808738358189           34.710160291121      0
       5.596429717529           36.117910579631           17.934849289276      0
      5.4188143767653           37.839032581704            20.52220086318      0
      5.8396517339493           18.436805186881           32.377079038238      0
      5.7067718505859           37.392307281494           19.249870300293      0
      5.7103080749512           39.250843048096           25.924604415894      0
      5.6477225088505           36.761668418176            31.57560021982      0
      5.8086527111437           15.037233686882           45.170170341516      0
      5.8633758937305           38.869192632595           21.512839532882      0
      6.0428782727482           35.967152468338           49.337979913855      0
      5.9183481021858           13.136696929844           42.103548068567      0
      6.2743095763513           23.501245487314           17.844628085216      0
        6.47233796552           34.376726844518           15.898830787084      0
      5.8617758597356           21.779817549066           20.876056378815      0
      6.0088233947754           12.798671722412           40.670639038086      0
       5.720771552154           15.059941246131           34.360309501818      0
      5.4256957879031           27.227161638269           17.446872439797      0
      5.8404399652285           36.388179004545           32.978222044224      0
      6.0618839263916           22.185743331909           31.605428695679      0
      6.0664691925049           37.209148406982           44.546714782715      0
      6.0991230010986           29.759323120117           15.714869022369      0
      6.3230432092595           22.045832665491           19.305097378669      0
      5.8333942465485           19.490982841874           49.398026355489      0
      6.0716017239767           13.724295512776           43.426437705709      0
      5.8046660075493            13.92103242672           37.041437691428      0
      6.0055821626776           22.073487590469           50.980274998606      0
      6.2127305428033           16.945342870239           32.746682830161      0
      6.3835411137319           32.155937602252           15.398743224456      0
      6.7726030284637           33.629892175522           51.913459120745      0
      6.3422426199545           37.655550997657           17.845622650375      0
      6.5095603401897           38.059818372353           36.170183797644      0
      6.0399771960857           14.284533177853           44.301587518905      0
      6.6901796550617           38.034212602221           43.232348705556      0
      6.3582649230957            12.83913230896           39.209949493408      0
      6.1306259099258           39.017234918094           28.242232039373      0
      6.2977190057796           24.411357887806           51.879729704999      0
      6.4555625915527           20.605808258057           22.183219909668      0
       6.573831401678           36.410439044513           16.497759415616      0
      6.5088743715658           37.274669501073           46.691190030777      0
      7.3723248449346           38.787664437681           41.366493747568      0
      6.7203743029642           20.613975600448           31.569182337938      0
      6.5309658379803           21.622451244182           30.404822426581      0
      6.6283382210946           35.063672663268           51.333746874952      0
      6.7728284849313           15.786762594211           46.649637696421      0
      7.4922261813906           39.014092522506           39.237359301777      0
      6.6658488714479           27.828956651307           15.346262383233      0
       7.062854050889           32.190685831276            52.30417406731      0
      6.7085781097412           15.809476852417           33.091529846191      0
      6.8790997881363           20.509711842872           27.107661255123      0
      42.059353742795            44.42260057881            22.82000170867      0
      6.6259902945921           14.231583848821           35.212019562578      0
      6.7992382370785           30.349068478279           14.794203497773      0
      7.1624246149778           39.630954551807           19.324724137411      0
      6.8224237076203           20.253370080614           50.406645024252      0
      6.7907416696264            35.98179470086           50.598339451724      0
      6.8920425063914           52.400622451248           58.336381575919      0
       7.251266778528           37.895377440556           32.651068430059      0
      6.9095255965236           36.796789835201           49.727032033946      0
      6.9548377990723           50.898902893066           57.420310974121      0
      7.0866245007012           38.913656997796           30.617141435971      0
      7.0518321559813           55.776798928982           60.697089147664      0
       7.089487419685           53.948185180234            58.87050577845      0
      7.2320723653373            19.37603244595           31.767016949516      0
       7.272302297227           37.740496501782           34.227832708881      0
      7.0769848682165           37.446167943381           48.470127559654      0
      6.9917511162666           20.065817180273           25.037852736791      0
      7.0910248227617            14.37221006866           45.045705031862      0
      7.1462173461914            54.20682144165           60.203544616699      0
       7.172188612184           46.824692968708           55.609674509168      0
      7.2805233613923           19.969531798652           21.175189439207      0
      7.1439572087368           19.775334158989           23.260806816133      0
      7.4137773722906           37.912588803337           16.512668563141      0
      7.1916122436523           25.818813323975           15.520915985107      0
      7.5729357653502           30.377779630738           52.575858019479      0
      7.2302810971915           22.357806740089           17.538347160514      0
      7.0666684439734           20.848061312226           19.739268901574      0
      7.2210417908905           49.506608154294           57.616974647516      0
      7.2853254956857           45.399371339588           55.112676756821      0
      7.8467832230944           12.490380304402           39.807699506428      0
        7.26214470737           48.471695763424           55.651979451465      0
      7.2636432647705           48.251884460449           56.867870330811      0
      7.2891348005896           50.969822034666           58.610432850525      0
      7.4401832929145            12.66351937316           41.340959069525      0
      7.3153436231394           13.095371402782           42.824286745028      0
      7.5065563788298           23.649571762867           16.200300145595      0
      7.8527950398344           38.961317301698           37.243385148689      0
      7.3376337553833           45.071419903303           54.072037066633      0
       7.903049790606           27.117543071465           52.613459231369      0
      7.1356083207241           13.777736974007           44.054858880121      0
      7.3638477325439           40.908626556396           21.802716255188      0
      7.4427129212444           43.896293156723           53.631644320343      0
      7.3975535666687           52.568426851774           59.594101706412      0
      7.3995420686111           49.707588225058           56.270350279774      0
      7.3571951114418           14.800077253436           34.033382239025      0
      7.4448080390422           21.194025578965           51.090911907367      0
      7.3960518380363           38.107476764423           49.423228505383      0
      8.0751242838058           31.356907418623            13.57086467872      0
      7.2611997765774           13.311322184213            36.32639312088      0
      7.4743985258347           46.479926437374           54.318260277238      0
      7.5591624205368           29.104563466489           14.183925760928      0
      7.5135078430176            55.23494720459           59.428749084473      0
      7.4964773336308           42.638406114822            53.35780931542      0
      7.5183048248291           40.858451843262           20.594219207764      0
      7.6937539939984            38.28280389112           46.053704932276      0
      7.5317077636719           40.799198150635           27.097770690918      0
       7.547919121609           37.670854103074           50.832533405863      0
      7.5411076982034            36.22120715068           51.540008784301      0
      7.5774474652125           43.591238452253           54.731339227167      0
      7.4494994935594           52.130496864633           57.465514874319      0
      7.2774273279914           18.615008457877           49.386938749305      0
      7.5774990418184           12.699269785473           38.266006431828      0
       8.390573743182            38.77168936444           44.423144171091      0
      7.4302027070668           17.758409076248           32.204703257494      0
      7.6800724891086           57.284968943428           61.098538417442      0
      7.6017086585121           38.026441808594           47.363307358712      0
      7.6744891266045           41.686049395398           52.390794162553      0
      7.7048358917236           46.242956161499             56.6637840271      0
      7.7117129656786           40.297527459801           52.598343216471      0
      7.7593392839584           41.634588566727           53.828508421445      0
      7.7566495490248           20.435750376063           30.723800889976      0
      7.7652850754651           39.009230144356           51.835411984763      0
      8.0877340336923           27.372663362663           14.093317179934      0
      7.7266358933767           38.869380601647           50.480763429009      0
      7.3903231108495           17.233621154307           48.255887053745      0
      8.0059868714656           39.422226948191           17.605506584812      0
      7.7258589576614           35.232448512642           52.044556973452      0
      7.8344488853029            47.84133147533           54.720728377712      0
      8.0401699145704           53.504410860285           57.769749413578      0
      55.791947597971           30.440894351504           37.178266584214      0
      7.8020718892083           43.005004791176            52.56767242353      0
      7.8969669342041           56.215263366699           61.984489440918      0
      7.9808426752282           40.738883781295           50.179868083252      0
      8.0274465958974           54.913028117093           61.327152750333      0
      7.9301197248107           39.540232209665           49.195370581125      0
      7.6901952551781           33.639321180997             14.3916668676      0
      8.1440778340061           15.953529315823           47.311144590057      0
      8.0935382736915           21.033054088255           17.904313955675      0
      7.9648685455322           41.719593048096           24.482053756714      0
      7.4961092937386           20.587028317983           29.402418559025      0
      8.0400257556269           48.895771671728           58.376595767005      0
      7.9641627665456           37.697630794647           52.188367610477      0
      8.0026683807373           57.792781829834           62.654388427734      0
      8.3855767938133            18.89721834993           21.762581766784      0
      8.0094585418701           36.425607681274           14.960181236267      0
        8.05404130533           16.379763946343            32.64843982114      0
      7.7682468656914           51.075979381747            56.68561380647      0
      8.0456206302069           44.436572779367           52.762640194751      0
      8.7337017309629           39.385179194775           38.292529700368      0
      8.0004877659279            40.42972684424           51.481504420761      0
      8.0685024261475           19.576143264771           20.357093811035      0
      8.0536022677914           13.616542172299           34.953338070526      0
      8.2349688634997           33.973587133983           52.449041528796      0
      7.5204117597333           23.113845394873           51.891474661034      0
      8.2131540581747           56.475927305198           59.898524679473      0
      7.6923757997027           24.814119437463           52.348233262308      0
      8.2557924153308           12.563012594425           37.242080277945      0
      8.0302902730129           38.530619913213           48.388236105788      0
      8.2946542533363           14.969449555946           45.982682940089      0
      8.3054974755692            18.71397772581           23.378888786299      0
      8.1542042522494           39.479241024265           53.446927246078      0
      8.2161525241928            42.40038941228           55.275432010612      0
      8.2483692169189            15.33109664917           33.154949188232      0
      8.2548770904541           45.740985870361           53.181495666504      0
      8.2779426574707           51.073936462402           59.558982849121      0
      8.2830352783203           52.833614349365            60.37854385376      0
      8.3195571899414           44.599006652832           50.458530426025      0
      8.7139204807119            38.30421239112           15.497143895537      0
      8.2529254625013           44.198369567228           56.210957551464      0
      8.3458962112065           19.789160855518           50.556447046856      0
      8.7493520883533           25.813953547572           14.031022305199      0
      8.3803520202637           42.243297576904           51.283897399902      0
      8.1610721978565           38.359451336959           34.366102420004      0
      8.3786978432985           43.004423299335           49.918199192065      0
      8.3982939497518           36.437072010409           52.519543925127      0
      8.4705702000012           43.788440294838           51.423659083693      0
      8.5924822229674            19.20447908145           31.576930399736      0
      8.4040246783583           18.726236389747           24.869710633525      0
       8.482307434082           12.963663101196           42.141407012939      0
      44.714648846917           18.568829843983           11.632664515948      0
      8.3178213938052           40.133538564265           30.355722753154      0
      8.3789440707493           50.356682430318           55.703646985589      0
      27.342805234369            25.29102507606           22.263528169734      0
      8.5652453395273           52.489780719061           56.797057420072      0
      8.6412885814049           32.235197173875           52.647277698266      0
      8.5449749467815           41.934287008215           21.018644876027      0
      8.6986016127986           55.410527557851           58.628033393281      0
      8.5178374740285           58.407791397326           61.692590532186      0
       8.329792965389           13.525668242947           43.467248422118      0
      9.3655755786464            39.27083079489            43.19971222187      0
      8.6569576263428           59.240802764893           62.830780029297      0
      8.3577642209317           21.993884801356           16.461386432288      0
      8.6892663734206           14.274728323283           34.001731989966      0
        8.86484260423            42.38523327377           24.174205463087      0
      8.5998235442948           42.285826155777           22.451088089368      0
      8.7321376800537           46.006813049316           49.960723876953      0
      8.7227699564307           45.535203739514           52.057625859415      0
      8.5260112895271           41.227656142574           49.014715475449      0
      8.6570433453096           23.785052116852           14.939689233883      0
      8.7600312792771           46.671224406906           57.832384702072      0
      8.5381580744485           38.866158061853            35.74990495531      0
      8.8263483447608           47.345258639644           51.126380662717      0
      8.8098392486572           19.557067871094            30.08865737915      0
      8.7369812916417           39.657293357276           48.147864182899      0
      8.7891600677682           12.746748938761           36.020677300741      0
      8.8742787910938           38.828832818517           46.568277514988      0
      8.4417818296045           18.974583623482           26.350589921606      0
      8.8808174133301            48.40168762207           50.401481628418      0
      8.9381303787231           18.981246948242           27.967814445496      0
      8.9387073516846           49.058652877808           54.173658370972      0
      8.9835367293774           35.207584806076           52.682537971969      0
       9.102504151818           54.450270584069           57.506505554086      0
      9.0375531075875           17.304488887521           32.417653822896      0
       8.614475545432            21.36430560116           51.424695874973      0
      8.9477441810654           37.892256957128           53.493540249333      0
      9.0793368276114           51.899367815206             55.7645424325      0
        9.23259767529           44.055586448327           48.991467953563      0
      9.0570068359375           16.364227294922           47.879974365234      0
      9.0208713339595           47.620074003901           52.535724170843      0
      9.0094539863021           34.349404649277           13.246203623139      0
      9.1186304039367           48.952698442285           51.721896542257      0
      9.0865135192871           49.851245880127           50.751411437988      0
      9.0901896863885           40.488956308172           54.906468343248      0
      9.1546592712402           39.408256530762           33.304538726807      0
      9.3880264901706           28.520820997081           52.847179536435      0
      9.1467889123186           18.077460790524           49.458899257964      0
      9.1635322295572           49.181640215235             59.1613200935      0
      9.0855267040605           56.402726831692           62.340416227581      0
      9.1939553782721           53.698386573268           61.001350941051      0
       9.233757019043           39.632423400879           40.499313354492      0
      9.2783786079548           41.440833335767           48.123981076586      0
      9.3093089602719           47.047225397142           49.561520153689      0
      9.2439348991842           41.075910368535            18.02170669576      0
      9.2140295885571           50.690011702967           54.597558756037      0
      9.4634750316642           17.920855599151           23.799806216993      0
      9.8504935289916            18.38365273278           20.425260622994      0
      9.1272775533038           58.132867352203           63.100554006015      0
      9.3242818303224           42.050688650318           27.033728657569      0
       9.416618705502           15.631940102797           46.774580096522      0
      9.4170966936287           51.614293088847           51.292513097936      0
      9.3204311114679           57.488972644482           59.784907174709      0
      9.3422770180174           53.496482224063           56.329404448946      0
      9.7474851645179           41.512709944566           29.325775141997      0
      9.5271208217589           13.272064520809           34.856356422036      0
      9.5625044466639           51.441281919556           52.477408390532      0
      9.5382666131258           33.766407543117           52.736091225591      0
       9.524704116952           50.935814368916           49.992257832284      0
      9.7687884398798           14.906523192606           45.267198610875      0
       9.344010622618           44.723427354529            57.10690102193      0
      9.5456790924072           24.558847427368           52.617118835449      0
      9.5512428283691           52.395538330078           50.411209106445      0
      9.5607909949575            51.31770230101           60.070287694966      0
      9.6611783241479           18.658158892358           31.862760110262      0
      8.9863281990972           32.863022588133           12.863125268472      0
        9.41777711319           39.269567986887             34.7414657932      0
      9.5914573669434           18.015633583069            22.35590839386      0
      9.3184833734373           23.066526261834           52.220215957913      0
      9.7916848441044           42.913819877489           20.890780281173      0
      9.5850088604303            19.80263277606           17.787166807312      0
      10.003352939351           31.195828107796           52.825813170374      0
      9.3043646973298           22.010275171082           15.488603834251      0
      9.8497403297644           56.574433123009           58.143055584179      0
      9.6084754307591           49.473816132887           49.666175937795      0
      9.6090977329917           52.882381531631           54.814253733817      0
      9.6232455745362           36.225040759649           53.181109295856      0
      9.7767885584726            45.83023531008            48.97451815467      0
      9.7561873879293           48.088081545418           49.372055150953      0
      9.7461457417379           17.814798099525           25.350068574983      0
      9.6954078674316           38.586967468262           14.895869255066      0
      9.7053301299892           19.867999870367           50.794661918256      0
       9.199168118588           20.995835468485            16.56067688498      0
      9.7076225280762           12.323371887207           37.307277679443      0
      9.7132225036621           15.135341644287           33.390743255615      0
      9.4605234734396           29.281353468878           12.317994897929      0
      9.6901774294065           60.278720334016           62.878436841232      0
      9.7495174407959              53.849609375           51.030601501465      0
       9.815630150614           13.934395283139           43.159067094705      0
      9.7177882484886           19.249444293659           30.754186304874      0
      9.7823829650879           33.397090911865      -0.00027084350585938      0
      9.4378397523119           36.483978060085           13.772314210531      0
      9.9039377876548           34.958156154324      -0.00027084350585938      0
      9.6327499153293           39.687889559721           47.287754367393      0
      9.8184509277344           42.893650054932           24.018621444702      0
      9.9443096097948           45.581642466639           57.710514902816      0
       9.979926480598           39.203245591838           45.617183178206      0
      9.4986778580356           42.121764050776           19.490631678321      0
      10.111921339998           55.955370571426           56.481562151288      0
      10.174442684499           18.792705192495           29.192145323228      0
      9.9737861885597           59.686056943699           63.707127333862      0
      9.9428539406131           14.007770874158           34.139842970908      0
      9.9292448323114           27.890125798999            12.19791279759      0
      10.082041682476           54.961053490671           51.491373174994      0
      10.152632113738           47.240923224121           58.456034556872      0
      10.037832101759           18.193933645581           27.213187701303      0
      10.197837314601           41.042071351081           47.169685731238      0
      9.9641162126107           53.929396618785           52.705929311343      0
      10.205147816452           43.192658444482            22.42909079944      0
       10.11802441588           54.811341957199           54.243022334675      0
       10.28650953546           25.064706118339           13.116522864996      0
           10.1953125           21.397367477417            51.63302230835      0
      10.415142579469           53.940788239353           60.847095205407      0
      10.196849527545           43.754572807177           47.947814231169      0
        10.2151927948           39.549015045166           36.204917907715      0
      10.283366067411           39.306433894216           54.629270101131      0
      10.433157242913           49.438543831512            59.24844868042      0
      10.265068054199           32.085353851318      -0.00027084350585938      0
      10.129776051617           16.964088297908           48.341326633942      0
      10.190838027869           42.686291854399           56.323303365402      0
      10.278559179906           37.544662273907           53.852135763445      0
      10.384008853574           12.601024068287           36.063818205193      0
      10.452670356403           13.302288359902           40.816446579329      0
      10.482496267429           58.294725015169           58.773490823953      0
      10.329360961914           39.842929840088            34.19409942627      0
      10.358833312988           39.795249938965           41.621520996094      0
      10.304657932884            35.07592885948           52.963694769999      0
      10.147342262542           30.089439687616           11.632180675545      0
      10.251917055871           32.011680959705           11.591176856362      0
      10.376555181528           55.917331851729           61.849727586554      0
      10.276588353523           17.505992673585            32.57463048378      0
      10.313615286611           12.579849606641           38.966058699786      0
       10.35578448179           34.083554242287           1.1552416707937      0
      10.476886749268           56.404472351074           52.559020996094      0
      10.705626152542           57.212159106953           54.742821599266      0
      10.509298324585           36.462257385254      -0.00027084350585938      0
      10.591393981218           16.220907608151           47.039509481565      0
      10.549758641525           47.127435633273           48.840759019093      0
      10.801183052825           58.115110454408           57.170041826426      0
      10.564493179321           42.876956939697           26.341370582581      0
      10.575517654419           17.787187576294            49.17854309082      0
      10.585073471069           41.144020080566            16.44927406311      0
      10.509189084868           40.736368844222           32.205262649529      0
      10.548084805671           58.127780558714           62.963238360702      0
      10.442499975225           33.741352611391           11.831810972117      0
      10.540341071997           50.955128405294            49.56746099974      0
      10.615697860718           39.867046356201            40.27555847168      0
      10.529808602834           32.690520087911           1.1577206841183      0
      10.657668841757           54.630866913136           50.458868940897      0
      10.662281036377           53.231231689453           50.038391113281      0
      10.687202453613           45.920116424561           48.436893463135      0
      9.9131583858589           59.351100311625           61.138151010451      0
      11.312870786648           28.087519213843           52.941138386285      0
      10.542686994406           21.261761572763           15.066454555886      0
      10.620723629101           26.927646675192           11.967912589242      0
      10.865942482638           15.201018643765           44.507488574877      0
      10.776172637939            48.76985168457           49.097412109375      0
      10.785552978516           18.802852630615           50.077659606934      0
      10.683613134955           18.924697673753           31.767815131981      0
      10.916147963936           51.754689774584           59.817763105069      0
      10.514362052319           35.089571346241           12.241448131683      0
      10.845157623291           61.340629577637            63.27318572998      0
      10.930397943907           14.414663135451           42.517280332977      0
      10.952913073865           36.668920403388            12.68868430204      0
      10.962431538131           35.397162433157           1.5702533396023      0
      11.130978505354           28.508404253863           11.170862262374      0
      10.932608213135           40.104946131378           46.599679920933      0
      10.821081802764           55.760760441724           50.938415163154      0
      10.528724378607           22.937930528093           13.983004656688      0
      10.648714223687           20.134557340807           16.177410876777      0
       10.74934810405            18.96336301677           30.514461408557      0
      11.219876506923           17.367923355434           25.997270892108      0
      10.968548966295           33.181447109427           52.720189396892      0
      11.034017562866           13.455202102661            34.94026184082      0
      11.440891076046           17.384261978031           20.786638628936      0
      10.988070108877           44.389076238259           57.080769086612      0
      10.962976602401           36.447702478344            53.19595863545      0
      11.105627059937            57.50431060791           52.025756835938      0
      11.112382888794           33.320259094238            2.380220413208      0
      11.235226384105           34.587665646591           2.3272331703675      0
      11.029685052228           43.106627604504           19.248776615221      0
      11.368474068533           22.740919233196           52.246548982239      0
      11.019898567281           12.540939008445           37.629757922414      0
       10.78098840488            39.74197371434           35.270880724148      0
      11.051625888249           15.015786840917           33.862850921681      0
       11.26448156987           19.209887687594           16.896736698825      0
      11.205780029297           17.054953575134           23.872146606445      0
      11.218576494725           46.782730457314           58.060668476034      0
      11.238722238108           60.104311540988           59.834092954309      0
      11.311080110536           41.685330721062           47.051213289716      0
      52.235893364228           31.644453640123           24.895094422778      0
      11.257754325867           24.123097419739           52.622194290161      0
      11.370587369814           59.321285268527           55.859252987288      0
      11.253917675917           42.004488652654           55.826459869117      0
      11.442196794017           54.646039937743             60.5185610287      0
      27.786297813249           37.541519087694            3.431284835821      0
      11.427832848932           49.442448877442           58.874722161717      0
      11.465255584478           61.315450654965           61.408316567563      0
      11.376160621643           39.888841629028           54.644704818726      0
      11.366367950021           37.722656325496      -0.00027084350585938      0
      11.542068194923           60.097244658586           58.079679974625      0
      11.395812988281           18.212682723999           18.465587615967      0
      11.589400379088           43.682204803284           20.728541407292      0
      11.470742372996           39.444899660022           45.479341803255      0
      11.968290591915           40.954264381441           33.436697810473      0
      11.478693008423           36.606475830078           1.4514942169189      0
      11.486673355103           32.716194152832           10.892009735107      0
      11.488803034244           44.150866771939            47.77954999034      0
      11.516807556152           59.969604492188           63.518882751465      0
      11.527868270874           17.269641876221           47.992813110352      0
      11.533151626587           26.126323699951           11.675028800964      0
      10.913577940861           42.480496004401           18.027999729554      0
      11.507821868828           31.267957143554           1.0375659209684      0
      11.479178927216           37.815130905347           53.443193242491      0
      11.773814108647           57.337012483648           61.752481449068      0
      11.867265577961           16.875818011063           46.488587610835      0
      11.623544262572           34.910976340304           52.576927489537      0
      11.939945139605           24.052810447257           12.504906227345      0
      11.698762282594           16.003930084602           44.784544499982      0
      11.641372680664           59.910804748535            53.98876953125      0
      11.642212867737           16.662392616272            33.40453338623      0
      11.711095255841           18.519429146087           32.659066162063      0
      11.667140960693            30.64900636673           10.770742893219      0
      11.676652908325           31.973424911499            2.069278717041      0
      11.715047836304            52.36449432373            50.04328918457      0
       11.75548035443            13.02224761284           36.162472068464      0
      11.499996702849           13.170809759187            39.17414936705      0
      11.877161648423            15.32020053518           42.328824757221      0
      11.876732305582           39.888864779932           36.494250973299      0
      12.108875455218           21.363487483248           14.036230498079      0
      11.822904382008           49.886454245062           49.407829264509      0
      11.728623445008            46.30639834893           48.437155033599      0
      11.965439188149           27.478327587633           10.998232020114      0
      11.795301071414           20.221785825906           51.010207989368      0
       11.79303916832           14.125056569954           40.589114191507      0
      11.950007234074           35.641300157582           2.5687062588373      0
      11.807413700424           54.526878214099           50.783907884133      0
       11.73233833696           17.796402398099           28.005482990339      0
      12.192710590276           30.842277011033           52.765173071515      0
      11.915238433009           48.016321336241           48.941612970312      0
      11.932151794434           20.328258514404           15.028273582458      0
      12.029923797516            60.84621305272           55.138350112197      0
      11.956129074097           18.165151596069           49.248752593994      0
      11.956790924072           35.689842224121           11.500204086304      0
      11.977931976318           62.180976867676           62.377532958984      0
      11.898162148044           18.958975305336           31.222166071159      0
      12.084951451651           14.202685573764            35.11526787195      0
      12.022395501138           52.153152218737           59.250944613739      0
      12.071675806648           56.652899033702           51.558683964883      0
       12.03830909729           61.084114074707           56.332195281982      0
      12.355141266203           21.720213989354           51.802135249926      0
      12.143024321848           33.949668645116           3.0846606625859      0
      12.004671587523           39.889951180729           38.615054168781      0
       55.41947930665           26.023388950068           47.402133710151      0
      12.142985716997           39.678922567513           43.135685377492      0
      12.601962426837           28.883921489101           10.467475755736      0
      12.229392660783           40.233062682827           46.552906707544      0
      12.505849778913           33.371683650011           52.472385938844      0
      12.255675507907           44.877945224458           56.566751418174      0
      12.401036677329           62.204952404422           60.738518858692      0
      12.300193238482           42.462397964709           55.310587476829      0
      11.753831324419           30.234906983579      -0.00027084350585938      0
      12.450601744885           36.657970159725           52.255400538787      0
      12.268783569336           61.802169799805           59.272994995117      0
      12.217729135864           19.147478728437            50.13019981986      0
       11.77895383182            43.70466888187           23.408382145069      0
      12.273142179224           48.176455381588           57.851659043429      0
       12.43744358006            58.49729547583           52.632659820859      0
      12.169427108919           13.241631429713           37.417318374091      0
      12.791190991283           32.367273888886           3.0855170236523      0
      12.309003224017           61.136516108268            63.52395712042      0
       12.72874452869           18.246960334211           17.249094087238      0
      12.590074031254           38.798265237771      -0.00027084350585938      0
       12.38060760498            37.09842300415           11.930213928223      0
      12.401958465576           15.447191238403           34.463634490967      0
      12.391254762536           37.718151893609           1.5960067598751      0
      12.534402801336           42.059242186596             47.3857299562      0
      12.486501694586           16.975085483566           44.822620064605      0
      12.613129376042           17.716215545238           46.829751789697      0
      12.515467808042              20.971731141      -0.00027084350585938      0
      12.516689300537           16.432794570923           22.588554382324      0
      12.532121658325           22.657825469971      -0.00027084350585938      0
      12.433962769924           56.581187342244           60.705496422012      0
      12.590735059938           38.641717876054           52.763274179476      0
      12.613305718001           59.142711478165           62.111660505687      0
      12.305342936758           43.383833438778           18.213759472452      0
      12.469562428064           42.825138019108           16.902944949514      0
      12.609052658081            40.35924911499           35.275566101074      0
      12.621898651123           18.278553009033           33.449054718018      0
      12.601530050653            40.97878324882           54.116988799133      0
      12.632781982422           50.715816497803           50.163251876831      0
      12.667671996593           53.476414365968           51.289470395367      0
      12.407463675454           54.322755903091           59.579658879184      0
      38.976617545955           40.169977820268           17.111279203853      0
      12.807674964512           17.376662656978           18.796433432428      0
      12.758603905044           44.382492558523           48.257157901413      0
      12.461374833343           13.787732190604           38.559849983185      0
      12.973746535904           14.851643588228           39.534457393149      0
      12.849646296861           39.433277826683           45.361644557254      0
      12.826215680091           14.190307973456           36.286936664461      0
      13.510655486084           25.806556174185           11.058235364988      0
      12.747547149658           18.272287368774           48.140514373779      0
      12.800416927542           22.428696283188           12.991227204702      0
      12.764951960721           19.495245711477      -0.00027084350585938      0
      12.540740296738           26.288528179797           52.864120171392      0
      12.986360443346           57.076106037032           52.703745161406      0
       12.80302602432           16.854099334733           25.625269539719      0
      12.854629516602           43.067827224731           29.508406639099      0
      12.856876198928           31.044016570583            2.369920878242      0
      12.884341858943           35.232559581483           52.085228440299      0
       13.35394677653           34.819983264251           3.6364041692628      0
      12.841059205829           60.125088936733           53.924876457532      0
      12.524479131382           19.168188508666           16.056491241504      0
      13.267417133937           17.184920249742           27.270087443956      0
      12.876322489084           22.022407960972           1.4333876461074      0
      12.997877498926           46.837112535474           49.169106977649      0
       13.14307890135           52.965106882569            58.31451986025      0
      12.646682109716           18.293553149739           30.011819232331      0
      12.869620566089           19.175784128096           32.294283654572      0
      13.016171438715           50.103874254187           57.672372483441      0
       12.98157863526           61.616635213958           55.424631322504      0
      13.001541137695           62.167675018311           56.773441314697      0
      13.046663712217           16.856685901342           20.126128510926      0
      13.138412679888           15.317249195582           35.571217951144      0
      13.043228149414           48.695827484131           49.834758758545      0
      13.063879013062           23.096164703369           1.3047733306885      0
      12.977035830581           46.936499491964             56.6435868112      0
      13.053670415719           20.483151616174           1.6456003953606      0
      13.033979256146           39.749527392248           40.873746774261      0
      13.063554922725           43.996543123846            19.51894655106      0
      13.076985355399           17.717183004156           43.927548062786      0
      13.153371810913           38.680591583252           1.2192344665527      0
      12.663478732396           30.099706404048           1.2418096470208      0
      13.162712102285             62.8908022667           61.310813107114      0
       13.27361388129           19.316531526536           1.5015241421675      0
      13.120726095683           44.036992924385           55.138301258841      0
      13.172043529116           16.436904243549           41.317538712094      0
      13.236068474335           44.217647864671           21.554266743511      0
      13.148143016035           18.132744024369           45.585468283289      0
      13.224343069866             37.6228066926           51.493386723984      0
      13.310495071543            40.03096766487           36.883611174092      0
      13.211508900329           18.171783047993      -0.00027084350585938      0
      13.242154729532           14.556390194143           37.443329438436      0
      12.987573758892           42.020746835407            15.60490467368      0
      13.187156729157           33.786627018539           10.478175948169      0
      13.269958496094           62.851890563965           59.809059143066      0
      13.274332046509           18.997100830078           49.308849334717      0
      13.334095110688           37.121005180297           2.7698444826443      0
      13.273194728858           62.241716926415           63.047509756075      0
      13.372611521185            16.59288682427           34.978640105584      0
      13.350515533342           18.792311026993           31.458725399962      0
      13.333870793749           60.707160522596            62.24547969104      0
      13.411035321716           58.430808062494           60.577521133418      0
      13.357130150211           38.904594758059           51.556090448741      0
       13.52847862167           36.406437719929           51.438757136157      0
      12.687597932426           40.224590359104           14.240507771665      0
      13.487807523569           58.465463205661           53.975912692011      0
      13.348203942512           51.072603896627           51.210181505591      0
      13.387704220617           21.636469956881           2.5654574167795      0
      13.406740303124           40.488621780848           47.293989057375      0
      13.615737048244            16.30556118272           21.553355104826      0
      13.562300657361           18.723280883975            47.31185947358      0
      13.138260782413            24.25027540699      -0.00027084350585938      0
      13.454021453857           39.621513366699           46.778701782227      0
      13.355199285578           56.104790253755           59.327263144753      0
      13.443606231045           42.263183102767           48.167350565101      0
      13.536718901566           15.249123320225           36.565460771272      0
      13.513711240359           54.494893116673           52.951858403533      0
      13.597076688629            22.94476320688           2.3045447427952      0
      20.006547123027           32.210044972095           11.392558904586      0
      13.565776824951           19.917951583862           50.563213348389      0
      14.155449252714           35.127261968292           10.502368932172      0
      13.596996307373           38.325408935547           2.0339298248291      0
      13.603280067444           39.360555648804           43.902626037598      0
      13.835322165317            36.40839151207           11.052259522473      0
      13.605768211237           44.682398659857           49.185003774055      0
      14.128873505251           23.671355004703           11.803707700664      0
      13.486074823314           36.316079041379           3.2796603858056      0
      13.619380498976           33.430859038475           3.8003667400312      0
      13.580745698608           42.648645561466           53.646873858803      0
      13.660658130344           20.221529949314           2.9568386885434      0
      12.570125510226           43.758978435432           25.383809618454      0
      13.716889665879           19.225241314086           33.579774509964      0
      13.427502914813            40.35862765051           52.450121705976      0
      13.806569036269           27.592495392257           10.306134023169      0
       13.97932762854           16.078740603318            22.69153718248      0
      13.987119970435           43.788739929613           17.638350253986      0
      13.774831771851           60.238651275635           55.139259338379      0
      13.854880789057           38.590123521491           50.092386431193      0
      13.772716751024           19.005012625788           44.500679519452      0
      13.830146720321            54.30300571085           57.699506441118      0
      13.728419224132            48.18325676895           50.644786713344      0
      13.822447266403           24.218644698027           1.6144025513997      0
      13.980374207467           37.060234789466           50.675307159514      0
      13.799061818019           47.469242784703           55.716720392006      0
      13.641087913036           33.977941349704           52.284950917343      0
       13.86757890214           17.989756221985           1.7264427949758      0
      13.981248208763           19.268199162636           46.101319608488      0
      13.354382237211           28.497569708985      -0.00027084350585938      0
      13.559007334693           23.261697751917           52.295350970833      0
      13.909064656362           39.913884426481           38.456153179763      0
      13.903754234314           44.598937988281           54.235029220581      0
      13.859709222417           18.987943680051           2.7181534257878      0
      13.950552147457           57.472001581484           55.081832453732      0
      13.917525754736           39.824053701624           50.749817626735      0
      13.932123184204           40.853446960449           48.629112243652      0
      13.671468743375           42.689621734628           31.668159082087      0
      13.995678738803           43.101324629198           49.773038856576      0
      14.010888218723           58.419649029707           59.262609154155      0
      13.878302467084           50.223610504087           56.401087192557      0
        14.0322243574           52.192524929791           52.990453312204      0
      14.007105887676            56.30907266012           57.972514341549      0
      13.754671710184           37.822114258901           11.831917876469      0
      13.938087537307           18.345854759891           42.693733167718      0
      14.001981735229           38.961521148682           45.926414489746      0
       14.02554815357           16.289515018115           36.386460812946      0
      13.841529160038           24.839095325288           52.633461472138      0
      14.012447357178           61.965690612793            61.85277557373      0
      14.031938619926           54.960871736417           54.644907685096      0
      14.057294612616           15.991827017484           37.348237208383      0
       14.06273891692            61.43729149096           56.266850337646      0
      14.119902081374           42.748445887016            52.24454946105      0
      14.078737258911           16.959089279175      -0.00027084350585938      0
      14.375177963055           40.782110347975           35.724670595784      0
      14.069124861053            39.72927291695           48.169707768022      0
      14.315230885256           29.662425336757           9.8023534836568      0
      14.433355792491           16.703742466412           26.275089109049      0
      14.872626063691           44.372729955861           26.429369037756      0
      14.376596939069           30.893730841387           3.2151876844606      0
      31.324957125113           33.414162185069           14.121697240633      0
      14.042332773321           60.564018182207           60.934309314959      0
      13.968891854207           52.013414077577           56.666657977873      0
      14.130706093196              39.583137235           49.466902052243      0
      13.682566791664           16.221379177655            24.17390011988      0
       14.12990623435           41.184635358036           51.185298909017      0
      14.211984401105           21.256019518292           3.5067531047416      0
      13.923078002841           17.591817294774            29.04339285838      0
      48.859565684676           27.660008990936            33.30195901229      0
      14.167729189196           54.223774139206           56.541286250903      0
      13.982357069351           43.209852729808           16.399099518278      0
      14.149101682751           56.920428789294           56.450305738412      0
      14.163695752061           46.682974827045           51.290229567932      0
      14.146938997107           40.958421214145           49.712199033688      0
      14.229251181302           58.382170357446           57.840944359687      0
      14.290490713061           52.066820473114           54.327769308551      0
      38.477069985582           25.030578460432           15.706775158541      0
      14.089521537297             35.0714653362           51.880823236417      0
      14.276448020226           44.591751788348           52.973818026757      0
       36.65683951008           31.158274336259           13.968145771259      0
      14.379180582525           17.777308909868           16.999982262385      0
       14.38439191421           29.651724707574           2.3271148558103      0
      14.278080163768           44.824340890672           51.643694000127      0
      14.254125995464           59.842566331783           56.680366676026      0
      14.305852890015           49.199756622314           55.249717712402      0
       14.33110041656           16.546163329321           38.749033214107      0
      14.321003360943           17.501198235319           35.566291130864      0
      14.308571319058           49.790675133684           52.897674199054      0
      14.231257186989           22.442829477303           3.1432908359645      0
      14.266383138147           43.821505685712           29.109591387882      0
      14.378442764282           62.307571411133           57.587158203125      0
      14.371346394507           46.420115601529           53.877542124319      0
      13.921301546931            16.67168569577           40.208508812905      0
       14.20756890453           25.929587137199         0.055511543027359      0
      14.466521131861           16.497709520379           20.305758279154      0
      14.435001373291           38.602878570557            47.39917755127      0
      14.424907392728           51.158466022276           55.024689825278      0
      14.463400757984           48.072259703089           53.317430238449      0
      14.472207069397           60.429347991943           58.050100326538      0
      14.391696954486           18.762265795134           34.624325720651      0
      14.463781566325            60.38691132662           59.395216059162      0
      14.036037602286            28.81093683682           1.3017436574476      0
      14.570399615831           16.265378502987           25.332068202284      0
      14.354320853074           39.725983350011      -0.00027084350585938      0
      14.546434192351           17.562475848092           2.6476632913717      0
      14.513184874141            19.09563612681           32.279584170036      0
      30.457771002694           39.739282650566           17.788347429304      0
      14.535242080688           23.793399810791           2.7475433349609      0
       14.50735374431           38.293452219375           48.895240881455      0
      14.441542166947            44.51343512967           22.626280492007      0
      14.846895134312           17.024792340787           27.632641860746      0
      14.202463971856            19.82097780749           14.496257828925      0
      14.706940963151           20.110297292859           45.597128150466      0
      14.440279698389           42.381705722959           15.125620237148      0
      14.606397628784            62.72102355957           59.018409729004      0
      14.610946655273           37.026260375977           49.952186584473      0
       14.49231400712           19.625443547135           49.110977896069      0
      14.625473022461           62.500667572021           60.620040893555      0
      38.877194550777           40.585750206562           12.009552054536      0
      14.062821243696           31.754182393536           52.643697107873      0
      14.938836551068           40.240048661089           37.077486317894      0
      14.546370225797           17.913810357904           41.194060477347      0
      14.625895124276           16.845330450792           1.5442658733392      0
      14.375511416906           18.637910220822           15.746788952177      0
      14.784377276156           19.369330284688           3.9361779146389      0
        14.6318250275           35.883497701621           51.155084814526      0
      14.725269730008           17.141965459865           37.138092143619      0
      14.610119748128           19.542393007161           43.839392289001      0
      14.788467407227           33.064651489258           52.597763061523      0
      14.438817390178           39.384828462075           41.647753985876      0
      14.985376587956           16.217232237287           21.517628356906      0
      14.832218170166           27.094318389893      -0.00027084350585938      0
      14.853567123413           20.579767227173           50.669296264648      0
      14.887579214061           39.503029174564           39.933696497493      0
      14.709789218878           26.472292919026           52.727520937695      0
      14.769579302929           18.295127801274           3.4860202736496      0
      14.877178733606           20.530603796067           4.0426088110886      0
      14.902847290039           21.399959564209           12.768322944641      0
      14.942293167114           21.792972564697           51.609153747559      0
      15.121934549977           34.690417591166           4.7051109078152      0
      15.072098915795             39.4997524729           1.2515968642934      0
      14.953071594238           19.572748184204           33.570713043213      0
      14.893968266716           42.355485111087            33.54687307859      0
      41.801467926248           22.603788616882           16.822924435498      0
      46.110191361358           23.342958741489           14.920854626332      0
      14.754985060398           44.615913123006           20.716686109619      0
      14.878748224667           33.628944214235           4.5251460070642      0
      46.216031905214           30.663861872837           13.973156911315      0
      15.057512283325           34.385906219482           52.540363311768      0
      14.990405607672           44.437028171113           19.011375299524      0
      14.688723478945           40.468413191453           13.434473895299      0
       14.91172536725           16.906109220317           18.817167109376      0
      15.134022712708           43.652906417847            30.90493106842      0
      15.148231506348           16.083003997803      -0.00027084350585938      0
      15.264398562865           18.156381449911           36.162860195864      0
        15.5954485043           44.172306491506           17.554482710806      0
      14.894042245946           19.936916048749           47.573216651875      0
      15.197721481323            27.50087928772           1.3155879974365      0
      15.548915755389           32.398835304311           9.4719723016956      0
      14.883441038292            36.21520198337           4.0974359521559      0
      15.165840993875           38.229602109072            46.46230947789      0
      15.330579037082           35.848148012153           10.336840636652      0
       15.00488114004           44.686769863094           24.172345791385      0
      15.116317813032           15.984479596049           23.237047387725      0
      15.293691504379           37.657628024511           47.631158977698      0
      15.447115314995           37.430465330007           11.091414928035      0
      15.195524048216           23.397083110473           52.137736564308      0
      15.428235535079           17.699844600575           38.963425364778      0
       15.10175049122            32.21367230297           4.3250262225315      0
       15.26883813625           34.167286053766           9.8488397547067      0
      15.259498645161            38.95145186265           43.126273779924      0
      15.413917541504           29.100166320801           52.802478790283      0
      15.742123809951           39.900442693018           38.102099930954      0
      15.369970350007            26.12450102904           1.2709893539661      0
      15.473932544614            20.72908745032           44.863326466689      0
      15.543416976929           16.015417098999           24.709136962891      0
      26.704693771968           30.803247846499           23.406524554629      0
      15.595323628259           16.504920030989           2.5464142361887      0
      15.521021150754            37.06560369714           48.905973371247      0
      15.449903061298           43.342336669174           15.904341314605      0
      15.703732981205           19.240245571383           34.836188122767      0
      15.559637531231           22.377293190898           4.0954885273405      0
      14.948694270215           37.287396243337           3.5772777870283      0
      16.227161034565           16.676744872748           26.500615875516      0
       15.72867518753           15.900397933459           1.3169069233066      0
      15.614676790699           38.460190913797           3.0957674997635      0
      15.709386825562           35.698051452637           51.930625915527      0
      15.714903362974           20.710550374024           49.056130262795      0
      15.922257916337           30.523040639645           52.769802227492      0
      16.003533292446           18.272775142764            37.38441601069      0
      15.593671906405           45.076899151514           22.072726981862      0
      15.747856984243           21.095030404829            46.71992030735      0
      15.986717652369           33.580005567704           53.461340768078      0
      15.767791528081           28.070961280374           2.1095736374958      0
      55.032763482177           33.327820291114           15.248296732738      0
      15.902340556406           34.183489964173            5.497436190223      0
      15.899482610726           17.495606004313           3.6076217066797      0
      15.941054843262           32.094557799605           52.956141660064      0
      15.817676544189           17.219488143921           28.719835281372      0
      16.186989753034           17.919205499206           16.074516270776      0
      15.843856811523           18.585994720459            4.242603302002      0
      15.861461639404           17.793697357178           30.064346313477      0
      38.646920272134           37.192462016785           22.609304657343      0
      15.895742521678            16.47977704306           20.153890228525      0
      16.155107032491           42.028679752786           14.224382108233      0
      15.853939032363           35.618906656842           5.1002022963445      0
      16.011625555063           32.856189952287            5.297878123673      0
      15.973917007446           21.361736297607           50.524116516113      0
      16.824005727754           20.281571763106            4.893919458199      0
      16.016571923269           20.056766167758             43.0554413756      0
       16.02807438754           34.968527237151            53.22048160477      0
      16.139347937047           41.370839192353           35.882704177996      0
      16.076923370361           36.386196136475           50.513969421387      0
      23.392585124113           25.929487159332           14.042462344139      0
      16.128917151797           26.825132274679           2.0105713711891      0
      16.145593643188             22.3288230896           51.444339752197      0
      16.151472091675           17.150609970093           17.356018066406      0
      16.298507139179            40.41732800912           37.292658708753      0
      16.320400357224           21.527161557921           45.333452576958      0
      16.344725492683           16.181123223597           21.858358115469      0
      16.193017057812           18.753951202002            40.21584124825      0
      16.101791309803           39.473937830179           2.0422928306842      0
      16.207104682922           27.781893730164           9.4853582382202      0
      15.939728567107           25.651428033524           2.2237579975822      0
      16.642931704709           45.233193025504           20.494094604278      0
      16.202672705421           37.455941957826           46.733948144812      0
      16.002732624728           44.356408717263           28.961718151069      0
       16.03405961399           24.351272520665           52.135012025346      0
      16.208214212307           18.888223208908           36.197283207173      0
      16.077750681175           38.032758048144           45.650391803966      0
      16.208094861656           35.233830456866           9.5751223679753      0
      16.229503901381           35.138175957563           5.9428928695377      0
      16.143509672111           45.240378675686           24.934848255389      0
      16.361003008197           19.736310380313           34.090051678836      0
      16.302279013566           36.432390333812           10.112056247695      0
      16.561125718741           39.219470670768           39.494992088812      0
      16.077375304986           20.176838686809           13.447999575094      0
      16.269296640672           33.819488588715           9.1681367209594      0
      16.182882759029           29.569063838104           9.1876499380119      0
      16.342707203384           36.518797240328           4.9573291163349      0
      16.598368452657           29.210392097433           52.571888646749      0
      16.325163858322           27.365740739816           52.426058229812      0
       16.38659447698           21.735227323605            49.15267713421      0
      16.402511119592           36.883449271006           48.157693230833      0
      16.493842918945           33.760805385855           6.5021628518751      0
      16.733708704996           16.551726329117           18.731366955983      0
      16.540249390899           35.116249560927           7.1606705268744      0
      16.692041033314            31.52978970646           5.0458244129719      0
      16.829459361421           22.223607725927           46.454826063338      0
      16.634325465522           16.046065243827           23.687401656636      0
       16.55503256684           18.496276054697           38.563972017976      0
      16.552712440491           18.960196495056           14.617093086243      0
      16.523392845768           22.522507714566           11.662622045019      0
      16.593606772698           40.550465076414      -0.00027084350585938      0
      16.583489341073            37.86779018042             10.9256320003      0
      16.551879827849           35.021418523814           8.6088233250504      0
      16.666637244703           36.331624993366           6.2434786779816      0
       16.63747155896           45.529089286591           23.497072281324      0
      16.695617675781           44.017097473145           16.723777770996      0
      16.701602935791           15.490278244019      -0.00027084350585938      0
      16.325867941133           30.421904813893           3.8794443861786      0
        16.8795291882            15.77104316186           2.0876596013793      0
      16.391176996013           23.736575763851           4.0736734899577      0
      16.738009603702           36.188253126524           8.7980398650369      0
      16.829631156564           36.386090470594           7.6337683164464      0
      16.785360758995           44.969015188868              19.148340962      0
      16.631126927431           39.173809523939           11.729015470294      0
      17.087293213733           16.821429293326           3.2873433951378      0
      16.854716500438           23.589912440406            51.42619035396      0
      16.904881954977            22.68798228983           50.244376395464      0
      16.903345509654           32.448036705101           6.4811781540199      0
      16.851957479237           27.916203403872           2.7529918442393      0
      16.386563031756           38.803552764498           41.364622994195      0
      16.806781570538           33.560447757337           7.7722871625853      0
      16.892798485339           21.569830733608           44.399761749219      0
      16.712062233457           19.575377908877           35.369647857388      0
      16.620954506112           25.120482823891           3.3575551614015      0
      16.809434860804           30.889592842316           8.9216185873258      0
      17.064962892981           36.641376883847           52.066473989655      0
      16.869726641944           31.684221856376           53.220424023037      0
      16.930238216532           36.644019044633           49.516375851207      0
      16.929053071051           22.316206849319              47.805747267      0
      16.895105556143           38.142217827944           43.129803192584      0
       17.01977155847           37.903491426658           4.4607696803203      0
      16.887496831481           39.059303806364           3.2129045365465      0
      17.833627317522           16.092985264717           20.649820481322      0
      17.229289753249           19.358371242682           36.899171080433      0
      17.098398211327           26.316602407969           51.955885333965      0
       17.34677702854           39.808593095512           38.271720710743      0
      17.445366599109           45.610320537108           22.010611285257      0
      17.034475166561           26.463336449363            2.891951008104      0
      17.049253168729           30.387936546459           52.690921259462      0
       16.76222373933           22.055821000311           4.8103529626543      0
      16.730096976245           43.574887755285           32.314788446276      0
      16.954063009613           32.467554255147            8.658937189217      0
      17.154851913452           24.413774490356           10.519680023193      0
      17.155902862549           45.574283599854           25.728002548218      0
      17.232474409208           37.617628618979           5.5505522862631      0
      17.074829718887           37.215321173371           9.4051514666611      0
      17.162507893041           37.194921925593           8.3021720491731      0
      17.335824292525           22.546560621895           45.406516542594      0
       17.29849862148           37.474266327565           6.8893583829157      0
      17.127965965364           36.248136276275           53.439199928178      0
      17.121617804115           36.889461929193           47.148876990429      0
      17.116109194283           33.089245915392           54.245210252879      0
      17.340932864216            23.12108448914           48.942701521072      0
      16.471165748884           19.267895148769           32.642759187662      0
      17.430522459285           37.075614628294            45.97450330649      0
      17.338355933979           25.003434656592           51.505260776936      0
      17.395241507901           28.921814737896           3.6310911580076      0
      17.363044082854           40.235566405984           12.344496202414      0
      17.573121472822           19.524355211669           39.505349121287      0
      17.518012510855           24.124152317445           50.305555429377      0
      17.860815106293           15.418137568804      -0.00027084350585949      0
      17.802320893594           21.092941458904           42.302779547561      0
      17.458436196271           31.898796633821           7.2959771181258      0
      17.448128464184           37.307692184944           44.468526958945      0
      17.628652465917           29.285433206843            52.12021682928      0
      17.952180687349              16.042109465           22.482546203525      0
      17.454681896133           38.527367680773           10.368211593454      0
      17.533061981201            36.81254196167           50.753051757812      0
      17.423010608984           20.107023563092           34.240788137763      0
      17.607279459539           23.315294072342            46.64639282259      0
      17.869415643791           19.631093933641           37.964095656808      0
      17.593856811523           42.906269073486           34.310649871826      0
      17.397948366095           26.473599479686           9.5158892481761      0
       18.40615783635           45.463735912293           20.497746227094      0
      17.631582355439           19.251388447069           4.9296198618091      0
      17.940815607171           36.016940799631           55.037820275775      0
      17.743913599781           38.893912551808           4.0888478982271      0
      17.953803561701           18.128197021956           4.4629998735721      0
      17.667490882022           24.513227517129            4.723037164146      0
      17.724197387695           27.854621887207           51.750099182129      0
      17.768682479858           15.473690032959           1.4549942016602      0
      17.682457201557           27.922102905504            8.896692404829      0
      17.681975051089           29.973408786002           4.5341859708399      0
      17.719317633237            23.33389669617           5.2458933793568      0
      17.477662424816           17.638129948033           29.616873127667      0
      17.751681938496           38.399516291355            8.979463538711      0
      18.001780199573           24.893759862162           9.7664909721683      0
      17.837247793206           30.865624513272           5.8634065521775      0
      17.634063622417           41.421047094444             13.3902944912      0
       17.75934974846           23.098695387354           10.868721090094      0
      17.849687558205           24.356553990066           48.905578199588      0
      17.654403805642            40.71597872714           37.269980364879      0
      17.816836665182           45.738346443952           24.449160435384      0
      17.794737151282           38.229537354014            7.721375446746      0
      17.356725577958           34.560429571244           54.856090055472      0
      18.073281748734           22.593655815704           44.040192738851      0
      17.806167923615           31.034451467772           8.1946677949469      0
      17.997800521698           25.423560060011           49.855611111108      0
      17.638052959645           44.193450559337           30.969125928843      0
      18.066138105342           26.587148006188           50.920243824172      0
      18.006471633911           20.890323638916           12.315563201904      0
      17.853261387227           27.403595966704           3.4278987461788      0
      18.122702394984           38.705136126828           5.2251062675086      0
      18.012457874948           25.928320486441           4.0844806742404      0
      18.029010772705            36.44845199585            48.30347442627      0
      18.026645722881           29.385309824493            8.619248350244      0
      18.233581209077           16.211370011497           24.154267770121      0
      18.068782239617           20.409652396633           35.851614456328      0
      18.342461251672           38.772669034668           6.5936397380316      0
      18.193508105988           39.971324935653           11.156180144053      0
      18.073951721191           23.574298858643           45.392944335938      0
      17.956382957024           37.861884857167           42.451591448948      0
      18.177644043723            25.43705353613           47.984735290897      0
      18.175875583649            45.02344167767           18.962630299597      0
      18.181345068314           21.946026052986           5.4901341929589      0
      17.766573403465           16.454480538187           25.684969593998      0
      18.213742256165           16.332011222839           19.333149909973      0
      18.239335102136            36.24301885902           46.753111140331      0
      18.246747970581           30.316522598267           52.066360473633      0
      18.137617778959           30.825874766235           7.0256342658324      0
      17.798682887793           19.395801005037           13.837128097048      0
      18.106925789315           22.068855128669           11.365683916479      0
      18.130440866924           31.251554241796           53.174588268835      0
      17.837632414908           38.407405500952           40.797428755202      0
      18.495834760187           36.886689029936           49.750345920962      0
      18.255725063562           40.091005054629           2.4657229242555      0
      55.662475919718           30.153090035113            33.17727888196      0
      18.352059236518           36.203375033647           45.488329786471      0
      18.378460713374           39.436751189954           9.6965123058934      0
      18.445751066316           24.546484378968           5.9605429219315      0
      18.072253330606            17.11915359581           27.852826925804      0
       18.42741607043           23.538209282202           9.9975184915526      0
       18.29209167484           42.173956431834           35.743144758586      0
      18.501436132306           28.252822584705           50.758694495087      0
      18.661087012398           29.572980108271           51.218687013443      0
      18.884459491593           20.589835836623           38.665978802829      0
      18.431235697757           25.741046903472           9.0413855618858      0
      18.527244614459           27.212155325175            49.69447797489      0
      18.564395972973           23.281976970437           6.3072028976724      0
      18.653383395978           26.356059647284           46.717364869753      0
      18.563779771309           28.396710754097           4.2125683822305      0
       18.88767827479           32.962609014854           55.064522103383      0
      18.453965780303           20.487875540581           34.634489142422      0
      18.648755299701           25.731187013237           5.4642041831904      0
      18.980609632644           41.136024035691           12.561001489659      0
      18.817200117291           17.314403133362           3.9626505994402      0
      18.540841117585           37.240836138644           54.279036605175      0
      18.738577780126            27.08598979104           8.3522656529415      0
      18.910568774643           45.770092411611           22.683348736617      0
      17.867704023951           18.664428356964           31.612426726591      0
      18.754737854004           43.523246765137           33.524585723877      0
      18.438364146535           42.223496553543           14.179602727031      0
      18.772322607699           24.344361977365           8.7865785909244      0
      18.740651270338            27.88481177422           48.512302125796      0
      18.357404719012           39.010495878608           39.326314989315      0
      18.687042420669           29.388071374749           5.0753884970015      0
       18.94857034639            39.51029724802           8.2573821409884      0
       18.61635590491           36.639525937456           43.742556970386      0
      18.808973641997            24.01273244294           7.2731536393718      0
      18.672697548152           20.533853575982           5.5613972753177      0
      18.753553688201           39.406564936848           4.5080620841577      0
       18.87887542016           25.689598701105            6.697591033771      0
       19.23691944165           25.765643696176           44.754596385939      0
      18.903683383026           25.582875924218           7.8372588832023      0
      18.910312652588           26.961809158325            4.564359664917      0
      18.804892073318           45.417552431941           28.128725205573      0
      19.523426006034           15.648315338018         0.070625552827989      0
      19.096875707759           40.046325909633           38.344575315364      0
      18.998438207761           23.089043926762           8.7135408156827      0
      18.868012841559           22.469179719804           10.118114575846      0
       18.96795008495           29.064865297384            49.83990191192      0
      18.985456466675           15.795724868774             1.85080909729      0
      18.596618980172           20.950174562693           40.733728105193      0
      19.013771057129           28.239204406738           8.0836086273193      0
      19.033477783203             29.6663646698           7.5659942626953      0
      19.060264628234           29.467037494929           6.1993881399209      0
      18.545492807772           16.788983034445           17.845702161284      0
      19.074305879989           30.598636911901           51.421006991815      0
      18.803709565532            37.78721729214           53.056334753019      0
      19.164315722056           21.197951316497           11.089915107547      0
      19.206968584072           39.458088228755            5.912990744289      0
      19.122482299805           20.965747833252           36.641296386719      0
      19.027262953015           35.384196453921           46.502412172796      0
      19.192763079087           37.193369387028           55.785974459402      0
      19.111246045408           35.332596183326            45.01203707176      0
      19.173477172852            21.11194229126           35.220928192139      0
      19.178265939779           26.959334480077           5.9203053009473      0
      19.155452212929           22.564024501277           7.4012262788831      0
      19.355271815456           24.024588691962           43.436846430975      0
      19.194311732658           20.102456279838           12.585508599707      0
      19.237987904758           21.707850106797           6.4429987211467      0
      19.385783652165           16.204245628914           24.291151530424      0
      19.112203920833            28.90994695248           47.591954828119      0
      19.335125241384           35.899050944932           47.658530967809      0
      18.871484381306            35.90379640356           56.158049487049      0
      19.638426874874           40.540207501023           10.085932422999      0
      19.369794905262           30.313451077824           50.295366589346      0
      19.410466523729           21.360134150204           39.617585638081      0
      19.403011888293           45.736279171094           24.434827822242      0
       19.14042176751            16.34925085067           2.9853610599121      0
       19.49236271576           17.986239374605           29.891407673608      0
       19.41074180603            37.35619354248           41.396575927734      0
      19.414066314697           28.172843933105           5.2976093292236      0
      19.201515534951           31.080274868643           52.502804324002      0
      19.442941665649           28.235319137573           6.8402328491211      0
      19.422093839756           21.964143251129           8.5888770598909      0
       19.49267578125           22.514217376709           42.004627227783      0
       19.42970149622           16.603463264548           18.967081318114      0
      19.498019100345           30.307072787842           48.909186460784      0
      19.812924540658           38.288723020859           52.221700288314      0
      19.504479478308           15.917300942736           21.935179932185      0
      19.457283230748           16.615848632102           26.517649611896      0
      19.591299081085            20.13741501112           33.767127301889      0
       19.35669861206           36.720532417673           48.724092626569      0
      19.704027621173           32.056335026355           54.215627931797      0
      19.564672470093           34.190017700195           45.997116088867      0
      19.331130190785           41.015475986768           37.487633957943      0
      19.920020905679           42.930890146379           34.758411054842      0
      19.577815627609           28.482179044201           45.886393706146      0
       44.40623945201           40.017286485107           17.073621181412      0
      19.648040771484           34.880767822266           56.724472045898      0
      19.782006865787           37.749717395784           50.771341128319      0
       19.68727684021           30.769912719727           47.432289123535      0
      19.820454734041           20.970775081576             9.57967182042      0
      19.786057642441           16.190160556721           20.361628724324      0
      19.826059966382           39.901955392364           7.3257495682463      0
      19.797071456909           41.652847290039           12.906364440918      0
      19.816061751517           21.188658176511           7.6895973912079      0
      19.718428466726           38.168754712413           40.150859489394      0
      19.725385937063           19.317836274036           5.4822993276323      0
      19.752576076008            35.60323979672           43.275436835556      0
      19.877571105957           34.604923248291           47.406356811523      0
      19.894721984863           41.555442810059      -0.00027084350585938      0
      19.900636672974           33.019817352295           46.788711547852      0
      19.908407211304           22.429691314697           40.681488037109      0
      20.449891587134           45.435549099525           20.332483049084      0
      20.045260314837           34.080723196616             44.3239612614      0
      19.882628119166           20.627502907011            6.551441857753      0
      19.958452080056           21.781748944234           37.633122970543      0
      19.988662719727           17.183227539062            16.73970413208      0
      19.845313094739           36.980789426261           56.959670838889      0
      19.879123559896           21.682663144043           35.877208022638      0
       20.11899459774           20.157451984921           11.037825704776      0
      20.009728178411           39.967804538626           4.8664378639229      0
      20.394090007863            27.26032591631           43.618799546855      0
      20.074343220804           32.995311037604           45.398694216307      0
       20.10717010498           31.488882064819           46.145477294922      0
      19.912766784399           18.978466015433           32.036298890145      0
      20.225165510767           32.064755881949           47.565899941471      0
      19.896212995773           18.765877083746           14.190567306666      0
      19.875816429201           41.964278313848           36.471613139137      0
      20.422576195937           38.908633797796           53.627041126446      0
      20.292991961176           31.520805373688           48.678787190694      0
       20.24825668335           31.202442169189           49.886032104492      0
      20.099263934737           18.299222730838            4.821734371676      0
      20.237656882878           30.134031278892            45.15238068871      0
      20.070121519262           17.381464865351           28.445041944241      0
       20.50589223876           28.963656293273           44.080077910619      0
      20.140156682864           31.162787866617           51.267951597242      0
      20.587430472413           40.584510976828           8.6573054159875      0
      20.397795724816             39.4816875026           39.089117648792      0
      20.305070413927            35.99987341829           41.957137034104      0
      20.355319976807            45.56861114502            28.00518989563      0
      20.594602196906           38.312082448885           56.598243767274      0
      21.031727899116           16.364673375527           22.827227896186      0
      20.474304199219           43.369581222534           15.924046516418      0
      20.456826754201           31.572405035698           44.749099544578      0
      20.471484363553           16.864628207021           17.880951871514      0
      20.694354028667           36.131900976743           57.791848660752      0
       20.50270652771           19.368278503418            12.36085319519      0
      20.533576965332           35.764408111572            48.11030960083      0
      21.454800799041           45.681963096274           25.803774190812      0
      20.431825495863           31.824932486698           52.914649817358      0
      20.882744317779           41.543802954691           11.460174678987      0
      21.160110473633           15.998760223389      -0.00027084350585938      0
      20.502130987677           24.074720975121           41.371541122423      0
      20.682031316269           19.840973828052           7.5551061851651      0
       20.53456709491           33.413245900863           47.627765447689      0
      20.918933147505           21.231269312767           34.892460166721      0
      20.973020939261           34.538153138353           57.245262495783      0
      20.936301873465           40.251501082932           6.2063678758463      0
      20.690959065856           37.688434565173           49.981580307481      0
      20.939825419197           16.283522380538           21.422763086326      0
        20.7351770401           33.068845748901           55.660720825195      0
      20.562091902704           25.646005092526           42.502884097211      0
      20.787273474587           22.759495713178            36.84345221768      0
      20.751627249025            30.65699583903           43.904703228966      0
      20.755363586235           16.498144500437           25.415462755754      0
      20.810916900635           42.549373626709      -0.00027084350585938      0
      20.939196968876           36.956787241338           40.635654810254      0
       20.83111974413           32.293143837997           43.303728976556      0
       20.07760833977           40.487895551595           3.1443499513988      0
      20.899131533299           34.410821303542           42.103388218008      0
      20.861587484931           17.682360906714           15.678562334798      0
      20.920231592249            40.56033360885           38.186924879598      0
      20.999498880695           19.271093351801           6.3416247677116      0
      21.043235546717           37.444410474972           58.123248600999      0
      20.609973414936            23.15818803596            38.64146952187      0
       20.91364067337           32.430712593367           48.371430410404      0
      20.872819677139           16.720671367538           19.579406610906      0
      21.206141097933           18.540594351603           13.301858743041      0
      20.992262311647           31.730670603464           50.604242573365      0
      21.648934039573           39.652625146563           54.639049315869      0
      21.125953675756           44.565744843356           18.334287014819      0
      21.088087994276           19.358001641071           8.9633300481656      0
      21.149120330811           36.869201660156           48.919544219971      0
      21.425445262083            40.52301071193           7.1122586714313      0
      21.439449515024           16.634003877144           24.055875879035      0
      21.004059447833           42.482911010668           13.648156074343      0
      21.164002044474           18.649377594011           5.4103087516177      0
      22.062121653212           39.656170382046           56.767262631954      0
      21.495761448196           24.247623276505            37.98886349331      0
      21.319677162032           34.683465528356           48.197067271807      0
      21.304304694106           42.419171084057           35.935273509956      0
      21.267597198486           29.709518432617           42.900840759277      0
      21.146637433946            41.61186314046           37.109119735378      0
      21.320095062256            18.69970703125           31.787532806396      0
      21.121072034715           32.595210661998           54.447549229387      0
       21.44628912315           27.542471765384           41.969159423619      0
       21.24842586285           32.243577350027           49.549009482787      0
      21.401545921522           45.765279212362           22.255521205385      0
      21.083359439293            41.48497360631           1.9902353091784      0
      21.867603001327           34.882935456108           40.914370345283      0
      21.475577829934           17.642880633886           29.611001194066      0
       21.40941619873           17.219032287598           17.080007553101      0
        21.0781400827            24.31048246502           39.738434231712      0
      21.620070451009           32.787856196824           41.757089538677      0
      21.456469212948           40.487458221749           4.8741732101056      0
      21.539917939333           32.075215948132           51.825313508893      0
      21.364508243315           17.630097791696           4.1267649585475      0
      20.704607747194           44.429616051205           31.366501172516      0
      21.799768270857           17.772708655591           14.792570138986      0
      21.759565339032           18.712172169022           10.158772497422      0
      21.489179223519            41.19443015073           9.7982142648123      0
      21.724336738759           26.129815700379           40.466178764606      0
      22.030596150616           42.001165932947           11.855913622287      0
       21.65448701933           33.332689486973           48.674305173279      0
      21.780896933322           18.900889927713           7.5678975375789      0
      21.793577194214            38.85075378418           57.883460998535      0
      21.862107403962           29.412196586941           41.859134603771      0
      22.004327245331           45.895658416778           24.158581751383      0
      21.900012969971           35.809650421143           48.693092346191      0
      21.909552834031            22.71115314129           36.286455938512      0
      21.765298103842           32.697090068204           53.163442894136      0
      21.697787805945           31.059330553611            42.13533896581      0
      21.790621651758           18.513089969048           11.708701316439      0
      22.042154650624           40.829456234537           7.7399939721891      0
      22.020325045914           38.882110136167           51.506933838583      0
      21.906120629673           38.180848500686           39.870688529057      0
      22.424705424083           37.911109457474           59.281808086503      0
      21.887487070977           43.830321216247           32.853346494065      0
      22.493495728419           38.190813094602            50.25984866179      0
      22.229663259444           18.154001676904           30.793899133144      0
      22.171875501197           16.623013431454           1.6507054207399      0
      22.056112194913           41.094253113026           3.9573720865682      0
      22.121240102268           32.538845239518           50.857647768576      0
      22.271298580992           17.059340510532            18.78172683735      0
      22.103764693808           43.988630526466           1.4251829724775      0
      22.063788812321           18.742988696823           6.3000680956897      0
      22.295582476626           18.032545993161           13.039727245475      0
      22.192045612485           25.740219518155            38.97168141353      0
      22.603678124458           36.164035178181           40.431706599256      0
      22.305171966553           42.026298522949           36.553413391113      0
      22.110940145402           33.919568216708           56.735293013836      0
      22.176619524369           17.336385218838           28.482500119277      0
      22.276997296368           16.960354544751           25.887769890971      0
      22.716574793634           21.748727169605           35.411923401253      0
      22.384310325838           33.343409861687           54.211269446003      0
      22.381052017212           42.289463043213           3.1322650909424      0
       22.40576171875           33.042324066162           41.049690246582      0
       22.49328940477           27.616852271664           40.239644239857      0
      22.455951690674           23.854892730713           37.361701965332      0
      22.431525644231           28.705202237231           40.838103938145      0
      22.493633257565           41.362593602982           37.399262539157      0
      22.522836685181           46.915168762207      -0.00027084350585938      0
      22.545656204224            33.40864944458           49.762657165527      0
      22.655200627598           36.772030558221           59.286759434933      0
      22.261328678483            33.37730727128            55.48514225925      0
      22.581321716309           31.734931945801            41.10481262207      0
      22.370779859342           18.129947474267           4.8659268057602      0
      23.454396467407           20.674984341237           34.217582803654      0
       23.04685432849           39.148113431746           59.348839568949      0
      22.884062577242           34.725263515163           49.180046931062      0
      22.648324488645           30.208161250264           40.961938605628      0
      22.428686533498           18.509613132578           9.0624262244267      0
      22.723001480103           43.474914550781           14.812394142151      0
      22.679006782258           16.875946321606           22.682658026525      0
      22.555567147062           41.160999127069           9.0566932540099      0
      22.841802078198           32.747354866962           52.105014775062      0
      22.775677428406           40.566190951945           38.154741715473      0
      23.221008199306           37.332130041108           49.761499953181      0
      23.526571437669           40.043924580754           58.870329664244      0
      22.628783524233            41.51242982668           10.485835495587      0
      22.976493511983           40.913159618292            5.109609712527      0
      22.571132230375           39.418111648473           39.087118800225      0
      23.140411212902            45.81180788172            26.59400647354      0
      22.741631859695           44.019231054711           16.585371373997      0
      22.515780416214           42.992654279705           34.607968961529      0
      23.323188036333           17.267224565668           27.218183965854      0
      23.193576244671           43.515357891073           3.4944047101834      0
       23.23473739624           47.954109191895      -0.00027084350585938      0
      23.555230294849           34.607107221164           40.581721897242      0
      23.270037255689           33.522947771643           53.252473072009      0
      23.780392571335           19.530292597336            32.59997462166      0
       23.26879119873           16.971059799194           21.025032043457      0
      23.276073866349           35.980145341888           49.399586209887      0
      23.471053880517           33.485571581688           51.093163924213      0
      23.565279127513           41.886726145627           4.3334294435504      0
      23.549672213517           45.549575587358           21.018540559325      0
      23.214909212852           17.540605060913           14.444342432212      0
        23.1634591766           44.713827594318            31.15469198582      0
        23.3529583028           34.303137252935           54.821669112277      0
      23.074786069187           17.332640234041           2.8391484134771      0
      23.271719398342           17.871689942497           11.321742152241      0
      23.265333916712           18.455726056777           7.5482706365131      0
      23.388912200928           34.722820281982           57.851997375488      0
      23.398462202894           17.048232638289           24.361150935941      0
      23.518692016602           29.727052688599           40.545654296875      0
      23.283449284355           45.954162719905           22.718171969072      0
      23.545816421509           28.259433746338           40.068885803223      0
       23.82524793616           40.991307724407           55.521229799597      0
      23.060722966833           16.694470519103      -0.00027084350585938      0
      23.578382979588           34.257760445419           56.326409238692      0
      23.153434813666           44.640807362918           18.478766731289      0
      23.776139566397           27.278903596455           39.580422600907      0
      24.018636868625           34.546051493948           50.304567760992      0
      23.435228225462           18.408116029468           5.8485520543482      0
      23.119727404153           40.281745038845           53.780671272282      0
      23.561061100252           41.024209490999           8.0932567777756      0
      23.668878097624           41.992351886951           11.548219755369      0
      23.632959282322            42.22137865616           35.873888025147      0
      23.438600271659           40.912255222969           6.3464077264895      0
      23.734839692321           17.752832846215           29.031077914262      0
      23.772493362427           38.589611053467           60.300964355469      0
      23.706810237564           37.342915228883           39.930693754238      0
      23.921862760664           40.784513233474           57.925493169527      0
      24.175286291802           35.379606393713           49.951231249721      0
      24.019850137031           31.363109884935           40.665077607377      0
      23.718762024185             25.5397446617           38.610407745875      0
       23.76752764525           41.250631734404           37.240166312554      0
      24.034613371114            17.09905878466           25.879739045557      0
      23.700205907705           18.094040973186           4.4595250404613      0
      24.191184804246           33.581463607127           52.249830086432      0
      23.975529896849            39.34535686558           51.619161516823      0
      24.053260345917           17.213804828455           1.4057449039106      0
       23.94400459322           41.208968261744           9.5400716257288      0
      23.990424409487           18.101666827642           9.4843304995538      0
      24.275562434551            45.56317607963           28.490448833806      0
      23.865052990724           45.468858922038           3.0253547188954      0
      23.956584507538            16.88061377928           22.745618681969      0
         24.357639443           36.471568081279           59.946159945266      0
      24.405199572386           38.770740714759           39.135336124682      0
      24.196153665906           17.285591477588           15.859604117019      0
      24.374712853083           35.573368021826           59.042583602636      0
      24.439480283065           44.336669019432           4.1367811291853      0
      24.670568877585           45.989265514149            21.67083925191      0
      24.303191959452           45.030191244595             19.4605219375      0
      24.458611967275           17.778053944698           3.5053963831602      0
      24.286801267261           47.897120679245           1.2657445347442      0
      24.421340942383              41.439453125           4.9241943359375      0
      24.424877166748           34.555030822754            54.21399307251      0
      24.330266536832           40.358405635149           53.065070458473      0
      24.595432073838           35.366471511551           55.381342442876      0
      24.454940795898           34.967205047607           56.795383453369      0
      24.364925824135           39.919440879432           38.404480453507      0
      24.436638542496           17.028987585035      -0.00027084350585938      0
      24.526901245117           34.232376098633           51.257682800293      0
      24.641620818114           17.646452463597           11.974300834278      0
      24.689328729488           33.775504449536           53.324079765381      0
       24.56148147583           16.762632369995           21.073753356934      0
      24.659027181175           36.522821424003           50.134981124167      0
      24.491536178815           43.986357592642           16.437364397284      0
      24.730032026058           35.238640055422           58.131579632258      0
      24.652305603027           17.243181228638           27.584526062012      0
      24.041879332585           46.172688499812           24.637980260411      0
      24.975553736276           43.111388016615           34.411183608819      0
      24.766895294189           48.876148223877      -0.00027084350585938      0
      24.799983831128           18.522499602134           7.1054378867422      0
      24.844937064049           35.748197561453           40.111932730133      0
      24.588725624991            18.37474462235           5.3819614383366      0
      24.870743904198           35.231725030918           50.609787334766      0
      24.953219413757           38.835098266602           51.146417617798      0
      25.076328482812           45.537732682305           3.9969201814469      0
      25.119271590235           45.751166589037           20.548683036623      0
      25.197732008824           19.407474313606           32.081629384167      0
      25.349919348007           46.488620666207           22.854293016586      0
      25.012702941895           17.162229537964           2.2563190460205      0
      25.016307830811           23.943794250488           37.736587524414      0
      25.019491195679           44.532192230225           17.960433959961      0
      25.061737060547            16.97900390625           18.688222885132      0
      25.090978622437           18.392391204834           8.5755348205566      0
      25.523852249687           17.567585295577           28.803113680008      0
        25.1564334335           26.007609450138           38.952926689219      0
       25.12168519518           40.191972912959           60.759993948853      0
      25.150424957275           43.186408996582           14.299189567566      0
      25.248695162181           36.019284156417           56.468392116217      0
      25.249845014873            46.68703013109           3.3900636658298      0
      25.027405916796           40.824247787655           37.314444076074      0
      25.193112686858           41.774958885493           57.667225760781      0
      25.446689142052           37.547449181977           39.387428592243      0
      25.079185052453           41.119991538816           5.8013211944041      0
      25.332387740024           16.445826046661            1.390477262914      0
      25.186493893793           47.584559707616           2.5025038465287      0
      25.845182210212           34.531171751221           52.497340321049      0
      25.172452643691           42.355339743801           12.376514625041      0
      25.407781600952           16.165952682495      -0.00027084350585938      0
      25.637903224535           16.591138457264           23.770220869658      0
      25.438037872314            27.68943977356           39.723941802979      0
      25.126438827681           36.043488927424           59.736760763058      0
      26.128223948686           29.787755812011           40.016601627496      0
      25.410024775464           41.995445451578           56.498976536529      0
      25.718068805226           36.125411224197           57.898854606397      0
      25.530982971191           16.752029418945           20.257692337036      0
      25.557030871987           42.057427048514             35.6869675649      0
      25.353920090736           48.623073442156           1.2747046235308      0
      25.431317036375           33.642914900694           40.274773106428      0
      25.633211574022           43.896448354612           15.598912722157      0
      26.419933130638           45.627744213755           29.124561277154      0
      25.768499322628           35.114971390405           54.506176618458      0
      25.528447436767           41.223054531058           9.7450420906955      0
      30.564227234985            29.58548638346           8.5003377088428      0
      25.694305754126           17.976150186041           11.130077981205      0
      25.635002642794           46.271415309332           21.428087944698      0
      25.691911697388           44.349336624146           32.393316268921      0
      25.693101882935            45.29137802124           19.176929473877      0
      25.693660736084           16.717376708984           21.780544281006      0
      25.827004984228           17.394623317916           15.191916948876      0
      25.838242483305           17.258111796197           17.321405043605      0
      25.763328552246           17.964376449585           4.4972820281982      0
      25.767826080322           22.995609283447           36.981254577637      0
      25.790418898503           35.361950396773           51.396271969575      0
      25.728487417335           37.676310486891           50.846603761888      0
      25.698866391324           17.105657225073           3.3861900955118      0
      26.069856682138           34.334256618005           53.730551615713      0
      25.294991824384           44.965946470553           30.605165006218      0
      25.955218837122           49.279168703711      -0.00027084350585938      0
      25.716982031447           42.989376458308           4.9938367350106      0
      25.308106638552           37.966602749554           61.192970323874      0
        25.8544855325           36.108093976549           55.447671764937      0
      25.995012691262           40.204573043371           52.611228343622      0
      26.111055347545           41.909365137999           5.4111311538743      0
      26.545794147824           18.627535458418           30.966582677612      0
       25.99821299551           44.565510149923           16.882402662752      0
      26.080745024982           42.953095826422           13.344703494441      0
      25.827315848943           36.458132609521           50.784106237775      0
      25.921111692099           41.755230283128           10.979382712828      0
      25.879240034157           40.870800951661            6.899924494503      0
      25.349952859478           16.675519207532           25.289813261226      0
      26.044942507581           21.042777896398           34.527035093281      0
      25.903098833442           40.891248686522           8.2251683939636      0
      25.811490019356            17.63616706567            12.89912942653      0
      26.299467927914           42.058231494071           55.664260828783      0
      26.755119820445           41.778066634809           61.022317341958      0
      26.322125126971           44.758566340772           4.8296321986939      0
      26.064465838826            15.97979926838           2.4516013163397      0
      26.139841079712           18.674369812012           5.9492034912109      0
      26.385658347163           46.314446027441           4.2472959621377      0
      26.606160409884           24.535523896229           37.918998359122      0
      26.031801820928           36.180247401153           59.087759427429      0
      25.976081785168           46.573632619189           24.319589211401      0
       26.29929383856           46.359947583647            20.38129544949      0
      27.183900360893           43.521275062071           33.824505821023      0
       26.33386850895           45.300211597713           17.693518021108      0
      26.644143520202            26.72750191998           39.062623598906      0
      26.449425856338           47.409843832252           3.5310047042148      0
      26.011582274611           36.766813869415           60.684390835659      0
        25.9894621034           46.311523733413           25.923594190838      0
      25.672107297732           32.083208217436           40.299316732056      0
      26.664672618525           46.875776354079           22.729443825336      0
      26.650180694456           17.288630806385           19.088588211558      0
      26.227072912024           41.453836373169           54.384936131067      0
      26.487937446923           43.703053911766           14.221941510766      0
      26.458619918191           39.811404782185           62.016258476718      0
      26.180823304246           38.454334504061           38.610149392227      0
      26.533531245983            46.37386422538           18.991791420246      0
      26.670207124285           37.462842591289           57.175818538067      0
      26.324683665633           48.265380670839           2.5686627417826      0
      26.614859778464           44.577259004878           15.350320625908      0
      26.609328401117           42.618574876131           12.218219888498      0
       26.59703514027           17.081244634082           20.725306181657      0
      26.649578487648           45.467557655161           16.379937464681      0
      26.719398764366            14.49757520836           1.4828553755333      0
      26.778835296631           17.033849716187           4.3098392486572      0
      26.777119727639           49.065937472518           1.6215423299602      0
      27.000034708681           17.589599477246           16.596333360341      0
      26.427938965064           16.538558297456           26.332748149397      0
       26.86049079895           47.395332336426           18.328178405762      0
       26.86507258472            45.27264543177           30.204405395943      0
       26.86812210083             41.1611328125           6.0978851318359      0
      26.947564976542           41.538256163891           9.8341880609624      0
      26.901349936108           47.095676673476           21.295212592234      0
      26.823364487357           38.881719606245           37.958670696515      0
       27.21387563324           37.621292138362           58.784799307329      0
       27.03137661211           16.740639606524           22.680169690954      0
      26.943302154541           49.424144744873      -0.00027084350585938      0
      26.367344404079           42.178873142921           59.546615103761      0
      27.040588880899           18.810706052832           9.3306522814372      0
      28.376601159541            41.49754766548           35.970964911951      0
      27.039674959724           47.627905603846           19.713078426283      0
       27.06701823037           39.277962355454           51.930639949116      0
      27.008162247333           46.094240381281           27.697547236627      0
      27.148309246923           43.885064272708           12.987524703093      0
      27.046956135938            17.82641074832           14.483432398088      0
       27.25449759183           41.080388661662           53.653296566695      0
      26.786448564006           42.677373870798           57.275131244796      0
      27.208968856927           14.542667836242           2.5452511966406      0
      27.284148606839           44.945014209622           13.930940352742      0
      27.231140136719           40.068893432617           36.981498718262      0
      27.108780325701           36.906243552235           51.349861990378      0
      27.240100860596           42.500339508057           10.933693885803      0
      27.199320856014           41.391282292095           9.0115485859708      0
      27.244791030884           17.956344604492           5.3663845062256      0
      27.187321782261            42.58572375803           5.7626504825508      0
      27.259000778198           41.183952331543           7.6127529144287      0
      27.351051330566           17.559864044189           18.203262329102      0
      27.170124628013            16.19194555861           24.986895854268      0
      26.926893917779           36.584188931808           39.198010519494      0
      27.567161444858           18.864058860227           6.4012343384631      0
      28.069672715695            45.70826163523           29.868548006078      0
      27.491307199017           48.394484879424           17.017128728442      0
      27.480026245117           13.899248123169      -0.00027275085449219      0
      27.522165298462           48.809963226318           19.959178924561      0
      27.371984810573           48.643661671671           18.306434239487      0
      27.754632066965           46.933756483486           24.241039219277      0
      27.534555435181            37.35818862915           60.441123962402      0
       27.72867639105           18.324303566727           13.036909410608      0
      27.508869431005            37.72162790487           61.942917263876      0
      27.629389024708           48.189019403974           21.410504037582      0
      27.528087306051           46.969224285391           15.141494279604      0
      27.535329341117            44.65994879971           31.604258802197      0
      27.700244903564           42.458232879639           9.5347442626953      0
       27.00120436777           16.847541526072           27.709675473122      0
      27.853157001906            47.64841614997            22.70362247714      0
      27.657572935141           47.767332051055           3.6527497027286      0
      27.650323637754           38.952538667456           62.730505198809      0
      28.133455416945            16.27475336503           23.792082371641      0
      56.824883358415           27.716438420054           2.3197585885572      0
      27.866149076299           17.992045389844           15.846122398157      0
        27.7130051122           19.142459343291           7.7234242189427      0
      27.804790496826           34.351100921631           39.443923950195      0
      27.626915584325           35.533788166765           52.977440138767      0
      27.815911246015           48.738944590325           2.6292581226244      0
      27.741056450804            45.06595316023            5.451434274839      0
      27.857923207314           13.432580232831           1.5568821609833      0
      27.657488982652            37.90086019396           38.423773820241      0
      27.870555877686           41.974884033203           6.8750953674316      0
      27.966054840152            17.32040049399           19.494971017916      0
      27.883399216694           16.833784899051           21.519887428605      0
       27.93635559082            38.60124206543           57.856094360352      0
      27.810572678189           26.074854583554           38.418908046192      0
      27.810097044167           38.094559553056           51.808948276561      0
       28.01861105783           42.543480786935           7.9772034805427      0
       28.30932822688           42.636286870764           34.929050540687      0
      28.346169033408           40.547663013438           53.188821238723      0
      28.053466796875            35.45569229126           54.383636474609      0
      27.889294506309           21.355225377532           34.953192010669      0
      27.936041036386            49.21520026591           1.4313025110909      0
      27.701713991358           22.863579490764           36.510048592296      0
      27.754952586769             38.9470739689           37.768119289101      0
      28.231693265129           45.040305789703           11.132483027937      0
      28.261517771667           43.344288661109           6.7928240212579      0
      28.311824683133           14.049850652625             3.15923713152      0
      28.079805882615           16.296885781974           26.420115803783      0
      28.256990432739            50.37036895752            17.64599609375      0
      28.091159117469           36.468729447713           55.050176144736      0
      28.183376723295           24.592056446658            37.52960233703      0
      28.293636322021           49.736831665039           16.245819091797      0
      28.363071116643           17.960580341012           16.931246133767      0
       27.90824630688           43.186654510336            58.84044180963      0
      28.362865447998           18.424642562866           14.185333251953      0
      28.311178678897             43.9261323976           8.0685642967682      0
      27.767533659494           19.798111814314           32.903781387601      0
      28.464900731229           36.653555795937            52.41497960946      0
      28.622271585354           17.723946567284            6.008499590615      0
      28.437696456909           38.194736480713           61.280807495117      0
      28.350246347433           18.988128512366           10.395540264988      0
       28.40044108325           16.329943477584           5.0637725046826      0
      28.100634934073           30.885051298687           39.612066327447      0
       28.52569498008            16.31000114154           22.745757370264      0
      28.327519822595           46.298092427671           5.0609832187799      0
      28.544290379804           44.753350780581           6.5892513524933      0
      28.702567369617           38.554837786192           57.012386233088      0
      28.527154922485           50.763942718506           19.058279037476      0
      28.533717923808           48.709038408204           14.191116608099      0
      28.500209308999           16.572978065354           19.833639522362      0
      29.119232380191           37.776924884615           55.830279118967      0
      28.610071182251           27.940021514893           39.029907226562      0
       28.63037109375           49.264789581299      -0.00027084350585938      0
      28.638561248779           18.748077392578            6.683084487915      0
      28.732487558691           16.158346522528           24.973503969596      0
      28.736073462653           39.150891297434           59.764755094226      0
      28.678723335266           49.479652404785           22.297704696655      0
      28.707336425781           17.151308059692           18.160737991333      0
      28.634723576809           48.121653403142             23.5078221826      0
      28.729036331177           12.820302963257      -0.00027275085449219      0
      28.251504363581           36.752654047046           38.789094844603      0
      28.529186775884           50.259749142086            20.59203779753      0
      28.736716096709              46.613071116           26.222913894284      0
       28.72670594986           13.179804528112           2.3744194714762      0
      28.921194171883            45.72849397974           8.5101986538517      0
      29.243245627658           15.939427192279           18.596422425977      0
      28.901444505693           19.247069755955           8.9189306882741      0
      28.824621180759           33.000099889263           39.420756755088      0
      28.880655288696           43.383876800537            57.67945098877      0
      28.614406272323           43.380359493266           60.789196918774      0
      28.800763591669           15.969644294782           21.418501350559      0
      28.923590321993           45.934900897475            6.122156066827      0
      28.924483735584           17.149660975259           28.970341261548      0
      28.610287947732           42.861046529966           62.106099181478      0
      28.972320556641           38.578907012939           62.474830627441      0
      28.773901987131           14.657712023091           4.0870933913472      0
      29.084514117475            47.31952922093           4.4872356568652      0
      29.266478593361           51.016802867493           16.412573464403      0
      28.974938765988           39.476292632608           58.406035838925      0
      28.781703057179           47.789544591417           11.968595476605      0
       28.93044854336           26.807193003462           38.486308024371      0
      29.080702675482           18.008480048648           15.482100504339      0
      29.087505884907           18.649844889911           12.800913056577      0
      29.128875732422           39.568161010742            63.56298828125      0
       29.12992477417           35.944385528564           53.852935791016      0
      29.189964370966           46.985801252429           10.025683377141      0
      29.203900184767            38.10311933589           52.330539973792      0
      29.136422441239            18.86479657274           11.509085411858      0
      29.402648244014           51.500708312115           17.687836796256      0
      29.156070709229           40.785160064697           63.646636962891      0
      29.168741226196           29.483207702637           39.275856018066      0
      29.211966413804           50.151342686096           14.828688587047      0
       29.03034535953           39.454329496457           52.725088961168      0
      29.240631103516           12.512197494507            1.417366027832      0
      29.249099731445           16.630647659302           27.532926559448      0
      29.279714042222           49.226448284546           23.622949795493      0
      29.730786006648            34.74191528493           39.166358227808      0
      29.233087884259           25.320070612527           37.789664448182      0
      29.347696304321           51.674957275391           19.288475036621      0
      29.339438436513           47.480453389138           24.975289496692      0
      29.465893773159           16.011580096005           23.812411987038      0
      29.441530227661           18.973512649536           7.5301551818848      0
      29.156972577421           23.516790787872           36.838850652575      0
      29.592003619833            15.04042193237           22.562027907082      0
      29.035742867276           41.945896769459           63.263760495998      0
      29.387172740697           38.782373141331            37.79842490182      0
      29.470461742051           13.398223318028           3.3691984311057      0
      29.484946628121           46.850494978372           5.7122391537612      0
      29.460475263222           46.753611521099           7.4372358132443      0
      29.597179539041           46.286326092802            28.66752145873      0
      29.866753926339           21.995935066533           35.819082489354      0
      29.484487583811            51.62077943769           20.456736677916      0
      29.692267023705           16.871501981788           16.156448076182      0
      29.476459845192           16.339389554272           26.154835667463      0
      29.620485305786           51.270706176758           21.805500030518      0
       29.47102842121           14.890081423257           20.135837998866      0
      29.648030281067           49.765392303467           13.187852859497      0
      29.803103115277           37.134515973367           53.035351186024      0
      29.847361133604           44.165867948548           60.528783582412      0
      30.229156719116            44.21877725311           59.099734011571      0
      29.685778617859           48.912006378174           2.5614318847656      0
      29.688316345215           17.998519897461           14.137523651123      0
      28.860820947254           42.661075744311           56.041934513945      0
      29.046315782665           41.792501338485           54.553984673156      0
       30.10991871851           16.211289955881           5.7545963448432      0
      29.797445297241            45.42042350769           31.163221359253      0
      29.702463121133           31.342738631241           39.373615523388      0
      29.599822918773           15.211155951915           4.9698751209581      0
      29.873599264391           47.687973117028           8.3587665194023      0
      29.518589621996           46.465095071158           27.399259028668      0
      30.012844948765           17.650719498551           6.4501009295753      0
      29.872276306152           46.034934997559            29.94895362854      0
      29.886940002441           50.704898834229           23.135990142822      0
      29.702792725954           20.918136699244           34.609988305503      0
      29.872084381502           16.301447082262           24.976857783252      0
      30.204887508197            40.57948426285           59.696296735636      0
      29.897930145264           18.899629592896           10.052953720093      0
      29.900766372681           17.438201904297           61.230895996094      0
      29.823533201848           43.975864103838           62.192352715589      0
      29.981706762192           43.759799174643            33.40066908214      0
      29.989687275075           18.891032686185           59.158387036136      0
        30.5674850367           39.231251172525           53.124198327637      0
      30.059824024474           46.998487216856           26.212606199266      0
      29.897846243839           48.726356196931           10.263989933845      0
      30.065160751343           43.379150390625           63.557731628418      0
      30.179761728996            18.18294570272           11.637391088273      0
      30.078759940008           15.920870207814           63.180388718654      0
      29.988349802059           39.855961953507            57.91511660547      0
      30.079195022583           28.569953918457           39.105476379395      0
      30.106704711914           18.867044448853            8.574239730835      0
      30.216899975784           41.235792696925           64.312915213853      0
      29.983863044262           12.585316415281           2.4391423458022      0
      29.846304445832           37.082533805471           55.085350183548      0
      29.985821450542           36.750666104731           38.582815221664      0
      30.296063688981           12.166453543951      -0.00027275085449219      0
      30.481920823354            52.28392357483           17.798190864675      0
      30.318300627575           18.792321300105           60.403820408291      0
      30.290561676025           17.688385009766           12.982522964478      0
      30.567168903376           15.038930321644           16.608965885873      0
      30.254143347979           13.793050482827           4.2570753410017      0
      30.307186126709            15.84027671814           61.540298461914      0
      30.520645035183           33.417817268767           39.402286836824      0
      30.335259542871           48.213118880019           3.6890082455288      0
      30.385795593262           17.293966293335           62.538887023926      0
      30.547592270249           38.033554801715           52.876987801747      0
      30.248507972555           19.520887023854           33.048521078225      0
      30.400844573975             13.6282787323           18.760356903076      0
      30.686054874434           42.508826888718           55.561163619218      0
      30.599467068837           52.482057604317           19.231603908272      0
      30.992528696035           16.685399975473           28.869229076288      0
      30.453729629517           41.009845733643           53.940698623657      0
      30.571418839329           47.846247740591           6.3355237381291      0
      30.492580413818           17.357141494751           59.899391174316      0
      30.494750976562           26.143857955933           38.377578735352      0
      29.933029521756           17.773815963296           30.431873099715      0
      30.304733811908           49.605058067316           24.345288926669      0
      30.337213636068           14.636110552537           23.605670930606      0
      30.447887492395           51.212808029291           14.357276441053      0
      30.650221449701           15.259163359895           24.724080506946      0
      30.385322346939           51.906097325507           16.377002466055      0
      31.073490630263           30.111055516442           39.587969612785      0
      30.636895345836           42.295036165763            64.43674699247      0
      30.917198874383           48.665823134657           7.9247568897005      0
      30.655891418457           20.049936294556            58.24462890625      0
      30.611464989194           49.925597240923           11.125093857865      0
      30.665691375732           23.131618499756            36.97029876709      0
      30.816468455883           47.920132152044           25.682105098449      0
      30.686445236206           52.300617218018           21.085723876953      0
      30.699750900269            38.52388381958           55.962490081787      0
      30.819293007831             17.7151645087           10.657022065189      0
      30.736705780029           51.849784851074           22.403089523315      0
      30.769781112671           16.026300430298           64.621734619141      0
      30.852227382521           20.064627990448           59.542548396219      0
      30.799810409546           40.388751983643           63.251831054688      0
      30.188241373809           40.482700977115            36.76294084046      0
      30.813917160034           42.502683639526           35.146991729736      0
      30.697095949156           12.944621553507           19.842440055131      0
      31.044967470793           39.752686521247           57.114935457331      0
      31.006265302611           18.303563400664            61.99405774349      0
      30.737090018316           16.037087630004           25.795019462492      0
       31.03684435274           16.707724846367           6.3170852034406      0
      31.349793959022           41.145348925459           58.986913089172      0
      30.838015700614           17.868040678431           7.4428730019574      0
      31.492818082271           15.366633397306           13.888675968764      0
      30.781795039165           12.815082788235           3.3679327137388      0
      30.895420045961           44.511947820391           63.377311455082      0
      31.192944928283           35.518370661949            39.13258843908      0
      30.972561836243           43.799098968506            57.57509803772      0
      30.880587434703           12.111354208668           1.2671600542844      0
       31.06276591193           51.269471450571           23.694282423386      0
      31.328343370804           44.962827077055           60.572194359158      0
      31.323603285591           37.600648877682           53.873811980593      0
      31.088911056519           14.529458999634           5.0740280151367      0
      30.892976985153            17.86704455913           9.0955921500023      0
       31.13843958141           45.021641289699            61.99815522745      0
      31.311880361176           47.984814531196           4.7065378573634      0
      31.728688917082           32.180490427806           39.729263406663      0
      31.536168105192           46.887019151981           27.084437893172      0
      30.878337897244           12.858045366104           21.469117922359      0
      31.126410411569            12.85871686787            22.61117929192      0
      31.239130035369           43.698890877503           64.637745011576      0
      31.459115988531           19.203821761484           58.239209452341      0
      31.302270415586           15.186950209088           63.520965428911      0
      31.471099328015           41.659316447241           60.996600648107      0
      31.292457580566           12.633089065552           18.168087005615      0
      31.793976558604           44.784103976212           59.174179492178      0
      31.391815185547           21.125310897827           58.798538208008      0
       31.50442262266           49.656181866942           9.0508292883381      0
      31.642785509243           52.940113840999           18.279700634378      0
      31.781332859735           15.989550684487           11.689336860224      0
      31.204132724187           12.307366572238           2.3360098826837      0
      31.428810119629            16.59792137146           61.014877319336      0
      31.856840533643           39.034869864306           53.459734187122      0
      31.461135864258           15.787040710449           62.300537109375      0
      31.462543487549           48.608680725098           3.4352245330811      0
      31.668276203957           46.245404749669           29.810102274812      0
      31.768835433608            45.78288350598           30.997783031229      0
      31.576215744019           12.091114044189      -0.00027275085449219      0
      24.140586356045           27.981898742597           10.005142217511      0
      31.439904037742           20.809905308509           57.548382947715      0
      31.619922637939           16.820730209351           65.405731201172      0
      31.788634829419            52.95171987297           19.927919089898      0
      31.736628912608           51.091915486538           11.746026431203      0
      31.792000157387           48.684409081488           6.3735726050697      0
      31.679822921753           41.088542938232           64.485237121582      0
       31.68900680542           42.480667114258           65.357086181641      0
      31.587478170672           13.495171268657           4.3759002563628      0
      31.707492828369           37.295879364014            54.63655090332      0
      31.757637720787           50.470485361723           24.634287395739      0
      31.876270581259           19.436732015905           61.109300018108      0
      51.709464011843           28.648412118688           45.028407719067      0
      31.621563784659           13.354781649211           24.118692263901      0
      31.961538842374           34.366093901233           39.512628950024      0
      31.722684514757           11.677871868162           20.463277411396      0
      31.833101272583           11.792598724365           18.968118667603      0
      31.838701248169           16.650424957275           7.1350383758545      0
      32.014375027198           40.477752829087           53.994531955789      0
      31.279237196633           48.703155449949           1.5361169337336      0
      31.736172831177           15.008232037649           25.525327510685      0
      32.189325698479           16.262755308406           28.023861461872      0
      31.919291462586           44.859393608964           64.546042756877      0
      32.192032369013           52.245450129665           22.900151097262      0
      32.140681139293           18.157023768146           63.705520502588      0
      31.751803938206           16.004985358353           26.757164954033      0
      31.953998565674           16.440631866455           66.576835632324      0
      31.897240134043           45.454856216654           63.286845637028      0
      32.001819610596           41.792144775391           54.748443603516      0
      32.018424987793           22.257175445557            57.98405456543      0
      32.242991190068           18.638235111678           33.058419892924      0
      32.077564044923           11.622526274805            21.88307953048      0
      32.524536439615           16.939203649563           29.959635411029      0
      31.917572234143           13.182356387311           16.103875914817      0
      32.047332322298           15.375291923504           64.725111469754      0
      32.238313458589           41.266513627499           58.324516403949      0
      32.182064056396           52.922252655029           16.061370849609      0
      32.178953964697           12.593864893048           3.2315869442969      0
      31.677722634818           38.786838658495           37.867995181708      0
      32.708052540172           45.583409165635            60.28599897034      0
      32.423865740255           43.855496900418            65.61423089689      0
      32.476833732976           38.462955091465           54.144421971809      0
      32.425341811137           15.807250434784           6.0250591884281      0
      32.452738754533           51.701236685825           23.966746003711      0
      15.084047738183           30.833770621052           21.932709242886      0
        32.4672284568           11.910832928344           23.136288203559      0
      32.683092473658           13.513561913342            25.20333726557      0
      32.974440889812           46.840633379801           27.690921036891      0
      32.835930647988           37.116182242843           38.847338380926      0
      32.433227539062           38.219177246094           55.348728179932      0
      32.706123784088           45.964365916828           61.679554921106      0
      32.248031048492           21.793979346979           56.860562457632      0
      15.707190907603           32.037849651746           29.045539814608      0
      32.230238950322           12.356323663541           1.8137090493802      0
       32.53307723999            42.24938583374           64.255981445312      0
      32.324206827461           52.316174386162           13.727887299019      0
      32.726005335489           14.666923288436           5.2598128167519      0
      32.595808982849           47.679481506348           26.471751213074      0
      32.709253856092           49.606104635484           7.2561976936504      0
      32.970235573015           53.249709874031           18.716477886612      0
      32.704297515165           17.723868327647           66.389797642324      0
      32.416595984394           42.063554077721           35.613944513981      0
      32.283881174469           20.652492492925           59.741354696411      0
      33.084866560743           18.458460000771            65.26610727401      0
       32.68620300293           15.766284942627           65.709884643555      0
      33.571512448671           27.921227724282           40.043433598883      0
      33.297534234364           35.557440400958           39.516308432943      0
      32.478616849815           42.812075363535           55.857053733056      0
      32.828948804275           45.942880697954           64.232612550211      0
      32.888398556776           48.460434098444           2.6733362331475      0
      32.294935213348           15.828309727353           9.0461072553161      0
      11.924926047596           31.278298334524           45.646918698208      0
      32.850130804589           11.037681220358           19.557086839183      0
      32.953749032015           42.818276946651           61.243112358206      0
      32.854639585059           23.427249469546           57.226735174604      0
      32.955468181056           53.131514440669           20.766414731814      0
      32.901046800504           10.966378883315           21.071104690281      0
      32.861247939918           48.727833496884           4.0728456665741      0
      33.136405758353           42.363217941983           59.383218653369      0
      32.780369615505            42.78770786632           62.980664901751      0
      33.125272463676           15.196180726333           26.533335879705      0
      33.013599975398           19.221678914551           62.615184605751      0
      32.929072144853            45.06129777436           65.700710849602      0
      32.823373104849           48.916324085163           5.1591271179718      0
      32.940332353037           13.863073462348           12.531053257658      0
      32.991569519043           42.679817199707           65.729484558105      0
      33.141705251021           52.848669813927           22.045772440437      0
      32.577392533672           20.255046509183           57.355440258435      0
      32.943434443811           44.605667318134           58.134668512775      0
      32.967160190868           15.328892984095            7.393717659928      0
      33.020359039307            13.34974861145           4.3093109130859      0
      33.078905120474           39.698308535431            56.24653040018      0
      33.046558380127           12.374402999878           24.441190719604      0
      33.324317266152           48.284956324207      -0.00027084350585938      0
       33.64260957147             46.7880984205           63.082124637359      0
      33.219042109107            16.38490780206           63.158482577086      0
      33.115325927734           41.014253616333           57.505237579346      0
      33.403528446876           15.994373423309           27.444039271837      0
      33.815640443612           45.731677549227           59.415366736412      0
      32.965512719026            45.10161535276           32.326211479909      0
      33.328753149755           11.188700703265           22.477864322457      0
      32.955407303414           13.161002742993           13.827911639491      0
       32.29595959899           20.025330640973           35.018466378863      0
      33.232539101333           16.596514084286           66.937311877699      0
       33.23401260376           14.142602920532           26.016082763672      0
      33.852405855169           52.381246901257           23.343358249352      0
      33.150618818755           46.157823742281           30.137282775317      0
      32.426248356748            21.41594742516           36.601072059121      0
      33.395872633545           12.184491090158           15.702417057062      0
      33.506157999521           21.845740908299           58.920140335445      0
      33.174464697523           16.976316184433           61.646673553247      0
      33.378406524658           52.994285583496           14.866645812988      0
      33.459772604233           50.537401139923           8.4537275401174      0
      33.814018647667           16.455414539416           28.942354711529      0
      32.981479168977            19.00238814693           58.662426171208      0
      34.402952397431           33.865349475155           40.290802490311      0
      33.475976821632           11.323710511378           17.829073756868      0
      33.413803100586           22.912937164307           55.992485046387      0
      33.492651362325           43.405839520093            64.63501862165      0
      33.429874420166           44.090213775635             33.7639503479      0
      33.432399749756           41.697261810303           54.894393920898      0
       33.56701165766            18.72714476255           66.474756686255      0
       33.59330368042           46.054550170898           65.491485595703      0
      33.611083984375           18.047481536865           67.629280090332      0
      34.163152254746           30.627889792308           40.523085123754      0
      33.732582338406           39.002039967015           54.945910026234      0
      33.616363986279            40.49103076009           37.021336911072      0
      33.705478668213           24.209091186523           56.344551086426      0
      33.472665251362           13.934558571316           10.354877717872      0
      33.354103867279           51.650211969167           11.101701955218      0
      33.694807059912           43.772555347109           66.148718201725      0
      34.062621071915           12.950382172489           25.605464309381      0
       33.76465275959           18.421744647848           59.587212725006      0
      33.779563903809           15.181825637817           5.8858203887939      0
      33.793590545654           52.711975097656           13.381420135498      0
      33.606249914905            21.38301336425           56.475676004008      0
      33.888037622714           11.391314813302           23.563785031907      0
      34.387972403352           48.359854103248           2.9969214107564      0
      33.865489959717           40.279273986816           54.493751525879      0
      33.963162922038           45.728273371468           31.120711120174      0
      33.523759251179           43.873779651051           56.928048926655      0
      34.027233168659           14.246421694871           4.8236622772289      0
      33.401232026374           20.138768183251           61.182050285606      0
      33.946050643921            12.89116191864           2.7223243713379      0
      34.075063289241           10.718362145317           19.045639397687      0
      34.349951438312            15.06555958591           27.103718532959      0
      34.026883196675           12.820577079276           12.257827651102      0
      34.067096710205           53.358001708984           19.475339889526      0
      34.102691650391            10.58380317688           20.517532348633      0
      34.332600337911           53.245859385123           21.169993789233      0
      34.247676751323           46.502652623792           60.481988977213      0
      34.667207168429           11.474073618109           16.227983593903      0
      34.850742306801           42.142283710817            36.01873965612      0
      34.250747680664           17.286266326904           66.630729675293      0
      34.273723897796           13.896138348341           8.1297346456033      0
      33.745421540873           17.760920537492           60.636848651102      0
      34.262977600098           42.530822753906           55.446556091309      0
      34.271343231201           10.683134078979           21.728569030762      0
      34.257145418445           19.416321620688           67.300405969631      0
      34.105496697194           49.558076845541           5.8019264352339      0
      34.616882819885           48.913906313693           4.2541432300077      0
      34.511196649392           18.581904206176           34.057490833569      0
      34.568264410063           13.493974895642           3.8755718463298      0
      34.257099769874           44.202815020264           62.578812656318      0
      34.372987396731           45.337031321258           66.448533399583      0
      34.389154094826           23.368979966383           57.705304201049      0
      34.296531352572           44.484318105647            65.26628499436      0
      34.586376920313           50.755107663259           25.300879081423      0
      34.348020959966           12.180618087733           13.801540875527      0
      34.454026270358           52.862223859579           22.435850927923      0
      34.557251546646           17.022080574534           30.758681875191      0
      34.633928140191           47.203862901321           61.788534979928      0
      34.260020213465           11.907576998067           24.733012808219      0
      34.329241823482           20.224046009181           57.402990317456      0
      34.223549088993           19.651887314369           65.680501495801      0
      34.556450793291           10.872079519925           22.734816339462      0
       33.51296829067           17.694930714249           31.954560906291      0
      34.411927604085           39.352791572376            37.96261729195      0
      34.532554626465           16.912746429443           64.201385498047      0
      21.983740756612           31.685822490193            21.63301697066      0
      34.495990529028           42.890284202181           59.057150903052      0
      22.445122166863           31.366420671264            29.54924560935      0
      34.653648702253           39.908326127611           55.788572757491      0
      34.470936326013           21.065193066777           60.337949971901      0
      34.636486053467           46.864906311035           65.700080871582      0
      34.785276866213           43.912103862269           60.634970732323      0
      35.449275075042           10.788458189309            17.92803156167      0
      35.048360154364           22.475170350674           55.478570859222      0
      34.798404693604           14.564598083496            5.393892288208      0
      34.801603317261           20.513511657715           62.277099609375      0
      35.461091902398           13.936479847899           26.835404106897      0
       34.68167329831           45.494719329266             58.4495279861      0
      34.802661144046           41.185884481667           55.104804601848      0
      35.122610783774           52.952353087817           15.204438055189      0
      35.105276681773           20.514167086877           63.964522315011      0
      34.858233572094           12.631717464277           10.945030831641      0
      35.167873582928           12.752488142426           25.929796074746      0
       34.58193762399            20.67803371614           36.879776590586      0
      34.933889303566           18.230607131694           66.818208485189      0
      34.944141387939           24.755336761475           55.494609832764      0
      35.086200905073            24.92356607968            56.65371479558      0
      35.322371349531           46.071138558076           30.003549434309      0
      34.987285614014           17.447196960449           65.470481872559      0
      35.337629879854           14.035454275456           6.5624538871136      0
      35.007724761963           20.530662536621           66.806434631348      0
      34.745455405236           51.980662957515           11.116470085987      0
      34.939306823597           50.218506660487           6.6742265697551      0
      35.027999232116           11.632976548714           14.975210587409      0
      35.047950744629           47.693111419678           64.421180725098      0
      35.052940368652           51.258773803711           8.8613777160645      0
      35.066299438477           21.586017608643           37.918975830078      0
      35.219666580713           42.564868953234           58.135111131885      0
      34.653466133185           44.784969106934            63.78804317156      0
       35.16374206543           21.358692169189           56.101196289062      0
      35.191175395748           25.416511004327           39.945156518927      0
      34.900868674541           17.922053064008           61.228760632129      0
      35.268487222072           10.616825587784           19.834706395978      0
      35.163526999844           45.648527061841           65.105457829737      0
      35.065249214729           45.287719855476           31.771258262099      0
      35.354475890609           19.428126713932           35.682070153603      0
      34.396016060419           23.730623987623           38.836785149377      0
      35.287284851074           51.815483093262            24.45164680481      0
      35.302913665771           21.916276931763           59.550300598145      0
      34.863445834766           19.483157688867           58.405341437358      0
      35.358806610107           20.928192138672           65.344482421875      0
      35.427665710449           41.027153015137           56.427253723145      0
      35.571896815182           52.974561966706           22.180383511718      0
      35.682970968263           47.668097774595           27.178358676328      0
      35.468252247438           14.155839016691           4.3655212072859      0
      35.647379818828           10.976825259087           23.826169451559      0
       35.49938078697           48.066920328535           63.536348129009      0
      35.593202590942           52.397989273071           12.551080226898      0
      35.440651009522           16.555138653226           29.603162767253      0
      35.595876693726           49.868906021118           26.073395729065      0
      35.781394153608           28.823378619829           40.816072105626      0
      35.248067706412           17.655695853909           62.482282538984      0
      35.616521835327           53.257553100586            20.66079044342      0
      35.653856773648            17.72271151407           64.398699495746      0
      35.642421722412           25.706741333008           55.964588165283      0
      35.491523490986           19.333636713296           66.652517772003      0
      35.692329792028           24.245080846111           54.627828812609      0
      35.662344510072           13.525109691536           3.0881463577889      0
      35.695323043461            42.30830415147           55.762537919767      0
      35.726393702339           36.086549359416           39.984923439045      0
      35.766851058052           21.421327866393           61.117704078049      0
      35.814040378374            45.45346778772           62.332602480847      0
      35.805950164795           11.668489456177            25.11124420166      0
      36.118779926291           52.384375440438            23.45161814386      0
      35.854141665358           18.479850694951           65.695847630068      0
      36.007798236137           48.806614921658           3.9970604389319      0
      35.547873812516           15.843532104167           28.131353346419      0
      35.902324676514           47.038120269775            65.25138092041      0
       35.82193101994           24.411657964327           57.094920576678      0
      36.562478709697           42.944941223019           35.399789125253      0
      35.782152525253           49.483296040795           5.1386548983187      0
       35.83985932784           20.410928810848           57.128336652638      0
      35.565127412085           18.647736033963           59.923412685485      0
      34.835136349771           48.037229193885           1.5714349941863      0
      35.998882293701           46.886779785156           59.498222351074      0
      36.087912685902           47.649881696177           60.658838810399      0
      36.088418680078           42.282427296603           57.267148141893      0
      36.096565246582           44.390758514404           56.787231445312      0
      36.268573974384           14.225346603484           5.4333717689079      0
       36.02951795634           11.891298317055           12.614990159924      0
      35.874901277971           43.833082819432           59.240874974199      0
       36.30166497208           32.787651141003           40.912604164903      0
      36.169178009033           46.660438537598              64.021484375      0
      36.064670010438           25.398423496273           55.053772822897      0
      37.190566036739           34.561757378889           40.790282172683      0
      36.247985839844           20.663206100464           66.346885681152      0
      36.601800188184           11.136778798101           15.836192286613      0
      36.543432634149           11.566715339537           14.017696610401      0
      36.255222320557           22.013786315918            65.49813079834      0
      36.255840301514           45.341529846191           57.626846313477      0
       36.26025390625           44.602962493896           32.955871582031      0
       36.27881996655           10.568995297367           21.827005763578      0
      36.277538299561           11.877227783203           11.370492935181      0
      36.487081388041           17.064491953583           31.988400393038      0
      36.280876159668           48.365215301514            62.06568145752      0
      36.283657073975           52.661712646484            14.20227432251      0
       36.43071380358           18.175462518657           63.158673445418      0
      36.833017564032            51.50674794832           9.9945822347723      0
      36.437152322118           23.683841555208           54.490503018547      0
      37.535660378291           31.309206474591           41.262953818739      0
      36.638632770781           51.005196940619           25.366350264963      0
      36.119047571899           23.361441554436            58.15089678484      0
      36.455579507613           22.206426780892           59.869919702075      0
      36.989106896432           16.693375598656           30.421354146056      0
      36.609215047716           19.511842527348           65.596608488161      0
       36.60113126793           22.333943883712           55.038613562576      0
      29.891288743075           33.464639855849           5.3151418223485      0
      36.643865719487           18.603977021768           60.923047005322      0
       36.61606043846           43.474741779482           58.105545320136      0
      36.473810146094           12.971672608157           26.502084703584      0
      36.701047110805           43.302529816799           56.622540870129      0
      36.552473532222           18.501279242953            64.45104900907      0
      36.639387538913           44.865854763073           59.903905783599      0
      36.917026795739           25.036013801702           54.009589769564      0
      36.835649734389           14.181174060308           3.8555163208814      0
       36.82654246001           45.353766310197           31.981272254717      0
      31.001281003421           33.924731404021           21.955580644073      0
      37.366552633574           10.756767189235           23.171874183421      0
      37.132730529956           16.382299178164           29.106540137898      0
      37.285341168525           37.598687118658           39.797001763644      0
      36.738588560659           46.636920525351           28.429006296756      0
       36.90637588501            46.14905166626           58.276512145996      0
      36.751516141355           13.651868454499           1.7046379776462      0
      37.375299710438           11.234318840796           24.615046057351      0
      36.306698275249           17.780179430916           33.423965751525      0
       36.93824005127           47.517623901367           63.148933410645      0
      37.194553610005           46.051533369777           30.401147887391      0
      36.963230133057           26.027902603149           40.751945495605      0
      37.009716151639           18.673003906203           35.200047337156      0
       37.25066786071           22.189817447232           39.027856594415      0
       37.06059269966           49.919743775727           5.8813734377204      0
      37.044384002686           22.651943206787           64.236389160156      0
      36.402448872096           39.313107029756           38.678590575534      0
      37.033064702167           14.341378376331           4.8579335411048      0
      29.400862075618           31.957449857217            28.71555068691      0
      37.154048919678           47.723175048828            59.94783782959      0
      36.905637137616           12.035541232272           10.065024074855      0
      28.145208493455           40.853580973829           21.936623032736      0
      37.026345035463           25.552908195711           56.443875537585      0
      37.226345062256           46.226715087891           60.977745056152      0
      37.185538395485           22.385128934582            62.54690599918      0
      37.231506347656           44.767951965332           58.832313537598      0
      37.236808776855           20.668176651001           65.376335144043      0
      36.643053950451           19.765954143999           58.165714320959      0
      37.152621207847           24.123634828058           40.054900265504      0
       37.19671894625           14.223824202764           27.485898074225      0
      37.261090175176           15.638719779791           28.311756600068      0
      36.969874421522           18.602193584715           62.076932661443      0
      37.260296925164           23.066370092633           58.994678429813      0
      37.650226601564           51.693572910515           24.542699220327      0
      37.640224744848            13.55643120233             5.78330611574      0
      37.446659088135           44.595191955566           57.477882385254      0
      37.262629813233           52.813001019395           22.112847539258      0
      37.507595062256           10.284414291382            19.12614440918      0
      37.320036530195           25.859232113171           54.385548807698      0
      37.530406951904           47.657482147217           61.599311828613      0
       37.31689892541           10.601826352688           17.304912210274      0
      37.352484325322           22.455628739443           60.738067762599      0
      37.625106811523           46.098651885986           59.595664978027      0
       37.69711254915           19.839061547517           64.487691926898      0
      37.772868311771           47.542358222186           27.567646377081      0
      37.321402458695            49.57713657429           26.477741916017      0
      37.418779327798           21.268535924539           55.714140648952      0
      37.646455605657           19.083208802944           63.304275075336      0
      37.684394836426           23.135396957397           63.130386352539      0
      37.435099894815           12.996828890262           7.0224854827768      0
      37.680564965983           21.797843625012           65.214425916094      0
      37.571287829923            11.39919684365           11.714308226192      0
      37.426278809731           11.858403112193           25.698462717735      0
      37.828616451944           49.029620414182           4.2774472193721      0
      38.444191501421           14.272071896007           2.3397769986353      0
      36.524871298326           47.855836398583           2.5620505466785      0
      37.711110044894           23.418554192172           54.070595751505      0
      38.629082988826           29.629831258102           41.473062750243      0
      38.288370131284           44.882164747663           33.140282640018      0
      37.984129999989           24.871227209667           53.464775340583      0
      38.057807818957           47.336310575659      -0.00027084350585938      0
       38.00057220459            52.18909072876           23.405300140381      0
      38.166924783747           48.256898458523           3.4445370022888      0
      37.659627850332           48.544606516116           27.071067024267      0
      35.879387743854           13.364652291529      -0.00027275085449219      0
      37.618838261769           24.777657263235           57.087969431648      0
       38.41303456054           10.521969126357           21.554751584161      0
      38.118679046631           50.463363647461           7.0213241577148      0
      38.121292114258           26.905071258545           55.018363952637      0
      38.371065737362           46.289307359555           29.470302551662      0
      38.189485773891           14.540557523102           4.1214680977205      0
      38.740183065197           25.533272895758            40.96919695756      0
      38.508744269229            52.80342045481            20.88544301152      0
      38.166454140364           45.696623322233            31.82727781407      0
      38.305665969849            16.61830997467            31.36366558075      0
      37.732827529043           20.534274894654           56.815119541545      0
      38.332126617432            19.66427230835           58.705192565918      0
       37.90615656106           11.301137703327           12.893592769284      0
      38.431241314694           16.349021134374           28.782503896694      0
      38.943756148199           10.334480959819           18.015359796152      0
      38.222831965304           23.233594999961            59.66899651814      0
      38.366045128178           15.135392360041           28.123547236619      0
      38.006598999233            20.39088925231           37.677855877805      0
      38.744089737882            51.86462852974           13.707856189257      0
      38.509316814919           13.808790620438           5.1703295392507      0
      39.529686389517           40.833657735573           38.029135992837      0
      38.573813509669           27.685064682258             41.3341375037      0
      38.204347373308           39.483133715947           39.066586334912      0
      38.661262848483           19.577817606391           61.865339687333      0
      38.572670229071           46.804138238405            28.21376908169      0
      38.645057678223           22.190536499023           64.494338989258      0
      38.760075663663           20.089967855894           63.175083987387      0
      38.371059491851           50.443425141407           25.883371649991      0
      38.058843116441           12.952056393582           26.849956271588      0
      38.798307857264           26.259136577059           53.483875670188      0
      38.266025169273            52.70875528917           16.438264962776      0
      38.108015269184           12.193578623312           8.8135750374563      0
      38.423182088154           11.420876434271           10.740784643946      0
      38.721641540527            23.36954498291           64.408584594727      0
      38.759929656982           20.985222816467           64.019908905029      0
      38.773597717285           17.558200836182           33.758838653564      0
      39.073268272336           10.903674044568           23.734255137465      0
      38.825154533771           24.232829589538           63.440995447273      0
      38.631331561832           24.381731185667           57.932628135441      0
       39.42821029873           33.589498320918           41.361437826487      0
      38.819273747213           22.539394451572           54.147142919096      0
      38.677454680712           10.969527131779           14.000944751917      0
      39.364418855106           22.733126083944           39.801409047503      0
      38.831877692492           11.412286542131           25.130995142401      0
      38.671708790145            19.48113998946           60.324084794151      0
      39.155278961033           24.716174453337           52.952486176218      0
      39.027854919434           26.279167175293           56.123840332031      0
      38.622409791436            10.47362253493           16.074741828019      0
      39.073258453265           10.485600032355           20.086996828458      0
      38.613202264065           42.158490070027           36.562938413269      0
      39.086572065327             49.7537030443            5.779678768436      0
      39.433015104765           24.227584893703           40.599117974266      0
      38.775476407756           47.465901714688           2.2989912604382      0
      38.684373652576           47.438989193725           1.3811885740958      0
      39.223503112793           27.327451705933           55.452117919922      0
      39.434942915428           45.186362229803           32.851616725661      0
      38.831727501846           18.462167732233           35.376453520246      0
      39.284212419029           20.386870769075           57.239217922475      0
      39.279224395752           24.671440124512           62.144088745117      0
      38.840033541321           23.799041575684           60.799254298528      0
      39.346415574825           52.666717404178           18.955780392629      0
       39.20233469619           11.068172597842            11.93298793373      0
      39.837170186573           27.466722657782           54.100155290603      0
      39.411028597321           14.675917214973           3.2644946038939      0
      38.970898270715           19.456523983809           36.849561243321      0
      39.016906552479           16.504360174206           29.816960915705      0
      39.889802003577           21.103935719003           38.626618253461      0
      39.478477478027           24.259315490723           58.792167663574      0
      39.444520168538            13.98193433556           27.641317832855      0
      39.075167422429           12.466879197339           7.0696533113486      0
      38.823667386957           35.986140161941           40.706602112422      0
       39.23817056402           51.145614356714           25.089784246152      0
      39.506233215332           38.502464294434           39.880374908447      0
      39.777054454251           20.013795230348           58.552260868001      0
       39.53067986606           14.308853964739           4.4679943174995      0
      39.692747610136           49.314790415718           4.7596760891926      0
      39.341454708226           43.476902354422            34.86495712792      0
      39.596828865098           46.353781716759           28.798061379531      0
      38.406292518395           23.427953123652           7.2087834985737      0
      40.056674625791           20.664216686819           62.123885967085      0
      38.507180784386           24.815486657835           21.397087949272      0
      39.491573525453           48.569589665243           27.019374798021      0
      39.711124420166           25.855945587158           52.512050628662      0
      39.769680023193           16.010063171387            28.45623588562      0
      39.823860168457           45.837028503418            31.36203956604      0
      39.847484588623           12.433134078979           26.624765396118      0
       40.05736504081           23.726901696191           52.838475311568      0
      39.772148461568           48.539659375425           3.8717954604738      0
      39.762452078005           30.229688510482           5.3551080851243      0
      40.404679449487           39.670376224638           39.117434890442      0
      39.956139668709           52.069395438151           22.633503726517      0
      40.039198665352           10.470365102792           15.117692768129      0
      39.477813634236           51.388706948456           11.007323688681      0
      39.943585448529           29.829593282031           23.235866903208      0
      40.210581266626           23.930150761352           63.422748306237      0
      39.836922045595           25.665238240397           56.835935585568      0
      41.005646635467           27.252753786641           41.611102420319      0
       40.84822861347           47.184176976017           27.649887354474      0
      40.125453948975            25.44091796875           61.261871337891      0
      40.420241925758           10.385444464237            19.51365908878      0
      40.352799924749           16.523168387074           30.861801230607      0
      40.629499897062           10.805196758518           23.201823361464      0
      40.190380096436           25.055637359619           62.762535095215      0
      40.799178742707           25.505083464808              41.175260309      0
      40.008308931681           11.497797827358           10.043642850384      0
      40.339376487736           44.532807578548           33.702160115329      0
      40.360638866556           47.523718146054           3.0000392146748      0
      40.269897460938           26.778757095337           55.894973754883      0
      40.363012336967           21.247478467853           55.565402041758      0
      40.088158273519           50.091315927795           26.035293472445      0
      40.107980154413           10.245536388818           16.350899580509      0
      40.122062890602           22.795401872962           63.436777492694      0
      40.890945097879           17.219805416804           32.951191527188      0
      40.477827847375           21.994628767172            54.40696913134      0
      38.000231176328           40.655529656281           7.3182153784877      0
      40.165154420051           12.757093011502           6.0603301005874      0
      40.409867024914           47.154411736416           1.2359004129257      0
      40.389757156372           20.412098884583           60.647659301758      0
      38.132888445562           42.214662898675           22.122552097503      0
       40.65133871661           49.965168499095           7.0854050602437      0
      40.651928282029           52.330438293221           21.019030225021      0
      40.508949279785            14.82926940918           3.7016773223877      0
      40.339422499119           18.868876474939           36.226362675315      0
      41.521363471724           51.936456896556              17.397066099      0
      40.348045457204           18.068951344485           34.933033698276      0
      40.490016474432           25.368052132771           59.500551883669      0
      41.062362688553            10.81507779579           13.809864258136      0
      40.620520847563           49.603974826229           5.5409501118275      0
      40.847873925188            19.88842286295           37.612483998853      0
      40.631329375651           10.185403950154           17.642835516207      0
      40.598365438623           50.929141617574           25.094531630335      0
      40.687149028135           36.733937300195           40.730321071919      0
      40.681746801771           11.406142076138           25.078091982719      0
      41.032505910666           25.633277139277            57.84413131138      0
      40.554366476926           10.939474544937           12.189528047608      0
      40.842010498047           14.984739303589           2.5754470825195      0
      40.994113837866           26.358821290828           51.870424613695      0
      40.814007806122           51.377223779362           12.498347197525      0
      41.682004466765           21.241640963352           56.114349597122      0
      40.953103171121           50.476243953565           8.9794975030739      0
       40.96224827592           16.326954969473           29.420530532607      0
      41.513361271217           38.327147452627           40.033140554772      0
      41.311414417087           41.954735797038            36.86172630943      0
      41.265877262858           48.862280073478           4.4296987361117      0
       41.07267072359           13.648373298762           5.0666493757129      0
      41.113473386267           25.115038859932           51.848854712891      0
      41.237465941303           15.382756793073           28.259467691093      0
      40.610947511904           27.317066381145           52.947141736828      0
      41.008974345563           34.571052873494           41.492558457258      0
      41.108276711473           13.054329395269           27.120006992214      0
      41.251963005787           20.669937488071           57.475546880078      0
       41.22660400487           48.117070902953           3.6991550284475      0
      41.271286010742           12.070043563843           7.1760921478271      0
       41.28120803833           51.308229446411           13.757879734039      0
      41.291164398193           25.613605499268           61.839233398438      0
      41.326236406765           14.945672751452      -0.00027149746018397      0
      41.250520002673           28.390884470957           54.623910531899      0
      41.381219863892           26.423209190369           60.011341094971      0
      41.291260088073           26.521959421493           56.354325002482      0
      42.114084278073           21.123835228787           58.177070418069      0
      46.349403343593           20.432146496152           6.1340798242898      0
      45.090226273369           22.935952482122           20.869442185235      0
      46.939344724016            32.29019650596           23.302753541464      0
      46.206380986336           30.010134631288           29.337261867728      0
      41.445288218743           47.157642116531           2.6507605657846      0
      41.567086458916           48.840105412271            26.67315677631      0
      45.481367683921           42.302197940773           22.441228306434      0
      41.349569541223           45.047794992449           32.688383201729      0
      41.442298153613           11.048811603696           10.979405290135      0
      41.109789090248           29.116143973933            41.80068157124      0
      41.522689047278           27.488717364966           55.461041835544      0
      41.922497764884           24.374806573431           40.856793681581      0
      41.587653681337           28.331359041622           53.451310458788      0
      41.743660385507           14.861257400318           3.7737556359532      0
      41.758941650391           50.219203948975           25.649629592896      0
      42.104105385254           51.919541684109           20.433903759679      0
       41.75561869181           10.365775875152           16.378579005095      0
      41.494412836145           24.352745654907           62.513573708702      0
      42.080054685177           24.094337911046           51.922984383757      0
      41.820693405596           22.999962492308           53.028396188406      0
      41.903332745786           11.345021456916           24.693436974414      0
       42.18312499585           18.177082627442           35.008105382799      0
      41.878249388942            43.50973719463           35.330735984937      0
      42.168303570369           18.906286047288           36.204710907063      0
      41.907619476318           10.586112976074           19.981369018555      0
      41.873601023661           26.650106288903           58.268894959878      0
       42.04417036933           27.297749682691           51.407639702349      0
      42.012584686279           50.961483001709           24.338848114014      0
       42.04044342041           10.364038467407           17.788932800293      0
      42.056438446045           49.242317199707           5.1207885742188      0
      42.061921747972             22.3512448258           61.564673930008      0
      42.068862915039           31.275907516479           42.006587982178      0
      42.145618438721           26.415840148926           60.724098205566      0
      42.387672871828           26.342714916987           50.932195291421      0
      42.118834844051           11.905459519229           25.689018829341      0
      42.164730072021           26.719921112061           57.159034729004      0
      42.539328260451           11.020048748096           23.524855673143      0
      42.971678186632           21.351759471845           38.886136154094      0
      42.557478010764           36.618316571605           40.855634954541      0
      42.830993882556           15.982739613763           28.844796754707      0
      42.322822570801           16.587491989136           30.065561294556      0
      42.390249832495           12.490837299511           26.381657924241      0
      42.881767376826           15.375724280736            2.557544286423      0
      41.957653604395            11.56075970468           9.5025461497422      0
      42.290056253348           28.207485842688           52.142790171924      0
      42.313162002342           14.536921151576           27.902707607578      0
      42.448894500732           46.181568145752           28.169290542603      0
      42.601568202689           10.909806006856           12.183347467673      0
      43.342050999848           51.473489080232           18.795535136933      0
      42.029098340796           21.650674639339           60.636749235467      0
      42.309966857958           10.705615024551           22.175319166783      0
      42.387193353522           32.970138933855           41.941442377347      0
      42.840646287777           35.655975021792           41.258168033674      0
      42.580862045288           23.572633743286           61.717208862305      0
      42.622463126048           28.821952216977           54.183085051494      0
       42.59703657434           34.421657046002           41.617218472343      0
      41.999218053044           22.677085274955           39.901833252365      0
      42.716083526611           47.498584747314           3.3694953918457      0
      43.117773744848           12.105485870658           7.8903508783503      0
      42.695547836524           28.077416180122           54.979053527785      0
      47.205391569661            44.00354336528           18.729362395747      0
      43.103973552104           47.513201318813             27.1773969588      0
      42.795185089111           50.849414825439           11.624175071716      0
      42.804809570312           27.340436935425           56.127586364746      0
      42.829975128174           46.935363769531           2.3713989257812      0
      42.807160860303           27.411672757146            58.77185552134      0
       57.49500116738           30.787319306438           23.409093367081      0
      42.914929467213           11.129096460295           10.672167310685      0
      42.838764368497           49.561243101882           7.3771609292977      0
      42.956846858936           27.653509702122           57.473004716576      0
       42.90707288616           11.014821744991           13.496457770805      0
      42.872863370462           22.602539843308           53.663037588118      0
      43.213352667851           44.146161298373           34.575797720073      0
      42.849711255084           50.964076066135           13.099550618446      0
      42.990518569946           40.264007568359           38.593965530396      0
      43.064280223219           29.084290391202           53.081430644922      0
      43.070320129395           13.276529312134           5.3679580688477      0
      42.397058025392           51.264323035317             14.7084053179      0
      43.475656847109           10.884261413983           17.325152203788      0
      42.862349953749           26.109778256772           41.582833516537      0
      43.307306834099           28.417407987914           51.048923611528      0
      42.909480407374           22.041008962932           54.867712083318      0
      43.600350691974           50.213134023697            24.78579797588      0
      43.244808094203           27.137767906787           59.475370675321      0
      43.216270446777            14.94676399231           3.7361183166504      0
      43.749986814528           11.844169604909            9.163634301442      0
      43.359245300293           30.819997787476           42.381088256836      0
      44.120791425222           12.526811967575           25.732339000048      0
      43.454384373912           32.323943394211           42.373277263072      0
       43.45832824707           48.766178131104           5.0215282440186      0
      43.750861723088           49.886556583844           9.2962476853478      0
      42.867094579655           45.297043099012           30.924607035758      0
      43.606986742317           45.811740447666           28.728077422684      0
      43.364573149538           41.608489316917           37.427535060017      0
       44.20727037847           51.013117985105           21.247620534793      0
      43.012040734639           25.129027589977           50.912224125135      0
      43.369724322878           38.491283593038           39.793241172525      0
      43.683983053033           29.223059649496           52.053271915143      0
      43.485450647875           10.782536726049           21.508132389488      0
      43.406774274589            22.04674782923           58.514150756384      0
      43.672466278076           17.967848777771           33.980492591858      0
      43.770428744096           49.075626799539            26.00116631858      0
      43.699146205509           33.806032386205           42.258806460492      0
      43.892772255037           28.298583315488           57.023280469145      0
      43.772666931152           28.097242355347           42.198425292969      0
      43.701506244621           35.259992574985           41.722340629968      0
      43.828399272084           28.958747545158           54.084783540973      0
      43.716300140846           24.049791478926           51.576919834405      0
      43.802080603968           46.315751297095           27.883784975765      0
       43.40615540462           14.131828396705            27.54709634694      0
      43.935997706029           28.303577161658           55.497652777543      0
      43.895057678223           44.646957397461           33.549468994141      0
      44.092713065663           37.025928175496           40.777452939906      0
      43.905394517888           11.785517771337           24.583561979919      0
      43.881861320305           11.123592359722            11.18880409856      0
      43.842801561232           51.377883010772           17.100995671889      0
      44.067897453278           22.264751457429           56.872776974814      0
      43.771285357906           11.034961009564           12.414143257481      0
      43.875119014204           27.840921280923           50.019346221041      0
      44.074594629715           26.488892829055           49.954421236089      0
      44.230163795002           39.709863553283           39.030057560919      0
      43.690346365436           51.193561252255           15.434700078916      0
      44.508209336645           47.254905470797           3.3919508897837      0
      43.911153543454           27.772847302576           58.445236279584      0
      43.771949601931           24.427452330142           41.107907298084      0
      44.417772440581           31.540100393176           43.466992615513      0
      44.045240243075            26.62595168159           59.770422426606      0
      43.867709558971           49.002909726072           6.2034487293763      0
      43.909785283533           42.913357332407           36.243548753731      0
      44.198684692383           29.739721298218            52.89900970459      0
      44.640433179979           22.645507598641           55.241624671856      0
      44.269649470534             29.1896560705           50.792271563861      0
      44.265710830688           11.170718193054           22.982758522034      0
      44.184511873435           24.332431829011           60.436673214145      0
      44.274845123291           26.734306335449           42.074977874756      0
      44.387198172239           29.922072998777           43.078435566427      0
      44.158969233267           12.759036448562            6.339649119149      0
       44.64769315548           50.437138937967           13.796179990946      0
      43.753493741249           46.681427277839      -0.00027084350585938      0
      44.667701276665           40.787930488718            38.18679746794      0
       44.16369747825           11.145970193547           15.362028188247      0
      44.702601065133           38.711483838327            39.85643232845      0
      44.596113718321           36.397893220257           42.215732964935      0
      44.643742057402           46.679172919756           1.7795999540894      0
      44.658443450928           16.730224609375             29.7822265625      0
      44.796886680967           32.726558935267           43.926275483683      0
      44.108039166328           23.400721215933           60.027366818963      0
        44.6013625025           29.829004336796           51.779745158878      0
      44.362321784113           11.060137263241            19.12024201149      0
      44.824223924625           28.967786574724            56.19030064891      0
      44.646052047713           25.662946770484           41.835105582983      0
       44.78258795667           15.068613252053           3.7017291974138      0
      45.113047212468           48.246344571546           5.1703299829423      0
      44.357876530785           11.317391361081           13.724342174371      0
      44.781208235704           29.075000080681           54.982334312003      0
      44.610560183763           11.016315025188           20.808812380465      0
      44.771050590554           28.881014533258           49.661085995752      0
      44.410379939204           15.326612228423           28.396394386041      0
      44.824183579328           13.811912336406           5.0374040925044      0
      45.225421501395            21.82224007708           39.193011261783      0
      45.137105057672             12.2480467007           9.1017889281962      0
      44.972324371338            27.81360244751           43.126625061035      0
      45.166053812841           45.657686751511           28.541775748571      0
      44.977600923969           43.663782387522           34.950082827308      0
      45.187643648122            28.43006852336           57.490055537859      0
      44.541109881357           23.371422974149           40.521562803575      0
      44.272327442314           22.928205216267           53.776354052986      0
      45.099548339844           17.388711929321           30.890588760376      0
      44.979733939592           25.752944660567           59.648923684495      0
      45.296060401293           41.603019665612           37.445029116224      0
       44.80348491246           45.181027664647           30.009926155381      0
      44.801582824037           15.680320915237           2.5712100576843      0
      45.112311101647           29.611525668742           53.817087479785      0
      45.351330953318           50.854507900757           15.897270472948      0
      44.747183381998           23.774556095766           52.213855732399      0
      44.997557356875           37.939506823254           41.520954246665      0
      45.835896096688           49.600781462811           10.702380090761      0
      45.238152595952           40.130352232553           39.011977615844      0
      45.338961554629           27.822296395276           49.000819530104      0
      45.278259277344           36.293930053711           43.396648406982      0
      45.245102237589           46.515755388354           27.413457278323      0
      46.007493782036           44.207456795549           33.417564763788      0
      45.298454284668           11.400810241699           11.695153236389      0
      45.428909552885           29.470851114546           44.572720956379      0
      45.326385498047           50.330924987793            23.30206489563      0
      45.001245309465           25.398822297319           50.041582835504      0
      45.367404937744           13.973203659058           27.025621414185      0
      45.224995717325           20.447770194849           37.676828646486      0
      45.475113663237           23.722184171341           58.185569700827      0
      45.585039253594           39.637361576426           40.450778902026      0
      45.263474995434           30.016812845691           50.543551299586      0
      45.557253874773           26.228908983036           42.972301502049      0
      45.335658549293           11.476333848485           12.884700450169      0
      45.185633404195           12.509574443775            7.645654819999      0
      45.311988233162           30.267113281257           52.653616027013      0
      45.366194688628           31.106214011558           44.753079062574      0
      46.040068664238           49.339624632018           8.7892104665881      0
      45.585197930923           19.399376171413           36.088475810779      0
      45.589862823486           50.825963973999           17.803354263306      0
      45.514318074976            29.80075503935           49.395907817484      0
      45.579754696401           24.645801603114            41.49283242696      0
      45.900589969411           38.211732075319            43.05406679602      0
      46.121144189309           49.401546697068           24.512345764819      0
       46.18050555576           32.717961388855           46.006382981075      0
      45.728667526296            13.33504712707           6.1973533479154      0
      45.729588157094           42.496452559034           36.461089296137      0
       45.53830016718           23.264704985633           56.803449876226      0
      45.775730985603           30.545308806236           51.305126336374      0
      45.929525929465           41.073517447183           38.192953286838      0
      45.824146504012           24.832724206283           50.729411020845      0
       46.45780693687           49.826374347715           12.670405772036      0
      45.987757523112           29.794448701805           54.959028670408      0
      45.636592439789           11.222650749387           17.529300489777      0
      45.740504547061           28.910974046237           48.757024000056      0
      45.900104522705           26.720306396484           48.949363708496      0
       45.91032409668           48.999996185303           7.0632009506226      0
      45.937264966134            17.81355548181           31.850810398029      0
      46.125190272369           40.975727794444           39.622628619272      0
      45.732629007495           11.939307982877           23.862379945511      0
      46.144896159424           27.013848697753           44.418268705145      0
      45.695437502073            11.37204474087            22.01154396163      0
      46.485770600519           46.702016911373           2.2881693671538      0
      46.152210235596           14.785692214966           28.038158416748      0
      46.153678894043           14.943822860718           4.2877178192139      0
      46.185354232788           48.323902130127             25.6984167099      0
      46.146378296191           29.329307567899           46.181273924592      0
      46.603656456812           11.593157732521           19.704936396674      0
      46.122726871145           28.294497861514           45.407709653086      0
      46.021916715268           18.567107848227           34.188903219538      0
      46.393140376875           24.970179662816           42.393614212577      0
      46.228482916569           15.738665220657           3.3365615035431      0
      46.298721313477           46.137855529785      -0.00027084350585938      0
      46.098511623866           34.554618607186           45.078186539471      0
      45.861204610329           24.853376395447           58.790933575647      0
      46.323014985494           30.838292026904           47.197740752855      0
      46.319567143563           30.329282307696           48.473579327817      0
      46.343902587891           16.087133407593      -0.00027084350585938      0
      46.909927169432           50.249415574002           16.610571309756      0
       47.03477158151           42.925620398587           35.419613572886      0
      46.399636666687           30.805349795521           49.358477760205      0
      46.470911490678            24.42101189692           51.908664497504      0
      46.453418731689           49.944801330566           22.919794082642      0
       46.20297244629            39.76809784741            41.96342205665      0
      45.958705607946           15.851025423755           1.9046307378036      0
      46.721112541536           12.812608744959            8.592280312739      0
      46.299884372856           30.393587660704           53.429473470019      0
      46.508809725912           29.289041780506           47.639806877503      0
      46.425124610021           27.909902804576           48.308079515734      0
      46.021305792278           23.457938218337           54.375336680128      0
      46.655642469087           29.432027112085            55.93814985842      0
      46.616757289935           46.770670377048            26.86919092669      0
      46.616787647184           31.188903738945           50.435105391967      0
      46.568761825562           12.641576766968           10.087375640869      0
      46.507248061363           41.673472145335           37.362846359141      0
      46.698527635701           45.912895830334           27.997954341516      0
      46.596076965332           44.597713470459           31.309154510498      0
      46.765347705426           21.453471413731           38.534996521435      0
      46.745992378664           17.120284117642           30.838331854663      0
      46.569514316053           12.013523414524           12.355638490338      0
      46.494211226854           23.712034316219           40.813200873789      0
      46.644639968872           45.060152053833           29.743881225586      0
      46.671052329507            24.29864736673           56.851842715339      0
      46.625756851535           31.009527351884           51.939891305205      0
      46.619850515414           28.470270352818           46.934587266986      0
      47.551985373413           18.675115302774           33.457616605551      0
      46.774368286133           26.535892486572           58.010131835938      0
      46.801670074463           13.251993179321           7.2712574005127      0
      46.890273675683           41.728002574009           38.458238542475      0
       46.78546992823           25.653512226057           49.561682297346      0
      46.968014717478           31.784506118864           48.233193320622      0
      47.073852232636           41.328194558374           41.197224508947      0
      47.088167431884           13.244840239403           25.313627186427      0
      46.891888545838           27.313447851394           46.020135291875      0
      46.986991882324           16.299337387085           30.057489395142      0
      47.157378284805           33.712903379718           47.160722314102      0
      46.676232078547           47.467157371654           4.2332203268759      0
      46.997493743896           39.785251617432           43.365673065186      0
      46.955195754696           24.112142705407           55.349434778681      0
      47.154156224426           26.465051991491           48.337376176058      0
      46.924815511251           42.047578926515            36.77846753307      0
      47.093236923218           11.703279495239           16.250140666962      0
      46.373224633004           11.771063077072           14.265514660741      0
      47.292748934056           14.428578656686           27.216974439916      0
      47.129199981689           27.125467300415           47.291275024414      0
      47.063732965427           25.849032263562           44.517814307316      0
      47.109787280776           25.328969194211           57.485378478765      0
      47.315551888289           32.196569875881           49.471942426825      0
      47.246726989746           12.129367828369           22.829948425293      0
       47.52466338481           23.968335185968           41.705420560618      0
      47.276058197021           45.794750213623      -0.00027084350585938      0
      47.282499313354            50.01891708374           15.103630065918      0
      47.346755981445           28.704317092896             56.4951171875      0
      47.392749786377           38.472696304321           44.643400192261      0
       47.33092148339           22.733837113788           39.795115147464      0
      47.679356519905           12.894682557894           24.104016821305      0
      47.432647705078           40.849773406982           42.474960327148      0
      47.374133599734           15.779594629714           4.0787814496443      0
      47.685536227369           24.630907352394           43.538987965531      0
      47.459452388708           46.301637769735           27.183072028262      0
      47.539944350546           31.978103016832           50.977219624862      0
      47.625834691835           16.551990723593      -0.00027084350585938      0
       47.73117235135           17.971276079521           32.068230371959      0
      47.443934461315           30.281573643463           54.601427020095      0
      47.850964313001           33.999207245491           48.656489244805      0
      47.546975360067           30.922726852864           53.276338391263      0
      49.521493540222           33.544585793246           27.539904094424      0
      47.654906288343           48.885529879874           8.0244023750008      0
      47.660820930865           16.144454889742           2.9573839612293      0
      47.778633408133            26.13732134166           46.304360259736      0
      47.865404873638           43.580923128649           33.460924848079      0
      47.403854847011           41.999271502865             40.2263469644      0
      47.698096233114           46.832328478752           26.341391962257      0
      48.018657235708           48.916255832198           9.7838155499209      0
      47.969003660444           16.229095385866           1.8354403774369      0
      47.869386860324           24.738572810782           52.487046897328      0
      48.508309805224           42.928712112691           34.803739072799      0
      48.074350966678           19.680976351761           35.481680829726      0
      47.847353920759            42.18770625913           37.552068356085      0
      48.136448695783           17.053155109844           30.928175558633      0
      48.058160135783           26.488029719608           56.720528541042      0
      47.930387638486           46.488156210262            2.447696556369      0
      47.972495071969           25.240367204778           55.926518453534      0
      47.890215805498           31.634290060386           52.020748545192      0
      48.027186113434           33.545584895459           50.444223260501      0
      47.907053523251           44.217684800712           31.660457366173      0
      48.011553771853           20.591665691674           37.174510678871      0
      47.975395202637           15.720613479614           29.454811096191      0
      48.144900753241           28.037296796474           56.398680221389      0
      47.852054748633           42.423581268962           36.046714228855      0
      48.015334095171           26.096909887787           47.807886468608      0
      47.803755250407           48.264603493666           6.2749558015589      0
      48.103561401367           25.602756500244           50.187591552734      0
      48.110494613647            42.66025352478           39.242166519165      0
      47.811656268878           15.082342950714           5.5033993829937      0
      48.097810876452           45.916578096129           28.103828835614      0
       48.27781316751           48.857617014544           23.260917382664      0
      48.512923548054           25.376771759813           54.745809292215      0
       48.16849710949           13.355398306456           10.245020296054      0
      48.373240871546           24.944913780967           53.646074816376      0
      48.266407376966           12.678322074698           21.890957367773      0
      48.199201346359           25.964574474985           48.894145115047      0
      48.342054367065           12.594762802124            13.73525094986      0
      48.253253771782           47.060128276638           4.3649439107998      0
      48.345273309457           24.996440170466           45.027098427713      0
      48.524959756519           14.386264865281           26.245377392472      0
      48.766917633114           44.619940130742           30.248883649773      0
      48.477296782349           32.886477853913           51.788429074046      0
      48.268289873084           36.797823489758           47.000623472134      0
      48.500218199026           29.614238377311           55.065153716765      0
      48.555739050941            49.10984336079           21.894524615782      0
      48.570465087891            34.25927734375           51.289497375488      0
      48.584465026855           44.857028961182      -0.00027084350585938      0
      48.681025497497           45.707946181562           1.3466456761249      0
      48.672313690186           16.462965011597           4.0866794586182      0
      48.326925416559           38.286165383456           45.856717097865      0
      48.705986022949           25.189651489258           46.614967346191      0
      49.274116306974           48.536002858645            8.845751642272      0
      49.004677352756           24.221177881645           44.328261786938      0
      48.795962409782           30.972826038224           53.591016406051      0
       48.78891157628           31.785018955148           52.639203220935      0
      48.790824890137            39.38826751709           45.290641784668      0
      48.817390441895           21.429286956787           38.086238861084      0
      48.709502776838           36.684118496751           48.539333972017      0
      49.296952343011           48.292296071719           7.6000975582317      0
      48.721662888559           42.670017564656           36.694374314335      0
      48.838911457654           36.030051704081           50.416757408783      0
      48.878707885742           42.863464355469           40.694541931152      0
      48.823345689275            46.26491438957           26.937537810593      0
      49.279808163096           27.538318351366           55.491173921072      0
      48.848435553687           25.559366192616           47.817064987275      0
      48.978981018066           17.313219070435      -0.00027084350585938      0
      48.916667747736           22.702599969567           40.088606589347      0
      49.109371055474           25.550728214013           51.305003888339      0
      49.455832645479            19.37924617468           34.185785508479      0
       49.39314132141           18.364824880762           32.407771886604      0
      49.414298042936           16.950131162989           30.534095609625      0
      49.090724994789           45.407246914724           28.957852632265      0
      49.081565856934           42.721118927002           35.192893981934      0
      49.093711853027           14.926288604736           7.1581020355225      0
      49.249121011765           16.502079439265           2.9850701508181      0
      48.965160564757           16.705125844003          0.92389503086569      0
      49.145765951319           14.319298231504           8.6103611519958      0
      48.709256335971           49.262384978717            17.47008450032      0
      48.644713688744           48.990090485794           11.731442971584      0
      49.201549530029           44.014682769775      -0.00027084350585938      0
      49.104973069351           23.664472594215           43.016831108839      0
      49.194998452411           46.811876119154           25.586178147294      0
      49.262496337115           49.162457936067           14.213522908367      0
      49.300300598145           26.477213859558           55.040939331055      0
      49.672768302746           13.317339699582           21.420715670639      0
       49.31746673584           38.767333984375           47.369850158691      0
      48.972769196322           46.227927004437           2.7616990168155      0
      49.383961015558            38.21490345546           49.289937481513      0
      49.317199980645           34.130049153744           52.172306351506      0
      49.408294677734           25.639472961426           49.938953399658      0
      49.461019515991           13.705348968506           22.886658668518      0
      49.435544777452           14.351142426007           24.833291822304      0
      49.463865641317           44.825983719999           1.0588674095492      0
      49.405658054697           32.727484131641            52.55959355489      0
      49.619024313843           25.998705767679           53.716548601973      0
      49.542672274288           39.621433209775           46.114323909957      0
      49.548449119777           47.138784840934           5.7378207528492      0
      49.557689962943            16.41895573258           5.2192321423561      0
      49.514767104177           43.558168619484           39.761809650665      0
      49.844636537758           25.836710097546           52.321093241308      0
      49.882167701508           21.913047151849           38.733974415959      0
      49.610766336479           24.251393999704           45.716622908106      0
      49.567111214469           37.805425658146           50.622363709839      0
      49.517527045686           45.873730092296           27.861933512336      0
      49.855891046592           12.929885585442           19.845200803769      0
      49.615289573165           46.346196424897           4.0122363503479      0
      49.773745113449           29.063343559649           54.640367757205      0
      49.788135791585           36.820720748462           51.885925546501      0
      50.097593728399           16.920316458846           1.9853435886734      0
      49.705662826256           40.693706873828            44.75288840904      0
      50.215911533121           42.112257765248           43.181881261424      0
      49.856014251709           14.367479324341           9.6042881011963      0
      49.914428710938           31.711236953735           53.027843475342      0
      49.794376883708           16.888458307969           4.0389555782511      0
      49.231716243044           12.512671100653            18.20491167489      0
      50.266010147646           44.623620614293           29.736661532173      0
      49.997447967529           42.390998840332      -0.00027084350585938      0
      49.902273767111           43.104216952967           35.961963340301      0
      50.073914055494           39.618609814534           48.469953896406      0
      49.902975099481           30.564533415126           53.545127310912      0
      49.649347854006           48.701026467169           19.753233777767      0
       50.11674203336           43.679643292217           31.451618769826      0
      50.241664985692           35.291333539768           52.445815812352      0
      50.134719848633           15.301803588867           27.541221618652      0
      50.405711120981           47.391451353113           6.8251556691566      0
      50.467585200767           48.123365505338           10.137538030828      0
      50.179309844971           43.111824035645           32.758853912354      0
      50.351675211747           45.337855042856           2.8013396822519      0
      49.955778819447           42.719559478186           34.539370821958      0
      50.068027692377           22.830846092353            41.47117164791      0
      50.397772381485           18.314410963767         0.079135193187966      0
      50.411651662073           15.252394379471           7.3955143094112      0
      50.278798504502           21.452344728302           37.617188125118      0
      50.043499747233           43.903135215083           38.431230823434      0
      50.153177661276           39.882278583566           47.011323778832      0
      50.211657457404            39.05445612528           50.657345839568      0
      50.415280692849           17.483879684088          0.90508747765703      0
      50.390724918875           13.212559858524           16.716910554156      0
      50.765848299786           22.282609982387           40.231387094189      0
      50.411636352539            25.85689163208           50.873699188232      0
      50.433586120605           48.659851074219           15.419505119324      0
      50.395460481608           38.302465400182           51.773955329071      0
      50.513262155779           16.198805594353           28.991886305418      0
      50.632254837205           17.115916194531           2.8345755540072      0
      50.560562133789           14.552629470825           11.010763168335      0
      50.328977698895           47.493317242276           23.490920136163      0
       50.70187383823           45.279164344414           28.613854168613      0
      50.804916922319           43.332821190624           1.8013430667843      0
      51.270450316427           16.563458214949           6.5329633333054      0
      50.610786437988           32.632507324219           52.953609466553      0
      50.355706859509           43.849914498294           37.045118670236      0
      50.406344041923           40.363212052192           45.982280133325      0
      50.670837339326           14.406158024086           23.478425114411      0
      50.764963260925           40.146875954871           49.605518921161      0
      50.818709804327           17.744733146083           30.901926456715      0
      50.809794750784           14.815580905194           8.5880016224739      0
      50.700843811035           20.995462417603           36.605316162109      0
      50.665581643649           25.242993652502            49.30955377677      0
      50.470651135835           27.185068241345           53.817599471564      0
      50.600957267229           24.068802842257           46.672480803978      0
      50.874391449603           48.192606190499           12.633918931516      0
      50.757186371676           24.575235619685           47.914778248627      0
      50.845137768371           44.397316082613           39.534738686934      0
      50.850820368406           23.333946651666            44.92374845984      0
       50.96737106001           26.553956169771           52.209539959613      0
      50.932145094789           37.533694867498           52.295191234307      0
      51.008830878252            43.48592608951           35.478398413273      0
       51.23714790535           14.823814520615           10.092349238713      0
      50.983535053878           45.792549268133           26.982220733902      0
      50.996490861884           48.083912029331           18.266895082686      0
      51.213750014339           17.555412217693           3.8130204476203      0
      51.088607788086           19.325613021851      -0.00027084350585938      0
       51.07657001686           17.464996871109           5.0663657096551      0
      50.740398251621           46.012366757709           5.0078061345211      0
      50.939657582107            29.90068204409           53.241921748333      0
      50.793343273282           28.365381478219           53.834664688152      0
      51.286666085541           36.281940151799           52.584909794549      0
      51.150489807129           39.533832550049           51.688217163086      0
      51.290672531526           17.652386505654           2.0073905330193      0
      51.206207275391           41.144367218018           45.344257354736      0
      51.711094013235           21.833656944763           38.980047296851      0
      51.174629880312           40.773817522017            47.63098106526      0
      51.233474731445            38.60168838501      -0.00027084350585938      0
      51.238059997559           47.699413299561            8.280065536499      0
      50.832029150097           43.591245987114           41.248841976062      0
      51.400310789334           46.244504061781           25.202875102757      0
      51.265357971191           31.346046447754           52.989517211914      0
      51.221294601884           44.874285894293           38.030531349623      0
      51.289474487305           40.471248626709           50.788650512695      0
      50.891992254654           13.222156024753           18.822646674966      0
      51.351511585221          0.24938769200103           59.024055354185      0
      51.406305802796           44.706738049804           36.385825032618      0
      51.371414150399           42.889750194754           33.966615428423      0
       51.41242980957           1.7365036010742           58.341751098633      0
      51.455268859863           41.139957427979           49.514472961426      0
      51.461498260498          0.45270156860352           60.501045227051      0
      51.475357055664           0.6305046081543           57.545886993408      0
      51.549965397058           15.778922414222           27.551749589302      0
      51.559785677563            2.108154685786           59.424454432119      0
      51.700976402712           47.940944798396           14.377949827471      0
      51.643926975407            18.44667675731          0.99100867810068      0
      51.597505526116           2.7455316399681            56.90601154515      0
       51.97697356678           16.003547493859           8.0909247826341      0
      51.639823913574           23.603450775146           47.739273071289      0
       51.45026230938           46.367218861199           6.0801056188422      0
      51.625333543699           24.105162625788           49.156400493141      0
      51.694276998493           43.867424917988           30.146794216811      0
      51.633493506008           44.939718466486           4.4111676343882      0
      51.775408230323            27.79666112573           52.676451920508      0
      51.714984483731           12.972003329551           53.970150467645      0
      51.716570279779           1.4968813193187           56.247877162018      0
      51.737613677979           14.106903076172           21.606803894043      0
      51.756721496582           25.161373138428           50.207824707031      0
      51.763618469238           11.273283958435           55.110219955444      0
      51.761818710813           15.284107132206           53.053979434626      0
      51.855750751306            17.95202369671           2.9316288771431      0
      51.773208618164           21.632322311401           37.537124633789      0
      51.838002542629           26.179879356028           51.260647258445      0
      51.830036018393            14.38196707985           52.045778670317      0
      51.769252922347           11.156725359878           53.796444177533      0
       51.95893250735           47.368488040577           11.423616431594      0
      52.267515547088           17.249663807815           29.346491174505      0
      51.928350421188           37.462168810165      -0.00027084350585938      0
      51.849998474121           42.878128051758           32.536567687988      0
      51.854459887892            4.703288336329           57.870924941053      0
      52.016267666465           45.572844259261           39.236506299139      0
      52.015673182661           41.783662465342           48.237205115874      0
      52.024707060459           15.476194160739           9.3794495804843      0
      51.877577944177           39.919085379421           1.5525764336499      0
      51.879107515073           8.6983807765186           55.370922470807      0
      51.887969970703           6.7139225006104           56.363552093506      0
      51.716261850028           23.323528961406           46.304309826266      0
      51.976728847814           7.1412846855582           54.434799191789      0
      51.999146451356           44.325357545858           34.909786146613      0
      51.930778503418           44.745796203613           40.442611694336      0
      51.867936557217            43.73130344084           3.4199093813236      0
      51.942115797931           5.0793163423151           54.848791459394      0
      51.943882496821           14.019531451139           54.909048216408      0
      51.955561253475           18.358872388913           51.675861023396      0
      51.736875828348           38.633929055954           52.144486413807      0
       51.97187902432           11.822001210556           52.257550864067      0
      51.965026855469           14.964017868042           24.851686477661      0
      51.967109680176           2.6102409362793           55.123466491699      0
      52.016884187191           15.363888009643           12.496842073732      0
      52.018512252045           9.7727963475439           53.057997127764      0
      51.980327028769           16.976540053047           53.458694915666      0
      52.038492115326            22.59421224001           48.300066822017      0
      52.065779249405           8.0636418909706           56.918107733008      0
      52.004228434708           20.999265829159           50.214938482749      0
      52.052804668352           18.076831028439           50.357626639277      0
      51.932257637616           29.207561875616           52.770673431421      0
      52.140549670822           2.4812295239925           60.634272341528      0
      52.068938409552           22.408773936866           49.547137755839      0
      52.080406188965           9.6899013519287           56.537818908691      0
      52.084323883057           13.584596633911           51.257049560547      0
      52.086982727051           14.548183441162           23.095283508301      0
      52.101477560337           22.832634235045           44.767408947987      0
      52.180904261702           20.949486942371           48.931671328853      0
      52.163580526792           20.681100992498           51.541387921138      0
      52.092967459297           46.039095671096           36.955592792451      0
      52.174343109131          0.94200134277344           61.645263671875      0
      52.182940875298           4.1952204621637           59.433664054902      0
      52.247597220635           6.6754285285697           58.038538732576      0
      52.142667782404           41.757367413242           45.822243892945      0
      52.353316793672           11.592386782441           56.404596056127      0
      52.082092669351           18.288765898055           2.0938634507816      0
      52.307312647004           19.582892863481           52.635554986479      0
      52.179164822398           44.069975734009           41.877568337853      0
       52.28659084306            45.63829461352           35.667448624466      0
      51.921949207493           30.228082225788           52.884395747414      0
      52.068712056541           37.387612766505            52.49985227393      0
      52.262342150105           16.405322233336           49.933859404592      0
      52.384438461124           4.8325430441182           53.507015806726      0
      52.282547421287           22.137041619808           41.156663937764      0
      52.414500932015           6.8143735505042           53.101139113815      0
      52.451492340862           39.863347142228            51.77084829203      0
      52.491572335657           27.046242564005            51.97871536232      0
       52.36119753243           22.323166989854           50.898970876742      0
      52.485352816527           44.541981694969           28.503326708672      0
      52.471317049339           8.7627451828376           57.559642797687      0
      52.426795959473           41.178386688232           50.812690734863      0
      52.403280814645           18.963156327057           48.846781062484      0
      52.451141357422           46.987005233765           21.269824981689      0
      52.756410496496           47.047097583741           13.354309096741      0
      51.473200088878           19.261614236146            32.94366718566      0
      52.455980914563           46.365580938441           7.2936539598187      0
      52.535737877634           10.714361147781           51.519781658086      0
      52.492561340332           22.543161392212           47.056282043457      0
      52.554029452004           43.835556530625            33.63328542724      0
      52.499292281959           23.855365107468           50.405550927763      0
      52.440891035283           15.623983513293           55.178470422752      0
      52.518951416016           43.125999450684           31.184694290161      0
      52.519233703613           46.939598083496           8.8484649658203      0
      52.490013938681           15.833176866623           26.748596882421      0
      52.669116475717           17.724432506525           54.481186001309      0
      52.548894882202           22.852564811707      -0.00027084350585938      0
      52.554078651839           21.599184210353           47.600428177909      0
      52.579467773438           41.993362426758           49.533302307129      0
      52.693638464144           25.098278772778           51.032439539431      0
      52.356915950945           14.087224856239              19.103509402      0
      52.501824558846           43.418766951709            42.99635225955      0
      52.848475374737           14.118394696879           56.288058228147      0
      52.628616636569           21.624660294737           52.051701506341      0
      52.885171590766           14.682096816665           21.212604029765      0
      52.685935974121            1.285701751709           55.222026824951      0
      52.692901611328         0.048801422119141           59.612747192383      0
      52.852694052612           46.814643033007           35.884751174471      0
      53.050629765662           45.039713995698           26.423533707518      0
       52.80481994617           18.431525694819           30.664350080811      0
      52.822911017789            2.865330232469           53.713881481319      0
       52.94937699016           38.942456190859           1.9128958016846      0
      52.750267028809          0.70190048217773           56.651462554932      0
      52.737571725072           10.186938713273           57.424950048288      0
      52.775539398193           15.956024169922           10.256547927856      0
      52.894417318558           6.3979383831408           59.248641053979      0
      52.813479387211           18.667260920007           3.4996383398162      0
      53.389893954126           16.848425798475           8.7591321215677      0
      52.922507444332           6.1096283963139           52.208709687914      0
      52.610168438707           46.851790995455           37.914633513532      0
      52.786341143175             28.2070557528           52.370101484495      0
      52.886871337891           15.169431686401           49.316619873047      0
      52.923109812261           4.3001930102984           60.521813221122      0
      53.291989324938           16.862177948251            27.84926713135      0
      52.879038674872           42.781091016077           44.555348723982      0
      53.001480970324           2.3945797197772           61.879428951784      0
      52.919935594528          0.58273158061691           62.710445374528      0
      52.921890522781         0.054425987191612           61.273717662713      0
      52.962615966797           36.617645263672      -0.00027084350585938      0
      53.084503783831           42.599548453688           48.336874911674      0
      52.861023280171           8.1230108216648           51.924282551226      0
      53.291947663503           8.9315569471227           58.517440128762      0
      53.263653101205           23.040266373964           52.072106330263      0
      53.029299806605           16.948926356546           48.673079390405      0
      53.109405517578           22.637697219849           45.722190856934      0
      53.172852767707           20.373868962993           33.839679449544      0
      53.077563321854           11.375339882225           50.414048861492      0
       53.01097788077           45.949697458556           34.587107589077      0
      53.017498729891           19.482847557261           2.0622465014206      0
      53.154098510742           46.989650726318           16.921809196472      0
      53.137047714026           26.039061462162           51.730668341597      0
      53.413159553769           46.811045675977           15.352259345535      0
      53.189043998718           36.549041748047           52.678352355957      0
       53.29138313884           47.782165196946           36.516115558838      0
      53.206596374512           43.426822662354           32.479801177979      0
      53.233478546143           21.723251342773           37.185371398926      0
      53.185220768125           12.158779640766           57.352096104354      0
      53.196292533606            18.45399460117           48.130718808881      0
      53.231881977555           21.382731464816           53.135724794465      0
        53.3254902905            15.66511136091           24.896987799422      0
      53.239662726337           24.397665630975            51.59706714446      0
      53.263053894043           4.6965942382812           52.225959777832      0
      53.211736982525           43.428858107626           29.916119157061      0
      53.359697429936           16.868206064243           55.757279346552      0
       53.34856410517           40.293567996553           3.2009340435715      0
      52.877823928009           34.395524925429           52.885630825145      0
       53.60855858771           38.510043319906           52.245289624003      0
      53.540611592541           18.965489141261            4.681344705796      0
      53.354917075291           20.029670159239           47.544090030246      0
      53.496738397535           30.357982653201           52.609701875631      0
      53.645081836549           24.511433879654         0.035770904970378      0
      53.235681041335           47.271360893089           38.900315991799      0
      53.324793725391           22.308537740141           43.457587687114      0
      53.532516479492            44.89342880249           6.0067806243896      0
      53.547563224237           6.0582290619986           51.453430620136      0
      53.558558090303            43.14349784778           46.909273616477      0
      53.538863556978           40.704190498549           51.264580673648      0
      53.295424295891           44.961916961774           41.993008711787      0
      53.524515787548           46.129933030104           12.030739373577      0
      53.604459543548           10.832300850798           58.196256828035      0
      53.547812291693            44.92403655767           33.293502393799      0
      52.992452226818           20.953555158735           1.1205443625006      0
      53.488352629574           15.313867334282           22.433401288225      0
      53.740551865334           38.053857137272           1.6095004934185      0
       53.60191039873           46.941595163501           40.085507214536      0
      53.668739318848           1.0204010009766           59.013191223145      0
      53.720615163552           21.846582624381             46.7208038893      0
      53.743547010758           47.715839152113           35.404067016402      0
      53.821278757318            41.81844071237           50.528049323529      0
      53.609029229817           1.5878661333483           56.297879011297      0
       53.68248667179           21.480105666281           35.655013423817      0
      53.706817626953           2.0171661376953           54.879482269287      0
      53.713397979736           43.987243652344            5.247522354126      0
      53.678839831279           15.162068502606           20.172224818342      0
      53.748406736882           3.7794471921166            61.73801634503      0
      53.901298805928           5.9929279906524           60.480338520917      0
      53.828141580487           26.992598949457           52.116447185456      0
      53.810746918382           16.440477691953           26.337176724902      0
      53.695335867074           7.9680333025756           50.867595648424      0
      53.685370896804           48.199285761399           37.654010121773      0
      53.862210877496          0.83625839176884           60.459804589829      0
      53.702222650306           43.088612795393           31.475995559171      0
      54.097010498157           19.866409125352           3.7344329010297      0
      53.925622251798           15.040252026744           48.755412870777      0
      54.040300662385           42.742449945054           49.313399834664      0
      53.932182312012           10.151622772217           50.006465911865      0
      53.828104740002           12.262416109071           49.518167908711      0
      54.077208670854            23.33991126184           52.958038656811      0
      53.952430725098           44.871326446533           43.165981292725      0
      53.956298828125           2.8285713195801           53.844215393066      0
      53.917046457315           1.6270138016665           63.119778222721      0
      54.564463158948           43.861374675624           26.865848407954      0
      53.787671807724           18.538242315303           6.2414994243042      0
      54.222649092103           43.247572796428           29.245820106171      0
      54.095252454809           15.767151218249           17.769210659945      0
      53.972466682224           22.968013504479          0.96909474520037      0
      54.606185832931           16.257272396669            22.48237832508      0
      54.171653747559          0.63715362548828           61.997085571289      0
      54.095248102381           14.683990164755           57.351830832287      0
       54.11667469463           48.542734816195           36.244529707118      0
      54.327120147609           17.913248830645           47.836730905804      0
      54.301511858008           46.770442169149           33.950951987971      0
      54.270668029785           11.968350410461           58.389841079712      0
      54.273592482859           21.225864555327           54.339011235081      0
      54.393346748987           38.978381547725           3.1397765781275      0
      54.241298885431           25.321389556977           52.289429823435      0
      54.471553649732           28.543406135351           52.379426737432      0
      54.260805079808           16.730376409563            56.64736961344      0
      54.470033358302           43.318165601488           48.430136922608      0
      54.707702765311            44.31348603343           8.5193752061984      0
      54.408161814583           9.6191861963368           59.196053377253      0
      55.102155362771            17.65592766184           26.900799569429      0
      54.194323841682           22.526872541685           45.688874846244      0
      53.967092723608           19.672168834999           31.868346780323      0
      54.406721615092           20.990892941476            2.787664208446      0
       53.34844932161           45.825950048368           23.727512138863      0
      54.435485839844           5.1382236480713           51.894889831543      0
      54.701867142485           21.373497378161           34.047741384005      0
      54.453071594238           3.2391757965088           56.764074325562      0
      54.512846624826            44.19119928168           46.546415020829      0
      54.504642486572           44.205642700195           32.247364044189      0
      54.701255091442           43.719085031695           6.6253580173907      0
      54.518814983458           18.607343670524           29.194222476105      0
      54.545837402344           48.379463195801           39.073905944824      0
      54.635845361705           20.313200441224           47.146548530402      0
      54.928019609774           39.937604019138           51.642353941088      0
      54.596099853516           15.981853485107           19.241363525391      0
      54.614658943155           40.113449466658           4.4175304456311      0
      54.949717636601           16.708102901892           24.708002512313      0
      54.627914323071           6.3545621951186           51.049139489375      0
      54.832861448327           48.130618297113           34.891656808259      0
      54.473296939151           42.888246431857           30.391636208788      0
      54.255016058664           21.857806793746           40.270218631727      0
      53.839321098403            16.36779147134           14.888162390465      0
      54.625840832178           37.129755445413          0.96260548447583      0
      55.070753988518           26.000806129217      -0.00027084350585938      0
      54.739744895306           21.901478098206           36.403331921525      0
      55.022042528548           1.6056214407425            61.46616045389      0
        54.8104458201           4.9137398829597           61.781182597867      0
      54.716117419369           45.035399030505           10.798071329662      0
      54.723873104724           2.5471381457534            59.41167989354      0
       54.80931854248           2.7593765258789            63.05933380127      0
      54.834831237793           46.629253387451           42.050231933594      0
      26.745000054006           24.881907426314            14.46532385471      0
      54.818559908675           7.4449188444378           60.339527226836      0
      54.730991408112            35.79061332755      -0.00027084350585938      0
      54.588707399657           45.467625299821           13.814478321976      0
      54.852415855709           7.6286219635976           50.440695126144      0
      54.916939017937           9.3405258235327           49.903996400738      0
      54.913098274099           48.998358598331           37.543483834155      0
      54.896573559863           42.347773263045           50.086817716181      0
      55.198508340297           19.828683143309           5.6239305993171      0
      54.952659606934           12.853115081787           49.155109405518      0
      55.504066192293            35.40136065763           52.636446190896      0
      55.026249131816           24.162524798375          0.86363148415189      0
      55.009648082635           22.052821464332           46.517389142749      0
      55.213084648584           4.6639215567469           57.028516740859      0
      55.057430916895           24.272519879414           53.240512670359      0
      54.964895815893           26.709249627056           52.426721328626      0
      55.175959673495           37.925680728507           2.0627787741386      0
      54.999802977005            22.43230092401           44.081641739989      0
      55.158716242512           22.070610365825           42.058322221719      0
      55.046370762917           10.884125659164           49.547675809804      0
      55.059043884277           22.847524642944           1.8940334320068      0
      55.200220859885           16.696301482413            48.29569295129      0
      55.092994598356           13.791197750325           58.287941008357      0
      54.951653881114            5.102461395999           54.651276633854      0
      55.121658325195           22.886932373047           54.022155761719      0
      55.136112213135           6.1748523712158           52.358852386475      0
      55.143026351929           42.240343093872           6.0640907287598      0
      55.163009643555           45.146531105042           21.917953968048      0
      55.164321899414           43.261413574219           31.348178863525      0
      55.258353751206           15.283235017304            48.75155704692      0
      55.252604718647           43.419978804823           49.122432810268      0
      55.371379701425           20.050587794748           55.603053052065      0
      55.206994601957           45.484197412169           45.095994406211      0
      55.475423865525           38.949479546762           4.0241822136784      0
      55.358299112905           22.017592971922           35.008155012446      0
      55.294786453247           42.977247238159           27.659737586975      0
      55.722842476083           42.400699619473            7.158210497092      0
      55.494341231003           2.6794783453523           60.536737853649      0
        55.4694629607           1.4790102418256           62.733066496921      0
      55.240765044819            15.67479234892           57.616107405868      0
        55.4302927425           41.266032989082            50.88746085652      0
      55.606030805897           47.326790685067            33.79185977577      0
       55.47448997094           38.657703038611           52.097734185252      0
      55.548409931655           20.819465390927           31.930583088827      0
      55.443248572399           17.567020777769           56.851633036887      0
      55.527656555176           7.4024410247803           51.445667266846      0
       55.55600556659           25.665544857171           52.911630296793      0
      56.024933381408           22.010037459155           33.157981963417      0
      55.400223682227           10.652250414207           59.374188421039      0
      55.554153442383           44.277812957764           47.861282348633      0
      55.566822052002           42.481544494629           29.319379806519      0
      55.601001946946           48.935729331021           35.970871619188      0
      55.654609339322           18.554337579208           47.855562865002      0
        55.6518081096           46.115402811777           32.922056187612      0
       56.14263272598           17.796088790625            25.35574118743      0
      55.339144449636           20.827030871845           4.4359119174163      0
      55.659206390381           19.185053825378           7.4939813613892      0
      55.766789006202           22.127276727039           3.4309323610269      0
      55.358185394744           47.418987071378           41.454037708308      0
      55.738416307966           28.217392523351            52.49396261796      0
       55.76753906729           4.6314922594142           58.470510966901      0
      55.723508679644           16.722473615509           19.250161832482      0
      55.635358543333           40.307893860124           5.7698264549429      0
      55.732582092285           20.861167907715           47.171398162842      0
      55.977792356741           4.3058145337525           62.550170775416      0
      55.351232068684            44.23543014255           25.115551563509      0
      56.645877205025           42.551071982581           25.983398161152      0
      55.628404346564           7.2843365847191           54.315527362477      0
      55.739415972829           6.2482295772753           56.351515722552      0
      55.679279802351           44.272948131259           31.892693602547      0
      56.142132939346           48.872526903243           39.069509352434      0
      55.840522766113           8.6186580657959           50.814197540283      0
      55.456496827458            45.03840778043           15.583677335239      0
      55.645372233888           22.022210595126           37.753232477811      0
      56.301849307695           36.258429993562          0.76769083462489      0
      55.854329532562           22.742026315375           45.598819609694      0
      55.913375854492           37.546806335449           52.351364135742      0
       56.87294128887           25.044890462291          0.98207179798951      0
      56.016864728329           5.9231655534561           61.715141399885      0
      55.836346463598           38.351765202687           2.9883387154789      0
       56.00031973387           46.648621517625            43.74371935121      0
      56.067941973172           9.7476270606102           53.000921879367      0
      55.659046598793           44.615069573474            23.56641949451      0
      56.677527604456           22.840656979039           44.252757043188      0
      56.030256300014           12.880578431192           49.432825560558      0
      55.922760334868           14.301805196091           49.174904301872      0
      56.199675468941           20.144685709305           29.568293351096      0
      56.047370910645           22.053617477417            40.62349319458      0
      56.060531671329           10.255020256123           50.125944009547      0
      55.198051490202           17.834859407685            9.473790749241      0
      55.763167159712           22.191071738416           46.885130870539      0
      56.089862823486            34.64147567749      -0.00027084350585938      0
      56.099645614624           18.116539001465           10.754510879517      0
      56.101379394531           16.401432037354           48.857383728027      0
      55.925830608902           44.782524433928           18.029958378584      0
      56.110546112061           11.497337341309             49.7646484375      0
      56.255506916762            23.96537845431            1.547712852408      0
      56.164585424039           22.370414485144           36.211615144356      0
      56.234076273664           48.188178967505           40.860216857132      0
      56.007887542477           8.0180253427981           60.654528757188      0
      56.274509994967           48.233482270998           34.653953871562      0
      56.185037670217           13.067741785593           58.798720890508      0
      56.134957944655            3.938524040335            59.79740355269      0
      56.291290008743           42.528205600065           30.699400060263      0
      56.216981126519           18.854519465257           56.251831501788      0
      56.318328378406           26.973543398807           52.652125137303      0
      56.294403076172           2.8873023986816           63.151382446289      0
      56.119209312852           39.033171259921           4.8856296853741      0
      56.319681482193           24.670548890727           53.449112748113      0
       56.36967647392           49.152338606668           37.254467207361      0
      56.206439455379           23.131354324683           54.105748707604      0
      56.284679645717           20.933028425114           55.179504760512      0
      55.859800037943           17.430467813238           16.436718273225      0
       56.35481262207           11.058681488037           50.985172271729      0
      56.251632872024           43.537788089142           10.857139442694      0
      55.979517796458           17.790152489817           14.162990617662      0
      56.046292434917           42.452477444625           50.015765862162      0
      56.415748596191             22.7666015625           34.402278900146      0
      56.382855086674           15.051842566815           58.010681116429      0
      56.532952144652           19.536105422981           48.195244466197      0
      56.482997817503           8.6662669369242           55.828006706699      0
      56.646176397734           23.195731278026           2.5583355232895      0
      56.442489624023           17.440233230591           23.539485931396      0
      56.389049225716            2.291618119611           62.276131251166      0
      56.505065917969           15.143882751465           49.382385253906      0
      56.562921865495            45.33543126163           46.774778651369      0
      56.579348742115           21.731866535766           5.1214634335853      0
      56.598400718072           43.633004688856           48.970292105629      0
      56.669900776868           21.129484690681           6.0938331065925      0
      56.587669372559           17.538686752319           18.214672088623      0
      56.629612388669           12.408787480174           50.501303269777      0
      56.558684389858           16.458714698482           57.372073772602      0
      56.435015600115           6.5113065391441           57.603147757579      0
      56.571113723263           42.727090918291           9.7692263117126      0
      42.091851534641           24.862953262446            4.651205320725      0
      56.445031983646           40.798591624911           7.1746448109959      0
      56.406929011265           40.282349362966           51.303704715861      0
      56.642661693499           11.116857831795           54.246660348079      0
      56.651347641027           39.307466277349           6.1630863865241      0
      56.698497772217           41.816963195801           8.3927116394043      0
      56.526794397616           18.238350073004           12.095074595305      0
      56.733386444664           43.743241270322            16.37887519424      0
       56.73549067901           13.249273265403           52.629264649373      0
       57.08190205973           20.539521692934           7.7109223596095      0
      56.889206616878           37.231121750762           1.8580265411223      0
      56.791858673096           19.198072433472           26.932497024536      0
      56.885978245612           17.606839656292           49.235526083661      0
       56.55119059029           21.490737512941           31.454781657362      0
      56.883160758333           44.676728324658            47.81530978365      0
      56.978183298884           10.845767588307           59.582151442313      0
      56.747604753467           19.503005267399           8.6410077639987      0
      56.864645453484           13.808768202359           50.191798705453      0
      56.877819061279           41.380268096924           29.589096069336      0
      56.908828735352           43.389583587646           13.004714012146      0
      56.817170786705           47.465957728757           42.935914725426      0
      57.024648108388           25.853397371208           52.757661523362      0
      56.938611984253           17.734163284302           20.459818840027      0
      56.949672698975           17.518562316895           56.706764221191      0
      56.963882446289           46.286148071289           32.704849243164      0
      56.970531463623           39.758068084717           7.2429447174072      0
      56.877116528807           5.4488719539632           59.013085973834      0
      56.985336303711           4.3799095153809           62.555686950684      0
      56.913500083013           44.051166084854           20.714683054535      0
      56.725293221989           32.777560077252           52.566888541659      0
       57.02804675257           48.760953702034           35.845110833673      0
      57.223573704573             44.7351944017           31.785624103848      0
      56.998333391321           10.559477459262           55.395790616249      0
       56.95556912473            23.02596152579           46.528176410096      0
      57.002061538985           15.002252176748           50.585104866554      0
      57.194348462179           22.385583525351           38.572066732898      0
      57.066925048828           43.418842315674            24.04988861084      0
      57.071647644043           43.853332519531           22.759004592896      0
      57.088554382324           16.165006637573           49.681144714355      0
      57.090198516846           8.4368324279785           56.874691009521      0
      57.176439978867           13.233765226835           53.855230072761      0
      57.214277838165           8.8323647163146           60.353553416539      0
      57.137130737305           22.375476837158           47.752784729004      0
      57.472359741867           20.958080709967           48.702465473166      0
      57.114338433884           22.710564520116            42.38432861303      0
      57.256001577067           28.876990738086           52.348530800316      0
      57.063516409323           43.288484307144           31.085451158804      0
      57.172674179077           38.554555892944           3.9782495498657      0
      57.156433271473           6.4639397649234           61.547419852156      0
      57.192852020264           19.185718536377           10.126455307007      0
      57.228446960449           12.509746551514           58.921287536621      0
      57.230968475342           16.294925689697           50.823997497559      0
      57.300933837891           18.777616500854            55.93921661377      0
       57.19681302376           46.783576075555           44.581898337164      0
      57.326484680176           18.108068466187           22.756692886353      0
      57.474045586648           18.824579687329           24.748970269359      0
      57.372142347366           21.859093053071           54.318834056495      0
      57.389678757618           17.138209018727            51.57359236317      0
      57.380231207733           13.940909582238           58.201787036675      0
      57.669254363286           18.776680078553           17.624571623985      0
      57.678290549844            41.70041802277            50.31093220062      0
      57.464836120605           28.371364593506      -0.00027084350585938      0
      57.493362426758           21.520919799805           7.1278285980225      0
      57.280139886774            48.95920227295           38.865543168737      0
      57.420402656044           48.017728121119           34.758127442107      0
      57.470817567493           24.130473469408           53.122880413019      0
       57.50149276242           9.8351160980064           56.334331527984      0
      53.847757951663           26.776734751173           32.013822287549      0
      57.554710750681           19.147801833235           49.558494519881      0
      57.448094890338           38.898142412832           51.699568621619      0
       57.18547590132           41.272128711375           27.927322929265      0
      57.553108215332            11.96647644043           55.094734191895      0
      57.553245544434           37.043243408203           52.187072753906      0
      57.430546565589           3.2178080650803            62.18573823869      0
      45.491265257305           35.973327938264           14.747030175017      0
      57.582263946533           4.0934028625488           60.942848205566      0
      57.605070473121           18.652359221355           50.958529622843      0
      57.591585502965           17.540926726947            50.11126615506      0
      57.746219972253           45.996719299424           46.087026072348      0
      57.626781463623           15.153646469116           57.507213592529      0
      57.426652560392           27.050871888076           52.296043754041      0
      57.678043214601            21.99496613394           5.8579405818941      0
       57.73208401757           22.778853896479           36.902936804931      0
      57.544217129256             18.8856194394           15.768171468347      0
      57.556324623636           15.371129944197           53.020101447399      0
      57.570364537687           23.517961098149           33.793784259758      0
      57.816393005865           20.274481686238           9.6140984056175      0
      57.527888496605           23.269478732847           32.319154195056      0
      57.759295821484           19.982935026478           50.908245984796      0
      57.603433495102           42.022796944653           30.530737454941      0
      57.602448520281            22.34329102612           4.3803152008584      0
      57.758556365967           19.183794021606           12.845148086548      0
      57.992133246057           37.842624979083            3.021994510573      0
      57.662008763291           7.4454979818406           58.001464964347      0
      57.313761782044           39.000041828703            5.597451947177      0
      58.070003177716           35.922377088219           1.2031242235244      0
      57.776894552497            41.41600569992           10.399622462572      0
      58.101904109904           43.024435591543           21.784366840288      0
      57.552490070695           48.684944434382           40.386346579943      0
       57.48095706405           42.305931651001           11.427010168232      0
      57.580993466999           48.893817228117           37.022416388126      0
      57.618408917294           16.671078796323           56.747456124073      0
      57.785577280379           40.381003481275           9.1207241654134      0
      57.867410550635           42.817582188512           49.500089069039      0
      58.108206845674           23.437032996897           48.096380776267      0
      57.887077331543           42.505867004395           14.084288597107      0
      57.901565551758           39.446063995361           8.2537078857422      0
      58.244951154397           20.320070305766           25.814212184309      0
       58.10838471403           42.382799514173           18.324799024181      0
      57.742982209564           22.250278787007           30.148845245884      0
      58.344315751784           46.511001127438           33.329534210217      0
      57.780832405346           45.139585917016           47.297650433576      0
      57.763843751998           5.4930766172441           59.660715107008      0
      58.070589909674           44.181670529671           48.280376829776      0
      58.046359597748           40.421431916194           50.906530502166      0
      57.963678756095           39.044417792571            6.884839687662      0
      58.019763946533           32.159343719482      -0.00027084350585938      0
      58.242349690108           9.2932986039388           59.694650919476      0
      57.940686717173           21.270276052788           8.4279163118892      0
      58.212202095842            47.65401802936           43.360754661373      0
      58.053924560547           11.237112045288           58.947219848633      0
      58.120940545647           25.601687222413           52.071673792842      0
      58.147590121545           17.523391531722            52.48872939912      0
      57.816866613125           48.282745992473           41.820597928068      0
      56.507855954835           29.812184548582            18.51866011814      0
      58.121897089923           21.458877847819           50.906811530222      0
      58.058766979629           18.280151723428           55.615547280638      0
      58.065273004483           22.400056495622           48.751485832236      0
       58.19490898757           40.046130676012           29.169856490537      0
      58.095109402066           21.344301434578           49.663178617978      0
      58.196128845215           40.832168579102           30.320289611816      0
      58.195253195292           21.034778926978           53.936917047335      0
      58.209051434896           22.963939263419           52.767476328697      0
      58.242149353027           4.7059020996094           61.944931030273      0
      58.268095147118           18.889827402822           52.009852889708      0
      58.364990977353           9.0393317866205           57.340942026579      0
      58.421106000362            23.83798746642           46.818451441058      0
       58.16870171984           21.294990104647           27.678309343653      0
      58.137490825052           14.332078144065           54.113804450395      0
      58.292304992676           30.754024505615      -0.00027084350585938      0
      57.981518863346           42.993081911189            19.82136550176      0
       58.29244812549            48.25158806587           35.869370084796      0
      58.295166114355           13.277923195711           57.806346793074      0
      58.506693701248           19.638658932774           18.698286521536      0
       58.36724549115           6.3855665237691           61.201792687953      0
      58.447226628804           22.976157413052           49.886761159829      0
      58.309503604202           24.298144938661           51.893849799632      0
      58.078379779462           40.993984681401           26.289984650743      0
      58.379574973068           5.0700991455521           60.515306739196      0
      58.438023061056           45.585064910989           32.302913506826      0
      58.448765724826            20.96664475609           10.090499128641      0
      58.273683405807            23.52898978291            44.77021107388      0
      58.483757019043           20.419363021851           51.748104095459      0
      58.117718401989           22.721417335828           39.106599896237      0
      58.536760618567           42.273842162704           23.058586472834      0
      58.538203539906           23.092298148293           51.152478794605      0
      58.631675520252           24.901728063814            1.662098018636      0
      58.552060393995            48.72872301614           38.157772401644      0
      58.520916301466            10.30809685052           56.676274860164      0
      58.584670031175           20.370283218031           53.214938746243      0
      58.571046695907           21.742708975802           52.151745745115      0
      58.555537318699            6.999467333241           58.918334565218      0
      58.597579956055           24.537322998047           32.647342681885      0
      58.562784609527           40.893429192456           11.617580228205      0
      58.491127183369           16.012325210608           56.169845525203      0
      58.688449682093           20.107071225502           14.694701588521      0
      58.607253414326           23.369584922295           35.971199685127      0
      58.656971294382            15.59534145167            53.87471236321      0
       58.61465490893           19.205392015551           54.020493206818      0
      58.664905227174           39.081014435826           9.1270907473693      0
      58.626613170243           23.990708112919           31.067288054175      0
      58.423634788206             41.5356188493           24.689048849444      0
       58.68864440918             23.6708984375           49.068923950195      0
      58.783309712669           23.518961326796           42.355880892547      0
      58.703818202674           12.477902913778           55.707816444776      0
      58.781131231817           41.338572184936           13.647995201684      0
      58.701230149666           19.632779336309           52.740473327591      0
      58.790806497719           26.950704622167           51.641938002781      0
      58.742992706245           24.458523755132           50.443632985129      0
      58.703385722054           46.516493853877           45.306161552018      0
      58.752737876064           17.605759501138           54.704206862676      0
      58.751403808594               39.32421875            30.13122177124      0
      59.109098703022           44.389330825661           31.831971105238      0
      59.219509264833           47.011630919857           34.440259317343      0
      58.787891372253            18.30183649103           53.154622820699      0
      58.262675893698           22.950641815851           40.869708910094      0
      58.769488680193           16.833213580149           53.460852599443      0
      58.218477895736           23.558457364578           2.3766426475466      0
      59.177557857851           22.016345796638            26.30270262248      0
      59.374509793994           37.203922419055           2.7781453449524      0
      58.911945793074           9.8323529961313           58.682705944669      0
      58.834526062012           25.404693603516           50.967987060547      0
      58.528110173945           39.904538787556           27.658982588955      0
      58.781899038277           13.582964480192           55.092753601781      0
      58.873079299927           20.472178459167           23.879402160645      0
      59.073061841263           37.237263852115           51.763447478409      0
      59.055758289478           24.431835511259           47.998943526421      0
       58.92755328049           11.421873240798           57.893860617401      0
       17.14690754379           26.940066978899           19.972240884573      0
      58.961681365967           13.927282333374           56.251831054688      0
      58.658383327145           33.385264070302           52.191009286073      0
      58.751578383378           28.686611602312           51.905276908034      0
      59.148411422453           23.771448263163           28.958664823569      0
      58.976875305176           16.468385696411           54.531410217285      0
      58.746967238149            22.54165876005           3.6555057574224      0
      59.238922639074            39.02493514493            51.15593701345      0
      58.887136531344           21.888961071307           7.7786810433978      0
      59.020409832022           12.460114810876           57.031735650965      0
       58.84307560281           21.862324753288           6.3919147421298      0
      58.798718517167           22.038772884938           5.0253530573627      0
      59.006895462981           15.065923185429            55.05423110356      0
      59.108285398484           45.270287945911           46.830671151726      0
       58.66139538339           48.817118577657           39.594510076057      0
      58.980883696934           8.3910398123376           58.179592218799      0
      59.028478192158           38.840428695557           28.925687606626      0
      59.034850722285           8.2581003247506           59.454200410092      0
      58.061733421017           26.358984134775          0.83350393354005      0
      58.737036809701           38.943351195977           6.0591444901503      0
      59.112125216301           42.140172837616           49.563199383575      0
      59.126279619869           38.835434367415           7.8078325857604      0
      59.073433658325            6.508252751851           60.004387827576      0
      59.149108886719           41.842758178711            20.40878868103      0
       58.92094250511           48.647070279597           40.811332406194      0
        58.5076178233           34.114552374278          0.69094886730503      0
      59.176651000977           11.345367431641           56.773574829102      0
       59.23133715077           41.649163919204           30.952137947334      0
       59.01302483841           24.125296831956           34.490788855664      0
      59.208698482569           22.010242467378           9.2578253034051      0
      59.185176590251            24.77018307145           49.162981169517      0
      59.184588225391           42.975363705512           31.299442465724      0
       58.78989526613           19.992103655943           20.770981126803      0
      59.266464233398            21.09349822998           12.407998085022      0
      59.138363523928           48.246907161698           42.163295485856      0
      59.291933723064           10.047831741226            57.62517067329      0
      59.253614441498           21.800351415939            10.42359086928      0
      59.397315396155            37.94666693972           29.797451424832      0
       59.34659304568           47.582098698013           43.499978895457      0
      59.369956970215           38.764358520508           10.441034317017      0
      59.600310179577           24.708718648735           46.223019808978      0
      59.383251389277           40.256831576838           31.036886904529      0
      59.543980176459           25.568527390795           31.328023457299      0
      59.471604312818            25.64730603029           49.924852238726      0
      59.451400756836           40.215789794922            13.19206905365      0
      59.837388617559           21.684449658563           15.243525795554      0
      59.457172547449           43.602788307607           48.201810943218      0
      59.298488492342           23.339296317724           37.513899996222      0
      59.836731450778           47.482174791678            36.31401798635      0
      59.563108214921           40.268007335191           17.365955785443      0
      59.611039206104           41.246519841963           21.482653388688      0
      59.634857724854           38.536615828988           30.975618501433      0
      59.228870072795           40.832559153408           50.311583930788      0
      59.654857635498           24.495567321777           44.047298431396      0
       59.82443649419           46.789041674154             44.6095168527      0
      59.950741412426           38.027420220266           4.1182639815211      0
       59.34088817688           39.489641157087           26.130003756676      0
      60.035014073201           22.659769945647           24.387509798648      0
      59.494253533129           40.377510818738             15.4582467227      0
       59.78008104162           25.412944763065           32.978314981119      0
      59.823520676551           21.530637156991           17.749631289761      0
      59.950844368913           26.804109890963           50.686604173876      0
      59.925517453527           48.393444881571              38.650031395      0
      59.564797321983           23.378455517082           39.116262436918      0
      60.235323791829           36.322009432063           2.4900475299674      0
      59.811065673828           22.165828704834            11.44007396698      0
      59.863719415253           38.379309786721            9.156236798225      0
      59.650344702302           24.458116246845           2.3542109831721      0
      59.863876342773            40.66535949707           22.929384231567      0
      60.109985361153           37.036929246643           28.236747718524      0
      60.036166890342           25.136561958212           28.298071657891      0
      59.978705925546           45.513760080681            32.68234157465      0
      60.030490080274           37.010532159513           30.689652885706      0
      60.024511685606              36.584831735            29.54016468381      0
      60.021805345225           38.000841409906           27.019008693302      0
      59.980716401842           23.645212138115           26.394859111867      0
      59.985730687911           38.355588526706           11.661535313355      0
      60.067506680498           25.888587889337           1.8768708537578      0
      60.092802495502           40.146371998188           19.617197059368      0
      59.886924984346           23.307569440444           3.2402290061428      0
      59.954866844554           39.921688099002           24.185853312469      0
      60.398189579898           37.200150496735           51.254251597944      0
      59.871661316707           38.942207011038           6.7807620003194      0
      60.126342773438           26.432048797607           30.376176834106      0
      59.890485645007           35.218187020086            51.73731771753      0
      59.023790777583           31.054171421163            52.04866398966      0
       60.17537689209           45.773361206055           45.718551635742      0
      59.699718533787           27.503143681586           1.1619394727494      0
       60.19319152832           23.919609069824           40.457450866699      0
       60.33511867133           22.792031052016           13.573807984649      0
      60.401752092804           41.154729856198           49.621286751101      0
      60.358446832738           22.434020426118            4.468789772252      0
      60.129991982112           38.685598594724           5.4796838800928      0
      60.291854858398           26.548387527466           31.912973403931      0
         60.072840481            25.56391939319           48.293695201645      0
      60.269066497103           24.169370824687           36.345391511777      0
      60.811584614532           31.723562603708           1.3056789658182      0
      60.400173098897           48.380762836061           39.984760326106      0
      60.072991141957           22.101464177307           22.263264011781      0
      60.190033185161           22.074799683702           19.949279455994      0
      54.218500109248           38.551241525169           42.934055915859      0
      60.343170166016           21.808408737183            5.879940032959      0
      60.505452603116           39.585070754465           21.094213532174      0
      60.362380981445            35.50382232666           30.055040359497      0
      60.524119049307           38.870896538988           18.012977964439      0
       60.44363758122           47.358844359653           43.161564802229      0
      60.468016021791           37.750002364028           10.476293844143      0
      60.167298616129           21.754702307222           7.3883465264913      0
      60.527428953961           22.420392034323           10.149106366706      0
      60.474139888087           23.068534164048            12.11933392136      0
      60.470078853761           27.655561662058           30.808206880791      0
       60.55941550832           28.790275991632           51.094481122664      0
       60.51001749331           48.157083391143           41.294383998437      0
      60.747406643236            25.50511048996           26.416007721541      0
      60.342779363245            21.96500866975           8.8880742843107      0
      60.764337046721           42.360935347108           31.607966246827      0
      60.788522223443           38.976258539144           22.676909617309      0
      60.599666595459           35.174821853638           28.680302619934      0
      60.706039922901           37.494183961966           13.017341702079      0
      60.632750255978           26.818889715494           28.175235121527      0
      60.247335180309           29.458573185939           1.0488751097238      0
      60.580645437526           26.596349192141           49.574537902656      0
      60.542213520608           25.006481050432           34.888756101581      0
      60.923822361484           24.859530453212           24.726968903447      0
      60.569089179053           38.582045064715           24.592586752958      0
      60.359936085773           39.240125370544           31.413150753851      0
      60.733710638049           24.119238357524           38.052323700092      0
      60.605814116743           25.892456719574            45.56377124255      0
      60.834896965762           28.304048146881           28.430058503763      0
      60.695421780288           28.867239673304           30.175022969545      0
      60.632295778365           38.736014765684            7.909082218747      0
       60.70119221788            43.93890137059           32.028257603873      0
      60.943390659076           24.001580929291           22.836814073955      0
      60.528886826983           42.343751762653            48.66137562677      0
      60.846583592653           35.136349098603           2.1228451034308      0
      60.867271940508            38.14770289266           16.044539426539      0
      60.814476013184           34.125621795654           30.209552764893      0
      60.835821476287           37.198455324442           11.436639534928      0
       60.75123014594           46.063003289637           33.438344687067      0
      60.323612620653           30.469132390964           51.587043312979      0
      60.897811889648           30.462226867676            29.09494972229      0
       61.16883739622           45.881351809662           44.588762777225      0
      60.949065297535           30.155806760465           30.728326247569      0
      60.950103759766           36.313194274902           31.352905273438      0
      60.962240916937           31.695806765091           29.749704290093      0
      60.916742483914           33.359994631622           29.150464932569      0
      60.940878851462           24.389925986467           39.665836994565      0
      60.623884318423           39.353046951751           50.419607192056      0
      61.175347122064           37.489372493944           19.316206740355      0
      61.093825657033           36.323632079755           25.807602761511      0
      60.562501894949           44.056563213048           47.109281114627      0
      61.106021230315           23.918949220271           17.530614251995      0
      61.277217712377           37.643548729082           21.325504448009      0
      61.861867500728           28.293613227498           2.0652570617447      0
       61.10725402832           24.069408416748           14.719292640686      0
      61.132400937157           32.243947925737           28.213979604352      0
       61.07293407822           22.805122872688           10.871311759434      0
        61.1714189643           28.604893555885           31.604766667819      0
      61.121177614588           41.087061809468           31.647898211342      0
      61.383459344432           47.640995652117           38.975037306477      0
      61.287302998312           33.628442572062           27.122148107478      0
      60.961346474878           26.242954969492           33.452206280542      0
      61.154650201349           26.968180585947           48.425998990079      0
      60.782395189868            37.64611832143           31.604809305445      0
      61.147672774258           24.045550636953           13.216801399604      0
      61.120581593782           27.449843794214           32.181063775662      0
      60.670740144328           32.901418201153           51.598001815326      0
      61.117732011884           23.894620248824           20.890391344033      0
      60.903919152936           33.565451417777           1.5840599513954      0
      61.246930995957           32.806958731238            30.68478271041      0
      61.294530796697           38.064509378951           9.5738122623727      0
      61.415720225672            28.19316660176           50.190871871147      0
       61.46133992897           27.438676933629           25.670428519974      0
       61.25327146871           38.743947178699            6.589304743234      0
      23.843999384431           36.989863731415           29.891641424314      0
      61.490094610578           46.631580474058           42.964819699764      0
      61.102574514383           24.732581955659           36.583222592989      0
      61.442488793198           37.074595557742           23.390893246547      0
      61.425699234009           31.497406005859           26.989158630371      0
      61.439158680065           36.350071911652           15.044277089317      0
      61.364801700583           24.353142918143             3.39780180216      0
      61.353300504379           44.937890500483           32.769949437324      0
      61.631282536474           40.534113701078           49.212879308972      0
       61.94865303141           47.071472947154           40.243593817597      0
      61.249006908465           47.339412115373           41.858031364455      0
      61.541954040527           47.077041625977           37.062629699707      0
      61.557176589966           36.013818740845           13.346874237061      0
      61.277475167191           26.076248285173           44.060322877081      0
      61.554079340092           22.427602144831           5.3020627563747      0
      61.567749023438            31.39098739624           31.178779602051      0
      61.301249626792           27.061422146638           46.727978017366      0
      61.319467374404           25.180363816014           41.548328038043      0
      61.774714197225           36.096228291016           17.873555845841      0
      61.591092301294           25.860386498878           23.236059177406      0
      61.644573075988           46.474077573216           34.604457155648      0
       61.63848332528           34.180090657917           31.323363995533      0
      61.627963840518           38.127223860411           5.2516491740252      0
      61.697841644287           27.720500946045           49.421058654785      0
      61.700012207031           25.220069885254           15.275688171387      0
      61.717544555664           21.840538024902            6.613748550415      0
       61.76848378123            25.50089093261           2.9382628029753      0
      61.940034193956           37.322694052145           10.862745398559      0
      61.713838372579           23.497727214273           12.070256838262      0
      61.759491606493           32.904709741369           25.486503355512      0
      61.586205497724            21.75942313011           8.1531900897918      0
      61.805381774902            23.41406917572           4.4172887802124      0
      61.809280395508           30.583782196045           25.611629486084      0
      61.577751244768           22.124273470853            9.774295078589      0
      61.787705175221           27.215974300277           45.168763975438      0
       61.62954296574           39.931386271135           31.914876837764      0
      61.954958263156           25.363026168706           39.535428999094      0
      61.607842844114           24.918894663785           38.296526929748      0
      61.861206054688           35.562856674194           22.001306533813      0
      61.954400367484           27.707294890958           23.176231956434      0
      61.887984083462           26.138500044438           21.381319510531      0
      61.894088745117           34.453071594238            24.41658782959      0
      61.772145255625            29.92407616252           31.638112285138      0
      61.844764491733           35.472178968509           23.547251501133      0
      61.882359628692           25.718745907537           18.469620738232      0
      61.804736565712           38.622406830703           32.200640970891      0
      61.917359223045           25.055042826734           14.005298746857      0
      61.606868467235            35.46665550246           51.016905721026      0
      61.933361392994           25.958084103292             35.4356175599      0
      61.676823885714            42.21694554245           47.882679682591      0
      61.958375397659           38.617786618945           49.942827336948      0
      61.742959885124           37.117634210245           50.603850283958      0
      62.047171655353            34.56718191356            2.512263130474      0
      62.215158820533           45.715360997672           43.285064640457      0
       62.25271088605           26.693398906718           2.7014344775591      0
      61.790407368779           27.252523718083           33.264710569748      0
      62.069338746297           35.019875026475           16.338385899433      0
      62.123443603516           45.697692871094            33.77172088623      0
      62.215143973433           38.451995829532           8.2392767129307      0
      62.010015201615           28.677971060517           32.236730632712      0
      62.165678093972           31.877867553226           23.104278564605      0
      62.191198358553           28.371768972859           47.736637712822      0
      62.180297851562           33.543270111084           50.939586639404      0
      62.287210630084           33.544912289037           21.398212357808      0
      62.186336517334            43.74259185791           32.476860046387      0
      61.717903865288           43.949450346167           46.113086947068      0
       62.07731831833           25.533718076796           37.289377663262      0
        62.2099609375           26.554969787598           15.920913696289      0
      62.153110325881           27.148581903151           43.966829419375      0
      62.457840616963           30.066344253508           2.2175721078552      0
      62.300185663189           34.893537440897           14.986111520493      0
       62.25240819795           32.892618818374           31.700557587577      0
      62.420148361218           46.416077640065           36.257272770695      0
      62.534583485169           28.928281308463           45.756301214212      0
      62.443699894909           36.321796462105           12.414972824071      0
      62.420309496782           33.870324337458            17.73889146543      0
      62.415063858032           28.180736541748           18.409133911133      0
      62.437725313741            46.30171343164            41.35957259503      0
      62.230596510378           22.789160616908           11.172349486585      0
      62.489389655125           31.285646558644            19.80700251073      0
      62.472986304719           38.350706800119           6.7623606932353      0
      62.547569274902           37.005039215088           4.4719581604004      0
      62.437614197337           46.619193540777           38.237454629302      0
       62.56986618042           26.821842193604           42.667423248291      0
      62.504253491652           24.240079827367           13.270336163073      0
      62.576164245605           27.880453109741           16.415954589844      0
      62.158992428659           31.430078341013           50.907594661398      0
      62.576308634151           44.587328835767           44.334420523219      0
      62.648497115164           32.149245317659            17.66142739851      0
      62.600490570068           26.155757904053           14.699554443359      0
      62.604167938232           33.363403320312           16.233955383301      0
      62.694894590866            26.57845864213           40.757942414336      0
      62.815566596407           28.463636432405           43.991472579982      0
       62.65454864502           26.410907745361           38.379734039307      0
      62.605778390432            31.92954662712           2.3448417343206      0
      62.709915316413           28.885378906515           48.983754094089      0
      62.662581013133           30.466988633291           17.577684274808      0
      62.730400161773           29.516480172133           16.961725543995      0
      62.435960087436             35.8136929469           3.4820034038096      0
      62.485152022682           42.054555142045           32.333653347896      0
      62.310756417734           29.582237997784           50.206319412984      0
      62.745674133301           37.355297088623           32.923950195312      0
      62.925654125996           37.261271676805           49.772983221027      0
      62.650586888828           45.834190547405            34.94868813363      0
      62.837329353212           39.448455488328           48.813944587446      0
      62.655175099076           31.447269852179           32.103698148558      0
      62.824893243758           31.831869694564           16.212570162154      0
      62.853500624696           22.126548022961           7.4691536024081      0
      62.951711401897           39.853453279106           32.676898208155      0
      63.048790869224           22.944683121693           5.9195848678731      0
      62.899391174316           44.439514160156           33.280982971191      0
      62.741228492904           41.332073849816           47.476027722281      0
      62.914239611971           28.612980154948           33.240286722892      0
       62.89529246307           30.051073268457           32.595421550324      0
      62.920504447091            40.91107224915            32.54571124536      0
      62.982585906982           22.094009399414           8.9420547485352      0
      62.838423117796           34.230702931534           32.330911543623      0
      62.862862044941           27.056117654168           36.186572397706      0
      62.887691731566           23.346718249992           12.164023993924      0
      62.897727456224           42.955683645272           45.607626062438      0
      63.088239054142           45.006278597978           42.317023038202      0
      62.967684076805           35.183130704096           14.005840075996      0
      63.117138734655           30.302298915702           16.230588210544      0
      62.906690795171           27.685452431831           34.541875949995      0
      63.104854188895           37.435113524658           5.4550392050627      0
      63.238647069602           27.612676863633           15.567411710961      0
      63.223969653419           33.284546324421           2.9697194907421      0
      63.138703049569           45.090690166055           34.410366587907      0
      63.616240130354           30.673983309929            46.14098117001      0
      63.364378825111           34.584548516784           3.4176599104973      0
      63.273698806763           37.023630142212           11.353466033936      0
      63.059875760973           45.772516778973           40.508015554823      0
      63.260679501858           45.545931457113           35.999011621222      0
      62.982229408677           24.119270931264           4.6922927747705      0
      63.210715303112           45.815402475536            37.24404621533      0
      63.232600051175           29.522959856836           47.979334622332      0
      63.289023309373           27.913521271995           42.268449030191      0
      63.364891052246           35.523983001709           33.101556777954      0
      63.494608415104           34.050695347075           15.039737254243      0
      63.374095916748           38.670314788818           33.283573150635      0
      63.328078625935           45.749404504751           39.004356938437      0
      63.422250663654           38.076249420523           8.0053605048557      0
      63.295672007555           22.452749132809           10.316045130642      0
      63.458750792772            43.81288057266           43.184757460242      0
      63.286607575066           29.691751122047           49.137424859576      0
      63.299964808169           25.402446339465           3.9981325918362      0
      63.539777009065           35.106419250249           49.907182919636      0
      63.484267437265           43.008860371099           33.214809862774      0
      63.523238473423            32.44534089069           32.791881277713      0
       63.56428527832           28.681077957153           16.034349441528      0
      63.592952728271           28.094161987305           40.928203582764      0
      63.474586650131           30.626896478098           44.438672123708      0
      63.603382110596            31.11067199707           49.807739257812      0
      63.660089762687           29.527868170203           34.094365064794      0
      63.822036603302           37.127171826833           34.164825794679      0
      63.502031112041           28.157080136693           3.0639899132309      0
      63.831933996457           32.711677713501           50.001218998389      0
      63.558334943653           37.775849951894           6.7034630500313      0
      63.830262112643           38.850652586592           47.894408332389      0
      63.665909420856           40.606760964193           46.636934981147      0
      63.809740085858           32.745988861869           15.605825908174      0
       63.69447760973           28.987499496312           41.925670195806      0
      63.692126433305             23.0088185322           11.611034794144      0
      63.767624474949           41.956300619716           44.621055344053      0
       63.81367712196           36.880645281728           49.090077238922      0
      63.813843355097           36.292530768766           4.8733464549382      0
      63.778746923636           28.907770069103           35.993918987631      0
      64.144906132631           30.155842624024           3.3195222467489      0
      63.749577755048           35.887608551257           13.074909340637      0
      63.880383663986           44.724566942337           35.381041232336      0
      63.821772286037           44.347785030755           40.671576004363      0
      63.861686063349             28.5885924427            38.46684209583      0
      63.898810255182           41.422014400311           33.368080978475      0
      63.926628704138            33.89109520349           33.397601443826      0
      63.872699366306           31.189775977836           33.497745056001      0
      63.910331377361           40.045638483055           33.611617362082      0
       63.71034525658           37.666986118966           9.8340946235429      0
      64.110483412665           23.157995995669           6.8256764428117      0
      63.973147518325           43.020117091404           42.239691925072      0
      63.906132925308           43.944454840957           34.231110606751      0
      64.007247924805           37.666549682617           43.252624511719      0
        64.1234261871           31.802834219604           42.828230986313      0
      63.947230069388           24.072853750597           13.207272853206      0
      64.088027954102           44.681854248047            36.69947052002      0
      64.207540250927           39.014399706095           34.639678790818      0
        64.0879473962           38.391645810994           42.236286388509      0
       63.79107768274           31.320513780343           16.045642839551      0
      64.192117619451           29.506034102469           40.257331770241      0
      64.139099341914           41.466125177269           43.266489611755      0
      64.146444320679           22.639256477356           8.7142210006714      0
      64.149813608982           39.388902560535            46.28026338741      0
      64.287754179435           37.252719001859           44.660793113518      0
      64.207763671875             35.0869140625           4.3288803100586      0
      64.211608886719           30.745552062988           48.453903198242      0
      64.328593005543           35.388217754985           34.430697403156      0
      64.224491119385            26.69050693512            3.995153427124      0
       64.22624206543           39.847032546997           44.456100463867      0
      64.225517609971           40.035806892042           42.385900034697      0
      64.196430374631           32.221520660718           44.211275840197      0
      64.261936661112           31.834176262327           3.4934620514406      0
      64.340471542213           32.460902647328           34.020911829204      0
      64.309753417969           41.590091705322           42.042953491211      0
      64.332438153758           43.018564580629           40.369840754832      0
      64.362550343874           39.637796216843           40.667682485727      0
      64.502554743145            30.09207755764           38.784518211955      0
      64.347343444824           34.756469726562            43.30428314209      0
      64.389527645656           30.755684912621           35.367190831548      0
      64.450550466262           34.688996538291           14.367338239018      0
      64.406969927075            37.02065073965           11.024507810214      0
      64.371559143066           33.339859008789           43.200752258301      0
      64.555942638962           37.123903701829           35.540639517782      0
      64.440270249883           38.188625776229           45.698180673441      0
        64.3256532359           37.671775277685           8.7773268961501      0
      64.125691372273           30.620202594317           41.892637507413      0
      64.395957980323           36.968842492469           6.2472716766464      0
      64.433850693877           42.464452415273           34.298054382883      0
      64.379296743948           29.917989900278           37.266698510528      0
      64.554982693821           39.008350341037           36.076686331176      0
      64.517372131348           37.903804779053            46.86612701416      0
      64.510810598269           27.367323855429           15.695765383249      0
      64.558276468444           43.331553689978           37.629542830801      0
      64.580689505695           35.162143394383           41.711317397914      0
      64.554766520529           41.171885553929           34.589477364482      0
      64.619114448621           32.940589817222            41.55206882552      0
      64.553831075471            31.95914135129           49.128924936575      0
      64.650168605303           34.004831170853           34.599928574374      0
      64.480673896212           43.454606920812           35.527622275072      0
      64.454083588355           31.812171881793           34.613355605085      0
      64.639947872546           37.108729374375           40.757107612973      0
      64.587316355198           22.883828132398           10.793630973489      0
      64.652975579651           33.661494806635           44.707835469512      0
      64.666742092267           35.039411498262           48.796312293013      0
      64.549347619523           31.589275563565           47.617356578538      0
      64.743424718688           38.489250614181           39.329448725898      0
      64.543844031584           37.377845765158           7.4789789440907      0
      48.317787520843           41.825630639243           6.9237333166482      0
      64.715370178223           33.472503662109           49.254669189453      0
      64.716596835989           39.310051075891           37.616599698262      0
       64.67960465481           41.907460211537           38.600125781222      0
      64.675541565684           31.144295438983           39.985634909957      0
      64.456106346643             24.6410478149           5.5192526014227      0
      64.796696859467           31.062177029619           38.267515967953      0
      64.748657226562           42.109527587891           35.775573730469      0
      65.089517829292           33.501854248712           15.101805158485      0
      64.685923359872           36.041623562919           48.264123251676      0
      64.765603655739           33.191742572216           45.429133548685      0
      64.805458068848           25.167778015137           14.252078056335      0
      64.529484876354           36.406142262653           12.131300135599      0
      64.850029780988           36.464006900277            46.81777076107      0
      64.856098025908           31.676045887905            36.79840886145      0
      53.017719347642           31.480819909411           7.1479806749118      0
      64.955791847163           33.145844739127           35.504869524417      0
      64.944686889648            34.28050994873           46.074813842773      0
      64.995283708823           35.105589537445           35.699713967848      0
       64.89618215902           37.229727441166           36.806557846285      0
      52.560932806823           30.111202002233           29.469760046723      0
      64.973281860352           32.865432739258            48.15185546875      0
      64.896353147516           32.789274332195           46.626836347655      0
        64.9235430914           35.893971082326            5.665519910443      0
      65.026630850418           34.794486243668           47.433520357486      0
      65.080558776855           28.912393569946           16.130388259888      0
      65.083633422852           23.622598648071           12.286933898926      0
      65.239691081203           32.171898393997           15.636902891475      0
      65.154345529546           24.259853385428           6.6660253288319      0
      65.050048143678           35.421790300182           13.430529017053      0
      65.145979011614           32.699734098592           37.931086562984      0
      65.067992553024           35.755531045015           39.930205739642      0
      65.009285847964            32.73304152478           39.709535002456      0
      65.027060206022           34.249558364626           40.420702760563      0
       65.28868114028           34.124177383019           36.918591583368      0
      65.263748168945           36.205631256104           38.363265991211      0
      64.993284269518             28.9103303358           4.0289520340167      0
      65.251937783797           35.579764706836           36.912935209804      0
      65.187734724092           37.161105719172           9.7258847692548      0
      64.890981425232           25.842038830236           4.9986677557685      0
      65.244107580667           26.404154545181           15.224098636059      0
      65.353771586923            34.57718691217           38.499815818801      0
      65.391986846924           23.527661323547           8.3939180374146      0
      65.253768828063           30.753845108365           15.972255624616      0
      65.513652040963           24.622798670272           13.546371820313      0
      65.314415431829            36.42875243181           6.8339132854123      0
      65.086006859332           27.564018643193           4.3800589977837      0
      65.465489371808           23.323584195238           9.9575938885709      0
      65.565404106544           31.107313298165            4.477825148682      0
      65.011277990794           33.263071970824           4.3786168735542      0
      65.740193271671           34.141854091723           14.520065031297      0
      65.705524582803           36.520380498426            11.12090549341      0
       65.67775041429           36.676831653498           8.4216289558257      0
      65.637142394093           35.030470117069           5.8449217214438      0
      65.906362911965           25.413346387773           6.3715884040515      0
      65.996482687503           35.825871021357           12.282613225347      0
      66.088365325631           27.836393764366           15.767964422377      0
      66.253299404256           24.695199078849            7.789040851729      0
      66.192608264399            23.92851507684           11.232725460483      0
      66.338436500539            32.94351814131            15.05343361186      0
      66.252649937325           25.679456283919           14.411320730095      0
      65.877998207942           33.709643085463            5.415018405774      0
      65.946837139454           26.787737321701           5.5045251790694      0
      66.149828725499           29.889319439994           5.0022573221087      0
      66.112537507745           28.260405178334           5.1454084076197      0
      66.243214912741           29.341199455483             15.8673892076      0
      66.418757938713           36.124535384553           9.8473814857166      0
      66.666320316407           31.573849269988           15.386764822826      0
      66.313332687473           35.589704933765           7.5915126350312      0
       66.48433924013           34.744458821336           13.571849649899      0
      66.430063142547           24.404407987495           12.325489532033      0
      66.246069430539           31.941204715351           5.3110850275098      0
      66.538953445169           24.154238597767           10.203867597008      0
      66.698956699298           35.708458075294           11.061326488192      0
      66.725768424747           30.576766122763            15.56312736296      0
      66.795603431512           24.754951348918           9.1290418548137      0
      66.710947069434           25.081903442946           13.191208557232      0
       66.73289455818           34.246887579601           6.8751701506664      0
      66.890496867157           35.333339625912           9.0490250956144      0
      66.900225121633           25.552659636002            7.866735952424      0
      66.814804077148           26.436353683472            6.767993927002      0
      66.695225124798           26.944029779086           15.032270944385      0
      66.901422548766            35.15736998508           12.417845163245      0
      67.040837108725           29.461485629008           6.0888166083685      0
      67.014377255176           33.748733429465           14.256706442449      0
       67.11678926747           32.411946741253           6.6039982393136      0
      66.997174215826           24.622544981628           11.371260212412      0
      67.063330845882           30.864696775895           6.1619071163902      0
       67.34409081482           34.260713445342           8.4005714343891      0
      67.051646851631           27.883239146508           6.4208397064714      0
      67.329622238081           28.152434851996           15.137329730665      0
      31.974981932743           23.406408994886           21.103384302663      0
      67.288620326599           35.009353219916           10.298122265539      0
      67.352832047735           26.282687029663           13.703002139505      0
      67.412354327286           25.792255972016           8.9752792183896      0
      67.450806306955            32.51143415289           14.679748133602      0
      67.721634091734           32.693325663088           7.9299624958457      0
      67.425447617003           26.720122434165           7.7679696197573      0
      67.492398849759            25.58133461426            12.26101032432      0
      67.579123790836           34.073643122371           13.160363930757      0
      67.559420949632           29.651195070529           15.261679941484      0
      67.521283729884           34.572253259569           11.791899892939      0
      67.670846071772           34.155761230396            9.579025468031      0
      67.617257666517           29.402661824049           6.9927936540155      0
      67.726169364097           31.136747209269            14.91935820822      0
      67.719314575195             25.6291847229           11.065012931824      0
      67.746969324611           30.637645253659           7.1663903899347      0
      67.780073751155           27.397141097758           14.014304602171      0
      67.787750019513           28.185693502699           7.6520994935215      0
      67.885213792967           33.118643451897           13.591953745133      0
      67.956742413585           27.039321669669           9.1018527213063      0
      67.964914226396           33.609137914806           12.553269159492      0
      68.096465521241           33.005460464279           9.4023512472583      0
      68.126007080078           33.542633056641           11.015979766846      0
      68.075110378316           26.875908681598           12.708906546988      0
      68.218991829055           28.873184857111           14.218056988164      0
      68.195811578504           29.611288645204           8.1126548566114      0
      68.170966153664           31.062255051412           8.2142537755129      0
      68.362162568645           30.148010033436           14.298275334244      0
      68.313692329296           27.232515085058           10.721269789309      0
      68.372074090626           31.682664448002           13.828002178819      0
      68.455061007265             28.5519653918           9.3666036721854      0
      68.401463678245           32.596567499134           12.462859241102      0
        68.4891752895            28.43401143554           13.270985787052      0
      68.519434638796           31.500114099556           9.5618151185114      0
      68.515534636612           27.735164886429           11.960878979142      0
      68.543092204242           32.309866953069           10.835773735645      0
      68.668468385325           30.103216352087           9.4791902777535      0
      68.699928544679           30.125457633151           13.441038522686      0
      68.784044920165           28.894157057829           10.790783175739      0
         68.841796875           31.067237854004            12.22176361084      0
      68.874544288614           30.569938259161            10.75775099463      0
      68.891559339533           29.356155870491           12.159626377599      0
      2.8150012929715           27.675523889094           41.673256346089      0
      55.167088291621           34.142661412039           26.846156757428      0
      10.606522576536           19.659953783963           25.445371221091      0
      10.412405414593           18.115790146466           34.123650193972      0
      10.849682625814           18.207197887026           43.221460559684      0
      9.0357198485675           27.076077636118            17.12288097369      0
      7.9041141166094           27.861530357853           25.996396588119      0
      9.4818579856363           26.095358636896           32.487687730588      0
      10.627180855206           29.245455843394           41.219995762075      0
       11.39134055219           24.535336167742           50.402829198146      0
       8.509610860074           35.112151295646           17.216278726242      0
      7.5489705914246            36.88902772708           25.514665300285      0
      10.710454612721           37.727068342154            34.39285357897      0
      8.3573516737983           36.626122841559           41.307296832926      0
      9.1970604704419           36.134784573895           50.610814702121      0
      11.687744575161             42.4241310478           49.913494301952      0
       10.39261525502            51.77143278817           57.654375172982      0
      15.925129382223           18.743962992808           2.1919387088713      0
      17.983524356225           18.828107769167           18.766211882409      0
      18.976225455678           18.649492797193            25.86249755325      0
      18.561669246682           27.574601445589           10.843333684205      0
       17.35955475879             29.5683496653           16.152718910443      0
      19.457052869047           27.740754248787           26.341524855951      0
      20.121804870361           27.793470201476           37.753106170732      0
      18.926555689733           27.386136554847           41.019400518398      0
      18.300060945682           35.938371738714           9.3383151867059      0
      17.517428476063           37.318102183746           12.688441101502      0
      18.634034812988           34.929960257957           24.883147542544      0
      19.044855231451           39.231853796558           36.257580865415      0
      19.708112892261           33.201397692177           50.033491937739      0
      17.538363086553            42.86758268179           19.933286218702      0
      17.635667341271           43.497749978718           24.820468674103      0
       26.55264172931           18.591140825864           2.5870531890328      0
      25.995345795185           19.246295925993           18.200781435942      0
      27.417051834995           18.101598903423           25.432235405476      0
      27.757071021631           25.610285482097           10.506873268116      0
      27.656700138595           28.597404522651           18.334477265607      0
      25.325214086864           26.767433788694           26.760586874275      0
      28.721979559415           26.166503300073           35.816488620612      0
      24.205551028267           39.461578104899           4.2900806611245      0
      26.195129305084           39.436938602182           10.127498970149      0
      26.445867583425           35.948581146147           18.453073609466      0
      25.942940072783            36.66438476695           25.335467559294      0
       26.26263710581           37.443138737122           36.826430734136      0
      27.139856078958           46.058859054424           2.6964546002595      0
      27.854726967617           43.933695882775           17.746084813278      0
      27.523443353226           43.750742162023           28.621945786586      0
      35.784236170975           16.128623091389           4.3950042957056      0
      32.836244075023           18.895056516955           9.7275738635695      0
      31.038404844824           17.035115106383           19.863770863811      0
      33.493216493302            17.49705412869           26.148307242002      0
      34.095948113506            28.26764942029           4.3369644253812      0
      33.732347173749           26.993267524767            10.13641844078      0
       33.86052649229            28.51601252555           18.975684660834      0
      34.897120138438           28.190126804466           25.479845307272      0
      33.128309404587           27.059642043055           35.866623233813      0
      33.536087274778             38.1081315571           4.4379107739401      0
      34.484582465948           36.698752547702           9.0770651168044      0
      35.350419610713           35.734224913598           18.267328778651      0
      35.328554925825           34.569325762874           25.668761571716      0
      33.650762693122            35.64873363075           36.726205772286      0
       36.17029091712            45.35792218344           2.4454511514693      0
      32.060181044342           46.360560370119           8.2581028301416      0
      32.801305272603           45.326717699219           18.631440608093      0
      31.971970891078            44.28722058676           28.622125644942      0
      33.178262232919            51.46046689429           19.457211811079      0
      44.826583497435           18.398013791015           2.8215360552248      0
        43.1357701146           14.767641024414           8.9570055097257      0
      41.875486842618           16.718285116657           17.724764905899      0
      43.400416007742           16.779228728725           26.815607384363      0
      42.127227517493           20.919228444559           34.577092926927      0
      42.642829822364           26.918693776831           10.886422007412      0
       43.40103191877           28.225190865596            18.19189780803      0
      43.472429317136           23.879590622444           26.507870820789      0
      43.000493280632           28.448414522474           34.278283010029      0
      43.640270963608           36.111584487715           9.6426065694508      0
      42.483609858645           34.497922567979           18.997572674946      0
      42.070793735271            38.46813733149           26.526471676323      0
      43.066843145359           37.808339244899           36.306223965353      0
      49.240409351012           28.589394900552           7.0935007379782      0
      42.399719515264           44.870824353767           2.8619006145795      0
      42.864471337215           44.677726767272           9.8215359278309      0
       42.33326357663           44.326811083632            18.32486468899      0
      43.052958370622           44.242439772448           27.296535616569      0
      49.400652171834           41.118467286186           10.434202330061      0
      50.598681122903           18.606563623301           2.5098753488403      0
      50.519210246049           17.129498430707           8.7140377668339      0
      52.782654104114           17.571996952733           20.827723315142      0
      51.916089176092           17.552776751056           25.261405017801      0
      54.038695126791           24.909853064283           3.0085015306596      0
      51.450778246331           26.368251965566           10.287582527306      0
      49.441912614379           27.693945861137           19.060530680468      0
       49.35313464879           26.579639046203           25.667005430206      0
      51.165654047012           23.623510681009           36.814348996464      0
      49.527979214999           26.097572062985           44.153570902184      0
      50.303475583191           27.474838649107           49.859539432561      0
      51.746998118231           36.995268010811           2.7030415473287      0
       50.74297858778           36.068669107887            12.61622768628      0
      49.124693977694            36.84492032238            19.03816463677      0
      51.784903001543           37.016192569867           24.603949957342      0
      50.791860668662           36.097283072712           34.209686747458      0
      47.784761847644           37.236365013494            41.90374449097      0
       51.24454528979           36.010094777942           50.339664363038      0
      50.425338859101           44.956044963119           7.7684300708583      0
      50.540862455869           45.125078588184           17.119878793476      0
      49.613348105669           43.856291551061           27.065188498478      0
      58.483725435473           25.129047175079           3.9184542065361      0
      59.867778019907           23.958182222755           10.128610684953      0
      59.951458513402           26.955551283462           15.627305637756      0
      58.821989381192           26.762040787935           25.737335417192      0
      60.342044196647           28.867137237478           33.477510360548      0
      59.347303943353           26.755346420456           41.817766257096      0
      58.286808323849           26.480487470378           49.225159933344      0
      58.901477676665           36.668621561374            10.50147586648      0
      59.578673323706           34.758100978776           17.600450497186      0
      58.892429042745           35.386779898117           24.700446741497      0
      60.048920008961            34.86793856747           32.812954190035      0
       62.52504635524            34.07522213544           40.678502102893      0
      61.795767315474           44.490708521279           35.221929646735      0
      59.768128751298           45.951854435759           42.445053691671      0
      65.826644474539           25.998297249745           11.679914961433      0
      47.053660111891           43.793554133127           9.3155654408523      0
      14.365347149654           18.681448338021           20.982893793542      0
      17.450710190756           19.563464501752      -0.00027084350585938      0
      17.213782489928           26.640730962494      -0.00027084350585938      0
       50.86414379735           29.640978158307           3.0441798532622      0
      54.873185317531           33.959584297719           23.511856522204      0
      35.548047036398           27.192928684769      -0.00027084350585938      0
       33.22976911233            34.83221519822      -0.00027084350585938      0
      41.926123131366           27.947815581146      -0.00027084350585938      0
      16.676419603331           36.635428888624           32.869510141761      0
      42.831905700959           34.947860161261      -0.00027084350585938      0
      49.134498068036           35.815760131999      -0.00027084350585938      0
      55.424696352292           24.742564923238            9.685408520624      0
      39.940712502104           21.649086214429           29.239935729303      0
      17.319530751042           28.076794345208           31.416565911983      0
      61.182835378128           38.566807361347            42.46922000293      0
      46.153433125478           32.610431390486           34.063697374611      0
      33.626454762094           41.309028580787           8.7785890655464      0
      26.177515371314           25.458870452433      -0.00027084350585938      0
      45.453919861138           18.571608921121      -0.00027178408182514      0
      56.608556252416           27.686005013096           6.7203188864955      0
      59.883146886376           31.527052095544           3.0799313955782      0
      45.082543831182           37.491519037283           3.3180191592476      0
      54.594890492217           37.507943251335           37.017165576709      0
      50.857945096153           26.283357191654      -0.00027142944559327      0
       45.54137879676           28.671026105606            7.532070458398      0
      14.336768603702           37.414614366933      -0.00027084350585938      0
      38.201447359067           19.566027472254           32.397987641834      0
      59.640180934369           31.170815131564           10.131499292939      0
       4.322617187346           32.330350618969           38.125997842652      0
      41.238636833681           33.648600248651            32.25500483697      0
      27.027529559977           34.719691397704      -0.00027084350585938      0
      32.852446081496           43.013129418113      -0.00027084350585938      0
      39.148658959284           41.240403644324            29.68401337594      0
      40.570033683885           43.904281245982      -0.00027084350585938      0
      23.157149736772           25.740821941548           30.605964936825      0
      39.438972404953           16.609250057893           3.7935960507535      0
      36.509487731571           45.203857224119           15.002659208243      0
      33.513046329573           40.638709797303           22.521936746838      0
       39.10597476448           46.340576340952           21.965064727068      0
      51.347426782434           22.359238232448           12.901438773989      0
      43.803004550169           22.649774743984           59.355837709688      0
      27.395107645758           18.498943223733      -0.00027084350585938      0
        52.4750320354           19.004673871084            14.30808564517      0
      28.581769190352             40.9637995977           30.281685276816      0
      45.859990266928            30.86737192777            41.90508251213      0
       56.52787448289           21.287213931691           22.934715008151      0
      18.147822909342           33.094878277599           44.615234513993      0
      48.443876338962           19.696395389427           30.481316842766      0
      20.025277916389           43.119468288369           23.351501908476      0
      37.693894536441           25.603507241376           11.740640334838      0
      42.102597583876            16.86768913972           12.439427436163      0
      24.344188356301           43.574873710108      -0.00027084350585938      0
      38.062832885604           38.214088706098      -0.00027084350585938      0
      12.791628628238           37.408282062547           45.855100389223      0
      20.261178566842           27.320456133802           33.167742095163      0
      24.045108226407            43.24861684469            24.39164799327      0
      32.881210742418            40.93527237735           30.249217139864      0
      57.255459200386           36.499392665679           45.198277498053      0
      29.899002368445           39.675703532329           62.114904229974      0
      21.697548625908            35.81090480701           16.945512991188      0
      16.121839452404           36.550100380727           41.740785271508      0
      56.036241367808           21.137695587609           13.044945971911      0
      23.891491292378           18.902475599054           23.129808212184      0
      31.118810878314           21.976691268723           29.735314853358      0
      27.876843226775           19.788199687198           21.639564360896      0
      27.605134439176           33.446901281125           33.596020680154      0
      23.109407743072           35.004006287277           34.667578708007      0
      21.038603594923           39.383645515829           32.696175918188      0
      51.223541380581           30.935298831962           34.999707628916      0
      41.433518713864            21.14155176795           11.716454005266      0
      25.133593019571           25.672441267227           5.2674055728057      0
      18.802479012491           33.956454472769      -0.00027084350585938      0
      19.318826238176           23.817519483113           30.386684794138      0
      30.453645959103           24.048761419217           14.851533977111      0
      45.790283234169           37.513576465577           22.579549517504      0
      12.055964101177           33.605478228084            26.03301743067      0
      53.803627628171           29.281112987658            41.84674426745      0
      46.945829383663           22.531427257316       -0.0002718318824151      0
      49.725750159811           24.797185634122           30.617029895312      0
      40.907615433592           24.429608760266           31.514186766498      0
       35.28432430157           43.775295782931           11.050211436525      0
      15.187109237862           20.050231508482           37.448047026037      0
      32.634303951178           35.480188848105           31.003258214553      0
       17.66956266714           38.579549033505            19.87933051213      0
       46.86147260954            42.28588327988            29.36237546261      0
      58.530811404313           34.822948389272           29.837996455206      0
      13.847377368908           36.982237428795           27.810424932307      0
      53.212588095329           17.578060403315           7.3415111384179      0
      34.102921695275           19.355201785253      -0.00027228457038912      0
      43.196016178873           25.079954437911           61.119590700057      0
       22.88536034486           29.995331151253           34.745049030003      0
       14.57568539828           31.554709963279           41.651848421696      0
      38.888702537187           24.855307904467             26.7735341098      0
      8.0884374140086           36.785040971819           20.700203469031      0
      54.968953316681           27.870964486119            25.66872116084      0
        53.9611256738           19.544566216964           10.292744185694      0
      7.3348498995552            20.20949246789           43.184243233748      0
      11.109340012241            23.72967930651           34.672107192267      0
      10.529076969211           27.738732008965            21.87892134357      0
       12.64566533252            25.98828258133           38.636003684783      0
      35.805696632772           47.046781890621           11.086223071467      0
      19.201122105098           33.808693804935            19.11324304019      0
      12.330108940096           28.570477129732            25.89792150564      0
      22.537306060597           23.365363889225           24.627024613755      0
      38.825605741234           30.638395566295           17.912732783972      0
      20.056145503186           38.458881074625           54.975752946981      0
      54.921711452058           37.383582790017           13.509932024171      0
      24.958692808039           35.739570079672           12.372958210644      0
      55.831329384701            35.44240093214             20.1282490955      0
      54.215456634108           25.209813164345           21.225527357829      0
      34.940888206071           20.842514599488           17.322736086165      0
      54.704987997442           41.765437987211            18.44736061886      0
      51.280006155818           22.972999140844           17.360286548252      0
      57.043989796682           15.178668598433           51.907089953746      0
      50.711312869866           21.452798786551           8.8911037927265      0
      34.819018759912           22.353441316027           9.4934848296156      0
      15.804737105518           34.565753343777           37.189857390026      0
      50.868673563727           34.202340500535           47.453200060348      0
      35.179385343277           37.892292616539            39.07674880473      0
      21.961714114016           37.002850263337           4.8667280167332      0
        51.3873659505            33.87083341901           39.479665285686      0
      53.833593491357           29.052457717715           49.148174373372      0
      9.0434406648889           30.216227727434           34.043920936175      0
      52.264425354094           36.740504254856           29.876969056196      0
      36.120438789833            36.23115239279           13.286303816173      0
      38.329074008754           29.023949964386           34.241950806024      0
      47.766808164832           31.059820883216           9.7603681297175      0
      22.450086678596           31.521394141961           15.628170405824      0
      54.226339449453           19.046348655983           55.512821163089      0
      11.079616130261           32.588203907498           36.922949741942      0
       36.50652695974           32.403252297997           21.424630432071      0
      38.749674055175           25.210131772649           2.9941206280658      0
      9.1681845406658           42.925684113273           56.192347741318      0
      21.588595336707           42.510185065932           28.610912027167      0
      44.856695186066           19.849168070905           28.137651725859      0
      47.104996098679           23.052920047096           28.578860134915      0
      55.676630705181            28.96283147717           10.823760557661      0
      57.644762026562           43.165245121642           37.304666470265      0
       6.469235011625           19.471361875448           38.887624548428      0
      47.430527734394           33.685518059761           37.701787149775      0
      29.498189613276            19.68343263252           16.935389024041      0
      55.782632600057           35.420575756287           33.113701765662      0
       48.50251136293           20.948915179366           25.991858634246      0
      30.118308763409            33.46251601164           37.204362516953      0
      35.361940141158           41.082983465567           18.707528983039      0
      26.233843990443           41.491081739671           3.3905408526172      0
      42.954790378011           21.682780072517           56.205634177877      0
      25.390160532345           36.611797502109           7.4150706652758      0
      55.920093814007           41.075404826108            38.25791070251      0
       51.67215380343           31.682505172758           11.485806504581      0
      13.557346047605            22.64715472049           25.710254638391      0
      41.318292928624           32.928799122981           26.948322692888      0
      38.780400413981           41.742587195178           3.0972523020876      0
      34.192502346177           29.613570871369           30.350524710982      0
      34.578190956919           45.927475576785           23.562153125331      0
       58.94004459987           34.367105743429           37.976628891586      0
      44.622122055644           24.057860481418            7.719333608324      0
      10.577761003839           26.877092209143           46.755560013756      0
      44.697851523779            29.93922533209           38.778700114017      0
       45.32140147565           22.988456772377           55.756248810391      0
      42.794073761609            25.75189976425           61.036877178436      0
      50.019316734213           23.606532086683           21.898103418561      0
      51.777253738347           12.511684825518           53.026952062134      0
      19.582131133071           24.149824656967           16.503897824696      0
      7.4413756128199           32.316005717763            41.41641044601      0
      37.550816741332           40.847060324338           37.850890122974      0
      58.711115345927            20.02075344511           17.117247564841      0
      42.883524678281           31.560633701429            8.789294937745      0
      48.999899804763           40.488153272562           14.991788968488      0
      54.966801618635           33.330271873068           11.121239282431      0
      47.254261874157           37.538605743347           27.019210867387      0
      47.386146823572           25.849036780328           4.4224569333827      0
      21.704701522399           39.073567337706           25.918890801158      0
       57.33584586229           30.573251400335           40.888583795558      0
      9.3757907144452           50.303849284222           53.349293100141      0
      13.947630758547           50.381194329011           51.955043237287      0
      49.853688910356           29.203048649255           40.267556156483      0
      29.286516936116           38.949822927535      -0.00027084350585938      0
      40.369428513174           21.623297996135           62.818848720468      0
       37.42826042675           32.029419038293           29.262644604718      0
      52.995567671823           22.217472078795           25.122223493332      0
      55.781043299227             36.5061829453           10.718464437721      0
      24.514980936219           34.089037800084            3.411442127203      0
       4.188872887169           24.240275602337           48.084754961262      0
      25.837375025819            27.97313566835           32.328936746079      0
      45.163451547119           40.098047067503            11.45013253377      0
      29.148209041261            36.85325278977           10.426222528287      0
      63.157033256621           31.171818614091           6.8378657575749      0
      21.940632794715           31.327011401643      -0.00027084350585938      0
      30.689119854164           29.206794391901      -0.00027084350585938      0
      12.644904549568           33.111747927768           17.980980057953      0
      18.536170552113           38.122172437353           29.265928709293      0
      52.375427776464           32.641560771245           20.352077810642      0
       43.70940448858           17.554851001607            22.05657561977      0
      54.731885542983           29.196282399113           3.6007490668793      0
       54.55745735021           25.896613024386           14.807438819509      0
      46.267345824535           27.672571567822           57.827861153638      0
      14.204491413988           42.503751203464            50.76008591158      0
      26.022114315489            22.09669065778           24.408691501491      0
      56.826710219776           38.302918088318           33.627308477563      0
      47.656570309266           26.917592544287           37.282991295509      0
      38.344545296375           32.061081453102      -0.00027084350585938      0
      37.448416114439           22.543547826012      -0.00027090219924654      0
      23.892253773268           37.447543380518           60.248505080397      0
      32.741094706025           18.086188505071           13.945547983181      0
      52.042865540109           40.826789071535           31.992309456039      0
      13.782726083751           21.177350494338           16.638286268819      0
      40.292945607973            18.44104751968           7.6699773311039      0
      58.104810999046           39.469780225993           44.639260796984      0
      10.607815220723           21.941365074422           38.108689652218      0
      48.861701762578           36.603288319166           6.7719152152761      0
      47.565884616853           32.426680998324           17.998069417139      0
      20.704068614308           32.507025107451           40.034333106277      0
      53.376059229876            39.31821560403           20.829527798488      0
      46.063150846876           25.369923438991           40.122898560232      0
      15.852058779536           25.949733539951            35.54277628975      0
      62.786512995961           31.041569480871           38.357230175061      0
      61.123581534695           39.204171821209           38.275476711535      0
      36.671587265845            42.90423911391      -0.00027084350585938      0
      33.027620084423           40.467867846332           13.482752187818      0
      30.245728972195           40.432814288371             61.2697376132      0
      35.301189852563           44.512623154012           7.5655669514121      0
        35.1779692429           21.701573111868           3.5826411830185      0
      40.771351034039           19.948287587602           25.472562048878      0
       29.93161685437           28.347159425243           13.638604331309      0
      22.194549082286           35.329636976669           38.698486521093      0
      25.522362327013           29.945813388829           6.7935039274116      0
      41.238788978671           41.509719473149           8.9903456939747      0
       35.84791578166           33.853759473187            4.587647567718      0
      31.411146573971           42.278385648121           5.7576351989461      0
      43.596496429852            41.11021253828           6.0273011015762      0
      12.983559528768            25.19002324144           15.153096516716      0
      8.6505024464725           21.632167361406           48.929360694272      0
      7.9002060727127           31.219977480734           22.797487284363      0
       9.480074381132           31.357986492848           29.566328804487      0
      18.276702985608           23.079517137047           21.619186484841      0
      34.883241761747           19.301011581663           30.278681742945      0
      19.322258177634           24.521393962912           36.761028994983      0
      45.382600439171           21.230236662954            32.27741153856      0
      61.522706411083           31.536952663305           47.510432451024      0
      18.291269672498           23.694209778139           26.167224103242      0
      59.209377646183           29.418041038466           39.107834516355      0
      49.174497670025           32.948311288755           31.457555640438      0
       39.90334666441           24.749437510309           34.867521137451      0
      30.285871953115           29.826840020913           34.575930744887      0
      28.612451396755           23.731418159418           26.701209364553      0
      12.875523352925           37.261177128857           16.031573969728      0
      44.718354891051           28.186040410062            24.88013815435      0
      35.871813783751           24.462996784477           31.203988793258      0
      36.230590382136           39.853204242757           27.033312215264      0
       50.60815262558           46.059897176483            13.15854651655      0
      26.074689692687           30.066355490256           13.617385427805      0
      6.5167434871379           24.628360015856           33.507377953847      0
      22.680711352386           20.536563172542           14.626325284329      0
      16.684853656713           20.330682430534           29.175136617857      0
      14.422559224164           42.149832157024           22.095330432821      0
      54.942039337431           42.485729420321           23.165832529974      0
      3.8174763706779           21.732797279728           35.395231262074      0
       45.47724359233           19.266540066323           24.381514329092      0
      57.195135865776           40.559227307163           21.014395020669      0
      30.722807255379             19.8049261685           5.2560445096038      0
      42.777258896719           21.230099490069           6.3790365026331      0
       13.56141804858           29.789752177143           37.145913811878      0
      13.480666412712           38.064374691701           37.538823328202      0
      38.732387543436           29.596378151852           9.9758161332814      0
      47.455958249644           17.710609463275           28.794142233586      0
      53.847359664781           23.799232028915           38.680352356257      0
      41.889195480974           39.849386253546            21.39654431436      0
       56.48689877724           41.035292039969           43.182919716564      0
      22.435258206908           26.401581709503      -0.00027084350585938      0
      33.088858661053           23.817784293773           6.4019299014588      0
      7.0183420153124           25.478886153173           45.942220358573      0
      38.476292626358           16.347087289328           14.647554479254      0
      45.511992789467           17.154422461018           15.126360565437      0
      46.960359217004           43.773682043698            13.88698005758      0
      60.093012242692            27.08770225187           6.3610719740479      0
       33.96862799072           22.306276817227           13.157177825858      0
      29.437158987231           24.507080695142           6.2231947779503      0
      56.986731243626           23.563387532581           6.0378159732784      0
      39.080533559867           20.177364196156           15.974693407209      0
      49.563794169402           45.096912702447           22.516020547711      0
      52.278028547192           39.535288918149             16.5167299944      0
      12.999524723724           24.699089819434           20.817813123921      0
      14.936825549581           25.323811724587           29.779664636065      0
      13.238161317656           37.266008306641           21.623649355883      0
      20.718790325482           35.413941071717           2.4050543657094      0
      22.699853340049           26.643228287907           20.385352147856      0
      22.046715759796           38.240938789244           21.447073537303      0
      30.168386269901            27.58697609449           24.197549872676      0
      30.602740258315           26.737426195675            30.14727400349      0
      29.082606833504           37.263490920779           31.042768563767      0
      38.175309322512           16.678747633389           22.374876606818      0
      40.464154390999           28.419826549242           29.164534336008      0
      37.233664396849           36.748045379533            29.86396602054      0
      45.318204896768           25.947129862218           30.286720333024      0
      46.503250568101           37.628808262805           31.989536746073      0
      9.4660940218704            26.90503616798           37.154291532691      0
      47.286717769078            22.49165886922           10.815663624314      0
       38.20802658152           44.394290534086           18.354319124777      0
      50.435529309606           23.296521801335           5.2391238714229      0
      47.087899676238           26.688272136784           10.032789860913      0
      2.7554972295914           24.723658298933           39.349454819062      0
      53.736090663352           42.606400896127           14.872767342813      0
      4.0666380411765           25.074977088881           35.500467205848      0
      43.076610103147           35.243228929114           23.865960545494      0
       50.55793095525           22.935285112143           28.050347344828      0
      38.192164349947           47.998045035372           25.051726885697      0
      40.366198871333           35.980330759271            14.52677403572      0
      58.181274886781           28.256629610757           29.982398639982      0
      10.099090135219           20.488658914283           22.327752761027      0
      56.172751036293            20.94320550956           17.625917546951      0
      3.9336699230867           17.400309805832           35.726175344494      0
      38.723626255394           42.898676689167           32.502754808911      0
      16.606079537163           35.040074206555           48.610117055819      0
      38.993938470469            20.44369756604           2.4734375917323      0
      3.1662791881102           31.125062813033           35.351061413627      0
      20.621905530868           21.293275341942           26.713379656305      0
      38.872606327332           34.467891641694           9.7273102313859      0
      23.507830163171           42.002784224227           19.797213955374      0
       39.09112626321           20.897645349149           34.965564977488      0
      40.432191016247           49.797097820028           20.033703507185      0
       66.26095352298           30.566645041408           8.1208999337893      0
      57.004627649845           38.981808803419           16.119366878944      0
      16.030920499856            28.49497744336           46.076757992648      0
      19.723854641773           32.012326893642           4.6214055158953      0
      56.332232808428           40.513091223949           11.814229996414      0
       21.04248784232            20.12048767226           29.542114365056      0
      56.914345791274           39.737471616025           24.564941258884      0
      23.633974520713           19.853498750731            11.78836290443      0
      37.032692923008           19.865078138941           11.802720429606      0
       21.19702868127           42.515273031635            20.67511298957      0
      10.734799282371           20.824617902574           29.180540001257      0
      5.7055168441451           32.254282424349           47.063251221653      0
      41.288030799025           44.106959091575            14.38166534944      0
      21.866197708308           23.845019064962           28.259202660157      0
      53.187824608564           42.300275023945            41.17054882195      0
      17.228133386684           20.842152030171           24.584824520435      0
      28.204124795391           39.137642231406           6.9546934880843      0
      30.650832621037           20.088356566187           12.612667452631      0
      37.581759372764           16.292843730168           26.511682506305      0
      45.043943311281           42.499132250746           31.544672972223      0
      5.4565794681415           33.595827705747            33.90193758347      0
      34.422159715557           50.797093698193           21.776171257238      0
      15.030084193931           21.297577419099           33.993419871124      0
      41.322414969512            31.13886380444           13.591979135587      0
      26.104159723115           30.113009865888      -0.00027084350585938      0
      49.795979094124           41.481864915456           19.864351986846      0
      13.015088991127           22.564805520513           41.153022519623      0
      24.040621110501           38.741418231354           15.972472760583      0
      41.198638459764           39.972099829032      -0.00027084350585938      0
      52.991557672642           21.066552131266           4.9538676053049      0
      39.192123989065           12.599861065192           16.018564687133      0
      12.350250575975           28.424445822838            13.17517835023      0
      61.183971741145           30.363399759104            41.71389943565      0
      52.490487960993           29.057757296133            22.29202560607      0
      38.196525119069            33.45111668357           37.950541759905      0
      53.499102911549           25.571939643419           28.382223897824      0
      28.058399986662           20.150724981957           5.6447864689368      0
      20.737150809986           21.915307435922           5.4974923930017      0
      51.959181064301           28.819447519672           47.535823708398      0
      48.913156322004           39.615938683709           2.2375602233688      0
      20.858290523049           40.193577239418           14.934532672216      0
      3.2125063962786           20.955061935984           39.724835870992      0
      51.469478160129           38.462746371851           46.286027577092      0
      34.427137143483            20.92193980009           6.9146210569009      0
      11.462590870772           33.173394081977            13.82819930231      0
       19.05241099632            32.82146468662           7.1075665835519      0
      54.900059728822           42.056894248049            32.88608316866      0
      56.615398105919           23.476388526215           26.584167811231      0
      17.313621818935           30.991161405274           10.943620816203      0
      39.762985374958           12.798344510699           21.243050843881      0
      29.225478361875           43.663963682998           14.094465656708      0
      34.865282471791           50.174778405304            14.21233156129      0
      52.430632820732           39.331021257061           5.1097220856418      0
      24.751643437118            21.51801393364            29.38024079017      0
      46.297435509588           39.588074373037      -0.00027084350585938      0
      50.579660213149           41.635785565868           38.487875722714      0
      19.103353709168           37.349327897743           4.5898915150161      0
      30.461637757821           20.882927440333           8.1942086651979      0
      44.989808221302           29.576824224375           2.4122349330896      0
      56.619783115561           21.870826937445           9.3217988802205      0
       47.45713259851           15.146339481936           22.735233992503      0
      49.659849739241           27.053937624384           13.747018683575      0
      2.9958144697055           30.978428882396           40.281328256612      0
      38.550589437351           13.083163980758           12.135807475421      0
      56.570238474842           39.107192114003            30.20780706141      0
      35.428275525789           12.691826630468           22.019774345417      0
      39.449189665004           48.802534722516           16.345621329986      0
      26.943255457001           20.359921512342           13.421495732272      0
      15.257859827484           40.766458774474           29.627465389421      0
       14.70295390883           41.487002979486           17.492667763085      0
       41.46371167295           20.521408388944           3.8427880940395      0
      27.627477418794            31.86278245677           10.186842855413      0
      24.842078485388           41.623206742511           32.201671478801      0
      10.008468281373           22.486943849303           18.079796569696      0
      18.365926468599           41.875652364055           30.963463191382      0
      36.967102943817           46.903229760901           4.9129235640326      0
      46.364937439914              26.668355521      -0.00027152513682783      0
      35.441373962932           43.643439453365           30.412155904365      0
      53.611096771509           22.159595289577           30.793819995002      0
      62.641953447895           29.418613555837            14.49140186856      0
      35.043752332715           19.953683262479           21.817923277826      0
      64.553597588058           33.792415608084           7.0689964792995      0
      32.304413768593           39.929580514335            33.94313659679      0
      15.660992698398           26.021651176115           24.268330239366      0
       40.00117021305            48.53668594779           11.829433613895      0
      61.099175666883           39.751644621199             46.7224234681      0
      43.747015223769           12.976828556168           21.635632699098      0
      38.758654400795           44.862841032436           11.897898478152      0
      16.795398723948           34.335088392854           11.397348329192      0
      45.782698590051           13.844385213002           17.568268316203      0
       3.881746624267           28.154690123392           45.697333984376      0
      25.239771177319           42.314420380697            17.69886229658      0
      13.713300588428           30.806605853256           33.167204097479      0
      34.284717932278           26.751230969353           14.602156661712      0
      4.9894752785922           15.855430868186           38.505919199205      0
      18.455230872178           21.053374807857           15.198573083434      0
      39.523685822132           20.547137043143           20.348141157825      0
      35.435204884441           49.349151084949           17.791862133674      0
      45.024728791515            34.52468860337            28.81769480078      0
      52.676810815625           26.900923708009           35.974255932233      0
      4.6424034296852           23.774197542719           43.581945367717      0
      55.443169787128           32.626141654934           2.9955076406399      0
      15.532801487169           22.920649667515           44.285145889299      0
      32.396953263825           15.309667880123           23.887178844078      0
      54.157806891344           40.793004580151            48.62415136973      0
      49.900598331341           22.538900086749      -0.00027135920591466      0
      37.405130113207           50.581744626644           21.730624993675      0
       49.08105593692           24.660327586434           38.980788738354      0
      5.0985800588303           33.290649339966           24.023130287648      0
      60.886128580727           25.127858236377           5.0356274053156      0
      11.866590358164           41.261469085224           19.297728947215      0
      33.792584321702            16.74136687033           22.593798986085      0
      31.284575574945           49.262431880798           22.315049484015      0
      44.024131208718           20.239290591617           16.023531383364      0
      13.575151462675           22.142357493382           47.807315249523      0
      52.804279268621           33.250174396728      -0.00027084350585938      0
       53.19933309455           44.025932647217           37.910703231678      0
      3.2421663797487           19.508004283694            37.44924317359      0
      24.245372708999            41.99015129174           2.6599912299064      0
      49.297687478158           20.438861288867      -0.00027127330503498      0
      12.763537533747           34.854086375888           32.261668579382      0
      31.139783023868           33.575880125749           9.5700589452181      0
       11.81267347877             40.5496733566           25.338058317382      0
      34.808278716654           32.000967401998           9.0469587324972      0
      21.666876792908           44.732271194458      -0.00027084350585938      0
      43.557710988248           28.007507914009           5.3755307258843      0
      41.402281513237           48.490482505112            24.31312075478      0
      5.6282424468121           20.222427200429            46.60794640338      0
      36.540619150059           49.853013304586           23.331389274962      0
      37.175751724239           12.901813123583           18.725328379758      0
      35.872530150719           43.998661289454           20.803960800877      0
      29.208621901183           46.060490285331           22.056616443778      0
      32.890888070068           13.350744640897           21.805946556814      0
      56.946988433577           34.257247993627           1.8616399125429      0
      14.791404607386           20.380190888938           41.182659535603      0
      47.838550279107           42.958898736966           4.4006005163954      0
      29.662637105382           37.530837009115            35.30296372311      0
      38.696055240109           48.970016720478           22.492820620058      0
      59.588080373669           31.704737435175           20.428254761886      0
      52.998099856053            33.09247045711           32.379013993643      0
      47.811351051935           28.981873892535           45.146089450063      0
       12.66358940829           20.977489775348           49.337224722318      0
      5.5185126158129           15.862946374722           35.502058414769      0
      16.722653497418           29.890292544786           50.577824674601      0
      41.468432129699           13.904345905288           24.819230265598      0
      35.091114421021           37.496968358838           33.059735835499      0
      43.135045387014           19.851511091749           19.179427662305      0
      57.732974522342           31.869247432655           2.9503130366987      0
       30.48026967622           13.753047088786      -0.00027265010027833      0
      21.668081386963           39.495573295892           11.217720474309      0
      31.628964534533           23.250028166902           10.532526468953      0
      41.077166438072           50.459842091198           22.346212349153      0
      56.310687261223           43.015377723681           46.848695038753      0
      54.774981425967           30.783701940681             1.53024530831      0
      51.701740773685           42.075755198563            29.34167583571      0
      42.214354416518           13.018256025817           12.780513901265      0
      37.686339589159           13.404195880672            24.69407641874      0
      48.374485216953           42.411920314647           2.1327340817019      0
      52.566081381128           26.779020338057           6.4781777648201      0
      53.773528038709           38.538840773088           33.572941895532      0
      48.457322723208            41.16895985797           33.590420793737      0
      44.541545093914           25.591059185502           2.2202166097129      0
      30.082384503327           40.576692738821            3.528276447811      0
      47.160805022767           24.139484470237           38.277043479247      0
      2.1070817536705           18.149979341079           37.768768061604      0
      40.006578445435           51.575286865234           23.872074127197      0
      25.153286775727           40.908641735122           59.962602389543      0
      57.637984142173           24.387817830768           10.071874635689      0
      55.480279544395           24.170592846212           33.175961461855      0
      54.070449644884           7.4428068328638           57.793940550014      0
      49.050051780835           24.526446398864           7.7609660502577      0
      40.604349422989           48.843611091368           22.235412578219      0
      51.795935940733            30.98225003063           16.002879794633      0
      57.607569964431           36.623656820045           3.3407077623374      0
      24.789078560035           44.335208172049           2.3876197731041      0
      48.261131556441           44.626438179468           2.9809571972259      0
      26.276349768041           44.620860061654           1.4026690666271      0
      58.380984858373           32.986022242708           2.0488031479488      0
      29.130922146536           41.261263490853           10.018332309149      0
      41.934869347776           18.594808602851           14.734617201913      0
      23.229257457024           21.528288349679           4.8270956677799      0
      57.608332080505           14.150794986655           55.850375222992      0
      20.880270149595           22.516663014099           9.4245316092322      0
      22.572627508261           20.665865072061           8.9553570536241      0
      51.474688687152           19.954191412212           3.5687108391611      0
      3.7473131511103           29.496505856901           49.112250134386      0
      4.6593543354477           30.702746763888           27.385770635044      0
      44.475295316608           24.923461979329           34.131513736749      0
      39.191130619954           50.817067949415           21.989870122906      0
      5.1843515505322           17.206653656257           34.347316603198      0
      45.762479913235           13.724017400478           13.571726062351      0
      30.337284452518           23.110885796205           33.769690078403      0
        16.8916849142            19.83230137508           41.273090171445      0
      57.673049783653           21.591957641241           10.903826395878      0
      15.511092185045           19.013154014378           41.697044537067      0
      54.175038575585           5.8121924307031           57.780783441975      0
      57.629790911497           25.972562672975           45.281489130829      0
      45.870607567476           22.577402532439           36.453547938444      0
      56.914522700616           35.046502941646           3.4608752218287      0
       6.196231959485           27.318930473566           49.541549171217      0
      22.116274133516           34.776232813675      -0.00027084350585938      0
      23.434547253612           46.745920982533            1.439052464812      0
      41.830636265991           42.649926678998           32.771706365463      0
      42.734643546193           32.582004617275           40.192896502868      0
      36.906866240184           47.906600148803           20.090971926508      0
      29.107490620307           14.213453557964           1.2665146886347      0
      30.856399634339           14.333488138472           2.6051585557946      0
      56.325900816875           30.297340288595      -0.00027101047384207      0
      46.433591829272           46.862627382044           22.227673329161      0
      30.053212867723           17.298878498316           23.404841308137      0
      59.637479782104           32.888315200806          0.87864971160889      0
      12.863688281705           29.075318159401           17.472829924852      0
      57.869049635025           11.805172193786           56.975072544744      0
      54.845550455734            6.145988667409           59.160005794145      0
      54.321809210944           41.518762455938           4.7534233249818      0
      30.985110332931           50.100254921759           18.010505412671      0
      34.906585185968           14.265701010479           15.872444707797      0
       53.63034881065           41.833953753959           26.436767864073      0
      22.882178097741           45.531331383437           1.6006035280721      0
      46.392775428536           26.412753593164           52.884075431616      0
      26.496286067851           39.516331467295           60.146055904907      0
      11.514558419418           30.931331071703           23.016522803057      0
      2.2310959435226           18.771338233338            36.11470642452      0
      10.724080245472           33.934119313607           22.025743305956      0
      38.375067947037           50.354792244668           23.929737326212      0
      8.2097538922878           30.543920204252           38.528253461032      0
      49.998415622063           23.767925079517           2.1170126082161      0
      7.2230729377414           23.819581519536           22.256106810673      0
      46.012048388156           26.794393081642            51.73466454202      0
      61.464153689385           24.600997166257           6.7399151655505      0
      10.159569498404           24.834197179652           24.764541119059      0
      5.3369083548572           30.435418517935            31.21974737821      0
      11.621657775467           38.658061999652           51.223185779512      0
      13.530605980862           20.770687100035           44.097823499733      0
      34.665815547936            14.35905030479           24.585914959999      0
      47.840117988957           29.738740743225            51.88663780133      0
      16.471247840756           20.816906333042           2.4617747147567      0
      27.217934263491           41.092086957848           13.604262025962      0
      55.005813107613           38.273013852934           6.4776009464171      0
      52.697856544227            28.67355511542           12.967201806238      0
      57.446402014372           30.332842845994      -0.00027091887284249      0
       19.58686164595           37.393746247715      -0.00027084350585938      0
      18.577722976202           23.782490375486           12.109437552593      0
      35.470819187532           22.311027204388           35.045399115511      0
      8.3041207928713           16.213412311125           34.438134916086      0
      10.589750266821           20.550044868959           31.978124689808      0
      14.237861804447           35.224284432081           12.506856830307      0
      4.2936290771625           28.537788288069           23.756666533786      0
      11.315174595347           43.947147618209           55.198755284264      0
      8.9455260215027           17.362980474421           35.323164673408      0
      41.098503542037           29.645238452261           39.186830387752      0
      61.179044504321           23.312557098752           6.0582810587191      0
       11.40648586542           39.924936996741           52.522670199215      0
      25.500514780034           37.734935318643           59.312686692717      0
      15.359247207642           24.672652244568           2.6138257980347      0
      28.778793571738           21.103048095377           10.707326992885      0
      41.244208864016            12.60350981341           18.800334867788      0
      57.024480148892           32.405313888621            1.386495200882      0
      17.645735528862           22.392847756555           38.215930736161      0
      56.968774527279           29.700687065505           14.838973816704      0
      34.184031778989           39.874134512996      -0.00027084350585938      0
      45.951398133917           38.067654083185            38.60459025821      0
      7.7694653539729           32.501364524553           26.490136254139      0
      6.4493168053812           18.093982519298            35.02486812183      0
      12.558353713349           35.701393581371           36.345802686417      0
      37.748970545899           17.659779617696           18.487305385916      0
      25.474703529388           38.640785934422           33.809389123844      0
      55.693535455509           36.033494248603           29.477968274716      0
      36.091926739085           30.003981278754            38.22581921253      0
      10.020201524451           38.825198595081           53.333729491629      0
      27.716148902261           22.469123451212           2.6951857866533      0
      35.186841872453           14.854075255946           12.542546399346      0
      14.442015868321           22.045642788382           45.968096752231      0
      57.834337434804           23.510616306567           8.3004697137926      0
      24.883133214895           29.196672007307           2.9889888703507      0
      9.1486472210784           34.669390635992           46.619740930887      0
      51.032506156284           19.986825037029           1.8035005486631      0
      9.7560233967114           37.403755920213           52.237895194313      0
      47.463626309214           24.165538170062           39.980875331165      0
      8.5969579852574           23.712471221118           35.919769168941      0
      53.638966411114           7.3429825539388           59.537867005048      0
       10.97537465768           32.945561099343           41.342293400723      0
      48.089791480042           24.326196089299           34.011828646619      0
      5.1819822784134           33.672825634842           43.610873628326      0
      9.3627837636338           33.461612500446           32.818001433967      0
      58.812370791429           31.501417554516           1.5889590085505      0
      34.922771916197           16.559368121929      -0.00027236835076991      0
      31.334076972592           47.573383051736           13.787906746005      0
      16.055229219996           23.993597853889           46.985968993775      0
      33.611992469092           13.031469936774           19.070589377629      0
      42.751156453742           39.327483373937           30.811707700797      0
      10.261932324315            30.51256288206           19.834911526795      0
      37.575439469259           19.300849410111           5.2677776408991      0
      46.976436568745           44.995637180704            1.702342506229      0
      39.720564982887           22.719249120395           37.199801296477      0
      19.962334461609           34.839731936478           31.257896463596      0
      21.839933314137           21.384853292302           7.3095835287377      0
      45.074924695145           43.716586809488      -0.00027084350585938      0
      20.347066869853           24.979710729834            9.967064482764      0
      53.502358473971           31.628600813194           47.203742552847      0
      12.050030750245           22.724066774012           45.053425776226      0
      20.503093033346           23.470787285231           7.5292434398482      0
      51.758161523188           41.392560030434           23.531979365603      0
      39.826029740284           25.865963193858           38.735216098593      0
      59.808388575818           33.676159424209           43.352497629316      0
      48.963787875624            19.53532318587           21.619459646817      0
      50.866220560444           25.918681238011           3.4673748946665      0
      56.037280497345           36.374115395664           3.7753001428244      0
      10.670948450719           34.793667231211           43.799678955532      0
      10.894342637954           41.427253581814           54.142477203709      0
      45.547235348309           41.241881285301           2.3421261881921      0
      51.608040103538           37.726789667922           40.060530613438      0
      10.094315875138           25.227169541418            28.78430633483      0
      17.519805543666           30.992156197288            39.48328890441      0
       47.48438446098           45.788151020321           3.6382717988466      0
      22.428230587468           23.273391572097      -0.00027084350585938      0
      56.291836459955           32.483894775216           30.451008244343      0
      3.8246892635769           17.624343684988           40.947403445961      0
      41.604058204879           12.185322926913           16.286696236863      0
       11.40979656505           28.238645220405           30.477454096731      0
      55.591486415268           43.901810064789           40.993767653549      0
      56.730319578595           24.766796688633           30.729178868454      0
      9.5973334688213           38.156406046157           18.540012693835      0
      32.325346064757            24.58722171493           26.291691017246      0
      19.964916831216           23.673062310421           3.0259315804744      0
      36.545660152715            18.83778152089           8.0391434218157      0
      58.229658126831           20.139608383179           11.267226696014      0
      58.309838626191           22.942117434825           9.7934349786631      0
      26.553028745799           21.780159973065           8.7990691421977      0
      61.621661615277           27.346549479146            12.73233038566      0
      40.108479874478           14.833960105205           6.7404405729558      0
      64.478925542706           29.861009328154           5.4252970603219      0
      58.186805100847           40.654049755077           35.504227225176      0
      53.276077023582           36.194285677781           16.842863453694      0
      51.063346333605           33.489458382803           3.2601534929895      0
      63.962028213044           29.280555583563           10.950608715545      0
      10.890089264786           35.588743660649           19.255957121691      0
      46.734054128655           43.189946446517           2.4421115123189      0
      44.471676849487           27.480664824814           54.280491257255      0
      6.3994492639712           24.087247568483           38.231232089417      0
       23.29985494177           39.360038051867      -0.00027084350585938      0
      6.8309081452875           16.343007367459           34.244409150849      0
      9.1369565071736           37.002960566556           30.181935591416      0
      15.951221571578           34.297858732325           18.396867220688      0
       13.79116440631           22.925740959509          0.99280676904556      0
      46.565098812002           25.305430583918           54.190707836333      0
      47.591684015135           46.778096465753           7.6280538948028      0
      8.4256677775532           33.932377094076           38.946118090066      0
      62.464060676421           32.500022632317           34.714688299266      0
      9.0778008450897           41.832832937957           53.938005500981      0
      16.325837257585           26.001226248337            13.04805577088      0
      47.157315169954           19.326693647573           12.889902133624      0
      28.770628906957           27.651489534651           3.4463785403841      0
       22.83273545458            21.85384002724           20.815221056137      0
      9.8082985821664           17.878720014253           38.933645277313      0
      6.8261794046512           31.833927044009           36.195379735068      0
      53.786778126052           4.7621694787548           58.857302627252      0
      20.141417526014           28.455850327582      -0.00027084350585938      0
      53.647328181666           35.438299154435           45.291437423235      0
      35.599980914396           43.589529926115           26.501527340539      0
      8.6224153083208            22.05198303069           26.745205665452      0
      51.429030661312           36.144270274507           42.786922719406      0
      42.675401740613           40.961177603053           2.5133540831645      0
      24.972909832993           45.822758896583           1.8808234528241      0
      56.565144910809            30.91689953203          0.96711673662233      0
       12.68058166514            39.00044090831           31.098076358077      0
      56.554630563658           35.049443890366           8.9779415118292      0
      18.011060002362           36.701313795817           16.255245069683      0
      20.889863324908           29.580876396854           8.4832821058492      0
       25.87744391709           22.167552240335      -0.00027084350585938      0
      56.426530828499           14.499402529348           55.064141778269      0
       27.66938374187           41.006820969089           25.897443441727      0
      44.716866966874           28.342424343774           52.820388268521      0
      36.840265363075           18.611913600052           2.2239459685958      0
      41.028225739447           13.345977063927            9.942180167186      0
      13.281326492484           32.423746068261           50.226875793964      0
      9.9559706556248           40.163329915398           53.687144452698      0
      28.920112921668           47.350340986984           18.889093421879      0
      43.649297256486            15.28432322856           19.754101815121      0
      6.3695459437019           34.285129135496           30.296227024643      0
      20.992494317897           28.563632003885           4.5590483320467      0
      51.350676902628           22.012316629868           2.9084249517501      0
      14.915617811285           22.891340101993           49.774433434389      0
      40.634344000737           35.279425029244           36.273686236088      0
      10.003651185026           40.480997888985           21.874167401934      0
       62.26574716151           41.076689329001           34.427776197244      0
      6.0909559359583           27.999131848272           40.720748194875      0
      44.267124506493           41.670290509241           34.247527529772      0
      17.281519359957           34.236635162534           4.6509270233962      0
      52.468519092767           24.784644712685           47.099816148329      0
      59.111571696103           37.477347240625           6.1516164553707      0
      43.544728837476           24.757402522829           55.030019314291      0
      13.845383250646           20.885286477674            46.44311717684      0
      43.625034967331           48.237853229876            13.89492978285      0
      63.722335274202           33.325703374178           12.800338282499      0
      56.032790931332           28.731815042208       -0.0002710529041029      0
      52.853127409883            21.42123807434           20.627024721628      0
      57.560234552791           34.648589554833           12.380021448112      0
      54.423546816152           37.491902510357            4.369645683377      0
       7.563259283159           34.904255548433           44.031616232591      0
      46.770909103198           29.915781174136           50.751170955432      0
      30.727806612473           16.293882039559      -0.00027253265895016      0
      44.344201299025           34.976768937084           39.761849237106      0
      28.172546415413            40.41591801522           34.143113336572      0
      23.408566356357           19.395827784475      -0.00027084350585938      0
      49.332591171395           21.535000506264           33.470315616354      0
      46.022862219666           29.178914635738           52.319800485556      0
      54.626703424051           4.3920926888902           60.142544091076      0
      59.737640536725           30.826943416704           13.824591968822      0
      52.956494194912           42.044699426662           3.5811314766827      0
      31.259430151223           43.687657738631           10.782354871677      0
      44.975178825688           22.095819618087           3.5242462474399      0
      8.9989431165312           37.005791455659           38.084529898652      0
      25.448948138058           20.786203249224           1.8876028227721      0
      28.944461185593           20.376296541812           24.757424541194      0
      49.358140831074            20.09748267592           2.6279286896945      0
      13.851465022324           34.233629480973            43.75979812346      0
      58.502534366143           28.552424799431           1.7737780261835      0
      9.7477049412164            16.32947142784           34.698822650872      0
      57.658260062403           29.163869973317           43.541374823138      0
      14.908471648054           23.078797980131           1.2878085076905      0
      29.476155892586           21.041960325623      -0.00027084350585938      0
      12.059481426089              42.818251849           53.879266642417      0
      39.735674396433           47.804680777635           5.7728081155043      0
       56.04673566358           37.662379140264           4.5525425328898      0
       5.938405511591           34.931564094456           21.711235429616      0
      32.805220119914           31.241152431325           36.830739080375      0
      44.954497102387           17.395673670983           8.6262646292353      0
      4.7184299682575           28.958279257448           33.504101541672      0
      55.649382480916            5.308413143569           60.339777804179      0
      35.431557338923           48.266804180291           7.5170559135101      0
      62.957215583081           35.384486841872           36.630767837174      0
      49.856690577842           19.031357206342           1.0745232837094      0
      8.4913863537831           34.180640386052           35.685229546306      0
      16.490037095558           26.638245361196           48.669032826373      0
        57.8300602309           26.298118585795           10.690874820383      0
      54.547373507995           30.619199521659           13.338893757869      0
      26.081122097705            46.52817783457           1.3337658641892      0
      8.2517494238715           41.018976437434           54.496700626519      0
       9.052222331482           21.782587042517           45.096832970132      0
      53.461257932105           38.103028849407           3.1996687256073      0
      46.517301789801           47.619468766133           17.035018632195      0
      59.859154433972           23.684382398343           8.1925635317582      0
      40.035562106069           50.040725544528           23.749433983843      0
      45.490557348485           24.667691041371           55.565565925067      0
      46.910516337406           31.474524483124      -0.00027084350585938      0
      58.406550202481           32.985291802565           14.897113530544      0
      55.757959428679           13.315473330898           55.028404694019      0
       49.27262728244           44.085439506585           2.2001398385809      0
       18.37745702685           33.609715651048           14.784434431808      0
      46.453718413104           44.542137849793            3.370860221518      0
      4.7321796886015           28.009275950624           28.465627048292      0
      55.584738889379           24.715736721265           43.028587059362      0
      9.2531734484028           30.903518833389           15.896053921103      0
      31.349553536406            20.08235379762      -0.00027167989748881      0
      31.097842010557           42.417264441004           25.843296012371      0
      9.5916784651749           21.599508357211           35.534625268202      0
      60.073731513053           27.702244595168           44.748378690658      0
      7.7021555961946           29.995224561228           44.322938133221      0
      9.7052269076447           42.148859988016            54.85197100357      0
      25.579564277853           23.164351048389            33.28512762274      0
      26.060893103264           47.918616579811      -0.00027084350585938      0
      51.238941667224           39.522331684597           42.148397081859      0
      47.535120320428            33.56980151974           40.944975942444      0
      18.015384763852           36.833432662666           36.667223184269      0
      38.104452320678           44.979472799736           24.567383177373      0
       41.58119493817           35.272558117243           39.197707263342      0
       14.12816400547           31.989924370583      -0.00027084350585938      0
      57.396193257709           31.713312321269           12.300394553817      0
      6.3414552477085           27.358079684847            20.92848398297      0
      49.348366714306           39.696462358317           30.888112403082      0
      2.7307621758069           17.162426070503           36.998394091694      0
       21.57831151558           34.607131815201           9.3596383692911      0
      56.643898694321           43.244170800509           44.471903309714      0
       15.27387887208           34.800776984333           15.043498558086      0
      24.992998640725           32.504308177516           37.772672220911      0
      14.413980008903            23.29738468043      -0.00027084350585938      0
      46.870767137743            44.58962209853      -0.00027084350585938      0
      55.714521713067           46.811327956921           36.533815484231      0
      15.707664752999           28.969525701188           11.979369664588      0
      14.123833426495           21.974269995017      -0.00027084350585938      0
      5.2872211110969            35.31424977268           37.321665680496      0
      45.400383343852           40.314230120373           36.473637115717      0
      58.927248418929           28.985852869463          0.49183340890489      0
      49.004010471146           39.505124440577           23.080711094323      0
      21.814984980401           38.570687998584           7.7591942285332      0
      51.210770450721           30.032751311314      -0.00027084350585938      0
      48.634507509326           22.826081375278           37.038778693171      0
      45.258559209487           24.972013033234            53.17812454167      0
      52.566697891078           43.782182677836           20.903500173106      0
      18.477622580294           22.623249455714            34.61177254637      0
      9.0223811701985           16.980889089884           33.798287901966      0
      2.4097811856721            27.88527047014           36.654536345183      0
      58.701728573468           37.233342519954           35.468104062117      0
       59.25052083925           22.968770483373           8.8022825565621      0
      13.638631423304           25.018560885199           47.068615501359      0
      34.439262821096           42.179520900717           3.9008974303051      0
      46.799318063304            41.09252821782           25.855551805648      0
      21.399285372133           20.036568133643           5.8726347564107      0
      32.917465729474           19.341833333899           2.9960293862135      0
      59.083056535497           34.181764774424           6.7667079208738      0
      3.5868038728679             27.0549317059           48.721910723036      0
      56.148163886388           27.518154851817           41.783667280656      0
      45.475423707996           23.582090835666           53.109999253701      0
      44.452034610965           48.377386706169           23.194432301765      0
      44.264697380085           15.400787666085           12.545282420914      0
      57.600788613952           24.403918953626           18.387148930631      0
      31.482146265416           23.458268040684      -0.00027084350585938      0
      38.760568850054           37.095607437046           38.029617262129      0
       20.40929963806           24.849544792182      -0.00027084350585938      0
      11.695460773035            35.34121584038      -0.00027084350585938      0
      54.678882191945           42.170887559947           44.111259703386      0
      59.178707621966           31.801756741667          0.47250538116175      0
      16.266634152759           25.724283637804           45.012836916252      0
      39.683016549716           16.442681252791           10.817642036274      0
      58.255464960595           32.413382946182           34.394108312867      0
      49.520802086905             18.9527271298      -0.00027115906218517      0
      57.334705129531           15.356029767855           54.981692806768      0
      54.030840541097           39.105162538986           4.2220796941123      0
       57.48491237901           26.651786247635           39.694633670908      0
      22.079459739697           19.943285142765           7.0122967512199      0
      23.228589887828           28.875002597941           38.352637473159      0
       44.56672768428           45.816202775042           19.884602960092      0
      48.735000458692           42.353267615201           23.941736490502      0
      49.864984283992           29.746104401081           43.335057382882      0
      59.064973981193           28.618255324274           12.546765166084      0
       59.48771151774           34.234047119708           46.923378897742      0
      54.780617850082           38.840117252682           5.1201122780142      0
      11.373202293518           53.388552247194            55.80875299633      0
      46.802112916929           14.261686012542           20.292844923257      0
       52.18061391509           39.298933668791           8.5940665760894      0
      58.507278443654           38.620909621179           4.6714034402573      0
      49.577404286647           15.811124714173           19.086391252795      0
      8.9558492676702           39.235839257558           54.171787895752      0
      23.278695270766           22.710074349684           2.6492433179346      0
      50.494962450647           26.608139898758           46.758918347091      0
      49.040295580604           17.943189877211           15.110136435079      0
      28.255302505728           19.888500974856            28.03175461857      0
      47.753217217873           45.025670499474           5.4460861732497      0
      50.252051302336           40.529220612502           25.776728361292      0
       7.755092750847           36.502734864684            35.59085721602      0
      5.3942367927861            19.52732033582           34.280535826701      0
      31.655623099571           21.153002967829           25.734447440457      0
      11.638483292677           34.203366711317           1.0002184709569      0
      21.548843517267           26.175690527879           7.0598308732247      0
      16.351127833903           35.378483021022      -0.00027084350585938      0
      57.082509375371           38.871831855872           40.923356434754      0
      30.337555598427           45.140610931446             5.74858134418      0
      23.015113119245           37.555850269455           37.578584293563      0
      15.139360332175           31.955385529788           14.386062677842      0
       20.87473971028           36.213093191372           12.730737083506      0
      22.306249099628           21.059762444881           6.0531911003072      0
      12.030030780248           33.074593792386      -0.00027084350585938      0
      36.689384136066           39.114642631498           35.985014528603      0
       52.37352548432           18.660552212478           17.597878330814      0
      59.783908149171           33.357332563838           49.718677450973      0
      53.638326033514           39.821927467802           39.461151107095      0
      52.976824305264           41.267131191287           36.025344177221      0
      44.336758439754           24.070293017936           55.841297056983      0
      61.273945937373            33.59150747212           14.115492843954      0
       36.87834116143           50.971795274784           19.601374731203      0
      52.077764652504           32.384973027817           43.867055161774      0
      31.974957044088           46.654230384477           1.8271455008221      0
      61.539500907816           41.166554228989           43.840706150261      0
      44.237237259786           20.179020364679           8.7786354645433      0
      44.064271042911           12.773117223938           11.429363791779      0
      63.485301332475           25.874532628203           6.8037531701767      0
      9.0446713933325           43.095434657833            54.92603493675      0
      51.774055872209           43.427215191955           11.562823788686      0
      45.788531611715            15.27490499677           7.1999314434174      0
      19.281336020369           35.443053078679           38.789948490601      0
      12.234446598058           24.017038145274           31.866145049722      0
      53.998042276064            29.24440611923      -0.00027112148915251      0
      42.432610432315           47.157489539387           21.356504721742      0
      6.7824555143043            34.95744723843           19.268134432989      0
      55.090401669531           38.438260429364           27.296913952795      0
      21.184336104192            20.12673303323           1.8214058231092      0
      42.692950230997           49.328511613612           22.417826221327      0
      41.217109915406           16.723859512698           24.547197471594      0
      11.748550151236           54.232522241269           57.479328513776      0
      61.671610518405           29.457998838038           4.9288644913179      0
      19.714673427658           36.244884815521           51.902134637228      0
      43.332642351296           25.087627430188           37.556809366242      0
      57.136192657226           12.907301263014           56.179514558753      0
      57.604532989653           31.325116421281          0.86403477054387      0
      7.9813399919199           35.925530380019           33.513241877716      0
      23.811330717706           31.875494294438           10.349414990269      0
      15.715022087097           24.463212013245           3.1748056411743      0
      15.153058970982           24.586398639897          0.90807062073469      0
      12.243569889422           43.604707972631           55.935846093397      0
      10.966984283952           34.016374973355      -0.00027084350585938      0
      59.260891864298           37.125507558475           49.272051050456      0
      36.331817906289           40.857172679697           32.792547935361      0
      42.880774097015           22.810744162183           56.892108056939      0
      62.475278774932           41.666668002032           41.060372890642      0
      54.460405427604           33.588553185527           35.991119030298      0
      52.456012369411           20.145863198028           27.832880911068      0
      57.305994516738           29.111658167484           46.763492873344      0
       32.80959032464           14.439630648636      -0.00027254901425905      0
        43.3414120991           23.251453593826           55.415498762251      0
      58.023657428985           45.848130766534           39.045321328574      0
      28.991315333237           47.383467144382           1.8375963346137      0
      11.160393010714           43.223546773611           56.448990051857      0
      40.070312377217           42.108327571739           25.372547854198      0
      48.069001040611           44.282540060603           1.1872887040943      0
      9.2586911812172            36.75674606815           45.682296611206      0
      19.894101242528           18.513459306519           2.5353646793976      0
      24.179709927119           46.755174958028           2.3441241583068      0
      40.452829557677           44.196477910595           6.1558967628446      0
      18.006561057073           31.584560823022           49.874428192078      0
      10.248561500569           43.190873230458           55.145864310179      0
      53.561399819919            25.41643537647            42.50386256205      0
       7.739913322192           21.326691518745           33.117567812937      0
      9.2000942986321           24.636203721896           41.843521862738      0
      7.4313158504802           30.807967885082           50.360317227976      0
      54.673469794274           29.078181761771           45.654027443283      0
       57.14434891543           24.254383119652            48.94616651023      0
      22.273549072702           18.883603329297           26.616838488359      0
      9.1314179075739           41.801995833105           55.609013943404      0
      40.378305183058           48.525127968514           8.4932697035371      0
       54.25428086113           41.181110993639           7.4787745052068      0
      44.702746524898           24.147803358566           54.294338285921      0
      56.078799796577           27.009304626168           35.348708240985      0
       55.27109224517           22.069008996369           6.6659721226503      0
      62.714905833021            26.37009432121            10.41747260661      0
      65.022441271198           32.137729892701           10.645898533678      0
      16.155402958601           22.877029512166           18.242437235716      0
      41.532400561411           15.083373818916           21.500885195751      0
      48.913996816826           44.563407580445            11.19807778409      0
      11.875606262045           41.191044210512           54.962348494413      0
      17.095625065494             40.0561023228           25.422652105919      0
       53.80361901498           26.955945085929           50.238888635698      0
      61.666298245816           33.810914124661           10.913667870363      0
      21.200859739132           20.771556091491           6.7255658072985      0
      43.726546810089           13.948164360344           15.596530251806      0
      20.082703091171           36.520811486645            54.01084521772      0
      12.738793997093           18.691862908714            36.38491550512      0
      54.063186053236           41.914214052319           10.534236537319      0
      50.567622249909           40.407438625794           35.403659209084      0
      11.201376461411            42.75459787393           54.664591671501      0
      57.393455911643            29.34352320536           0.9593977110319      0
      40.214964130856           47.100884822711           19.121255352214      0
       7.489417201896           15.042280205389           38.767578249252      0
      62.654215217194           37.114572028184           39.753092435728      0
      33.765821762186           45.296330413778           5.4079230883008      0
      20.117300262113           27.982284095872           14.745206723806      0
      14.881710444442           24.931854153481           1.9246708231319      0
      25.841681333806             23.1764299571           18.125817409943      0
       12.17539030614            37.18545037439           41.634205534242      0
      56.673581878031           31.947189858563      -0.00027091113175615      0
      28.529543283842           30.011539971434           37.414632096424      0
      25.113742191211           40.468288974207           27.923431387886      0
      18.720126310604           35.013240830261           50.881147692369      0
      18.855994367147           30.138025623121           43.130654089944      0
      58.361773059565           25.523277178491           8.0584889048642      0
      12.821554664818           34.667495097361           46.966334501076      0
      24.349093643221           39.961823727418           13.046363639024      0
      37.217141328366            43.89143155952           5.1642415300387      0
       15.20867757545           24.157816447768           1.8030595685922      0
      51.855031245055           27.057896246812           42.847176897566      0
      7.6026944875871           24.859112392225           50.183318566234      0
      54.687082334997           35.652475373426           2.3182905582733      0
       35.92169503898           21.453736939102           26.054298052666      0
       34.58110751229           32.547978948535           33.725159388587      0
      36.914448405442           16.007292243122           2.2485528538933      0
      41.963073993931           15.450348518058             14.8336506171      0
      58.098719851123           29.351307765061         0.056876829180504      0
      55.706454406491           8.8613520253946             58.0184064478      0
      57.584607904587           26.603583054139           43.397259967165      0
      52.305885995895           39.993902367637            12.57892945685      0
       61.82194484994           29.124453717202           8.2818863229024      0
      59.364933609891           28.415502206836           49.888026635584      0
      56.975007254109           25.911785643705           41.724319642474      0
       49.55737147916           39.771176044973           28.062147063244      0
      17.219648106601           40.198150634732           33.956092469475      0
      42.655553659678           32.787812104209           36.696816905009      0
      66.162637569802           34.058933683615            11.07688165259      0
      17.821547839281           25.134392771087             42.9585286438      0
      11.161612538871           40.951824734759           55.283922736707      0
      57.305310397625             24.1777654187           39.092233527683      0
       22.56855902995           33.651022610592           6.8979728195432      0
       62.85510877567           38.204998550968           35.689263181808      0
      38.797349897098           51.681368594592           24.236316876984      0
      34.951176595745           15.979865213283            19.83570080196      0
      55.692851976233           36.829088297585           24.045358316063      0
      48.072006688267            32.96249565991           43.609917037163      0
      49.696605433033            32.14134324699           50.859456357627      0
      17.349088627838           38.296657419346      -0.00027084350585938      0
      10.243565363145           16.373330516347           36.291699087869      0
      15.086638445255           33.182537460822           47.408933698468      0
      39.445172199585           14.908387593847           18.868358268821      0
         59.254977214           42.110245313586           45.761600624358      0
      61.464667742734           44.601616231121           38.405707116933      0
       12.25804839068           27.240234599659           34.166630559637      0
      60.769983758725           30.658034821592           16.724459389212      0
      58.941072961059           31.815325634949           27.392397272834      0
      53.290966251718           36.108964361614           8.1411007865577      0
      58.941302379543           40.230871762067           32.650210715316      0
      18.730006845643           36.530308868091           7.0848039395111      0
      20.310066946586           21.112815059392           23.604630763513      0
      55.568292833497           38.890132367286           49.869233472036      0
      12.871745519145           34.916331993273           39.492706629623      0
      14.155583614988           28.555816616138           40.114541316329      0
      60.200837130998           31.532429290777           32.245056097607      0
      51.536098796104           24.960389384813           39.884619590146      0
      47.443250802621           37.596763258741           35.527871979028      0
      32.719934032849           45.251128899774           3.6816821198551      0
       63.49521518331           31.580082960694           4.6956555589321      0
        7.90496134948           29.282694238408           47.481073614443      0
      29.617239899353           22.885894707706            23.70623599318      0
      14.410815836677           37.308009613184           39.809468312312      0
      10.421381876362           46.786179396155           55.979695100371      0
      52.561503219128           23.390474932613             33.9126441275      0
      54.246354584904           23.015145396492           47.869564578575      0
      4.3720131114378           30.695524581128           43.515634726878      0
      57.594875010459            24.62793783046           43.271268645467      0
      47.433426420562           27.291012338117           42.811930641822      0
      59.533372728384           25.360294563603           12.723992647936      0
      62.929749701895           33.577835944712           45.555953962489      0
       16.09240427429             22.9469843226           14.248244185109      0
      28.473421621707           42.619063004571      -0.00027084350585938      0
      12.930391479788           18.684766340679           39.762000118592      0
      60.923746612756           25.605199636147           8.3435751442948      0
      18.377348793283            23.31736752161      -0.00027084350585938      0
      16.540587473529           29.610706246883      -0.00027084350585938      0
      18.307574138496           30.456190481047           45.528266548008      0
      55.132910918171           27.449982975588            38.41905515364      0
      36.712501926156           25.681578393039           37.239458384129      0
      51.285989702287           30.718464458588           49.106543931493      0
      25.603696857643           21.735174175926           4.9964102078504      0
      31.375591401499           38.834252718157           8.2628486902346      0
      62.174182754954           34.928498383307           5.3528898641257      0
      59.458217095302           35.922332659787           21.684633106514      0
      45.704548440277           14.597740850979           10.000695252485      0
      44.416188898717            48.80805262377           20.160131085957      0
      61.005127239361            38.32195941818           34.594001680884      0
      57.634386489887           37.327686120416           27.484074866106      0
      39.965226724596           45.640946669432           3.5567504053944      0
      41.451438654487           46.934845038677      -0.00027084350585938      0
       42.08744508854           22.623591069382      -0.00027183896417989      0
      36.328718401208           15.553839313838           9.0570095547935      0
      60.175900609983           35.941517666028           4.6732265167555      0
      35.182464418484           14.789193818794           1.5337607338788      0
      7.4231381198785           23.355987118781            30.10220668445      0
      4.2158976214275           19.609604723606           43.603061904957      0
      48.822078605064           20.440828812717           16.120934848404      0
      15.689699235393            22.34449395387      -0.00027084350585938      0
      7.1591568803905           21.608386531936           36.288435880414      0
      34.683276465695           45.526943475737      -0.00027084350585938      0
      13.726506463113            27.41525380073           50.171676832791      0
      52.900616977167           32.426928210657           50.471623630144      0
       14.23135222455           30.245659477055           48.228930880555      0
      56.019809229234           27.613754642564           49.021002703015      0
      61.654076274355           32.823472247962           4.5130038728975      0
      7.0649564139171           15.696842292666           42.968944874442      0
       23.59060718952           24.425681211151           9.1673053086773      0
      52.395252196062           39.446071983952             27.6123157373      0
      63.122096225351           31.677634399546           9.5476773627417      0
      41.138305598801           18.869575157044      -0.00027213671887748      0
      45.272038459695           45.727399417635           4.4997120378455      0
       48.76935510765           15.105512345409           14.855191071124      0
      49.681900981088           19.704936010819           4.7636429783512      0
      5.9687089431671           26.106956772164           30.705670589389      0
      33.632241197698            48.96951575038            10.50634078917      0
      18.321545961727            34.77826206251           41.227526840735      0
      7.1952848095422           16.594796067857           36.366210077532      0
      49.524372880535           19.687351093455           11.950699715463      0
      43.723342162957           42.106096680172      -0.00027084350585938      0
      56.960797472177           31.526177575475           8.4121425679551      0
       22.02702274373           22.293933484335           32.284476771916      0
      40.375606787859           40.596305013169            34.13520519327      0
       21.04184357579           35.467946909797           55.346047774238      0
      43.363850796686           44.665110735508      -0.00027084350585938      0
      30.875085356617           48.788804382496      -0.00027084350585938      0
       57.61647593581           30.341013935101           2.1340495978432      0
      9.7489669845146           17.989727373198           46.418472701453      0
      21.270768305915           35.855584002247           50.427716819566      0
      5.4687084896983           35.180238745369           40.445060011526      0
       42.38162468247           18.157688600063           10.012394004405      0
      14.452872156002           40.020827096357           32.934596671339      0
      3.1494968680087            17.76833904116            38.89734066482      0
      32.825839066521            20.65118898619           32.226378381839      0
      66.145012585345           30.556052702619           13.574497809254      0
      55.938115472054           38.788029730387           8.2282420838659      0
      13.926597342437           37.922403358904           34.474908131777      0
      57.123435092177           30.971083790959           5.0257404252748      0
      21.915577056782            28.69372675625           11.968994941572      0
      16.475845282072           28.046321281186           38.454742546337      0
      22.275602147026           40.042700324909            35.95265982363      0
      60.862782937276           36.021084718448            9.258544731863      0
      17.235411223538            30.79944874136           47.745065638099      0
      7.8262495296779           28.273759963027           31.293200488114      0
      66.840396007066           28.424980863701           11.390504394495      0
      55.304135759397            40.16350492756           35.424686842336      0
      59.233499175627           42.782862052729           41.534854220604      0
      4.7689897948963           25.893261741537           23.348651898453      0
      57.550440209006           43.697357429847           33.543451454694      0
      47.991476764551           40.628575554009           36.659824929166      0
      61.865089173336           31.721153351118            44.31877122367      0
       51.16266762696             16.5349286576           15.693647073085      0
        3.27690969609            34.64518316431            24.58954740428      0
      22.742732248324           31.140924491906           4.7955707464104      0
      20.595398447966           32.447384213836            37.04929727322      0
      15.888440433303           25.023232544026           50.230785449587      0
      48.943237748295           46.655059756938           10.037227676077      0
      47.789150833206            18.84044969663           8.7809891981849      0
       55.81992536834           35.121144841274            5.806265117597      0
      59.707518800922           30.693192027562            6.464158067065      0
       43.41665315827           26.671242538102           40.028367192487      0
      17.860075944392           36.816797417514           2.5348435106519      0
      4.4088035348073           26.713640679305           25.960744227335      0
      21.519699146727           25.725952831952           4.1600117672501      0
      24.509037291281           19.334965292384           3.3487220436624      0
       53.06353372511            35.05023101683           5.1763265119851      0
      57.268082248137           26.511718360438           13.195657074705      0
      41.904812908272           17.465543871831           2.1791895301684      0
      46.946000685194           20.311156977284           1.7158082162456      0
      43.815941321331           20.356706649095           1.5890319770119      0
      62.590964037538           23.835713313719           10.110759307894      0
      47.938761706523           17.003349985964           26.123745770614      0
      54.093921496491           38.522082773787           10.692575858866      0
      10.261663320546           40.906925364756           55.407493002133      0
      64.191980696434           35.358629965886           10.428100497783      0
      23.907185300817           22.838692699105           11.649797347109      0
      52.982217329873           13.272385784313            49.86533436727      0
      61.849901277198           28.395581872545           40.446866127632      0
      33.609422167105           15.297591541699           3.1196886508702      0
      48.216071384328           21.907356654558           3.3836790071744      0
      31.166177477514           43.490091578223           2.6138164765744      0
      44.993211226845           25.772926080177           54.529869702776      0
      9.0418331939624           33.375354639814           19.720438276243      0
       13.66267821177           34.850164625552      -0.00027084350585938      0
      16.782150111304            35.31538565095           45.659719772993      0
      45.563675862274           28.022622875959           50.774543375476      0
      59.807519875364           27.748076931449           9.8674823429104      0
      55.199450630354           25.710782438381           40.372248658362      0
      13.506622181375           35.274125176259           49.981307689199      0
      14.888226411996           18.365226180692           25.006636196717      0
       17.76912074364           25.759964497739           38.497945359294      0
      61.623824940497            33.21732936735           8.0750681081078      0
      53.877949921971           37.453292671306           47.750970392474      0
       46.28960646598           15.484126573005           25.339476348933      0
      54.564532406653           18.985791129985           24.791087514516      0
      51.696630408295           18.322809179634           11.403372503538      0
      58.822820514696           38.091741964502           19.754937416444      0
      45.787499305755           43.162329252448           4.7803927079884      0
      15.738556639044           25.504878223062            40.64837856479      0
       21.58453889571           34.407912581127           52.309130671894      0
      64.939676888538           28.596770151445              7.0183265672      0
      27.618870154224           24.046772639997           30.615850421209      0
      21.672682923114           19.460259394595            17.48886885369      0
      22.572990837736           36.907270344435           53.541429471239      0
      10.055345994633           43.351093865397           53.404117971365      0
      59.340480934531           28.386797232897           3.6437955991527      0
      22.064305774904           24.984706922757           35.202061668656      0
      14.328818244334           32.054027787777           11.919283230325      0
      30.995423545015           17.639466889711           2.1606560308872      0
      15.663438762427           31.374649050776           45.229862775363      0
      54.328092274743           16.166348838688           52.243444621472      0
      33.684158871473           17.919727722667            6.661276847765      0
      40.779980629033           46.279740479388           25.517040525953      0
      29.415035207065           17.308563819494           3.9082427806873      0
      16.263621061212           28.709940272047           41.703987454617      0
      62.881494444202           31.755865566063           42.719820466362      0
      14.146043105533           23.123636701305           37.555643015581      0
      26.100563307939           29.409116297748           35.771243507691      0
      31.283703689097           37.865602917372           26.667320752532      0
       8.626369705118           37.472675135351           44.117181182567      0
      10.449434018991           37.435408615711           43.397557551667      0
      9.7191217133188           28.107771273268           50.113132237599      0
      18.790435818806            20.22315387211           3.5972418750719      0
      48.362449468421           27.284047263625            51.92753792312      0
      40.230488621481           36.620976403015           4.5823064869452      0
      38.660061136957           36.996313322237           34.056575210648      0
      38.487761742082           45.453178322998           8.6463977495026      0
      38.475709012518           45.161296325304           27.382297163208      0
      34.191237948879            47.02288249579           3.6603623532855      0
      60.063628329969           28.687041686845           47.502387097518      0
      24.549405941692           19.635762880525           26.942509570764      0
      47.402085553616           40.687233825305           4.3659757520111      0
      45.336800675623           44.560782899003           7.1606484081508      0
      46.022025517621           18.038515258119            18.91057205163      0
      54.763083938007           23.741631277314           41.106397195046      0
      46.077485076404           46.888314655386            10.65487532541      0
      46.873193316153           44.992445225364           26.196914282633      0
      28.124369462198           15.933969584299           1.7507949760146      0
      17.515585736874           37.298299542647           38.865760775003      0
      34.528702345962            47.08747043453           6.0174413093597      0
      6.2053839583875           28.018557341354           36.309434722185      0
      17.576853228063           27.409153832646           43.760025616256      0
      56.291962177263           24.786643737824           37.411334295798      0
      44.484967495706           47.239742090337           7.6378721994822      0
      44.307133480153           14.524842210063           24.101743462348      0
      41.655144766528           46.958882485622           8.2815803143879      0
      20.497320762856            21.51694666426      -0.00027084350585938      0
      57.442204246327           24.516913474173           41.123090312802      0
      55.446595177886           35.724118080514           49.809374669771      0
        49.7659554144           44.219649161044           4.6866530216102      0
      19.003839513511           27.299145183782           2.3293831756594      0
      8.6762170605121           31.937629276397           46.981318667685      0
      27.598098708753           46.826042217552      -0.00027084350585938      0
      9.0289056541212           19.199598754326           36.176589615706      0
      31.345825923455           45.833452894096           25.310457827667      0
      23.669506099178           20.032131848847           6.0760707014397      0
      47.888000242395           18.191779847538           3.4480737140964      0
      50.475643526332           13.882594664675           13.863836861246      0
      53.859596669048           14.433712257206           53.642406710116      0
      58.241661116581           37.522792943779           31.491278124841      0
      49.765080790832           16.755750641153           22.999898448991      0
      47.986557207888           17.711176425816            5.532601973303      0
      47.670534478265           46.991470847727           13.675527519553      0
      58.236827656779           26.491031385336           33.317561685871      0
      23.345763375056           22.699822906347            6.937362682302      0
      55.725367341673           22.155962700216           49.906153607152      0
      16.929209413945           39.643778071136           15.398168204295      0
      29.966417816876           42.200960139948           7.9014802893963      0
      9.5536960617184           32.274619750195           43.953475036281      0
      21.079151922553           19.028959089656           24.510742663017      0
       6.389336928802           24.810475897821           27.486185233167      0
      61.589868464471           30.683920306882           11.797772476341      0
      54.488932976176            16.92369695116           12.301302029073      0
      59.353094924128           44.558152237746           44.825624479545      0
      61.588191435114           46.042611359126           39.431355375183      0
      54.558367370634           18.323289485565           51.875024202713      0
      50.256056397688           18.192685833668            28.24573962621      0
      52.360515584337           43.758866871841           24.438432024729      0
      49.818064641095           29.400184451153           52.060018713114      0
      38.128936396578           16.654118722006      -0.00027234297808831      0
      46.880725119522           42.683280842742      -0.00027084350585938      0
      47.337830477817           28.242760706738           49.645124112766      0
      43.027010930905           48.990979566301           17.410968141884      0
      58.940325514891           47.613115718443           39.690940923218      0
      25.167685981434           25.764935691442           36.130531487152      0
      13.528701093068           20.672680775437           30.691896174047      0
      30.440749317058           45.947869938448      -0.00027084350585938      0
      10.039315445859           39.796128042271           49.789274117462      0
       48.22679291334           18.477564049013           1.4375362773551      0
      25.163066557644           20.368366115621           7.3924011256312      0
      45.068736766342           23.727412142586           38.951618331323      0
      51.769624671863           19.362702063699           7.2618391704242      0
      12.418993380257           16.431716086287           36.876980396813      0
       43.46587298274           44.184949089985           5.4876731384295      0
      17.780004473709           22.456388771991           2.6536650439089      0
      63.237553435579           28.373815299982           4.4606904283647      0
      60.935412930183           29.170465479928           37.044843841786      0
      49.276390033535           35.579609806595            44.81797251162      0
       54.70957380909           20.794338591863            52.18755346928      0
      25.304192918957           39.384410173725           55.785027197709      0
      11.907058969012           46.056634671044           53.579213858206      0
      43.586105694047           26.731413523911           52.400680405879      0
      20.539122877941           22.006642152885           12.227598929442      0
      29.821883468914           17.944584513541           25.758251194038      0
      61.039863068092           36.177047769687           44.792998494451      0
       47.01404349299           27.841053269061           54.173071762998      0
      9.5586848059837           23.030787978936           31.657890581962      0
      57.179637447691           44.990786600426           43.906450143826      0
      62.462077809065           36.273925937414           47.862249977108      0
      52.015656435695           38.770280884976           49.858983510763      0
      49.073041297464           30.996192232457           47.218746256943      0
      11.886766662133           51.827902358737           54.197637000447      0
       29.56204881805           19.910519643688            2.427352659749      0
      29.672514040667           45.409243988595           3.0145906750791      0
      22.712176706453           38.054963288473           55.979464924655      0
      58.950401993598           44.868133870246           35.896798076729      0
      20.202945773766           25.621273455175           13.054279998707      0
       53.86416961835           12.362997695864           54.437054604047      0
      14.596984968836           21.570204383556           1.9129744887465      0
      11.809474849837           45.228400080266           50.192608397199      0
      22.267046573185           20.595387206976           24.997857699702      0
      13.131120593611           19.532403583009           27.389861207179      0
      26.660393120758           27.558680444113           37.535756587181      0
      57.008576714008           24.716434961525            35.16524813793      0
      23.707896724652           35.750136562728           51.588248239193      0
      18.360315723329           30.302970759935           2.6888590376789      0
      31.221292718381           46.659871717558           3.7421866847721      0
       28.46689721978           44.819442453393            25.24754248711      0
      12.036647872391           20.302882420316           34.624173401305      0
      10.306321444039           33.313251274286           48.941043837622      0
      10.995281883333           46.761553407519           51.724522593544      0
      51.923319058166           14.734230840325           15.220924458679      0
      42.763000220855           25.458408917535           53.796384341515      0
      11.812068423781            48.95087100209           52.532191353693      0
      19.717056239193           24.507040493624           5.3089957451225      0
      31.599976819797           15.796036797903           22.247702868781      0
      45.049045051981            44.13281053917           1.9781063819767      0
      53.755540434198           9.8220089513372           54.469692566144      0
      34.786667320742           49.095167009649           24.340667871697      0
      59.396140228483           26.063186239562           36.767070765643      0
      54.444172812001           14.215579746888           51.073182023605      0
      26.956259435519           41.043711283632           61.940572442888      0
      27.158992506194           38.675222904891           54.167249786193      0
       13.58128565654           29.917695429751           50.966944799768      0
      58.805373286624           24.307705912461           14.825603836713      0
      61.270854463895           43.937269279653           43.573411144186      0
      55.981445111207            46.67490889424           39.630636085457      0
      44.005182861412           46.341856227278            24.78878174047      0
      60.134810501581           30.129020042941           44.796748979656      0
      54.728626354907           14.691287160363           55.769223158098      0
      58.691010926252           36.956924829273           13.263709986471      0
      10.430141725672           15.889994108984           40.883430731822      0
      59.558658730108           23.751337107242           6.4813702409598      0
       62.32595524689           42.892024923462           42.582912799662      0
      48.744299581877           28.726620784029           53.662044703797      0
      50.235353732166           41.800357210419           4.0443589901063      0
      46.090859384668            26.89203228911           55.897998542587      0
      54.642409693791           26.834599137987           44.347912844303      0
      55.039140152175           44.684736836128           34.691019871091      0
       52.90761936721            40.80435829607           43.991346886774      0
      12.865747044129           34.144574191284           1.8772834085108      0
      58.856404930488           33.929164026024           9.9604074409687      0
      41.077491789531            43.62277224404           30.196265969749      0
      20.097440766908            35.92856020267           35.570711993548      0
      54.753400023117           42.651723790474           35.450176503979      0
      50.108707056903           38.931708957489           44.239035746398      0
      61.029611801803           25.179988853125           12.035966370169      0
      48.513332328196           25.549261806929           41.158733450877      0
      47.955136257688           19.154575959139      -0.00027152271115142      0
      57.811690771882           40.864792029328            48.55835030213      0
      24.232629449684           37.467635874624             54.8864332314      0
      9.5287600975534            41.17315011586            52.09780633593      0
      20.657948862742           29.259310903641           40.535288509607      0
      16.122560197883           24.609152645814      -0.00027084350585938      0
      57.565569303292           37.190625743336           5.3748943822952      0
      45.944507732186           27.348174122555           41.066987285572      0
      51.340837692875           45.649489440231           10.304366972859      0
      41.901543720228           23.894689833202           55.831667135882      0
      47.967746188834           40.313054137568           39.570875372983      0
      43.282775364373           13.334636055458           18.069580792764      0
      12.093113538563           16.493178926657           39.211466622976      0
      21.884648473366           19.715386510202           4.2749661747062      0
      16.105081463193           31.598706782414           2.2040038780058      0
       60.38195345984           35.248754439575           11.641537064116      0
      18.639522605046           32.947818365342           47.887905074222      0
      23.135107196449           40.508791586282           56.500062449235      0
      61.980163998174           42.354459436776           37.122646208355      0
      59.660849624983           32.837905771564           12.189661277104      0
      16.857757949115           22.510304400136           41.089323151971      0
      55.409928702715           17.740715806301           54.199550584419      0
      54.780656997567           25.384858945844           50.342343462204      0
      12.366222497667           43.963464487756            52.75946500557      0
      19.368819742966           18.239700851374           21.841008521476      0
      47.072800937214           49.967903667394           19.848939439544      0
       11.76355870249           49.480280687433           56.499299826999      0
      25.964898958807           44.656193318597           21.935676083489      0
      20.408741448293           37.972649178814           38.031822657038      0
      41.267491508042           22.848089149506           57.508113778021      0
      7.8495308761872           18.169491609775           33.782683383198      0
      42.871722081198           17.042463171571           5.1505321386485      0
      31.572488267735           18.690567471222           28.214385874655      0
      61.725565005638           23.336360803871           8.0758626814217      0
      41.430667505869           18.606725462393           29.762042975364      0
       57.09754065496            46.20685918648           41.803694704641      0
      66.273998684822           33.441370301238           12.725223494778      0
      55.028644164683           12.468326904463           56.266839697345      0
      11.654879987514           48.940813309804           54.530877951527      0
      9.5375205280178           44.703917099222           55.335424964625      0
      51.806243240997            25.34793784373           45.122938360054      0
      58.782049648685           34.253568330064           3.7045972219263      0
       58.89318328177           25.680736922522           21.606558787934      0
      63.035464812817           33.760257775332           48.130950322704      0
      61.214392932862           28.225163890905           42.812870206972      0
      43.508903148002           23.869077792478           57.246906842761      0
      63.524714931744           24.778133631075           11.674412495289      0
      52.576325904021           25.988729691301           48.967437134834      0
      57.150403456093           38.561749496034           10.400981024198      0
      12.275998333404           39.452153841793           48.578308047758      0
      60.079265978106           42.946636244277           33.824318816253      0
      54.568566892913            40.91798379124             29.3328106818      0
       23.17095802932           23.815860234594           5.1431911600959      0
      54.231529927062           20.243112107056           49.588059081644      0
      13.335995405575           37.268312566694           48.692801792393      0
      56.154946800367           30.180381338602           52.517471569195      0
      11.029980066511           30.486474675287            49.81089851634      0
      11.811447515489           34.453219701193           50.531877054217      0
       20.22112801507           18.231736466029      -0.00027084350585938      0
      49.530959145694           21.083609892512           1.3514259795525      0
      38.676807213272           44.320749291971           30.779226732371      0
      66.243468179108           27.839940070122           13.799918075467      0
      31.403417061526           19.687937693729           23.087371513307      0
      8.9464400692575           33.017541359864           50.957415923383      0
      45.275416277414           16.371124632918           4.8181683587483      0
      55.250917933218           15.690158516566           54.442548158138      0
      23.946370045686           38.850112302224           57.291992226022      0
      11.044992966951           48.507287135894           50.792115667269      0
      7.1781802310282           34.291733346612            49.27910832422      0
      10.220464597232            14.45114341778           38.085427941061      0
      56.709098180226           38.560915469469           47.443429831474      0
      59.608988458838           44.779699503291           33.718557063594      0
      37.767990484048           18.332127147676           28.709515435451      0
      57.563911576306           30.814016670671           52.377603452056      0
      62.853791639804           37.460661580537           45.638800027584      0
      65.867636731109           27.009986854523           8.4586485793772      0
      54.119281048459           12.286804846068           52.126330747658      0
      63.217701871934           36.363016464072           7.5112631906903      0
       47.76063260471           15.740320297286           9.3478107006828      0
      39.929985808685            39.28133990539           36.807539592573      0
      46.446011512837           17.146979369894            2.873905988753      0
      37.796855782548           15.548841157799           6.0021795147524      0
      22.457755999573           35.387119327067            58.42765386754      0
      42.508026834437            46.81445117039            5.436459762354      0
      56.607848003815           19.754493073095           53.263870543919      0
      16.239011803654           32.562238306233           49.502297945137      0
      10.285700031039           48.866481666747           56.990449416373      0
      48.316613087639            30.29833335554           49.572371815417      0
      38.759075847061           45.211458272351           1.4965057280846      0
      6.3821017287656           31.782997819148             18.9906775479      0
      54.611099200727           39.373673644065           45.629301246689      0
      14.943269653357           20.143222047722         0.029518442008622      0
      61.424717192827           30.093684266494           49.128887391839      0
      60.028506466852           25.862399593763           39.350073272248      0
      61.515603905792           44.780199183826              41.111073428      0
      60.165964360388           46.302137613647            40.14596552851      0
      56.751120153431           25.551678468897           51.396542936087      0
      12.249487094252           50.030452061678           58.450518000499      0
       59.89212239113            37.67186176233           32.713661998034      0
      60.838236437902           37.172745077416            6.838453595213      0
      15.704743804886           34.734799163869           2.7483625326532      0
      58.409152313149           36.646713811872           7.8811107870984      0
      51.661327491464           24.438074671502           43.015819415178      0
      56.022739310145           23.536822616253           51.846003559833      0
      48.426977273543           16.501503423069           11.944841654682      0
      52.138882904874           42.797991036342           6.4900980464835      0
      28.837603200781           42.893148355201            4.512836014684      0
      44.594709207306           25.339101640349           56.802015727813      0
      43.923071769071           15.563001761643      -0.00027170150728094      0
      32.000897308089           17.112580998492           4.8969153924153      0
      54.711044630549           10.475348092527           56.811827573299      0
      39.131598750274           14.324842060863      -0.00027265518159731      0
      10.890093943476           37.218706730781           47.667272425245      0
       7.817420823759           34.758544058229           50.890414268697      0
      57.207809897694            30.62521859856            49.81248522446      0
      58.421964115105           47.183329700463           41.086188454643      0
      48.478161085412            16.35644481974           7.4743966538163      0
      15.069589658872           36.863958935978           44.942857220411      0
      7.6685585129321           36.145404747529           47.809506056866      0
      10.075580603646           44.465256515998           50.966831247794      0
      58.747805202845           26.423729245935           47.084911346658      0
      17.853187090966           24.812501414722           2.2124078405884      0
      15.982367445258           37.330497405466           2.0155990750955      0
      24.478924618601           35.234961112892           38.180680278493      0
      24.985559210385           46.541778671606      -0.00027084350585938      0
      18.930329080369           24.520450477798           40.669697649614      0
      54.789109918199           18.193093230808            49.53559195482      0
      67.073414307233           30.042848117411            10.64415680994      0
      48.378298611118           27.641530126209           47.638352240347      0
      12.690895469061           35.853743015705            1.148609197936      0
      16.276930334443           38.804861184519           36.511014443626      0
      9.3884330231691           38.995905168574           51.725529505943      0
      54.320957685961           41.893163579745           46.359864407822      0
      63.723518325946            26.10410092561           13.002152402536      0
      25.743690901751           36.968298408325           53.145093248572      0
      56.286721876442           13.858933458944           56.971611173887      0
      54.541573372511           23.835728965505              36.045630507      0
         22.870207304           35.706734712336           56.268754018028      0
      56.345034764722           40.916713129759           46.081294704659      0
      57.215190037951            16.96926338096           54.825763348764      0
      9.2327229907281           14.804421302753           35.449835890019      0
      25.621570642542            18.78590877678           24.613771740629      0
      57.992495996204           23.368505160428           12.013338412942      0
      26.907708866003           43.859548664131           3.5014726478734      0
      53.759125756088           8.9467351202275           56.308392304887      0
      51.582373188528           29.908071665036           51.310715742554      0
      65.991518471849           34.125296157166           9.2127275953009      0
      12.560311962344           40.369692113448           50.620377083657      0
      16.286584290866           23.785441476326           2.0880168644717      0
       19.08225891253           34.355554686991           53.305895567502      0
      50.763380852356           16.315318786278           10.757482621776      0
      9.7408501966606           52.697954301877           53.676196515417      0
      25.695571394847           39.434963097289           58.491791571048      0
      52.445622868434           27.853949290201           50.948550769126      0
      40.605759672446           25.260337152182            54.17895953234      0
      66.625443263352           32.335475176218           13.999442947093      0
      54.949276025024           15.898618302869           50.163941820452      0
      23.761128956868           37.066570576364           58.049243015942      0
      56.412427195687           15.674983811856           56.300145370157      0
      36.143385955183           21.441143181015           62.321095799183      0
      67.071060894534           32.005575371825           10.717997411063      0
      12.171271705816           19.906439023989           46.736549151611      0
      9.6294844913271           38.337677270782           48.811566082534      0
      10.503087022569           46.787602025646            50.03781729982      0
      8.7702571995876           48.891455135122           56.569356601973      0
      17.507582834406            17.31242165577           1.6021106333366      0
      57.687303556849           46.345739726761           43.436840974396      0
      26.737128092974           47.801089903556           1.2801985969114      0
      14.158884332188           36.048119883368           2.0607797635466      0
       19.51787313642           38.381799330363           10.112299084073      0
       64.21526059424           28.071514589611           13.284431250429      0
      57.921252544047           37.811684350289           9.0264782754146      0
      17.138615940888           33.601252874634           51.561933742563      0
      43.101546942772            25.09221036648           58.719147796841      0
      53.144536332137           26.923429335409           46.541495053878      0
      41.692385674194           23.429474291577           59.486113212744      0
      27.536769486704           40.451884940356            56.51248211668      0
      15.095292446631           34.394629065166           50.630093868042      0
      53.704797243867           24.252851665217           45.345611785426      0
      64.581749089119            24.88735314352           9.4756765995088      0
       47.20006492305           36.475800356518             45.4816071586      0
      19.875012248405           25.304314413907           38.899308544518      0
       8.932270059219           37.170276484128           47.694037538246      0
       55.14367115221           32.092315550679      -0.00027084350585938      0
      64.815339114171           24.284290508773           10.938468109359      0
      12.066694974684           41.849726612078           52.375602686255      0
      56.385902344122           11.709241510189           57.447728778109      0
       15.03989477836            35.94364600682           47.564394860788      0
      58.038609047744           43.994329723441           46.440797074687      0
      51.892070317817           16.319086539236           51.580185545914      0
      18.141906206771           17.485161857753      -0.00027084350585938      0
      56.286058523705           27.772809023764           50.967600679352      0
       12.47072423094           36.815677183754      -0.00027084350585938      0
      55.972678430252           24.404091520518           45.199210634012      0
      11.648731326232           36.887485200974           50.858541329008      0
       60.12806693968           46.788352328637            38.56185396751      0
      44.059555946011           26.599575084756            57.80038410339      0
      62.403251375451           25.544617574036           12.302088510505      0
 Tetrahedra
 20148
 1897 1894 1932 1967 0
 4512 4366 10 4663 0
 5373 4366 4884 5141 0
 4884 4366 10 4512 0
 171 5066 4673 5084 0
 5031 4434 4166 5420 0
 667 4129 2802 4015 0
 3916 3846 4489 3912 0
 1778 1655 1732 4172 0
 4536 4485 4413 4924 0
 548 5440 629 513 0
 5132 5256 5516 4932 0
 4979 5017 5265 5130 0
 4585 2912 2986 4626 0
 3874 4956 3932 3859 0
 4640 1025 1001 1104 0
 4361 3348 3496 3395 0
 4158 4298 5201 4333 0
 5046 5436 4340 4315 0
 5421 1348 4666 4503 0
 1040 4356 4225 4904 0
 4565 16 34 11 0
 2937 2943 2904 5528 0
 1040 3512 4830 5017 0
 2813 2761 4488 4976 0
 4653 4707 4332 4188 0
 2844 2887 4613 2851 0
 3273 3367 3342 3349 0
 4913 276 4950 296 0
 4615 386 605 604 0
 5213 5656 400 387 0
 5143 4686 5057 4253 0
 2642 4294 2622 2585 0
 1608 5436 5092 5046 0
 145 73 5072 79 0
 4998 5376 5140 2497 0
 2409 2468 5079 2478 0
 2884 2880 2962 4500 0
 979 4513 1018 1081 0
 2619 5670 2586 2554 0
 5251 4939 4476 5157 0
 2456 5190 2565 2476 0
 4668 4286 4775 4191 0
 2131 2226 5001 2132 0
 2370 2448 2320 2374 0
 5264 4890 4135 4372 0
 2768 5463 2610 2584 0
 4372 5362 4999 4802 0
 5340 5425 1377 1465 0
 4994 5190 2565 2456 0
 5516 5256 4229 4932 0
 2844 4367 2800 2771 0
 4246 3887 3939 3870 0
 4171 1706 1596 1690 0
 4838 4129 4887 4373 0
 3310 4345 3343 3404 0
 2374 2431 2448 2395 0
 2659 2751 5455 2677 0
 1968 1991 2041 5133 0
 526 4693 482 571 0
 3669 4558 3714 3705 0
 5201 4158 4333 4505 0
 5303 3702 3738 5415 0
 254 442 315 5231 0
 4959 1052 1041 992 0
 5024 389 386 562 0
 4602 5426 5120 5050 0
 2886 2954 3013 5103 0
 893 980 5320 781 0
 2837 2828 2891 5500 0
 5665 4214 5376 5691 0
 3965 3940 3981 4245 0
 3330 5467 3457 3460 0
 5311 2126 2248 2167 0
 2779 5390 5412 2719 0
 3970 4032 5002 4013 0
 4481 645 694 779 0
 225 5231 4770 274 0
 4267 4320 4923 4845 0
 5110 5094 4233 4873 0
 3807 5527 3811 3906 0
 3616 4240 3629 3680 0
 4942 2293 4170 4305 0
 544 757 651 4559 0
 640 720 4817 4615 0
 4466 3966 3976 3926 0
 5620 4800 5137 3869 0
 1213 5441 4608 1258 0
 5506 5718 4142 5781 0
 3330 3296 3457 5467 0
 5121 4659 5020 4154 0
 3822 3906 5630 3807 0
 750 640 4496 557 0
 2609 2593 2638 4832 0
 2609 4973 2593 4832 0
 2792 4229 2857 2773 0
 5162 5126 3807 3670 0
 2119 5131 4668 2367 0
 3192 3093 3025 3145 0
 2930 2968 2919 5209 0
 4343 298 342 292 0
 197 194 4950 247 0
 3911 5434 3958 3941 0
 645 4481 694 587 0
 2034 1983 2086 2114 0
 250 195 4502 219 0
 3814 5424 5151 3739 0
 2320 2362 2287 2296 0
 3826 3797 3853 5558 0
 3466 5526 5775 3379 0
 4211 2659 2589 2667 0
 4296 5428 5224 5296 0
 8 14 33 4551 0
 5283 4670 4739 3455 0
 2264 2297 2307 2245 0
 1138 5513 1027 1108 0
 4777 1964 1885 1942 0
 4553 214 155 195 0
 269 4502 4507 5183 0
 250 214 4502 195 0
 1754 1756 5031 1628 0
 5033 2981 2912 5584 0
 2486 2606 4715 2542 0
 4386 5096 5385 5006 0
 3274 3206 3172 4952 0
 5432 1861 1946 1858 0
 2172 2239 2210 2294 0
 1467 4167 4689 1506 0
 5440 5279 4407 4770 0
 466 556 523 4130 0
 2591 2738 2681 5075 0
 861 1141 1068 4921 0
 171 4597 4349 5417 0
 714 4581 576 794 0
 1844 4762 1836 1919 0
 2641 2536 2537 5621 0
 5133 1854 5172 1896 0
 983 5290 1199 1098 0
 4560 4295 3618 3685 0
 458 514 4482 558 0
 4345 3310 3343 3118 0
 3995 5574 4623 5450 0
 3310 3118 4345 4337 0
 5063 51 24 6 0
 4895 5708 5294 5513 0
 224 5040 185 150 0
 1338 4146 1045 1062 0
 3798 3738 3734 5303 0
 4483 4348 4134 5040 0
 1801 1830 4393 1738 0
 4030 5214 3993 4467 0
 5591 5092 1482 1471 0
 4272 4391 4730 4449 0
 1184 1144 1145 4153 0
 5574 3037 5692 4980 0
 4929 4932 4613 3686 0
 3874 3744 3795 4956 0
 4475 1460 1447 1388 0
 4577 3642 3666 3559 0
 3822 3846 4489 3916 0
 2662 2621 5509 2553 0
 5028 3852 3833 3794 0
 4395 1506 4167 1558 0
 5500 2710 2732 2743 0
 62 67 4128 48 0
 249 135 199 4888 0
 2906 2886 3013 5103 0
 1863 5546 1876 5473 0
 5540 714 783 790 0
 4084 4098 5419 4103 0
 4974 1706 4707 1928 0
 5725 5657 4458 5588 0
 598 659 702 5656 0
 653 690 4848 503 0
 338 495 4931 497 0
 2948 4233 2917 2873 0
 2055 2131 2030 5001 0
 4305 5546 1658 1665 0
 3915 5514 3955 4041 0
 3049 4740 3032 5731 0
 1393 1493 1359 5615 0
 4777 1980 1946 1893 0
 1628 1470 5425 1441 0
 1645 4397 1648 1530 0
 5650 649 548 5643 0
 334 285 4983 278 0
 1644 5227 1603 1528 0
 5314 308 4502 277 0
 5325 477 536 447 0
 5509 4734 5153 4464 0
 4627 1201 1207 1279 0
 1011 889 4817 4154 0
 4756 43 45 47 0
 1143 4627 1201 1207 0
 3894 3832 3892 4246 0
 1342 5056 1426 1379 0
 3473 3614 3550 5542 0
 4649 3497 3340 4618 0
 3340 4430 3399 5167 0
 564 539 768 528 0
 1802 1856 5763 1650 0
 4999 4802 5362 5333 0
 2559 2587 4655 2476 0
 3837 3769 3891 5681 0
 513 363 5185 377 0
 1939 1954 2051 1994 0
 3958 3941 5434 3969 0
 5532 1896 5172 1810 0
 3231 4617 3323 5577 0
 1905 1841 1949 5118 0
 3860 5679 3846 3912 0
 3725 3589 3671 5701 0
 2793 2720 5651 2727 0
 4230 2904 2889 2862 0
 344 332 5700 396 0
 2599 4229 2676 5256 0
 3939 3907 3975 4956 0
 3339 5743 3405 3378 0
 2723 5100 2784 2836 0
 4787 4860 1892 2005 0
 621 637 508 4615 0
 2642 2599 5256 4294 0
 2982 5275 2902 2940 0
 3074 3119 3227 3152 0
 2159 2089 2224 2254 0
 4159 1036 1135 4158 0
 3197 3349 3273 3263 0
 3417 5701 5467 3588 0
 3474 3397 3404 4630 0
 3897 3729 3876 4244 0
 4560 3631 4311 5563 0
 4450 4221 5058 4853 0
 5655 267 234 299 0
 3606 3638 3448 5588 0
 40 4278 16 4565 0
 2617 2593 4206 4832 0
 3203 4337 3310 5510 0
 2790 5058 4734 2868 0
 2887 5528 2889 4230 0
 4931 4559 4130 355 0
 3649 3732 5680 3674 0
 1052 1093 1014 4959 0
 3430 5284 3317 5484 0
 1077 4959 1090 1041 0
 5741 2495 2444 2432 0
 1914 4839 1950 2096 0
 1711 5693 1744 1687 0
 2801 2799 5573 2855 0
 3442 3443 4295 3376 0
 3060 3068 5494 5517 0
 3904 3912 5679 3860 0
 2342 2326 4285 2400 0
 5692 3220 3232 3164 0
 3381 4723 3303 3402 0
 1741 5532 4172 1778 0
 4063 4073 4047 5733 0
 4334 2757 4233 5455 0
 905 5601 785 1014 0
 4798 303 359 326 0
 1425 1443 4462 1477 0
 3988 4245 5214 4026 0
 2780 2769 2760 5715 0
 2664 5621 4384 2641 0
 2859 2887 4613 2844 0
 259 5325 236 313 0
 3775 5274 3730 3728 0
 2014 1934 5696 1858 0
 1955 1874 1906 1890 0
 5567 5369 3833 3852 0
 2228 2161 2263 2216 0
 4563 5260 5774 5403 0
 2651 5524 2669 2708 0
 1210 1128 4310 1162 0
 3604 3449 1735 3673 0
 232 4139 203 252 0
 3845 4650 5265 3857 0
 2183 2163 2112 2152 0
 353 5111 290 5156 0
 3261 3284 3219 3195 0
 5569 3662 3625 3630 0
 5428 4341 5224 4573 0
 5473 2019 4404 2029 0
 3343 4345 3346 3437 0
 986 5258 1067 5709 0
 5584 2897 2857 2851 0
 805 5219 5281 975 0
 5415 4509 3702 3688 0
 1855 1891 4588 4454 0
 2686 2638 4832 2672 0
 2420 2353 4589 2405 0
 4585 3036 3069 3168 0
 5620 3694 3793 5389 0
 5320 980 5374 1087 0
 2111 2173 2190 4648 0
 531 526 4693 394 0
 1195 4619 4939 846 0
 4649 3228 5283 3136 0
 5031 1770 4762 1754 0
 3770 3761 4247 3837 0
 1530 5056 1648 1527 0
 1895 1986 1950 4393 0
 2866 4223 2837 2891 0
 3865 3831 3775 5274 0
 2152 2163 2236 2183 0
 2964 3036 2986 4585 0
 2781 4711 2769 2805 0
 1462 1521 5724 1514 0
 2187 2161 2263 2228 0
 2700 2771 5256 2729 0
 1468 1477 4462 1536 0
 5145 256 4343 294 0
 1093 1116 1186 4574 0
 5729 3619 3622 3651 0
 4698 281 5325 333 0
 5221 1785 5541 1814 0
 3740 5563 3750 3675 0
 3764 5266 3741 3746 0
 1383 1433 1374 5712 0
 3190 3144 5049 3120 0
 4454 1923 1879 4588 0
 2233 2307 2245 2264 0
 5715 2826 2805 2852 0
 3599 3466 3567 5492 0
 4528 3469 3597 3596 0
 2309 4700 2188 4636 0
 2672 4229 2739 2698 0
 4314 4161 1678 4312 0
 2236 2245 2297 2264 0
 3293 5722 3209 5568 0
 2622 4294 2642 2692 0
 235 190 4760 270 0
 1785 1824 1882 5221 0
 2105 2113 2028 5397 0
 2920 2937 5528 2955 0
 4513 817 900 764 0
 5446 2341 2282 5647 0
 4798 301 4644 311 0
 985 1041 4959 1051 0
 4038 4022 5353 3946 0
 4755 2974 5332 2972 0
 12 4 6 5063 0
 4813 4148 1141 4921 0
 2426 5666 2571 2478 0
 4335 3730 5266 3731 0
 5099 5530 504 552 0
 4211 2543 2434 2414 0
 4999 219 4502 195 0
 1174 1193 5736 1293 0
 5611 4312 1485 1503 0
 3417 3264 3460 5467 0
 5775 3379 3499 3466 0
 2809 5454 2693 4917 0
 1390 4369 1426 1342 0
 3472 5088 3555 5726 0
 2957 2969 4214 2913 0
 5591 1433 4151 1469 0
 5306 3805 3899 3861 0
 3864 3924 5527 3918 0
 1788 1847 1868 5522 0
 2850 5480 5475 2793 0
 3624 3507 4247 3640 0
 5681 4247 3769 5682 0
 3233 4216 3124 3023 0
 2090 2102 2054 2012 0
 4558 3590 4237 3656 0
 4700 5261 4541 4620 0
 3744 5268 4956 3701 0
 5492 3640 3567 3672 0
 3162 3190 5049 3120 0
 1152 4593 951 987 0
 5455 2747 2795 2808 0
 1017 965 1034 4714 0
 2458 4901 2481 2510 0
 2917 4725 3008 2923 0
 2489 4195 2555 2633 0
 4837 1612 1596 1706 0
 2582 2555 2540 4945 0
 3557 3494 5635 3490 0
 3894 3832 5263 3842 0
 3657 3717 3767 5658 0
 3780 4246 3771 3634 0
 2230 2314 2268 2277 0
 3882 3946 4020 4650 0
 3748 3757 5242 3707 0
 3403 5773 5238 3302 0
 5374 1012 1073 893 0
 2152 2163 2157 2236 0
 3458 3580 4635 5146 0
 3795 5268 3805 4956 0
 2103 2144 2064 4805 0
 4433 254 225 189 0
 654 782 725 744 0
 4764 3622 3615 4898 0
 2271 2330 2246 4562 0
 4681 688 618 521 0
 342 4955 4893 521 0
 3651 5729 3675 3695 0
 5544 5469 1117 5295 0
 5449 1590 1531 1572 0
 3637 5268 3711 3627 0
 5542 3470 5461 3351 0
 2923 4455 3093 3025 0
 2667 4334 2659 2757 0
 2085 2142 2204 4486 0
 3319 3109 3226 5496 0
 2274 2259 2350 5659 0
 2350 4589 2302 2274 0
 1447 1493 5119 5615 0
 5444 5079 4206 5666 0
 520 496 490 5750 0
 3922 3902 5389 3989 0
 4754 1341 1431 4578 0
 4659 1011 1080 1007 0
 2301 2365 2265 4727 0
 2571 4206 5053 2617 0
 4616 846 1140 1195 0
 4050 5623 4024 5247 0
 623 4513 729 805 0
 1082 4666 4456 1097 0
 955 991 1036 4505 0
 1701 1724 1649 4638 0
 3727 5492 3672 3640 0
 253 4798 251 191 0
 2330 5647 2271 2345 0
 2799 2742 5524 2708 0
 2587 4964 2559 4655 0
 5359 1538 1488 1563 0
 46 91 5042 61 0
 3560 5187 3584 3492 0
 5701 5448 5168 4489 0
 3659 3655 4335 3623 0
 5455 2751 2747 2677 0
 5614 1584 1554 1517 0
 1092 4616 1119 1090 0
 3838 3788 3878 5389 0
 4827 5198 5261 4620 0
 1370 4298 1297 1439 0
 3094 5595 2985 4231 0
 40 16 34 4565 0
 8 4551 33 25 0
 2744 2775 5715 5500 0
 5758 3494 3607 3503 0
 708 627 684 5538 0
 5265 4709 3839 3848 0
 1896 5133 1968 5545 0
 2541 2484 5520 2509 0
 5001 2131 2030 2084 0
 1084 1004 902 4619 0
 5114 5161 624 609 0
 3089 5765 3135 3033 0
 5709 4275 5116 5755 0
 1639 1711 1687 4395 0
 4314 1678 1692 4312 0
 1255 1227 5756 1294 0
 3832 3771 5263 3842 0
 5269 1192 1207 1147 0
 1071 1089 5774 1149 0
 2650 2689 5136 4761 0
 4249 4524 5454 4209 0
 4517 4210 339 2503 0
 3801 3820 4243 3823 0
 5575 2758 2782 5694 0
 4697 5566 2598 2558 0
 3430 5187 5484 3515 0
 2117 2162 4589 2222 0
 3942 4248 5720 4006 0
 5727 578 650 532 0
 3835 4242 3823 3798 0
 4697 2598 2502 2558 0
 669 611 696 833 0
 423 5749 5506 412 0
 3096 5494 3068 5517 0
 4592 2208 2198 2308 0
 4528 3596 3450 3469 0
 847 978 4712 984 0
 2501 2443 5308 2488 0
 5308 5179 5670 4994 0
 4934 4772 1557 5711 0
 450 5138 5189 4920 0
 143 5052 131 103 0
 2526 2565 5670 2624 0
 3223 3266 3329 5284 0
 4282 5341 4773 4562 0
 1184 1192 1255 4153 0
 3310 5194 3397 3262 0
 3765 3778 3721 4242 0
 3907 3932 3975 4956 0
 4211 2677 2558 2605 0
 968 1030 4145 1023 0
 428 4931 4581 497 0
 409 465 4816 5183 0
 5180 5361 5603 1307 0
 4622 2027 2008 2083 0
 3329 3223 5765 3271 0
 1024 5774 961 5641 0
 2865 2908 2977 5573 0
 5455 2795 2864 2808 0
 2865 5524 5575 2824 0
 1511 1452 4975 1543 0
 3295 3354 3241 5049 0
 3169 3022 4500 3085 0
 2963 2866 2959 5106 0
 5577 3307 3212 3295 0
 1071 1153 1149 5403 0
 5634 3014 2959 3007 0
 4627 1390 1259 1342 0
 5500 5674 2732 2736 0
 583 519 5506 4143 0
 5736 1056 1038 1193 0
 775 4303 840 680 0
 1807 4470 1694 1803 0
 3310 3397 4630 3404 0
 4990 4603 5567 5631 0
 3898 5130 3881 4965 0
 115 4679 108 122 0
 25 26 4551 4612 0
 4231 4917 2898 5109 0
 424 386 542 4615 0
 1830 1940 1895 4393 0
 5246 4774 5037 4605 0
 617 778 5346 634 0
 3607 4961 3605 3668 0
 4071 4248 4093 4065 0
 3652 3756 5686 3716 0
 161 109 210 5112 0
 4714 1087 5005 1198 0
 2872 4515 2823 2815 0
 2847 2820 5257 2843 0
 4230 2967 3041 2943 0
 2098 2149 4188 5124 0
 5124 2288 2149 4368 0
 2274 5659 2222 2204 0
 5352 4486 1908 4313 0
 5481 4524 5199 4500 0
 51 4553 4507 97 0
 1281 1216 1226 5403 0
 3444 3519 5671 3540 0
 4250 976 1065 1009 0
 5718 421 412 438 0
 2587 5464 4209 4655 0
 2609 2535 4973 2549 0
 993 3462 4594 4204 0
 2090 2051 1994 2040 0
 4397 1648 4587 1645 0
 5517 3476 3513 5671 0
 3795 3805 3868 4956 0
 1548 4312 1605 1624 0
 4026 4028 4245 4036 0
 4206 2571 5666 2478 0
 2035 2146 2209 2166 0
 2808 2883 2864 5455 0
 5242 5679 3697 3757 0
 1961 1977 4190 1916 0
 131 103 4278 40 0
 2084 2181 5001 2178 0
 5049 3451 5171 3545 0
 2833 2885 5575 2818 0
 2108 4636 2147 2072 0
 461 5111 353 5156 0
 2571 2593 4206 2617 0
 5686 3716 3818 3759 0
 4428 2416 2296 2396 0
 1983 1890 1955 1906 0
 4813 1268 1230 4869 0
 2477 5621 2402 2437 0
 2236 2245 2183 2163 0
 4652 5733 4047 5393 0
 3689 3659 3703 4335 0
 5733 4073 4047 4061 0
 2809 2853 4917 2803 0
 3666 3654 4577 3559 0
 2562 5783 5760 2522 0
 1713 1791 4390 1745 0
 1745 4390 4177 1791 0
 5736 5206 1245 1174 0
 2805 5715 2769 2780 0
 4448 471 5280 4314 0
 2105 2175 5311 2126 0
 230 156 220 5348 0
 1399 4503 1430 1458 0
 1069 4252 1019 1060 0
 1656 4166 1764 1756 0
 3380 3382 3469 4528 0
 5493 3769 5682 5681 0
 3727 3847 5564 3813 0
 445 5656 400 560 0
 3901 3917 3994 5664 0
 3319 4506 3226 3336 0
 5077 3646 3737 3685 0
 2951 5257 2895 2890 0
 3933 4919 3954 3897 0
 4956 3932 3975 3982 0
 1121 4331 1132 1206 0
 3859 4956 3907 3824 0
 3013 5103 3101 2991 0
 5346 695 754 692 0
 3115 4214 4345 3118 0
 4655 5001 2253 2339 0
 3139 4213 3002 3067 0
 3207 4216 3239 5413 0
 2946 5737 2969 2913 0
 3798 3734 3778 4242 0
 4273 5143 4217 3246 0
 4079 4090 4054 5742 0
 584 768 5530 533 0
 5256 4711 2700 2692 0
 4522 4836 4529 4360 0
 2383 2294 2340 2310 0
 5257 2783 2800 5529 0
 3375 3380 4528 3311 0
 3311 4600 4217 3274 0
 2642 5256 2700 2692 0
 3350 3375 3575 4234 0
 4360 4836 4529 4667 0
 3225 3172 4600 3274 0
 3000 3107 2992 2995 0
 5766 5771 4248 5633 0
 4268 4194 5695 2733 0
 2274 5659 2204 2259 0
 3014 3019 4223 2941 0
 3653 3663 4234 3766 0
 2254 2212 2089 2224 0
 3705 3758 4237 3714 0
 5726 3568 3552 3591 0
 3278 3364 3365 5671 0
 1903 1993 5619 2004 0
 4643 4383 3760 4317 0
 5582 4317 4316 4866 0
 3693 3790 5620 3700 0
 2253 2203 4622 2429 0
 4214 2969 5737 2913 0
 5097 5630 5527 5126 0
 5162 4656 5527 5523 0
 5339 5378 5405 4269 0
 4386 5339 5405 4269 0
 4497 2499 4219 4200 0
 2400 2472 4285 2458 0
 4186 4204 1048 4380 0
 4220 667 2802 4015 0
 4220 4015 4344 667 0
 2499 4220 4604 667 0
 4046 4050 4007 5393 0
 2131 2178 5001 2226 0
 2499 4604 4442 667 0
 2499 667 2802 4220 0
 3139 3117 4213 3067 0
 5445 5001 2339 4994 0
 5540 714 913 794 0
 857 835 5537 804 0
 4268 2797 2810 2733 0
 468 4523 5691 4922 0
 2633 2701 5140 2690 0
 4746 2907 2888 4885 0
 4186 4557 770 4204 0
 4024 4050 5393 4007 0
 468 4547 4319 990 0
 5376 4922 4547 468 0
 4884 10 5358 4512 0
 4053 4065 4248 4021 0
 4754 1375 1403 1322 0
 3635 4509 3664 3609 0
 1937 4454 1855 1846 0
 5247 5393 5733 5196 0
 3968 4033 5393 3936 0
 5393 4652 5733 5196 0
 2690 2633 4195 5140 0
 3848 4709 3823 4242 0
 3145 4617 3171 3090 0
 5691 2946 2913 5737 0
 4528 3478 3380 3375 0
 4328 914 4015 2500 0
 4015 914 4492 2500 0
 914 4265 4492 2500 0
 432 544 4559 448 0
 1113 4145 1176 1244 0
 4328 914 2500 4544 0
 3404 4345 3343 3437 0
 2648 5651 2727 2668 0
 3188 3239 3150 4216 0
 4312 5421 1503 5611 0
 4460 4435 3995 4480 0
 4435 4524 4249 4209 0
 4435 4249 3995 4480 0
 3126 3251 3191 3053 0
 4435 4212 4249 4524 0
 1022 4169 2272 4164 0
 2270 2326 4175 2342 0
 1022 4164 2272 4538 0
 1022 4169 4170 2272 0
 2477 4197 2536 2483 0
 1022 4170 2290 2272 0
 5408 1021 1214 1029 0
 1022 2272 2290 4538 0
 4560 3685 5077 4295 0
 4236 3827 3845 3804 0
 3351 5723 3327 5461 0
 2146 2260 2166 2196 0
 582 648 556 4130 0
 948 5408 910 783 0
 4639 4258 4441 5245 0
 2698 2672 4229 2639 0
 1799 4177 1892 1791 0
 5463 4657 2610 4715 0
 3687 3785 3774 4822 0
 3851 4239 5680 3777 0
 2024 4263 2153 10 0
 4533 4263 4150 2024 0
 2024 4263 4150 2153 0
 269 4502 308 277 0
 4797 4327 5398 4421 0
 4273 4327 4421 4647 0
 4273 4327 4797 4421 0
 2769 2760 5715 4711 0
 4273 4253 5016 4647 0
 3340 4649 4618 4430 0
 4501 4164 1059 3254 0
 5413 3222 3233 4216 0
 5097 5523 5527 5289 0
 846 4939 5357 4148 0
 3897 5002 3954 3914 0
 5002 4011 3985 4013 0
 4377 4164 4536 1059 0
 2770 2641 4515 2719 0
 3362 5690 3268 3300 0
 3131 3279 3189 3335 0
 2953 2911 2981 5584 0
 2858 5058 2902 2934 0
 5744 5533 1594 5724 0
 4266 4184 2451 4185 0
 4749 5301 5486 4266 0
 4621 4469 4191 952 0
 4749 5301 4266 4469 0
 3783 3821 3748 3757 0
 3513 5484 3543 3533 0
 3064 4740 4766 3032 0
 2001 1973 2059 1960 0
 4486 2249 2280 2148 0
 4165 2151 2153 1022 0
 2207 2263 2187 2161 0
 4165 2153 2290 1022 0
 5713 3456 3400 3373 0
 5448 5028 3833 3776 0
 4186 1048 4187 4380 0
 3194 3283 5743 3263 0
 1799 1900 1892 4177 0
 3873 3934 3865 4919 0
 5252 3914 3899 3944 0
 2783 2800 2820 5257 0
 5551 2509 2484 2507 0
 2882 2794 5586 2785 0
 5234 5444 4188 4605 0
 3862 3811 5527 3906 0
 5289 5661 5527 4012 0
 2498 2430 4200 2417 0
 2953 2897 4613 2936 0
 2732 2696 2710 5500 0
 3462 1318 4557 4204 0
 2037 5298 2283 2186 0
 2498 4200 2430 4497 0
 2955 2990 2937 5528 0
 5528 2979 2937 2943 0
 4230 2904 2862 2909 0
 2859 2862 4230 2889 0
 3775 3755 5274 3831 0
 2498 4201 2430 2417 0
 2498 4497 2430 4201 0
 3268 5690 3362 3364 0
 3146 4221 3181 2958 0
 4650 4900 5490 4906 0
 3347 3283 3378 5743 0
 2674 2638 4832 2686 0
 3826 3808 5558 3877 0
 2419 5741 2382 2482 0
 3522 3540 5671 3564 0
 548 715 629 5643 0
 1454 1418 1400 4157 0
 3007 5634 3014 3091 0
 5248 1209 4673 1194 0
 5528 2979 2990 2937 0
 486 460 4143 462 0
 2924 2909 2978 4230 0
 2911 2897 2857 5584 0
 990 5316 4289 4362 0
 1945 1886 1851 1818 0
 2996 3099 4675 3028 0
 2750 5053 2666 2702 0
 990 4362 2498 5316 0
 2216 2166 2161 2303 0
 2818 2816 5575 2782 0
 2081 2086 2059 2145 0
 2615 2523 2530 5520 0
 2448 4428 2396 2527 0
 2374 2448 2431 2370 0
 1425 4462 1443 1389 0
 2494 2580 5760 2562 0
 3360 3461 3377 3318 0
 5743 3400 3439 3347 0
 4165 4150 4284 2153 0
 4304 5061 4322 5425 0
 1162 5704 1075 1128 0
 5031 4284 5420 4624 0
 14 48 62 4128 0
 2320 2370 2362 2448 0
 2824 2788 5575 4446 0
 2224 2089 2171 2212 0
 5783 2560 2566 2600 0
 4350 4658 4286 4330 0
 46 4793 5042 4561 0
 4286 4583 4655 4637 0
 5741 2444 2383 2432 0
 4469 4394 4286 4191 0
 4775 4286 4637 4548 0
 3291 3251 4978 3356 0
 2224 2172 2171 2089 0
 2348 2304 2313 2352 0
 4309 4938 4351 4333 0
 4611 4333 4938 4309 0
 2348 2313 2304 2258 0
 4484 4833 4352 4134 0
 4757 4484 4134 4833 0
 2222 4589 2301 2162 0
 1748 1662 5541 1656 0
 4165 1022 2290 4538 0
 990 4362 4632 4219 0
 990 4632 4362 4289 0
 3074 3277 3038 3229 0
 1880 1967 1894 1897 0
 3014 5634 3100 3091 0
 2688 2631 5594 2647 0
 4222 5287 2781 4711 0
 2901 2941 4223 2966 0
 1835 4510 1864 1787 0
 2833 5524 5575 2885 0
 2818 2782 5575 2758 0
 2756 5509 4849 2790 0
 1989 1936 1947 4176 0
 3003 2995 3113 3176 0
 2182 2079 1919 4814 0
 819 896 5511 931 0
 1465 5425 1628 5031 0
 4798 5489 4134 5381 0
 5376 5337 4547 4922 0
 2004 2148 4486 1908 0
 672 4184 4256 4427 0
 4280 672 4256 4427 0
 3360 3377 3292 3252 0
 1932 1965 1967 1894 0
 2114 1983 2086 2104 0
 4198 2520 2518 2694 0
 4217 4528 4234 4269 0
 2377 2375 2432 2337 0
 4230 5321 3156 2951 0
 3252 3248 3185 3291 0
 2461 2518 2449 4198 0
 2239 2171 2172 2210 0
 2254 2239 2269 2212 0
 2224 2172 2294 2239 0
 1907 4166 1814 1882 0
 4217 1735 4269 4234 0
 4754 1326 4867 1375 0
 2593 2478 2571 4206 0
 472 504 4144 435 0
 1973 1955 1960 1917 0
 2283 2206 4839 2037 0
 5145 241 4996 256 0
 2548 4774 2552 2599 0
 1402 1212 4158 1334 0
 5092 1606 1518 1523 0
 4829 1333 1271 1296 0
 1153 5403 1162 1226 0
 251 191 4798 177 0
 1645 4587 1687 1712 0
 1459 1470 5425 1537 0
 4171 1757 1839 1706 0
 4173 1661 1641 1587 0
 537 596 5626 652 0
 5704 4987 4310 5403 0
 982 5537 857 912 0
 4846 267 4970 4582 0
 4263 4304 2153 10 0
 2153 4304 4340 10 0
 253 191 216 5489 0
 5359 1538 1596 1612 0
 15 4551 2 8 0
 124 135 4888 85 0
 3988 3963 5214 3945 0
 1537 1586 1470 5503 0
 3940 3945 4264 3956 0
 227 201 4996 237 0
 1470 1628 5425 5503 0
 4955 4139 427 379 0
 245 5052 285 231 0
 846 5157 5357 4939 0
 5357 4501 1059 1972 0
 4642 1972 5157 4476 0
 4476 1972 5157 4939 0
 1984 5186 5576 4326 0
 13 42 48 4128 0
 4611 5121 4598 4309 0
 4169 4309 4377 2151 0
 336 363 5185 473 0
 190 144 4760 228 0
 4222 1984 4711 5106 0
 4756 47 73 50 0
 5230 1984 5576 4326 0
 1413 1443 5224 1389 0
 4999 195 142 187 0
 103 4591 5052 4278 0
 32 4507 24 26 0
 21 42 4128 65 0
 155 146 4507 97 0
 2081 2086 2145 2195 0
 26 4688 4612 19 0
 4987 4341 5272 4310 0
 5704 4987 5219 4310 0
 4341 4136 4379 4512 0
 5611 1363 1406 1290 0
 4698 5315 121 90 0
 5315 86 95 90 0
 5407 5260 5774 4563 0
 783 663 648 4130 0
 4296 4341 5224 5428 0
 246 219 5333 184 0
 20 32 4507 41 0
 153 216 5489 229 0
 158 142 187 4999 0
 697 751 765 4131 0
 561 481 5727 451 0
 1095 5408 5611 1065 0
 2498 4497 4219 4200 0
 2498 4201 4220 4497 0
 259 313 300 5325 0
 2498 4220 4219 4497 0
 4558 4887 5274 3730 0
 1117 1039 1106 5295 0
 4315 5436 4434 4494 0
 4315 4393 5221 4494 0
 4315 4707 4332 4540 0
 355 4130 466 448 0
 465 4131 541 4816 0
 757 837 799 4250 0
 544 4559 663 757 0
 4258 10 2024 4866 0
 1290 1309 1164 5611 0
 4486 2148 2142 2249 0
 4621 4469 4981 4858 0
 2259 2249 4486 2142 0
 2301 2162 4727 2265 0
 934 1027 912 5537 0
 4161 1713 1766 4390 0
 4234 3544 3331 3604 0
 2290 4434 2153 4165 0
 4165 4539 2290 4434 0
 879 981 950 4145 0
 1893 4777 1980 1938 0
 1338 1366 4146 1275 0
 4243 3710 3642 3660 0
 4827 4196 5598 4889 0
 1110 1145 1109 4153 0
 2537 2449 2597 5621 0
 4161 1668 1626 1713 0
 4411 4359 4362 4219 0
 4268 5507 2810 2797 0
 4260 2984 4224 3024 0
 129 169 4802 164 0
 1275 4146 1215 1306 0
 2014 2028 1946 5696 0
 4161 1668 1588 1626 0
 4883 4581 4400 4533 0
 31 51 55 5063 0
 926 4146 997 1062 0
 968 873 4145 899 0
 1323 1398 1306 5611 0
 4754 1322 1326 1375 0
 1681 1809 5432 1775 0
 1980 2009 4777 2062 0
 857 879 811 4145 0
 1598 1577 4171 1715 0
 5752 999 1030 4145 0
 811 873 4145 879 0
 1815 1846 4390 1766 0
 4220 2802 2500 4015 0
 4533 4322 4150 4263 0
 2499 2802 2500 4220 0
 4533 4490 4322 4504 0
 4566 4322 4490 4504 0
 4584 4322 5340 4284 0
 1011 4154 1112 889 0
 1328 5441 5600 1353 0
 4357 5121 846 4377 0
 4357 4309 4377 4169 0
 1039 947 5295 1003 0
 982 970 857 4145 0
 5522 1761 1788 1847 0
 5401 4996 4794 4343 0
 4325 4483 4792 4352 0
 3245 5232 3270 3174 0
 2049 5447 1949 2041 0
 1039 5295 947 927 0
 4213 2915 2972 5332 0
 4847 4213 3002 3139 0
 4999 142 195 4553 0
 1279 5056 1379 1324 0
 1110 4153 1109 1101 0
 4602 604 642 562 0
 1318 2557 4210 2503 0
 4162 1761 1730 1684 0
 1392 5421 1338 1423 0
 4596 2503 2557 1318 0
 4596 4232 2557 4530 0
 1046 4145 1176 1042 0
 1100 1011 1080 4154 0
 5436 4340 5092 5046 0
 5373 5092 5046 4462 0
 1675 5754 1613 1682 0
 4996 162 227 192 0
 5408 956 790 903 0
 879 873 4145 950 0
 1021 910 948 5408 0
 4645 1449 1316 4317 0
 2014 1934 1989 5696 0
 4220 4328 4015 2500 0
 4220 4328 2500 4544 0
 5112 4388 4507 4561 0
 4162 4314 4780 1692 0
 2426 5666 2478 5079 0
 465 541 4131 501 0
 698 4131 4816 635 0
 698 722 635 4816 0
 4756 60 87 132 0
 4350 4655 4286 4658 0
 4330 964 4286 4469 0
 4330 2451 964 4266 0
 4330 964 4469 4266 0
 11 27 34 4565 0
 4330 5445 964 2451 0
 225 4770 202 274 0
 4350 4658 5445 4655 0
 269 4502 277 250 0
 4714 4573 5320 5322 0
 2290 4332 4187 5437 0
 1419 1517 1439 4305 0
 1940 4393 1986 1895 0
 4580 4537 4333 4611 0
 1692 1678 1624 4312 0
 4576 1299 1355 1422 0
 5728 4312 1692 1605 0
 4537 4170 4155 2151 0
 2153 2151 4170 1022 0
 2153 4170 2290 1022 0
 1383 5712 1287 5248 0
 4168 1618 1648 1544 0
 4653 2033 1928 2098 0
 1598 1715 4171 1672 0
 1376 1411 4157 1435 0
 5455 2757 2831 2751 0
 2464 2456 4994 2526 0
 2526 5670 4994 2480 0
 4538 2272 2290 4182 0
 4619 1140 1123 1004 0
 616 526 4693 784 0
 1550 5119 1493 1563 0
 1156 4611 1208 1243 0
 4168 1618 1528 1644 0
 1250 1243 4611 1187 0
 5485 4611 1187 1250 0
 5426 4659 5120 4619 0
 3095 3150 4216 3188 0
 1717 4174 1686 1616 0
 1184 1145 1192 4153 0
 1100 1144 4153 1080 0
 1453 1426 1390 4167 0
 4168 1688 1618 1644 0
 2907 2898 5468 2975 0
 4662 1570 1641 1615 0
 1028 849 5755 824 0
 4929 5411 5467 4307 0
 4138 291 294 319 0
 4264 5365 4458 5134 0
 1940 1830 1887 4393 0
 1949 5545 1810 1896 0
 4854 309 182 149 0
 622 701 767 707 0
 2153 10 4340 4316 0
 435 504 4144 470 0
 4432 4397 4476 2262 0
 4280 672 2262 4256 0
 1765 1727 1782 4858 0
 5566 5455 2721 2677 0
 4994 2325 2387 2412 0
 2327 2334 2221 4646 0
 4211 4334 2659 2667 0
 2327 4189 2332 2390 0
 1801 1776 1666 5046 0
 2043 4341 4573 171 0
 4342 4182 2417 5233 0
 2417 4342 2430 4182 0
 4473 5233 4342 2417 0
 2430 2417 4201 4342 0
 4473 2417 4342 4201 0
 2016 3586 4782 4149 0
 4507 88 93 151 0
 4211 2677 2659 5455 0
 1801 1776 5046 5221 0
 4681 574 688 521 0
 644 580 713 610 0
 1212 4158 1172 1111 0
 1299 4504 1229 1183 0
 510 622 707 551 0
 5145 241 256 294 0
 4794 4483 4325 4139 0
 5401 4483 4794 4996 0
 4343 298 292 4996 0
 4534 4893 4343 4955 0
 490 5654 496 509 0
 4794 4325 4534 4139 0
 2230 2295 2268 2314 0
 520 484 5750 490 0
 2563 4237 4344 5629 0
 2563 5629 4344 4359 0
 5254 4836 4360 4651 0
 4261 4386 4445 5385 0
 4386 4277 5096 5405 0
 371 435 348 398 0
 264 332 5655 288 0
 918 868 5552 933 0
 358 388 416 406 0
 4816 4347 4593 5142 0
 5525 4502 4347 4135 0
 472 530 4144 504 0
 5142 4347 4593 4465 0
 4502 4546 4347 4135 0
 537 5282 572 652 0
 5654 767 533 834 0
 13 3 9 4128 0
 441 336 318 5650 0
 618 4496 4640 4681 0
 165 5348 231 220 0
 505 455 462 5706 0
 1999 2051 2022 2135 0
 5751 369 370 382 0
 1071 5403 5704 1153 0
 1780 1857 1931 1904 0
 1081 5457 1134 1253 0
 5231 4482 315 4433 0
 5699 5749 5781 5636 0
 1059 5218 3254 4164 0
 3254 5218 4323 4164 0
 15 25 4551 8 0
 5562 965 1017 4714 0
 4483 4862 4348 5040 0
 4483 5676 4862 5040 0
 653 597 503 553 0
 4782 4532 4348 4133 0
 5 16 9 5063 0
 4661 49 69 52 0
 4167 1687 672 4395 0
 4593 4331 4829 5435 0
 4561 190 144 4760 0
 623 4983 5219 518 0
 230 5348 4970 4854 0
 1134 4156 1266 1253 0
 2239 2310 2294 2254 0
 865 830 881 5734 0
 4171 4393 5046 4315 0
 653 690 503 597 0
 2214 2233 2232 2266 0
 4190 5001 5334 4350 0
 4858 4350 5334 4622 0
 4858 4350 4622 4286 0
 4471 4350 5445 5001 0
 4471 4330 5445 4350 0
 4513 705 729 817 0
 4257 3388 2425 4381 0
 2087 1986 4188 1950 0
 4257 5310 3388 4381 0
 3388 4199 2425 2415 0
 3388 4641 4982 4511 0
 2045 2022 1948 2051 0
 2060 2157 2163 2070 0
 3388 4406 4199 2415 0
 1376 1411 1330 4157 0
 1454 4157 1474 1418 0
 2163 2277 2268 2245 0
 1812 5763 1802 1881 0
 4309 4377 2151 4351 0
 4351 2151 4155 2016 0
 4351 4155 4914 2016 0
 4537 4309 2151 4351 0
 2024 4150 4533 4352 0
 4129 4227 2802 4373 0
 4566 4584 4624 4353 0
 2068 2063 2092 2164 0
 4566 4576 4624 4584 0
 2507 2493 2399 2391 0
 486 462 4143 519 0
 693 653 739 5781 0
 590 554 5538 627 0
 5717 1018 1134 1063 0
 1018 966 5717 4513 0
 2639 4973 2599 2602 0
 1546 1509 4383 1633 0
 654 725 782 610 0
 705 729 591 4513 0
 3219 4723 3230 3303 0
 877 817 966 4513 0
 1960 2034 1955 2059 0
 677 920 885 615 0
 2866 2891 2959 4223 0
 1941 1935 2050 1853 0
 736 822 810 963 0
 2687 2653 2696 5404 0
 4328 3455 4015 914 0
 4015 3455 4318 914 0
 2217 2231 2143 2250 0
 1225 3455 4318 4015 0
 2180 2189 2223 2156 0
 593 540 636 4144 0
 5157 4501 1972 4642 0
 1382 1378 1462 5342 0
 1376 4157 1397 1435 0
 615 888 917 920 0
 588 727 4137 658 0
 691 628 620 685 0
 3512 2563 4442 4604 0
 3512 4359 2563 4604 0
 907 946 740 822 0
 517 606 589 443 0
 1388 5335 5141 4462 0
 2090 2138 2184 2040 0
 2295 2231 2217 2250 0
 1948 1872 2051 1939 0
 4714 1163 1087 1178 0
 2320 2362 2370 2287 0
 2419 5741 2484 2366 0
 4445 4560 4359 4362 0
 5530 895 844 586 0
 5604 5518 1519 1597 0
 721 810 825 894 0
 864 880 669 833 0
 4588 4454 4176 4526 0
 611 669 917 880 0
 593 540 4144 515 0
 2094 2180 2189 2040 0
 50 4756 43 60 0
 498 416 5751 369 0
 77 133 4756 87 0
 674 736 894 907 0
 4563 1149 1089 1203 0
 370 416 406 358 0
 4253 4672 4905 4010 0
 350 422 357 390 0
 4686 4724 5143 5770 0
 525 476 431 479 0
 4362 4560 4359 4967 0
 371 348 435 366 0
 105 4929 5467 4307 0
 5641 4303 941 1010 0
 5719 4675 5677 5725 0
 525 431 476 516 0
 453 540 515 4144 0
 2250 2238 2202 2143 0
 5751 369 416 370 0
 4729 4269 4261 4528 0
 3992 4489 3888 3953 0
 4386 5339 4277 5405 0
 3733 3811 3667 5162 0
 3108 3144 5049 3178 0
 3813 3761 4247 3727 0
 3455 4739 5283 4649 0
 2021 2013 1945 1922 0
 5445 4209 964 4477 0
 2021 1886 1922 1945 0
 1856 1931 1901 1941 0
 2232 2264 2233 2183 0
 3939 4956 3975 3986 0
 3502 3638 3593 5588 0
 2820 4230 2800 2862 0
 4600 5510 4364 5332 0
 2066 2135 2022 2217 0
 5492 5526 3567 4247 0
 4675 3028 3130 3065 0
 3284 3381 3219 3303 0
 4723 5044 3230 3286 0
 4628 4176 4365 4721 0
 4896 4176 4579 4365 0
 4721 4176 4365 4526 0
 3880 3847 5564 3903 0
 3640 3567 4247 5492 0
 5753 3507 3567 4247 0
 5588 3501 3491 3632 0
 5630 3906 3991 5527 0
 3640 3507 4247 3567 0
 3879 3825 5134 4656 0
 3501 3499 5775 3402 0
 5335 5141 4884 4366 0
 3303 3402 4723 3379 0
 3970 5002 3914 3954 0
 3390 5588 3448 3502 0
 5424 5345 1735 5356 0
 3219 4723 3303 3381 0
 4217 1735 4444 4269 0
 3719 3736 5262 3632 0
 2996 2983 3028 4675 0
 2180 2238 2223 2189 0
 3813 3761 3837 4247 0
 2163 2268 2230 2157 0
 5588 3381 3219 3370 0
 4017 4005 3958 5289 0
 4656 3918 3871 3864 0
 1022 2151 4169 4164 0
 1022 2151 4170 4169 0
 2277 2268 2297 2314 0
 3712 3681 3633 5558 0
 3125 5082 3102 3199 0
 5365 5492 4247 5526 0
 3261 3370 3219 3284 0
 5450 4610 4460 4271 0
 1941 2007 2039 2112 0
 4367 5256 5516 5132 0
 3379 5775 4723 5044 0
 3179 4675 3099 3195 0
 5528 3041 2979 2943 0
 4626 4687 2952 2935 0
 3261 3195 4675 3179 0
 3501 5775 4723 3402 0
 4026 3981 4245 4028 0
 3284 3381 3370 3219 0
 3294 3370 3448 5588 0
 5719 3065 3130 3166 0
 3811 5527 3810 3862 0
 3381 3219 4723 5588 0
 5588 3219 4675 3370 0
 5588 3294 3370 4675 0
 4675 3219 3261 3370 0
 4675 3195 3219 3130 0
 2311 2250 2231 2295 0
 2230 2157 2268 2217 0
 5719 3130 3219 3166 0
 2855 5497 2801 2856 0
 3167 3179 3294 4675 0
 3077 2990 3082 2996 0
 5528 2943 4230 3041 0
 4675 3028 3099 3130 0
 4675 3130 3099 3195 0
 5049 3178 3138 3108 0
 4675 3219 3195 3261 0
 3294 3261 4675 3179 0
 3548 3547 3519 3540 0
 4326 418 4370 233 0
 5166 4370 233 4272 0
 5256 4426 4294 5034 0
 5256 5034 4370 4426 0
 5166 4370 4272 4228 0
 5715 2826 2775 2780 0
 3880 3813 5681 5564 0
 2889 2937 5528 2920 0
 3924 5527 3906 3862 0
 5498 4944 4285 4564 0
 4564 4285 4863 4944 0
 2996 4675 3099 3167 0
 4901 5668 4457 4285 0
 4457 5668 4863 4285 0
 2411 2342 5668 4285 0
 4285 5235 5498 2326 0
 4489 3912 3992 3916 0
 4167 672 4587 4397 0
 4397 4642 4476 2262 0
 417 381 454 351 0
 3072 3157 4230 3041 0
 4240 3579 3647 3565 0
 4436 4692 2262 4185 0
 4711 4294 2658 2680 0
 468 5135 4319 4547 0
 5528 2990 2979 3077 0
 3864 3809 4656 3768 0
 3763 3710 3702 4243 0
 3912 4489 3992 3953 0
 5679 3895 4489 3953 0
 4512 4663 5264 4372 0
 4512 5264 4546 4372 0
 4484 4802 5362 4372 0
 4656 3871 3918 3919 0
 3455 4670 4318 914 0
 4015 4129 2802 4373 0
 4725 4373 5327 5638 0
 3620 4247 5702 3698 0
 3912 3953 3992 3984 0
 5527 3906 3991 3924 0
 4288 4775 5212 4548 0
 5144 4697 4742 4288 0
 339 4697 5144 4288 0
 3906 5630 3991 3996 0
 3725 5126 3671 3752 0
 4004 3918 3978 5527 0
 3727 4247 3813 5564 0
 4186 925 4374 4557 0
 3864 3924 3862 5527 0
 4004 3924 3918 5527 0
 3978 5527 4008 4004 0
 3978 5661 3971 4008 0
 3978 3950 3971 5661 0
 4375 4183 4839 5234 0
 3769 3770 4247 3837 0
 4874 5298 4839 4375 0
 4493 5298 4874 4375 0
 3916 3992 3984 3912 0
 5162 3811 3667 3807 0
 4460 4399 4225 4376 0
 4019 3991 4004 5527 0
 4019 4008 5527 4004 0
 4207 4218 4376 4550 0
 3855 3860 3904 5679 0
 4254 4129 667 2563 0
 4028 4245 3983 3981 0
 3880 3837 5681 3813 0
 2563 4254 4243 4358 0
 4198 2597 2694 2518 0
 4442 667 2563 4254 0
 4254 4243 4129 2563 0
 4442 4254 2563 4358 0
 5126 5701 5679 3725 0
 3833 5369 3888 3911 0
 5707 3748 4240 3680 0
 3807 5162 3811 5527 0
 5162 3807 3667 3670 0
 3912 3904 5679 3953 0
 3996 3984 3916 4016 0
 3822 5126 5630 4489 0
 3807 5630 5527 3906 0
 3904 3953 3895 5679 0
 3906 3916 5630 3996 0
 3916 3992 4016 3984 0
 3906 3822 5630 3916 0
 3991 5630 5527 4019 0
 3510 3572 3556 3568 0
 5726 3591 3552 3598 0
 4663 4258 10 2024 0
 4299 4514 4180 925 0
 2951 4230 2890 2924 0
 4026 4036 5002 4030 0
 4299 922 925 4664 0
 3638 5588 3676 3733 0
 1771 1820 1749 5561 0
 3513 3444 3540 3548 0
 3444 3453 3520 3364 0
 3167 3179 3099 3082 0
 5528 3077 2979 3041 0
 2522 2566 5783 2532 0
 884 4143 5538 852 0
 3167 3082 2996 3077 0
 3748 4240 3680 3707 0
 3489 3467 5745 3552 0
 2522 2562 5783 2566 0
 3472 5608 3510 3445 0
 5746 2360 2216 2313 0
 3362 3453 3364 5690 0
 4240 3629 3647 3579 0
 5434 4245 5369 3969 0
 3373 5484 3456 3431 0
 2820 2862 2847 4230 0
 3588 3671 5701 5126 0
 3588 5126 3752 3671 0
 5679 3855 3860 3757 0
 906 4181 925 4186 0
 4354 4380 4181 2430 0
 3748 5448 3757 3821 0
 3846 3912 5679 4489 0
 4489 3821 3888 3895 0
 3725 5126 3846 5679 0
 5679 5126 3846 4489 0
 5679 4489 3912 3953 0
 3953 3895 4489 3888 0
 7 4460 4271 4203 0
 4169 4357 4501 4377 0
 4309 5020 4377 4351 0
 4377 5020 4149 4351 0
 5467 5701 5126 3588 0
 2937 2904 2889 5528 0
 3638 5588 3733 3593 0
 3143 3296 3330 5467 0
 5272 4341 4852 4379 0
 3167 4675 3099 3179 0
 3460 3588 3417 5467 0
 2924 2909 4230 2890 0
 3157 3041 3077 5528 0
 5528 4675 2983 2996 0
 4675 2983 3028 3065 0
 2996 3082 3167 3099 0
 3224 3110 3086 4649 0
 3296 3390 5271 3236 0
 2924 2951 4230 2978 0
 2799 2855 2845 5573 0
 3698 3770 4247 3769 0
 3457 5588 3390 3502 0
 3822 5126 3807 5630 0
 3143 5467 3330 3264 0
 3143 5467 3157 3296 0
 2904 2909 4230 2943 0
 2295 2281 2250 2238 0
 3157 3236 5528 3167 0
 5528 2996 2990 3077 0
 7 4376 4417 4274 0
 2847 2862 2909 4230 0
 7 4696 4417 2425 0
 5528 4675 2996 3167 0
 5573 2855 2845 2921 0
 2824 2788 2845 5524 0
 7 4207 4376 4274 0
 7 4207 4274 4421 0
 4421 4274 7 4696 0
 2951 2914 2895 5257 0
 2245 2268 2297 2277 0
 2896 5573 2960 5442 0
 2914 2895 5257 2856 0
 2847 2890 4230 2909 0
 2859 4230 2862 2800 0
 4613 2844 4367 2859 0
 2859 2889 4230 2887 0
 2914 2855 2856 5497 0
 2800 2859 4230 4367 0
 3157 4230 3041 5528 0
 4675 3167 5528 3236 0
 3143 4230 3072 3157 0
 4230 2967 2909 2978 0
 4230 2909 2967 2943 0
 4230 2951 3143 2978 0
 4230 2951 3156 3143 0
 5528 2920 4613 2887 0
 5591 1471 1417 1469 0
 2494 2623 2580 2529 0
 2122 2217 2157 2230 0
 2163 2245 2183 2112 0
 2180 2238 2189 2066 0
 2988 5497 2976 2921 0
 2272 4186 4287 4187 0
 2796 2819 5257 2843 0
 2843 2890 2895 5257 0
 4223 2941 2869 2891 0
 4325 2016 4155 2024 0
 2639 2602 2609 4973 0
 4155 4150 2024 2016 0
 5434 5369 3958 3969 0
 2122 2230 2157 2070 0
 3712 3797 3762 5558 0
 5529 2732 2731 2743 0
 2617 2636 2674 5053 0
 3729 4244 3689 3722 0
 5257 2847 2843 2890 0
 2572 2626 4943 2594 0
 4508 4384 4473 4197 0
 4262 4384 5621 4473 0
 5524 2788 2845 2746 0
 2914 2988 5257 2951 0
 2796 2843 5257 2820 0
 2651 5575 2646 2607 0
 5261 4541 4836 4700 0
 2399 2444 2383 5741 0
 2560 5575 5694 5400 0
 5773 3420 3459 3454 0
 3707 3629 3647 4240 0
 4384 4201 4488 4385 0
 5520 2473 2523 2530 0
 4384 4201 4392 4508 0
 4220 4544 4201 4385 0
 2498 4201 4392 4220 0
 4201 4544 4488 4385 0
 2090 2138 2054 2102 0
 2901 2869 5442 4223 0
 2090 2054 1994 2012 0
 4323 4360 4664 4181 0
 4390 4360 4323 4086 0
 2708 5524 2799 2746 0
 2801 2742 5573 2799 0
 5349 4300 468 4319 0
 2128 2183 2232 2233 0
 5076 468 4300 4523 0
 5085 4300 4319 4522 0
 4726 5085 4522 4300 0
 2572 2509 2541 5520 0
 2600 5575 2607 2646 0
 2901 2941 2869 4223 0
 4517 4204 4324 4554 0
 2885 5573 2960 2896 0
 2885 2896 5524 5573 0
 4388 4459 4132 4925 0
 4459 4388 4132 5184 0
 4274 4207 4376 4550 0
 4010 4207 4376 7 0
 4253 4421 4207 7 0
 4274 4207 4550 4421 0
 4253 4207 4010 7 0
 4279 4605 4375 5246 0
 4493 4375 4874 4202 0
 2217 2143 2238 2250 0
 2507 2493 2509 2399 0
 2399 2383 2444 2391 0
 2572 2541 2594 5520 0
 1945 2013 1966 1922 0
 1957 1852 1872 2045 0
 2837 5500 2775 2765 0
 4518 5677 4458 5725 0
 2572 2603 4943 2626 0
 2145 2227 2194 2195 0
 2594 2644 2626 4943 0
 4318 4228 4370 5166 0
 4318 4389 4228 4265 0
 4389 4318 4228 4370 0
 5369 3911 5434 3958 0
 2382 2482 5741 2423 0
 4201 4544 4329 4488 0
 4488 4758 4329 4198 0
 2863 2767 2807 5597 0
 5715 2837 4223 5500 0
 2183 2264 2245 2236 0
 2291 2295 2311 2231 0
 4546 4349 4136 5184 0
 5184 4349 4136 171 0
 2691 2644 4977 2626 0
 2674 2686 5597 2714 0
 4971 2696 2687 2736 0
 3014 3100 5634 3019 0
 2639 2609 2672 4229 0
 2775 5500 2744 2711 0
 2837 2891 4223 5500 0
 2783 5257 2820 2796 0
 2622 2632 4294 2692 0
 4197 4384 5390 4508 0
 4384 4385 4392 4201 0
 4411 4220 2498 4392 0
 5584 4613 2981 2953 0
 2642 2599 2729 5256 0
 4201 4385 4392 4220 0
 5390 4384 4515 4392 0
 2054 2090 1994 2040 0
 4743 4219 4442 4461 0
 1780 1931 5763 1881 0
 2230 2295 2291 2231 0
 2183 2245 2264 2233 0
 2250 2202 2238 2281 0
 4220 667 4344 4604 0
 2789 5767 4229 2851 0
 2901 2966 4223 5442 0
 2687 4971 5404 2696 0
 4276 4498 4486 4814 0
 4276 4486 4498 4262 0
 4276 4498 4329 4262 0
 4498 4814 4276 4569 0
 5049 3234 3260 3190 0
 3521 3461 3415 3463 0
 2233 2307 2264 2266 0
 2230 2291 2295 2314 0
 3138 3178 5049 3212 0
 171 4136 5184 4407 0
 4407 4136 5184 5029 0
 5056 5251 4397 5043 0
 5543 1501 1541 1567 0
 1878 2051 1872 1939 0
 2054 2040 2094 2138 0
 2295 2217 2238 2250 0
 2686 4229 2739 2672 0
 2045 2022 1944 1948 0
 2066 2189 2184 2238 0
 2245 2277 2297 2307 0
 4317 4383 3760 4441 0
 4645 4317 5245 4441 0
 4645 4383 4317 4441 0
 5380 4959 4535 4627 0
 5038 5601 5295 4321 0
 2311 2250 2295 2281 0
 2230 2231 2217 2295 0
 2236 2268 2245 2163 0
 5498 4338 4944 4452 0
 4391 5166 4228 4710 0
 4391 4373 4710 4228 0
 4373 4391 4635 4730 0
 2230 2217 2268 2295 0
 2792 2739 2767 5597 0
 2233 2245 2112 2183 0
 2953 4613 2981 2983 0
 4173 952 2293 4662 0
 2163 2268 2277 2230 0
 4662 952 2293 4169 0
 4227 4129 667 4254 0
 4645 1316 5245 4317 0
 2128 2232 2214 2233 0
 4687 2989 3027 3120 0
 5577 3295 3412 3307 0
 2773 4229 2857 2789 0
 4401 4279 4205 4543 0
 4669 4279 4205 4401 0
 2197 2232 2128 2183 0
 2290 4187 4403 4182 0
 4494 5234 4183 4403 0
 4539 2290 4403 4182 0
 4494 4403 4183 4539 0
 2290 4187 4332 4403 0
 4592 4683 4191 4404 0
 768 528 767 533 0
 4491 4466 5515 4405 0
 4626 4687 2935 2964 0
 5166 233 4405 4272 0
 2066 2022 2135 1999 0
 2094 2138 2040 2189 0
 2060 2050 2152 2157 0
 1941 2050 2007 2112 0
 4405 5166 4272 4391 0
 4497 4220 4219 2499 0
 2232 2264 2266 2233 0
 5543 1535 1504 1569 0
 1546 1616 1633 4174 0
 644 610 725 654 0
 2989 2952 4687 2935 0
 4345 3115 3343 3346 0
 3507 3624 4247 3620 0
 539 528 767 768 0
 5510 5194 3310 4600 0
 4289 4345 5414 4364 0
 4345 3437 3404 4630 0
 4345 5414 4214 3115 0
 4315 4332 2290 4540 0
 2236 2268 2163 2157 0
 2236 2268 2297 2245 0
 4832 4206 4389 4973 0
 1944 2045 1959 2011 0
 2070 2230 2157 2163 0
 5246 4206 4973 4389 0
 2060 1959 2157 2070 0
 1881 1941 1931 1856 0
 4795 2446 2364 4556 0
 4613 2897 2851 2887 0
 2739 2698 4229 2773 0
 4687 3061 2989 3120 0
 2851 2897 4613 5584 0
 3036 4891 3253 3168 0
 2686 2739 5597 2714 0
 2964 4687 2935 2989 0
 5049 3234 3190 3162 0
 5702 3620 3507 4247 0
 2964 2900 2935 4626 0
 2831 4233 2757 5455 0
 3727 5492 3640 4247 0
 4585 3036 4891 4687 0
 5487 4136 4414 4852 0
 4852 4136 4796 4379 0
 4086 4360 4323 4181 0
 3036 3175 3253 4891 0
 3571 5658 3724 4246 0
 2676 4229 2639 2698 0
 3168 4585 3199 3102 0
 4585 4891 3168 3199 0
 4585 3069 3102 3168 0
 4687 3175 3027 3036 0
 3452 3412 3498 5049 0
 2968 2952 4687 2993 0
 3620 3691 3624 4247 0
 4626 2952 2861 2935 0
 5049 3190 3210 3144 0
 4495 471 5280 4448 0
 4538 5280 4495 471 0
 5597 2829 2807 2863 0
 3178 3210 3144 5049 0
 2666 2625 5053 2590 0
 2930 2874 4731 5209 0
 3627 3518 3569 5268 0
 2789 4229 2698 2773 0
 4832 5053 2617 2674 0
 2590 2636 2571 5053 0
 4758 4493 4202 4329 0
 5049 3324 3451 3363 0
 3452 5049 3571 3529 0
 5049 3212 3241 3295 0
 3061 3144 3120 5049 0
 3488 3418 5049 3363 0
 3780 4246 3571 3724 0
 2948 4725 3080 3008 0
 3452 3418 3354 5049 0
 3241 3305 3210 5049 0
 3853 3877 5558 5515 0
 4687 2989 3061 2993 0
 5316 4362 4292 4289 0
 3770 3761 3691 4247 0
 2563 5266 4344 4237 0
 2831 2905 4233 2864 0
 2987 4233 3109 2970 0
 2831 2873 4233 2905 0
 3136 2958 3181 5283 0
 5444 5124 5666 5341 0
 4274 4376 4417 4199 0
 4199 4417 2425 4514 0
 4696 4199 4417 2425 0
 2282 2271 2173 4648 0
 1728 1717 1859 4174 0
 4648 2271 2173 2190 0
 4376 993 4417 4199 0
 4199 4417 4594 993 0
 4539 4403 4498 4182 0
 2535 5037 2593 4973 0
 4366 4513 5355 4835 0
 2478 2535 5037 2593 0
 2409 5079 2426 2478 0
 5053 2590 2636 2666 0
 4388 4132 5184 4346 0
 2660 2569 2608 4958 0
 4346 4132 5184 5010 0
 4273 4421 4253 4647 0
 2714 2739 5597 2767 0
 5597 2767 2807 2714 0
 2680 2632 2692 4294 0
 3891 5681 3769 5493 0
 2672 2638 4832 2609 0
 4455 3025 2928 2994 0
 925 4186 4181 4354 0
 4731 2825 5368 2874 0
 925 4594 4557 4354 0
 925 4186 4354 4557 0
 4095 4085 4060 5648 0
 2071 2111 4648 2078 0
 2617 2636 5053 2571 0
 4064 4045 4024 5623 0
 2215 2275 5079 4368 0
 4968 4241 4431 5569 0
 5569 4241 4431 5635 0
 2609 2535 2593 4973 0
 2789 4229 2857 2851 0
 2419 2382 5741 2366 0
 3689 4335 3658 3659 0
 4439 4923 5078 4179 0
 4923 4841 5078 4527 0
 4211 2677 2605 2659 0
 4326 418 4426 4370 0
 4426 4318 4370 418 0
 4426 4318 4389 4370 0
 5095 5132 4426 5256 0
 4361 4506 3281 5060 0
 2781 4711 2716 2769 0
 1481 1411 1435 5347 0
 4361 4232 5060 3348 0
 2542 2536 4197 2483 0
 2465 2401 4569 2459 0
 2676 4229 5516 5256 0
 1972 4320 5115 4476 0
 3395 4361 4552 4572 0
 4572 4361 4531 4463 0
 2676 4229 2599 2639 0
 4463 4506 4361 5060 0
 2037 4183 2186 1907 0
 2616 5404 2711 2675 0
 5124 2288 4415 2149 0
 5079 4368 2275 2288 0
 4188 5079 5124 4368 0
 4188 4368 5124 2149 0
 2999 4216 3023 3124 0
 4206 5666 5079 2478 0
 2590 5053 4206 4958 0
 2676 2698 2789 4229 0
 5500 2696 2736 2732 0
 5256 2700 2729 2642 0
 2676 5767 4229 2789 0
 2485 5037 2549 2552 0
 2563 3789 3820 4243 0
 4488 2713 2725 2597 0
 4206 5037 2593 2478 0
 4488 2761 2725 2713 0
 3297 3301 4649 3228 0
 3746 3731 5266 3741 0
 2599 5034 5256 4294 0
 4450 4265 4318 914 0
 4853 4221 914 4450 0
 2617 2638 2593 4832 0
 4165 471 1022 4538 0
 4165 4536 2151 1022 0
 2792 2773 2739 4229 0
 4165 4536 1022 471 0
 3666 3702 4577 3654 0
 3780 3863 3832 4246 0
 2121 4193 2119 2208 0
 3634 5049 3529 3571 0
 3634 4246 3571 3780 0
 4244 3729 3876 3781 0
 3888 5289 3958 5369 0
 2430 4429 4187 4182 0
 3933 3876 4919 3897 0
 3669 3656 4558 3705 0
 2430 4401 4187 4429 0
 4429 4543 4401 4187 0
 4429 4332 4543 4187 0
 3888 3911 5369 3958 0
 4011 3985 3960 4919 0
 3981 3969 3965 4245 0
 4656 3919 3918 3950 0
 5661 3950 3918 3978 0
 4656 3871 3919 3879 0
 5134 5572 5365 5564 0
 3852 5369 3833 3911 0
 3831 4244 3755 5274 0
 4029 4011 5002 4013 0
 4240 5707 3680 3584 0
 4008 4012 5661 3951 0
 4264 3957 3956 3945 0
 5289 5661 5523 5527 0
 5661 4656 5527 3918 0
 4875 3965 3969 4245 0
 3762 3708 5558 3808 0
 3634 5049 5534 5171 0
 3999 4025 4245 4027 0
 3999 4245 4025 4466 0
 4919 3960 3933 3985 0
 3988 5214 3993 4026 0
 4216 4430 4876 4392 0
 5167 4649 4430 4555 0
 3399 3340 4618 4430 0
 5413 4295 4430 3399 0
 3990 5289 3969 3958 0
 4216 4430 4392 5167 0
 4167 4369 4432 4397 0
 3914 3897 5002 3861 0
 3727 3691 4247 3640 0
 4011 4919 3960 3987 0
 4013 5002 3954 3985 0
 3954 3985 4919 3933 0
 3762 3797 3826 5558 0
 4029 4013 5002 4032 0
 3727 5492 4247 5564 0
 4036 4245 4025 4027 0
 5002 4026 4030 5214 0
 5187 3616 3560 3584 0
 3894 3943 4246 3892 0
 3999 4245 4466 3973 0
 4919 3985 5002 4011 0
 3983 4245 4027 3999 0
 4012 5527 5289 5630 0
 4218 4386 4445 4261 0
 4036 4027 4028 4245 0
 4218 4729 4386 4261 0
 3983 3941 3969 5434 0
 3983 5434 3973 3941 0
 3999 4245 3973 3983 0
 3990 3958 4005 5289 0
 4028 4027 3983 4245 0
 3981 4245 3983 3969 0
 4012 5630 4019 5527 0
 4004 3991 3924 5527 0
 4012 4008 5527 4019 0
 4381 3388 2425 2415 0
 3954 5002 4919 3985 0
 3237 3207 4215 3184 0
 4433 254 242 315 0
 4026 5002 4036 4245 0
 193 157 4433 238 0
 3880 5564 3847 3813 0
 4381 4472 2415 4179 0
 4381 2415 2425 4179 0
 3988 3981 4245 4026 0
 5202 4371 5778 5323 0
 4743 4445 4632 4810 0
 4246 3943 3986 3929 0
 4371 5323 5168 5701 0
 3970 3954 4013 5002 0
 5252 3944 3970 3914 0
 5252 5002 3914 3970 0
 5605 4002 4956 3986 0
 3780 3771 4246 3832 0
 5682 3769 3698 4247 0
 3850 3830 5130 3816 0
 3727 3761 4247 3691 0
 5166 4228 4272 4391 0
 5629 3753 3685 3737 0
 3813 3837 5681 4247 0
 2928 4731 4455 2994 0
 3975 4956 4002 3986 0
 3887 3863 4246 3929 0
 5753 5526 4247 3567 0
 3880 3891 5681 3837 0
 3813 5681 5564 4247 0
 4477 4435 4480 4209 0
 3995 4212 4249 4435 0
 4477 4435 4209 964 0
 3363 5049 3324 3260 0
 1318 964 4435 4557 0
 3462 4435 4557 1318 0
 4168 4357 4397 4436 0
 4587 4397 4436 4168 0
 4587 4168 4436 4749 0
 4168 4436 4749 4808 0
 4247 3770 3698 3691 0
 3231 3171 4617 5577 0
 4246 3887 3817 3863 0
 3986 3929 3939 4246 0
 3887 4246 3939 3929 0
 4246 4956 3907 3939 0
 3863 4246 3929 3892 0
 4246 3892 3943 3929 0
 3620 3691 4247 3698 0
 3780 3817 4246 3724 0
 3780 3817 3863 4246 0
 5049 3061 3108 3070 0
 5577 3035 4687 3070 0
 5049 4687 3070 5577 0
 5273 171 4136 4349 0
 4512 4136 4349 5273 0
 3634 3571 5534 5049 0
 5049 3295 5577 3212 0
 5049 3070 3108 3138 0
 5577 3070 3138 3035 0
 3212 3171 5577 3138 0
 5583 2994 5128 3035 0
 4246 3863 3832 3892 0
 5049 3212 3178 3241 0
 3881 3834 5130 3772 0
 4246 3870 3939 3907 0
 5658 3717 3767 5637 0
 3795 3744 3711 5268 0
 4064 4077 5623 4050 0
 4794 4862 5401 4440 0
 3624 3691 3640 4247 0
 4440 5120 5045 4914 0
 3880 5572 3903 5564 0
 5682 5702 4247 3698 0
 3837 3769 5681 4247 0
 3305 3354 3418 5049 0
 3305 5049 3260 3210 0
 5049 3324 5565 3451 0
 3260 3210 5049 3190 0
 952 4469 4394 4186 0
 3305 5049 3418 3363 0
 4287 1048 4394 2455 0
 952 4186 4394 4287 0
 5565 3175 3234 3162 0
 4186 4394 770 4469 0
 1048 4394 2455 770 0
 5702 5622 4247 3507 0
 5049 3363 3451 3488 0
 3305 3354 5049 3241 0
 5049 3241 3178 3210 0
 5049 3234 3324 3260 0
 3305 3260 5049 3363 0
 5502 3600 3451 3486 0
 3085 2962 3022 4500 0
 3920 4003 4965 3898 0
 2677 5455 2721 2747 0
 3451 5171 5565 5049 0
 4584 5340 4624 4284 0
 5049 3545 3488 3451 0
 3324 5565 3234 5049 0
 3452 3412 5049 3354 0
 3295 3354 5049 3412 0
 5049 3412 5577 3295 0
 3571 3498 5534 5049 0
 3452 5049 3498 3571 0
 4380 4204 1048 2430 0
 4380 1048 4187 2430 0
 3767 3817 3724 4246 0
 4354 4380 2430 4204 0
 5682 5263 5493 5681 0
 4639 4258 5350 4936 0
 3767 5658 4246 3724 0
 4886 4895 5294 5465 0
 4436 5301 4749 4469 0
 5469 4519 4951 5382 0
 4556 4404 4288 5036 0
 4556 4699 4288 4404 0
 5174 5446 4211 5431 0
 5384 4460 4224 4905 0
 3570 3717 5658 5637 0
 3824 4246 5637 4956 0
 3729 3781 4244 3722 0
 3630 4572 3644 3563 0
 4171 1839 1743 1794 0
 3493 4572 3563 3644 0
 5455 2808 2721 2747 0
 5075 2721 2699 2598 0
 3636 3688 3654 4509 0
 3109 3202 4788 3319 0
 2043 4573 4407 171 0
 3357 3434 3323 4617 0
 2917 2842 4725 2923 0
 3635 3690 3664 5415 0
 3319 3226 4506 5496 0
 4632 4362 4445 4219 0
 3657 3724 5658 3767 0
 3569 5478 3637 5268 0
 5577 3138 5049 3212 0
 4289 4632 4362 4445 0
 3817 3887 4246 3870 0
 3795 5268 4956 3744 0
 5623 5747 5353 5196 0
 5268 3518 3477 3613 0
 3535 3559 3642 4577 0
 3767 3870 3817 4246 0
 5393 4050 4068 4046 0
 4408 4450 5379 5153 0
 5566 5455 4779 2721 0
 5638 3406 3304 3357 0
 5153 4408 4202 4821 0
 4202 5246 4821 4408 0
 5379 4450 4464 5153 0
 4202 4265 4408 4450 0
 4265 4408 5246 4202 0
 2987 3226 3109 5496 0
 2970 3109 3080 4233 0
 3080 3202 4788 3109 0
 4725 4788 5638 5327 0
 2873 2842 2757 4233 0
 4423 418 4405 4491 0
 2873 4233 2917 2842 0
 2078 4648 2173 2111 0
 2970 4233 3080 2948 0
 2948 3008 2917 4725 0
 3192 3231 4617 3282 0
 4773 5341 4861 4958 0
 2795 2864 2831 5455 0
 5209 2968 2919 4626 0
 4731 2930 5209 2994 0
 3320 4788 3319 4506 0
 2831 2757 4233 2873 0
 4617 3434 3477 3357 0
 2905 2873 4233 2948 0
 2905 2948 4233 2970 0
 4181 4354 4186 4380 0
 2430 4380 4182 4187 0
 2970 4233 2883 2987 0
 4181 4380 4182 2430 0
 5455 4233 2864 2831 0
 4635 3516 3406 3518 0
 2864 2883 2970 4233 0
 2864 2905 4233 2970 0
 2883 4233 2864 5455 0
 5446 2361 2418 2316 0
 5647 2414 2341 2421 0
 1951 5473 1876 1920 0
 5137 5293 5241 4525 0
 5339 5378 4277 5405 0
 4536 4413 4149 5216 0
 4387 4398 4687 5583 0
 4775 4548 4637 5212 0
 4387 4891 4687 4398 0
 2579 4697 2598 2511 0
 2832 2947 4530 3084 0
 4485 5197 3586 4413 0
 4319 4522 4529 4579 0
 3586 4481 4149 4413 0
 1493 1563 5359 1488 0
 2392 2504 2442 4562 0
 2392 2413 4562 2442 0
 4450 4670 4318 4426 0
 5586 4426 5275 4450 0
 3496 3609 4509 3635 0
 4683 4786 4592 4191 0
 2392 2504 5647 2421 0
 5647 2392 2330 4562 0
 2519 2479 2413 5341 0
 2271 5647 2330 4562 0
 2330 2392 2413 4562 0
 3348 3416 3281 4509 0
 4577 3666 3642 3710 0
 5647 2392 2421 2345 0
 2246 2330 2413 4562 0
 5647 2504 2392 4562 0
 1891 4454 1937 1963 0
 4842 1963 1937 4454 0
 4390 4454 4526 4360 0
 1891 1879 4588 4454 0
 4579 4454 4522 4360 0
 4842 4522 4579 4454 0
 3320 4788 3289 3202 0
 3192 4617 3242 3282 0
 2437 2449 2537 5621 0
 4243 3710 3702 4577 0
 4795 4556 5014 2446 0
 3115 3343 3118 4345 0
 2058 2141 4592 2121 0
 4683 1866 1848 1790 0
 2071 2078 4648 4192 0
 4725 3008 3153 3080 0
 1920 5473 1876 1833 0
 4387 5365 4398 4467 0
 4585 4398 4891 5117 0
 5127 4585 5117 4398 0
 3094 3220 5595 4231 0
 2467 2446 4697 2511 0
 2673 2559 4964 2707 0
 2524 2511 2467 4697 0
 2058 1921 2047 4193 0
 1863 5546 1699 1796 0
 2926 2860 4917 2985 0
 4592 2308 2198 2219 0
 4592 2219 2141 2077 0
 4592 2219 2198 2141 0
 4205 4554 4324 4420 0
 4205 4324 2503 5068 0
 4861 4334 4545 4420 0
 4669 4420 4861 4545 0
 4554 4205 4669 4420 0
 4861 4205 4334 4420 0
 2928 2994 2930 4731 0
 4167 4369 4397 1530 0
 2999 2925 4216 3043 0
 2579 2511 2524 4697 0
 4697 2598 5075 2579 0
 4702 4683 4191 4948 0
 4543 4861 4279 4205 0
 4669 4279 4545 4861 0
 4435 4583 4209 964 0
 1318 4210 4524 4583 0
 4010 4399 4460 4376 0
 4489 5567 3833 5448 0
 5501 4637 5212 4570 0
 4603 3973 4466 4245 0
 4743 4219 4461 993 0
 993 4461 4204 4200 0
 2975 4231 3006 2898 0
 993 4219 4461 4200 0
 4917 2712 5462 2693 0
 4169 952 2293 2272 0
 4982 2497 4406 4511 0
 4421 2497 4406 4982 0
 4319 4511 4406 5135 0
 4319 5135 4406 4547 0
 2456 2565 4994 2526 0
 3169 3257 5139 3250 0
 4994 2565 5190 5464 0
 5191 3232 5692 3220 0
 3250 5208 3407 3257 0
 4592 1995 2015 2077 0
 3087 4231 3006 3164 0
 5431 2502 2418 2434 0
 1877 1862 4190 1819 0
 4683 1943 1866 1909 0
 3087 2926 4231 2985 0
 2898 2926 4231 3006 0
 4917 2860 2853 2985 0
 1877 4190 1862 1916 0
 2563 4243 4129 5266 0
 5266 4344 4558 4015 0
 4155 2153 4150 2151 0
 2153 4165 4150 2151 0
 4155 2153 2151 4170 0
 4663 10 4465 4263 0
 3037 3009 2929 5468 0
 5431 2558 5566 4697 0
 5358 10 4465 4512 0
 4593 4829 4465 5435 0
 4663 4263 4465 4533 0
 4349 5435 4465 5417 0
 5118 1805 1842 1841 0
 4500 3142 3085 3001 0
 3097 4952 3206 4217 0
 2586 2624 2526 5670 0
 5670 5464 2565 4994 0
 5179 4208 5670 5512 0
 2624 2649 5462 5670 0
 2464 2387 2412 4994 0
 2554 2586 2526 5670 0
 2498 4411 4362 4219 0
 4392 4220 4430 4411 0
 5125 4967 4560 4362 0
 2498 4220 4411 4219 0
 3226 5060 4506 5496 0
 2480 2488 2554 5670 0
 2526 2480 4994 2464 0
 4530 5455 4779 2503 0
 3084 2947 4530 3226 0
 4741 4547 4364 4218 0
 4741 4218 4550 4547 0
 1453 1492 4167 1506 0
 4418 2557 4524 1318 0
 4418 4524 4435 1318 0
 5670 2565 2526 4994 0
 3635 3690 4572 3721 0
 2880 5454 2707 2673 0
 3641 5593 3577 5312 0
 5446 2418 2361 2434 0
 5185 4582 5279 4756 0
 5185 4756 5279 4770 0
 4388 5325 5315 4888 0
 4665 4388 4888 5325 0
 3245 3256 5232 3129 0
 3474 3437 4630 3404 0
 4497 2500 4401 4542 0
 4497 4544 2500 4542 0
 3207 3239 4216 3150 0
 2500 4279 4401 4542 0
 990 989 4200 4199 0
 990 4200 989 2498 0
 2880 2809 5454 2673 0
 5569 3662 3704 3723 0
 5643 5279 4407 5440 0
 4336 2024 4441 4258 0
 2803 4917 2693 2712 0
 4211 2558 2434 2543 0
 2975 5692 3009 3164 0
 3482 3435 5593 3361 0
 5131 2367 2397 4637 0
 5131 4637 4570 4775 0
 3692 3625 3652 4241 0
 5569 3630 3704 3662 0
 2907 5468 2929 2975 0
 1207 5056 1324 1255 0
 3183 5692 3232 3164 0
 4280 4432 4438 4595 0
 3022 2962 2927 4500 0
 3874 4956 3859 3744 0
 5089 5011 3215 4969 0
 4471 2451 4330 4266 0
 4471 5445 4330 2451 0
 4231 5595 2985 5375 0
 4471 5445 5228 4646 0
 4471 5228 5215 4646 0
 2888 2929 2907 4746 0
 5468 3009 2929 2975 0
 5454 4917 5462 2693 0
 2975 3006 4231 3164 0
 3786 3663 3766 4234 0
 2809 4917 2693 2803 0
 4226 4418 3462 1318 0
 4596 2557 4418 1318 0
 4226 4225 3462 4418 0
 4531 5240 4418 4552 0
 4596 4232 4418 2557 0
 4531 4552 4418 4232 0
 2827 2926 2860 4917 0
 3692 3723 3662 4241 0
 5011 3215 4969 3270 0
 4864 4746 2849 2817 0
 2849 2929 2888 4746 0
 5664 3756 3936 3818 0
 4431 4419 4937 4968 0
 5339 4277 5580 5039 0
 3692 3625 4241 3662 0
 4419 5039 5339 5580 0
 5338 4881 4625 5499 0
 3692 5360 3652 3756 0
 3765 4242 5130 3816 0
 4262 4201 4473 4342 0
 3936 5393 5664 3972 0
 4541 5233 4589 4473 0
 4262 5233 4473 5659 0
 4443 4667 4541 4473 0
 4422 4441 3760 4383 0
 4305 4170 5222 4422 0
 3890 3968 5393 3936 0
 4298 4305 4383 4422 0
 4422 4298 5201 4383 0
 3839 4709 3823 3848 0
 4326 418 233 4423 0
 233 418 4405 4423 0
 4326 233 105 4423 0
 4079 5623 4064 4094 0
 3917 3884 3974 5664 0
 3936 4033 5393 3972 0
 4652 5664 5393 4047 0
 2563 5629 4359 3512 0
 4873 4506 5496 4788 0
 3637 5478 3569 3623 0
 5733 4083 4072 4063 0
 4225 4399 5267 4419 0
 4726 4300 4522 5236 0
 4726 4300 5236 5076 0
 3609 3664 3636 4509 0
 3972 4047 4033 5393 0
 3972 3994 4047 5664 0
 3368 3250 5208 3407 0
 5373 4462 5046 4475 0
 3856 3882 3857 5265 0
 4068 4061 5393 4046 0
 5664 3917 3884 3840 0
 4475 1388 5141 4462 0
 4652 4047 4040 5664 0
 1500 1460 1577 4475 0
 3901 3917 5664 3840 0
 3395 3348 4552 4361 0
 3742 4235 3695 3788 0
 2934 3018 2958 4221 0
 3968 4007 5393 4046 0
 3968 5393 4033 4046 0
 5393 4047 4033 4061 0
 3979 5648 4020 4051 0
 4087 5733 4068 4061 0
 5623 5247 4050 4077 0
 3664 3690 3734 5415 0
 4100 4248 4089 4070 0
 5733 4091 4083 4107 0
 5664 3994 4047 4040 0
 5664 3994 3901 3972 0
 4094 4064 4077 5623 0
 4579 4360 4522 4529 0
 4104 4094 5623 4079 0
 4435 4249 4480 4209 0
 4203 4435 4480 4477 0
 4203 4435 4477 964 0
 4077 4068 4096 5247 0
 4965 3881 3898 3967 0
 4099 4062 4090 5742 0
 4108 5623 4117 4106 0
 4108 4096 5623 4106 0
 5695 2668 5386 2539 0
 5747 4126 4119 4121 0
 3553 3471 4416 4560 0
 3814 3955 5514 5137 0
 3942 5720 4248 5633 0
 5742 5623 4079 4104 0
 4117 4104 4106 5623 0
 5648 4085 4110 4095 0
 4107 4097 4083 5733 0
 5742 4079 4090 4104 0
 4501 4164 4377 1059 0
 5216 846 4149 4377 0
 3246 4217 3265 3331 0
 4377 4536 4149 5216 0
 925 4354 922 4594 0
 4095 4113 5353 4099 0
 2417 4200 4354 2430 0
 922 4354 2417 4200 0
 4509 3688 5415 3664 0
 4356 5635 4575 5569 0
 3765 3704 5569 3721 0
 4356 5635 4431 5391 0
 4356 4575 4572 5569 0
 4528 3469 3478 3597 0
 2132 5001 5458 4646 0
 4255 4451 4381 4257 0
 4257 4381 4255 4452 0
 4257 2425 4451 4381 0
 5269 1192 1255 1207 0
 3331 3265 3350 4217 0
 4444 1735 5356 4269 0
 5464 5670 5179 4994 0
 4444 4729 4269 4010 0
 4444 4672 4253 4010 0
 4444 4729 4010 4253 0
 4444 4672 5345 4724 0
 952 4287 2293 2272 0
 3215 3287 4969 3333 0
 3617 3477 3613 5268 0
 3690 4242 3734 5415 0
 5733 5247 4107 4097 0
 1905 5118 1842 1841 0
 1147 1145 5269 1192 0
 4256 2262 4478 4184 0
 3256 5232 3345 3328 0
 4167 1453 4911 1390 0
 5330 5021 2718 4885 0
 4208 2561 2554 2619 0
 4208 2501 2554 2561 0
 4208 2501 5670 2554 0
 5308 5670 2488 4994 0
 2501 2488 5670 2554 0
 4208 2501 2561 2453 0
 5308 2453 2443 2501 0
 4208 2619 2640 2561 0
 4208 5330 2640 2619 0
 4208 5343 2640 5555 0
 4208 5343 2561 2640 0
 4539 4183 4494 4166 0
 4053 4248 4081 4067 0
 3270 4969 5011 5232 0
 3245 3328 5232 3256 0
 3024 3129 3174 4224 0
 3024 3112 4224 3174 0
 3389 5191 3280 3316 0
 2984 4224 3024 3112 0
 2984 3112 3030 4224 0
 4594 4200 4204 4354 0
 4271 4625 4881 4610 0
 5330 5670 5462 2649 0
 4627 1175 1201 1259 0
 4354 4200 4204 2430 0
 993 4200 4204 4594 0
 1769 1759 1779 5118 0
 1805 5118 1842 1779 0
 1644 1708 1677 4808 0
 3037 5468 2929 2949 0
 4858 4621 4191 4173 0
 4500 2962 2927 2880 0
 4500 3085 3142 3257 0
 1798 1842 1862 4190 0
 5464 4209 5179 5670 0
 5071 5377 4937 5688 0
 3678 5686 3641 3782 0
 4512 4349 4465 5358 0
 2434 5431 2502 2558 0
 3759 5686 3840 3818 0
 3679 3669 3628 4558 0
 3859 3701 3744 4956 0
 4089 4074 4070 5662 0
 3635 3721 4572 3644 0
 3868 3795 4956 3874 0
 4697 2502 2598 2511 0
 1399 1368 4578 1444 0
 4334 5455 4233 5068 0
 4160 1585 5383 1543 0
 5389 4235 3694 3742 0
 3017 2945 4213 2980 0
 5620 3793 3790 3875 0
 3765 4242 3816 3778 0
 2014 1946 1858 5696 0
 4249 5454 5375 4917 0
 2827 4917 2839 2898 0
 2827 4917 2898 2926 0
 2827 2860 2803 4917 0
 2860 2853 2803 4917 0
 3942 4248 4021 5633 0
 5312 3650 5628 3577 0
 3662 3723 5569 4241 0
 5602 4241 5569 3723 0
 5302 3858 3841 3925 0
 5664 3901 3818 3936 0
 5686 3759 3840 3782 0
 3641 5686 4961 5312 0
 3678 3605 4961 3668 0
 3605 5593 4961 3503 0
 5354 3494 5758 3503 0
 3503 3413 5354 3494 0
 4225 4419 5267 4431 0
 4356 5635 5391 4575 0
 3557 3494 3607 5758 0
 5758 3494 5354 5635 0
 3652 5758 3557 3607 0
 3678 3668 4961 5686 0
 5686 5664 3818 3756 0
 3818 3840 3901 5664 0
 5686 3841 3782 3884 0
 5302 3925 3841 3884 0
 5302 5664 3884 5686 0
 5664 3972 3901 3936 0
 3952 4018 3925 5302 0
 3787 3936 5360 3756 0
 5360 5664 3756 3936 0
 5664 3974 3925 3884 0
 5686 3840 3818 5664 0
 3994 3917 3974 5664 0
 5360 5664 5686 3756 0
 3756 3818 5686 3716 0
 3652 3756 5360 5686 0
 3692 3723 5360 3787 0
 3652 3557 5758 3625 0
 5758 3557 3494 5635 0
 3625 3551 4575 3630 0
 3692 3756 3787 5360 0
 3692 3723 4241 5360 0
 4431 5267 4225 5391 0
 3192 4725 3093 3153 0
 4575 5354 5635 5391 0
 2808 5455 2721 2883 0
 4064 4045 5623 4079 0
 5393 5664 5410 5360 0
 5664 5686 3840 3884 0
 3482 3392 3361 5593 0
 3482 3392 5593 3503 0
 3482 3503 5593 3605 0
 4349 4597 5435 5417 0
 3675 3619 5729 3651 0
 4089 5662 4248 4105 0
 3394 3437 4345 4311 0
 2980 2945 4213 2910 0
 3139 4600 3117 3193 0
 3311 5194 3309 3380 0
 4670 1225 4318 418 0
 3884 3925 5664 5302 0
 4961 3678 5686 3641 0
 4232 3001 3140 3142 0
 4232 2879 2971 2942 0
 4232 2922 2971 2879 0
 5012 5612 2922 2879 0
 4232 2971 2922 3084 0
 7 5443 4259 2425 0
 4451 5443 2425 4259 0
 4257 4629 4259 2425 0
 4257 2425 4259 4451 0
 4530 2922 4779 2846 0
 4629 7 4259 2425 0
 5060 3084 3226 3281 0
 4873 4506 4788 4577 0
 3424 3319 3336 4506 0
 4232 2942 2971 3140 0
 4232 2942 3140 3001 0
 4232 5060 3348 3140 0
 4232 3084 5060 3140 0
 5446 2414 2434 2361 0
 2588 2414 4211 5581 0
 5455 2751 2831 2795 0
 4211 2605 2558 2543 0
 4211 2543 2589 2605 0
 4211 2605 2589 2659 0
 5137 5241 5419 5151 0
 4577 3710 3702 3666 0
 5419 5137 5151 5514 0
 618 4893 4496 4681 0
 750 832 557 4496 0
 4873 5060 5496 4506 0
 3755 4244 3781 3722 0
 3824 4246 3870 3767 0
 3775 3730 5274 3755 0
 3357 4635 3406 3477 0
 4617 3323 5367 3434 0
 3627 3613 5268 3701 0
 4541 4473 4589 5149 0
 5446 4282 5174 4211 0
 4556 2199 2316 2335 0
 1843 4192 1865 4174 0
 1969 4192 2078 1970 0
 2019 2199 4930 4404 0
 5446 2434 2414 4211 0
 2276 5446 2282 4648 0
 4317 4441 4866 4258 0
 5245 4441 4317 4258 0
 2071 4648 2190 2246 0
 2124 2033 4653 2098 0
 2071 2190 4648 2111 0
 2078 2173 4648 4192 0
 1530 4369 4397 5056 0
 4627 4369 4535 1390 0
 4171 1672 1690 1596 0
 1969 4192 1843 1951 0
 3602 5307 4635 3580 0
 3602 3580 4635 3516 0
 3627 5268 3711 3744 0
 3824 3717 5637 3767 0
 3580 3458 4635 3516 0
 3755 3731 3730 4335 0
 3831 4244 3781 3755 0
 3824 3907 4246 4956 0
 4635 3518 3406 3477 0
 5446 5431 5036 4556 0
 5036 5431 4288 4556 0
 3711 5268 3805 3795 0
 3627 3569 3637 5268 0
 3701 3613 5268 3617 0
 4021 4065 4248 4039 0
 3749 3729 5685 3658 0
 3749 5685 3637 3658 0
 5268 5478 4635 3569 0
 3689 3729 3658 4244 0
 3658 3623 5478 3637 0
 3763 3803 5303 3798 0
 3655 5307 3623 3602 0
 3659 3623 4335 3658 0
 4643 1496 4317 5359 0
 5629 3753 3718 3684 0
 3798 5303 3823 3803 0
 3735 4243 3801 3703 0
 3798 3835 4242 3778 0
 3722 3703 3731 4335 0
 5768 4487 1396 4829 0
 3722 3703 4335 3689 0
 3722 4335 3731 3755 0
 4465 4829 4487 5409 0
 4151 5409 4465 4487 0
 3741 3730 5266 3726 0
 3703 3746 4243 3801 0
 3746 5266 3731 3703 0
 3942 4006 4039 4248 0
 3831 3781 4244 3876 0
 5274 3831 4244 4919 0
 2760 2743 5715 4711 0
 3885 4650 3845 3909 0
 3935 3899 3944 4956 0
 3622 3651 3694 4235 0
 3868 3899 3935 4956 0
 3801 4243 3803 3823 0
 3801 3746 4243 3789 0
 3765 5569 4242 3721 0
 3792 5266 3789 2563 0
 3792 5266 3764 3789 0
 4237 2563 3799 5629 0
 2563 3792 3820 3789 0
 3801 4243 3820 3789 0
 5629 3799 3800 3836 0
 4236 3784 3737 3740 0
 5268 5637 3701 3617 0
 3868 3899 4956 3805 0
 3778 3835 4242 3816 0
 3868 4956 3935 3874 0
 3835 4242 3848 3823 0
 4234 3478 3375 3592 0
 3765 3830 5130 3772 0
 3765 3830 3816 5130 0
 4198 2449 2597 2518 0
 3734 3721 3778 4242 0
 3734 3690 3721 4242 0
 5637 4246 3824 3767 0
 3749 5685 3805 3711 0
 3749 3711 3637 5685 0
 3763 5303 3738 3798 0
 4050 4024 5393 5247 0
 3850 4242 3835 3816 0
 3850 3835 4242 3848 0
 3859 4956 3932 3907 0
 3763 5303 3702 3738 0
 3859 3824 3701 4956 0
 3824 3907 3870 4246 0
 3944 3982 3935 4956 0
 3744 5268 3701 3627 0
 3861 5002 4244 3897 0
 3861 5685 3749 3729 0
 3861 3729 3897 4244 0
 3982 3975 4956 4002 0
 3939 4956 3986 4246 0
 3874 4956 3935 3932 0
 3701 5268 4956 5637 0
 3935 3982 3932 4956 0
 3805 5268 5685 5306 0
 3861 3899 5252 3914 0
 3653 3544 3575 4234 0
 5588 3294 5271 3390 0
 4492 4265 4228 4545 0
 5657 5677 4675 5725 0
 5130 3772 3830 3881 0
 3802 3775 5274 3865 0
 3831 3876 4919 3908 0
 5742 4104 4115 4117 0
 4050 4068 4077 5247 0
 3856 3848 3866 5265 0
 4094 4077 4096 5623 0
 4117 4104 5623 5742 0
 5264 4349 4465 4512 0
 4533 4663 5264 4465 0
 4560 3646 3631 5563 0
 4115 4117 4125 5353 0
 3788 5585 4235 3695 0
 5742 4115 4104 4090 0
 5130 4965 3834 3881 0
 4021 4039 4248 3942 0
 5742 4079 4045 4054 0
 4236 3740 3806 3784 0
 5130 3816 4242 3850 0
 5130 4242 3765 5569 0
 3898 5130 3830 3881 0
 4919 3876 3831 4244 0
 4095 5353 4060 4069 0
 4236 3804 3784 3827 0
 4069 4099 4095 5353 0
 4099 5353 4115 4113 0
 4113 5353 4115 4123 0
 4069 5353 4062 4099 0
 4095 4110 5353 4113 0
 5646 4327 5398 4797 0
 5130 3830 3850 3898 0
 3960 3934 4919 3908 0
 5648 4060 4051 4085 0
 4255 4451 4179 4381 0
 5389 3902 3793 3875 0
 4381 4179 4255 4472 0
 4381 2425 4451 4179 0
 3908 3960 3933 4919 0
 3866 5265 3848 3850 0
 3908 3933 3876 4919 0
 4234 3544 3575 3331 0
 4919 3876 4244 3897 0
 4919 3934 3960 3987 0
 5629 3779 3718 3753 0
 3400 3426 3465 3439 0
 3865 3934 3908 4919 0
 3873 4919 3913 3934 0
 5187 4240 3566 3616 0
 5629 3718 3779 3709 0
 3804 3800 5629 3753 0
 5265 4242 4709 3848 0
 4318 4450 4389 4265 0
 3573 3674 3649 5250 0
 5077 5563 3737 3646 0
 4227 5055 4463 4226 0
 4344 4237 4618 5629 0
 5629 3684 3718 3643 0
 3146 3018 4221 2958 0
 3845 4650 3857 3909 0
 3949 4037 5137 5766 0
 4289 4292 4345 4311 0
 5194 4261 4345 4630 0
 3301 4739 4649 3228 0
 2537 2597 2664 5621 0
 4289 4261 4345 4364 0
 4311 3437 4345 4630 0
 5028 3794 3833 3776 0
 5558 3614 3681 3554 0
 3095 3043 4216 3150 0
 4238 3728 3743 3715 0
 5567 3852 3833 5028 0
 3558 4892 3628 3590 0
 4560 3618 3646 3685 0
 4650 5265 3857 3882 0
 5413 3222 3239 3308 0
 4558 3656 4237 3705 0
 3471 4560 3366 3447 0
 3383 3410 4215 3315 0
 5265 3848 3850 4242 0
 3308 5413 3443 3376 0
 3371 3473 4739 5542 0
 2770 2754 2815 4515 0
 4295 3684 5629 3643 0
 4618 3643 3661 3576 0
 3325 3342 3259 3367 0
 3228 4739 3288 3301 0
 3297 3228 4649 3136 0
 2770 2823 2719 4515 0
 4739 3475 3550 3473 0
 5265 4650 3866 3882 0
 3233 4216 3222 3124 0
 4023 5137 4052 4049 0
 4335 4244 5086 5274 0
 5558 3614 3554 5542 0
 4038 4060 4020 5353 0
 4650 3885 3979 3909 0
 4038 4020 3946 5353 0
 5547 5435 4593 4347 0
 5547 4459 5435 4347 0
 4440 4782 4149 2016 0
 2794 4222 5287 2781 0
 2536 5621 2641 4197 0
 4133 4532 4644 4481 0
 2016 4532 4782 3586 0
 4236 3784 3804 3737 0
 4237 3699 3709 3758 0
 4618 3590 3576 3661 0
 5629 3685 3753 3684 0
 5268 4635 5478 4449 0
 2837 5715 2826 2775 0
 3628 3669 3590 4558 0
 4449 5478 4391 4635 0
 5558 3747 3808 3708 0
 2780 5715 2760 2744 0
 2402 5659 2259 2346 0
 3301 3371 4739 3288 0
 5621 2449 2597 4198 0
 4237 3792 3799 2563 0
 4533 4150 4322 4490 0
 4237 3758 3799 3792 0
 4566 4322 4584 4490 0
 4400 4490 4485 4654 0
 4533 4654 4490 4400 0
 5266 2563 4243 3789 0
 4576 4584 4566 4322 0
 2563 3799 3820 3792 0
 5266 4243 3746 3789 0
 5266 3789 3746 3764 0
 3730 5266 4558 4887 0
 5266 3764 3726 3714 0
 4558 3715 3714 3726 0
 3696 3715 3714 4558 0
 5266 3764 3714 3792 0
 2683 2606 4197 4715 0
 3779 4237 3799 5629 0
 667 4129 4344 2563 0
 4254 5255 4243 4358 0
 4237 3758 3792 3714 0
 4558 3590 3656 3669 0
 667 4227 2802 4129 0
 5482 3645 3747 3708 0
 5482 3708 3614 3645 0
 4442 667 4254 4227 0
 4238 3815 3747 3751 0
 4238 3743 3751 3696 0
 4238 3696 3751 3679 0
 5482 3628 4558 3679 0
 5482 3679 3645 3628 0
 5482 3550 3628 3645 0
 5255 4243 4129 4254 0
 4892 3550 3475 3558 0
 4442 4227 4254 4358 0
 4461 2499 4204 4200 0
 4461 4226 4204 2499 0
 4238 4558 3696 3679 0
 4461 4219 2499 4200 0
 4238 3715 3743 3696 0
 5274 3730 4335 3755 0
 5274 3873 3802 3865 0
 4238 3743 3802 3819 0
 4238 3877 3883 3926 0
 4238 3877 3808 3883 0
 4238 3883 3808 3815 0
 4238 3913 3926 3883 0
 4238 3913 3872 3873 0
 4238 3872 3913 3883 0
 4238 3819 3873 3872 0
 4238 4919 3913 3873 0
 5274 3865 4919 3873 0
 3865 3831 4919 3908 0
 4238 4919 3873 5274 0
 4919 3831 3865 5274 0
 4238 3883 3815 3872 0
 4238 3819 3872 3815 0
 4238 3819 3802 3873 0
 4238 3819 3751 3743 0
 4238 3751 3819 3815 0
 4238 3728 3802 3743 0
 5274 3802 3728 3775 0
 4238 3747 3679 3751 0
 5482 3679 3747 3645 0
 4238 3815 3808 3747 0
 4256 4451 4179 4255 0
 4439 4179 4255 4256 0
 4439 2262 4179 4256 0
 4256 4451 4478 4179 0
 3851 3796 3777 5680 0
 3492 3524 5187 3584 0
 3371 3614 3473 5542 0
 5482 3645 3614 3550 0
 4739 5542 3550 5482 0
 4256 2262 4179 4478 0
 2958 4221 4976 5058 0
 3095 4216 2999 3124 0
 4560 4416 3447 3471 0
 4455 4635 4730 4373 0
 1846 4177 1791 1892 0
 3097 3172 3206 4952 0
 4725 4455 4373 5638 0
 2770 4515 2641 2754 0
 4450 914 4758 4202 0
 2422 4727 2324 2365 0
 4202 4265 4450 914 0
 4758 4853 4450 4768 0
 2461 2520 2518 4198 0
 4488 2664 2713 2597 0
 4198 4569 4329 4276 0
 2461 2449 2372 4276 0
 2459 2401 4569 2393 0
 2420 2402 5659 2350 0
 2461 2393 4276 2372 0
 2882 4222 5586 2794 0
 2741 2749 5304 2657 0
 2285 2300 5298 2192 0
 4403 5234 4183 4375 0
 4307 5117 4458 4264 0
 5132 4370 4426 5256 0
 4329 4498 4276 4569 0
 5406 5275 5297 4516 0
 5134 4458 4264 4656 0
 2552 4774 2485 5037 0
 4691 2024 4336 4258 0
 952 4469 4191 4394 0
 4287 4394 4191 4701 0
 952 4394 4191 4287 0
 3746 3703 4243 5266 0
 2346 2449 4276 2372 0
 4215 4560 4295 3410 0
 4560 4416 3531 3447 0
 3095 4216 3043 2999 0
 3383 4560 3410 3447 0
 5413 3222 4216 3239 0
 2422 2486 2538 4715 0
 3383 4560 4215 3410 0
 3399 5413 3443 3308 0
 4758 5153 4202 4493 0
 5153 4202 4493 4874 0
 7 4417 5443 2425 0
 4271 4203 5443 7 0
 4271 5443 4259 7 0
 7 4417 4203 5443 0
 5659 5621 2346 2402 0
 1992 1933 4674 1912 0
 2265 4727 2168 2162 0
 3263 3405 3338 3339 0
 2664 4297 2713 2754 0
 4181 4380 4186 2272 0
 4297 2798 2815 2871 0
 4434 4539 2290 4494 0
 4297 2871 2956 3086 0
 4380 2272 4182 4187 0
 4181 2272 4182 4380 0
 5125 3366 3205 3244 0
 5413 3376 4295 3443 0
 3023 5495 2999 2944 0
 4297 3110 3086 2956 0
 4297 2798 2754 2815 0
 4297 2798 2713 2754 0
 3383 4560 3366 5125 0
 3233 3110 3224 4649 0
 3207 4215 3376 3315 0
 4430 4344 4606 4618 0
 3205 3366 5125 3383 0
 3184 3207 4215 3173 0
 3399 3495 3443 4295 0
 4198 4569 4493 4329 0
 4493 4498 4329 4569 0
 640 720 750 4817 0
 3788 3844 5585 3750 0
 3619 3675 5729 3631 0
 3827 3845 3885 4650 0
 4236 3827 3849 4650 0
 4325 4352 2016 2024 0
 2016 4150 2024 4352 0
 3017 2972 4213 2945 0
 3604 3331 1735 3246 0
 5017 4242 5130 5569 0
 5265 4242 3850 5130 0
 4520 4510 4472 4614 0
 4452 4472 4381 4255 0
 4452 4944 4564 4472 0
 4510 5430 4472 4614 0
 2690 2633 2555 4195 0
 3615 3538 4764 4630 0
 4542 4375 4279 4429 0
 3849 3827 3885 4650 0
 4081 4067 4248 4100 0
 3653 3544 4234 3663 0
 3115 3029 4214 3118 0
 3002 2938 4213 5003 0
 4234 3663 3544 3604 0
 4337 4345 3310 5510 0
 2945 2972 4213 2915 0
 4600 4217 3274 4952 0
 2850 2899 2915 5480 0
 3161 3206 4217 3097 0
 4945 4195 2555 2489 0
 4337 4345 4214 3118 0
 1289 4608 1258 1213 0
 4234 3375 3478 4528 0
 4234 3575 3350 3331 0
 2200 2160 2234 4175 0
 3397 3262 5194 3382 0
 4459 4349 5435 4347 0
 3695 3750 5288 3675 0
 3225 3274 4600 3311 0
 4600 3274 3172 4952 0
 3067 4213 2980 3017 0
 3350 3274 3375 4217 0
 2248 5311 2167 4842 0
 2683 4197 2606 2654 0
 906 4164 4501 4474 0
 4474 906 4164 4181 0
 5329 5386 5498 2492 0
 4474 4642 1619 4163 0
 4600 3117 3158 2974 0
 4474 4181 4664 906 0
 3274 3206 4952 4217 0
 4642 4474 4501 4163 0
 4285 2458 4901 2411 0
 3117 3193 4600 3158 0
 3750 5288 5563 3806 0
 4213 5003 4986 4847 0
 2980 2938 2910 4213 0
 3017 2972 3117 4213 0
 2980 2938 4213 3002 0
 3246 3265 4217 3161 0
 4486 5233 4498 4262 0
 3172 3139 3225 4600 0
 2972 2915 2974 5332 0
 3067 3002 2980 4213 0
 3067 3017 3117 4213 0
 3677 3791 4822 3774 0
 2957 4214 3029 3004 0
 4315 4434 2153 2290 0
 3172 4600 4755 3139 0
 4755 4600 3117 3139 0
 4340 4434 2153 4315 0
 1735 4217 3246 3331 0
 4217 3375 4528 3311 0
 4847 5003 3002 4213 0
 3693 5013 5571 3594 0
 3161 4217 3206 3265 0
 5424 5345 4270 3706 0
 3350 4217 3265 3274 0
 3265 4217 3206 3274 0
 3750 3740 3806 5563 0
 3615 4630 3506 3538 0
 4289 4261 4445 4311 0
 5208 3250 5139 3257 0
 4822 3791 3869 3774 0
 4500 4552 4524 5139 0
 4500 3257 4552 5139 0
 4500 3085 2962 3001 0
 5345 4856 3527 5155 0
 5137 4525 5241 5151 0
 4269 5378 5405 4525 0
 3694 3651 3742 4235 0
 4234 3766 4680 3665 0
 4234 3663 5424 3814 0
 3814 3663 3786 4234 0
 5137 5293 5620 5389 0
 4071 4093 4248 4088 0
 5620 3869 3937 3867 0
 3651 3742 4235 3695 0
 4089 4248 5662 4070 0
 5620 3875 5389 3793 0
 3665 3575 4234 3653 0
 4071 4088 4248 4055 0
 3849 3784 3827 4236 0
 5648 4051 4060 4020 0
 5771 5766 3989 5389 0
 4091 4119 4107 5747 0
 5659 5233 4589 4178 0
 4650 5353 5757 4906 0
 4081 4093 4100 4248 0
 3838 5389 3878 3922 0
 4039 4248 4006 4055 0
 5648 4035 4076 4051 0
 4021 5633 4248 5771 0
 4006 4035 4055 5648 0
 4006 5720 5648 4248 0
 4039 4248 4055 4071 0
 4102 5648 4118 4109 0
 4120 5648 4109 4118 0
 4120 4109 5648 4248 0
 4248 5363 5648 4120 0
 4109 4120 4100 4248 0
 4100 4114 4248 4120 0
 4105 5363 4114 4116 0
 4571 4122 4116 4111 0
 4571 4111 4112 4122 0
 4571 4111 4101 4112 0
 4571 4101 4111 4098 0
 4571 4098 4082 4101 0
 4571 4082 4098 4078 0
 4571 4078 4058 4082 0
 4571 5419 4058 4078 0
 5419 4098 4078 4571 0
 4057 5419 4059 4041 0
 5451 4249 3995 5109 0
 4057 4041 4034 5137 0
 5451 5454 4249 4917 0
 4053 4081 4248 4065 0
 4650 3979 3885 3849 0
 4006 5648 5720 4035 0
 4020 4650 5757 3979 0
 3979 4650 3909 4020 0
 5353 4650 5757 4020 0
 4088 4055 5648 4248 0
 4088 4109 5648 4102 0
 4006 4248 5648 4055 0
 4039 4065 4248 4071 0
 4088 4109 4093 4248 0
 4248 4109 4093 4100 0
 4100 4105 4248 4114 0
 4429 4279 5234 4375 0
 4100 4070 4067 4248 0
 4100 4248 4105 4089 0
 5771 4248 4053 4067 0
 4065 4248 4093 4081 0
 5766 4248 4070 5662 0
 4084 4098 4078 5419 0
 4571 4098 4111 4103 0
 4571 4103 4111 4116 0
 4105 5662 4248 5363 0
 4114 4248 5363 4105 0
 4088 4109 4248 5648 0
 5648 5363 4118 4120 0
 4571 4101 4091 4112 0
 5662 5714 4116 4571 0
 4119 4091 4571 5747 0
 4571 4119 4112 4091 0
 4571 4122 4112 4119 0
 5714 4122 4119 4126 0
 4105 5662 5363 4116 0
 4120 5363 4114 4248 0
 3838 5389 3742 3788 0
 4037 5137 4052 4023 0
 5766 4248 5771 4067 0
 5389 3793 3838 3742 0
 5771 4248 4021 4053 0
 5766 4070 4248 4067 0
 5137 3937 4037 3949 0
 3615 3538 3622 4764 0
 3665 3766 3653 4234 0
 3867 3937 5620 3949 0
 4822 3785 3774 3869 0
 4203 4480 4460 4271 0
 3665 3592 4234 3575 0
 3615 3694 4235 3622 0
 3375 3592 3575 4234 0
 5571 4528 3597 3596 0
 5620 5571 5293 4800 0
 5667 2740 4194 2733 0
 5620 3785 3869 3867 0
 5389 3694 3793 3742 0
 3700 4235 5065 3615 0
 3700 3694 4235 3615 0
 3700 3793 3790 5620 0
 2834 2878 5665 2913 0
 2733 4194 5695 2740 0
 2899 2974 2915 5480 0
 2876 2804 5475 2810 0
 5507 2938 4213 2910 0
 5667 2733 4194 4268 0
 4213 3117 4755 2972 0
 5665 2913 2878 4214 0
 2957 2913 4214 2878 0
 2957 4214 3004 2933 0
 2740 5667 2668 2727 0
 2740 4194 5695 2668 0
 2876 4213 2915 2945 0
 5667 2668 4194 2740 0
 2850 5475 2915 2876 0
 2850 2804 5475 2876 0
 2876 2945 2910 4213 0
 2933 5703 2875 2878 0
 2830 5703 5140 2875 0
 2633 2701 2655 5140 0
 2899 2974 4214 2950 0
 3118 4214 3004 3029 0
 5737 3029 4214 3115 0
 2690 2657 2741 5304 0
 3244 4292 3369 5491 0
 2957 4214 2933 2878 0
 5370 5125 3205 3244 0
 5146 4838 4635 4373 0
 2913 5737 4214 5691 0
 4390 4360 4526 4323 0
 5737 2969 4214 3029 0
 2690 5304 4195 2657 0
 2957 4214 2969 3029 0
 2933 2950 4214 3004 0
 2933 4214 2950 2899 0
 2933 2899 2875 5703 0
 2657 5304 5136 2749 0
 2690 5304 2741 5140 0
 2755 2679 2689 5136 0
 5304 4195 5140 2690 0
 5390 4876 4508 4392 0
 5390 4876 4631 4508 0
 4631 4876 4443 4508 0
 2629 2533 4657 2547 0
 4638 3254 4323 4163 0
 4782 4532 4481 3586 0
 4481 4782 4149 4602 0
 4532 3586 4485 5197 0
 4493 4375 4329 4498 0
 3205 3315 3383 4215 0
 3188 4216 3124 3222 0
 2472 5698 2326 5498 0
 4420 4324 5055 4227 0
 2668 2539 2581 5618 0
 4227 4324 5055 4226 0
 4285 2411 2400 2458 0
 2540 4945 2555 2489 0
 2458 2510 2472 4285 0
 2668 5651 2581 2648 0
 4285 2472 5386 2510 0
 5386 4194 2668 5695 0
 2472 2492 5698 5498 0
 2270 4175 2213 2200 0
 2200 2289 4175 2234 0
 2342 4175 4285 2326 0
 989 2498 4200 2417 0
 5498 2278 5235 5313 0
 2200 2113 2160 4175 0
 2270 4175 2200 2289 0
 2270 2289 2342 4175 0
 4508 4201 4473 4384 0
 4520 4721 4628 4365 0
 4520 4628 4510 4614 0
 4175 2213 2326 2270 0
 5498 4857 5313 5235 0
 2153 4340 4304 4434 0
 4304 4284 2153 4434 0
 2452 2573 2481 4901 0
 1309 5611 1381 1323 0
 4876 4411 2498 4392 0
 4827 4196 4889 4601 0
 4876 2498 4508 4392 0
 2582 4195 5136 2657 0
 4304 4340 5425 4434 0
 5230 4326 5576 5182 0
 5284 3329 3421 3344 0
 5275 4516 5406 5453 0
 2306 5668 2234 2175 0
 2306 2321 5668 2175 0
 5023 5406 5243 5466 0
 2105 5430 2061 5311 0
 2105 4175 2175 2160 0
 1809 1861 1893 4777 0
 4860 2044 2120 2048 0
 1463 1355 1422 4576 0
 2175 2160 4175 2234 0
 5085 4579 4842 4522 0
 4647 4327 4732 5310 0
 4805 2168 2144 2218 0
 1947 4176 1870 1923 0
 4694 4567 4185 4374 0
 4199 4514 4299 4594 0
 4726 4945 4195 5136 0
 694 4481 853 687 0
 459 4602 4481 587 0
 4195 2489 2573 2633 0
 4901 4195 4945 2489 0
 2582 2555 4195 2690 0
 2582 4195 2657 2690 0
 2405 4589 4715 4727 0
 5390 4508 4384 4392 0
 2641 4197 4515 2719 0
 4805 2218 4727 2168 0
 5390 4508 4631 5412 0
 2779 2841 2768 5412 0
 2641 2654 4197 2719 0
 4515 4392 4384 4297 0
 4726 5205 5236 4889 0
 4715 5149 4541 4589 0
 2544 2611 2564 5136 0
 2274 5659 4589 2222 0
 4805 2144 2201 2218 0
 2531 2610 4715 2584 0
 4896 4614 4176 4365 0
 4889 2466 2513 2525 0
 4827 2466 2521 2436 0
 1799 4177 1849 1900 0
 2420 4715 2483 2405 0
 2338 2438 4620 2373 0
 1993 2004 2085 5619 0
 2405 4589 2301 2353 0
 2405 4727 2301 4589 0
 2274 4589 2302 2222 0
 2420 4589 4715 2405 0
 4805 4178 2117 4589 0
 493 560 598 5656 0
 4589 4541 4727 4805 0
 2162 4589 2301 4727 0
 2350 4589 5659 2420 0
 2274 5659 2350 4589 0
 2301 4727 2405 2365 0
 2080 2005 1958 4860 0
 2279 4727 2201 2218 0
 2420 5659 2402 5621 0
 559 426 4644 480 0
 2265 2218 2168 4727 0
 2422 2324 4727 2380 0
 2312 2242 4601 2384 0
 4636 4727 2201 2273 0
 1513 5508 1589 1576 0
 4700 4541 5254 4636 0
 2201 4805 4636 2144 0
 1113 1023 5752 1107 0
 2365 4727 2324 2265 0
 2204 2142 2259 4486 0
 2477 2483 2420 4197 0
 4727 2324 2218 2279 0
 2538 2584 4715 2683 0
 2422 2531 4715 2538 0
 5659 2222 2204 4178 0
 2350 4589 2420 2353 0
 2437 2449 5621 2346 0
 2302 2353 2301 4589 0
 2204 4486 5659 4178 0
 4276 2372 2249 2346 0
 2302 2301 2222 4589 0
 2683 2538 2486 4715 0
 1992 2052 4178 1997 0
 1309 1323 1131 5611 0
 4497 2500 2499 4401 0
 2499 2500 4497 4220 0
 2537 2536 2477 5621 0
 2477 2402 5621 2420 0
 2477 4197 5621 2536 0
 5058 4450 4768 4734 0
 2437 2346 5621 2402 0
 2542 4197 2536 2654 0
 2420 4197 5621 2477 0
 2654 4197 2536 2641 0
 2683 2606 4715 2486 0
 2999 5495 4216 2925 0
 2542 2654 2606 4197 0
 2486 2405 2542 4715 0
 2542 2483 4715 2405 0
 2422 2405 2486 4715 0
 2483 4197 4715 2420 0
 2538 2584 2531 4715 0
 1919 4166 4762 1836 0
 3188 3222 3239 4216 0
 2768 2715 2610 5463 0
 2954 4631 2892 2893 0
 2719 2683 4197 5412 0
 3205 3184 3237 4215 0
 3237 4215 3207 3315 0
 3101 4215 3184 3205 0
 3205 3315 4215 3237 0
 5412 2893 5390 2841 0
 4297 4515 2815 2754 0
 2872 2871 4297 2815 0
 2999 4216 5495 3023 0
 4515 2823 2815 2770 0
 5495 4297 4515 2872 0
 2872 2956 4297 2871 0
 4515 2754 4297 2664 0
 2654 2719 2683 4197 0
 2779 2683 2719 5412 0
 3043 4216 2893 2925 0
 2925 2999 5495 2944 0
 2954 2893 3043 4216 0
 2954 2892 4631 2886 0
 3095 4216 3124 3188 0
 2211 2196 2146 2176 0
 3101 4215 3205 5103 0
 3013 4215 3101 5103 0
 3057 4216 3043 3150 0
 3057 2954 4215 3013 0
 3150 3207 3173 4216 0
 3057 2954 3043 4216 0
 5103 2886 2954 4631 0
 3105 4215 3101 3013 0
 5396 4466 5515 4491 0
 4423 5297 4491 5090 0
 3105 3013 3057 4215 0
 3105 3184 3101 4215 0
 3057 4216 3150 3173 0
 3105 3173 3184 4215 0
 3105 4215 3057 3173 0
 3196 3273 3197 3137 0
 3197 3194 3122 5559 0
 3283 3378 5743 3339 0
 2998 3107 2995 2992 0
 3196 3367 3273 3137 0
 3649 5250 3674 5680 0
 3218 4378 5608 3154 0
 3252 3248 3291 3377 0
 2415 4180 4514 2425 0
 4299 2415 4180 4514 0
 4179 2425 4694 4180 0
 3347 3378 3422 5743 0
 4180 2425 4694 4514 0
 4179 4180 2415 2425 0
 3038 3032 3277 3034 0
 3044 3106 3180 3012 0
 4015 2802 2500 4492 0
 3197 3137 3273 3349 0
 3131 3189 3279 3165 0
 4015 4318 4492 914 0
 4762 4814 5352 4498 0
 2318 2337 2261 2257 0
 4318 4265 4492 914 0
 4428 2416 2396 2527 0
 3258 3240 3299 3189 0
 3122 5559 3194 5743 0
 3196 3273 3367 3259 0
 3137 3273 3349 3367 0
 3259 3342 3273 3367 0
 3189 3279 3165 3240 0
 3189 3335 3279 3299 0
 3165 3279 3227 3240 0
 3064 4740 3032 3049 0
 3420 5624 3391 5697 0
 3277 3076 3279 3074 0
 3318 3291 3463 3461 0
 2578 2568 5596 5170 0
 3119 3165 3227 3152 0
 4978 3356 3251 3314 0
 3119 3227 3165 3279 0
 3074 3227 3119 3279 0
 3034 3031 3032 3322 0
 1114 1061 1012 4953 0
 3189 3279 3240 3299 0
 4287 4701 4191 4404 0
 4701 4191 4548 4394 0
 3012 3113 3180 3003 0
 3322 5731 3374 3321 0
 5429 3445 3472 4363 0
 2445 5596 2568 2450 0
 5760 2665 2623 4339 0
 5573 2845 5524 2824 0
 3074 3111 3227 3200 0
 3293 3276 5722 3372 0
 5556 3076 3131 3321 0
 4165 4538 4495 471 0
 4165 4539 4495 4538 0
 2267 2315 2319 2166 0
 3459 3612 3562 4783 0
 3508 3505 3403 3523 0
 3251 3229 3176 3063 0
 3259 3189 3325 3335 0
 3578 3546 3523 3508 0
 3510 3556 3572 3522 0
 3420 3391 5624 3459 0
 3549 3429 3505 3481 0
 3621 3612 3546 3585 0
 3391 5624 5018 5536 0
 2319 2296 2363 2360 0
 3034 3322 3321 3031 0
 3044 3003 3012 3180 0
 3500 3436 3463 3536 0
 3549 3608 3603 3532 0
 3403 3523 3505 3427 0
 3318 3377 3291 3461 0
 3532 3536 3521 3436 0
 3191 2997 3062 3053 0
 3318 3252 3291 3377 0
 3268 5690 3364 3278 0
 3585 3595 4783 3530 0
 3403 3427 3454 3523 0
 3415 3463 3461 3318 0
 3360 3415 3461 3318 0
 3549 3505 3603 3601 0
 3318 3463 3291 3356 0
 3374 5238 3427 3454 0
 3360 3377 3252 3318 0
 5726 3510 3574 3472 0
 3185 3248 3251 3291 0
 3062 3191 3053 3126 0
 3185 4978 3291 3251 0
 5726 3568 3510 3556 0
 3126 3248 3251 3185 0
 3126 3191 3251 3248 0
 3126 3248 3208 3191 0
 3126 3201 3248 3185 0
 3201 3252 3248 3185 0
 3201 3126 3208 3127 0
 3201 3208 3126 3248 0
 3292 3248 3252 3377 0
 3292 3252 3248 3201 0
 3292 3248 3208 3201 0
 3436 3415 3463 3521 0
 3332 3415 3463 3436 0
 3549 3532 3500 3608 0
 3505 3532 3549 3603 0
 3062 3128 3208 3127 0
 3353 3436 3549 3429 0
 2114 2104 2127 1983 0
 2170 2146 2130 2211 0
 1897 1925 1880 1967 0
 3436 3521 3463 3536 0
 5690 5683 3362 3453 0
 3508 3523 3403 3454 0
 2630 4339 2665 5760 0
 5773 3454 3508 3403 0
 3514 3568 5726 3556 0
 3522 3564 3556 3572 0
 3332 3318 3463 3415 0
 4766 3267 3386 3314 0
 3403 5238 3427 3505 0
 3505 3429 3403 5238 0
 3585 3508 3546 3578 0
 3508 4783 3546 3454 0
 2782 2762 5694 2730 0
 3409 3362 5683 3453 0
 2254 2310 2294 2337 0
 3549 3414 3353 3481 0
 3414 3463 3500 3332 0
 3074 3111 3152 3227 0
 3500 3536 3608 3532 0
 3500 3436 3536 3532 0
 3414 3314 3356 5000 0
 3332 3353 3436 3500 0
 5773 3403 5238 3454 0
 3549 3500 3353 3414 0
 3438 5773 3508 3403 0
 3446 5722 3438 3355 0
 3374 3420 5697 3454 0
 3585 3612 3546 4783 0
 3438 3530 5722 3446 0
 5773 3454 4783 3508 0
 4517 1318 4324 4204 0
 3414 3356 3463 5000 0
 3414 3332 3353 3255 0
 4517 770 1318 4204 0
 3601 3505 3523 3481 0
 3332 3436 3463 3500 0
 3414 3332 5000 3463 0
 3414 3332 3255 5000 0
 3000 2995 3176 3107 0
 3053 3176 3251 3191 0
 2454 5762 2596 2496 0
 2423 2482 5741 2515 0
 5773 3454 5697 3420 0
 3322 3032 3267 4766 0
 3621 3601 3578 3523 0
 3578 3603 3505 3601 0
 5624 3459 3391 5018 0
 5726 3591 3598 3555 0
 3481 3523 3427 3505 0
 3481 3429 3353 3549 0
 3530 3587 3562 4752 0
 3530 3562 3587 3595 0
 2885 5575 2816 2865 0
 3508 3454 3546 3523 0
 3549 3505 3429 3532 0
 3585 3612 4783 3595 0
 3585 4783 3546 3508 0
 3621 3546 3578 3585 0
 3585 3508 3530 4783 0
 3578 3505 3508 3523 0
 3481 3429 3505 5238 0
 3481 5238 3505 3427 0
 3481 5238 3427 3386 0
 3481 3549 3601 3505 0
 3578 3523 3601 3505 0
 3549 3532 3436 3500 0
 3621 3546 3523 3578 0
 2252 2166 2209 2267 0
 5726 3591 3574 3568 0
 3510 3464 3445 5671 0
 2903 2965 4222 5627 0
 3556 3564 3522 5671 0
 3524 5187 3584 5707 0
 3476 5671 3522 3540 0
 3373 5640 3456 5484 0
 4787 5254 4836 4360 0
 4700 4836 4787 5254 0
 3510 3568 3574 3572 0
 4941 5088 3472 5652 0
 5671 3522 3556 3510 0
 3552 5726 5088 5745 0
 3347 3422 3378 3426 0
 3440 5726 5671 3514 0
 3515 5484 3431 3517 0
 2982 3243 3018 4516 0
 3400 3465 3464 3445 0
 2254 2328 2310 2337 0
 5608 3510 3445 5671 0
 5129 5694 5632 2703 0
 3552 5745 5088 4752 0
 5726 3574 3510 3568 0
 5671 3445 5494 3464 0
 5575 2661 2788 2746 0
 3548 3519 3444 3540 0
 3362 3409 5683 3300 0
 3372 5745 5722 3293 0
 5745 3293 3372 3385 0
 2824 2845 2908 5573 0
 5671 5690 3278 3364 0
 2623 5783 2620 2661 0
 3298 3285 3358 5608 0
 5608 4378 3298 3285 0
 2395 2514 2448 2396 0
 5088 5652 4941 5745 0
 3298 4378 5608 3218 0
 4930 2455 5174 4499 0
 5726 3552 3568 3514 0
 5726 3514 3489 3552 0
 2475 4396 2578 5596 0
 3555 5726 3574 3472 0
 5726 3574 3591 3555 0
 3489 5726 3552 5745 0
 5726 5088 3598 3552 0
 4499 4287 1048 4187 0
 5671 3547 3519 3556 0
 3707 4240 3680 3629 0
 5778 3468 3565 3589 0
 2762 5783 2665 2623 0
 5690 5517 3513 5671 0
 1022 471 4164 4538 0
 1022 4536 2151 4164 0
 1022 4536 4164 471 0
 4542 4375 4498 4329 0
 3513 3543 5690 3520 0
 3430 3492 3421 5187 0
 3561 5466 3674 3573 0
 5286 3639 3561 4239 0
 3514 5671 3519 3556 0
 3674 5466 4239 5680 0
 3456 3465 3464 3400 0
 5683 5690 3362 3300 0
 3579 3565 5683 3509 0
 3306 5713 3211 3275 0
 3783 3757 3855 3821 0
 5690 3520 3543 3534 0
 5671 5517 3476 3464 0
 5671 5517 3464 5494 0
 5671 3476 3522 3464 0
 5671 3464 3522 3510 0
 2835 2896 5524 2833 0
 3431 5484 3456 3517 0
 3566 3543 5187 3533 0
 3269 3300 5683 3359 0
 5778 5683 3359 3269 0
 5683 3534 3579 3509 0
 3566 5690 3543 3534 0
 3776 5448 3748 3821 0
 5683 3359 3409 3468 0
 2454 2404 2410 2352 0
 2484 2473 5551 5741 0
 3548 3520 3444 3519 0
 3010 3078 5740 3121 0
 3579 5683 3566 3534 0
 3010 3078 2966 5740 0
 3732 5680 3674 3777 0
 4790 5442 2811 2828 0
 5187 3584 5707 4240 0
 5187 3616 3584 4240 0
 5340 4284 5031 4624 0
 5340 5061 1377 5425 0
 3579 5683 4240 3566 0
 5690 3453 3534 5683 0
 3513 3520 3444 3548 0
 3513 3543 3520 3548 0
 3430 5484 3431 3515 0
 3534 3453 3509 5683 0
 5683 3409 3453 3509 0
 5484 3515 3533 3517 0
 3456 5484 3513 3517 0
 3476 3540 3513 5671 0
 3519 3547 5671 3540 0
 4245 3983 5434 3973 0
 3707 3748 3757 3783 0
 4240 5778 5683 3565 0
 4603 4245 5434 3973 0
 5448 4489 5701 5679 0
 3616 3629 4240 3566 0
 3762 3708 3681 5558 0
 5286 5466 5023 5243 0
 3584 3680 4240 3616 0
 3159 3083 3148 5640 0
 5284 3048 3098 3059 0
 5321 4870 5467 5701 0
 5778 3313 3433 5642 0
 5679 3757 3821 3855 0
 5187 3533 3560 3566 0
 2430 4204 1048 4554 0
 3269 3313 3359 5778 0
 3589 5778 3468 3433 0
 5701 3589 3671 3433 0
 4554 4204 1048 4517 0
 5242 5778 3565 3589 0
 5683 3468 3509 3565 0
 3059 5640 3098 5284 0
 3561 3639 3674 4239 0
 3470 3554 5542 5558 0
 3776 3821 3833 5448 0
 3851 5680 4239 5396 0
 3512 4358 4442 2563 0
 3400 3465 3445 3439 0
 3515 3533 3560 5187 0
 5090 5558 5297 4491 0
 5520 2577 2523 2541 0
 5680 3796 3777 3732 0
 5680 4239 3674 3777 0
 4240 3566 3629 3579 0
 3843 3777 4239 3851 0
 3674 5250 5466 5680 0
 4552 3348 4232 4361 0
 4165 2153 4284 4434 0
 5425 4284 4304 4434 0
 3762 5558 3681 3712 0
 3762 5558 3826 3808 0
 3470 3351 3327 5461 0
 3470 5558 5461 5250 0
 3344 3430 5284 3317 0
 3135 3177 5284 3089 0
 4461 4219 4442 2499 0
 3275 5743 3194 3283 0
 4531 4361 4596 4463 0
 5484 3513 3517 3533 0
 4461 4442 4226 2499 0
 3566 5187 3616 3560 0
 3344 3421 5284 3430 0
 2982 4516 3075 3243 0
 3456 5484 3476 3513 0
 5058 2958 4221 2934 0
 3211 5640 3306 3235 0
 4552 4232 4531 4361 0
 3075 4516 2982 5275 0
 2882 4222 2854 2965 0
 5743 3439 3400 5494 0
 5494 3439 3400 3445 0
 3347 3439 3426 3400 0
 5640 5713 3211 3306 0
 2716 2769 4711 2724 0
 3347 3422 3439 5743 0
 3347 3422 3426 3439 0
 4386 4830 4445 5385 0
 4386 5039 5096 4277 0
 4236 5265 4650 4979 0
 5640 3373 3306 3317 0
 5477 5018 5568 5536 0
 5640 3317 3306 3235 0
 2882 4222 2794 2854 0
 3159 5640 3148 3211 0
 3288 3371 4739 5723 0
 3470 3554 5558 3633 0
 5187 3560 3515 3492 0
 3146 3247 3181 5723 0
 2399 2340 2366 2383 0
 5284 3317 3266 3344 0
 5286 4239 3561 5466 0
 3430 5187 3515 3492 0
 5765 3163 3271 3223 0
 5466 3674 4239 3561 0
 2687 2704 2644 4977 0
 4960 3007 5634 2963 0
 3515 5187 5484 3533 0
 3266 3235 3317 5284 0
 5284 3098 3177 3159 0
 3089 5765 3033 4960 0
 5284 3235 3317 5640 0
 3430 5187 3421 5284 0
 5106 4711 2805 5715 0
 5634 3100 5202 3019 0
 3014 2959 2941 4223 0
 5284 3344 3266 3329 0
 5640 5484 3373 3317 0
 2675 2744 5500 2711 0
 5551 2509 5520 2484 0
 4223 5442 5500 2891 0
 4711 2658 2716 2724 0
 4711 2722 2680 2724 0
 4711 2658 2724 2680 0
 5674 2748 2796 2783 0
 5284 5484 5640 3317 0
 5404 2628 2687 2653 0
 2828 2869 5442 2811 0
 2828 5500 5442 2891 0
 2692 4294 2642 5256 0
 2377 5741 2450 2516 0
 2885 2960 5573 2865 0
 2963 2866 5106 2852 0
 4223 2959 2941 2891 0
 2903 2854 4222 2965 0
 5634 4223 3019 5740 0
 5192 5400 5015 2745 0
 2680 4711 2692 2731 0
 4262 4342 4473 5233 0
 5594 2647 2726 2688 0
 3005 3089 3033 4960 0
 2963 5106 2959 5634 0
 5634 4223 2959 3014 0
 5634 4223 5106 2959 0
 3018 3146 4516 3243 0
 2866 4223 5715 2837 0
 5529 2771 2731 2766 0
 4711 2760 2743 2722 0
 5529 2731 2732 2766 0
 4341 171 5433 4573 0
 5674 4971 2748 2736 0
 5273 5417 171 4349 0
 4806 2856 5497 5257 0
 2988 2976 5732 3071 0
 5497 2976 5732 2988 0
 2895 5257 2856 2843 0
 5257 2796 2783 5674 0
 5184 4597 4349 171 0
 5321 5732 3160 2988 0
 2921 5497 2914 2988 0
 5257 2819 2856 2843 0
 4711 2760 2722 2724 0
 4512 5273 4349 5358 0
 5529 2783 5674 5257 0
 5674 2732 5529 2743 0
 2988 3071 5732 3160 0
 4223 2966 2941 3019 0
 5740 3019 3078 2966 0
 5497 5740 3010 2966 0
 4223 2966 3019 5740 0
 171 5184 4597 4871 0
 2866 2826 2837 5715 0
 730 5187 5284 3421 0
 5520 2482 2592 2515 0
 5520 2530 2592 2482 0
 3005 3048 3089 5284 0
 3056 5395 5663 3137 0
 2840 2781 4222 2794 0
 5404 2577 2594 2628 0
 3047 5494 3040 3068 0
 2840 4222 2854 2794 0
 5284 3177 3098 3089 0
 5284 3266 3177 3223 0
 3048 5284 3098 3089 0
 2805 2781 4711 4222 0
 5284 5765 3135 3089 0
 3058 3163 5765 3135 0
 2903 4222 2854 2840 0
 3005 3089 4960 5284 0
 2961 2963 3005 4960 0
 5741 2473 5551 2482 0
 4790 4943 5520 4909 0
 5524 5400 4790 4916 0
 2658 2680 4294 2632 0
 2682 2604 2706 5520 0
 5520 2737 2671 2706 0
 2616 2592 2682 5520 0
 2383 2340 2366 2310 0
 4762 4814 4498 4183 0
 4410 2529 2623 2494 0
 4762 4183 4498 4539 0
 2283 2186 5298 2300 0
 2765 2711 5500 2775 0
 2902 2868 4678 5058 0
 2465 2520 2459 4198 0
 2192 1907 4183 1919 0
 2300 5298 2192 2186 0
 2328 2310 2337 2383 0
 2682 5404 2765 2711 0
 1523 1606 1591 5092 0
 2186 4183 2192 1907 0
 2675 2710 2653 5404 0
 2206 4839 2358 2283 0
 4874 4821 5379 5153 0
 2399 2383 2391 2340 0
 2647 5594 2726 4464 0
 5520 2604 2592 2682 0
 2615 2628 2577 5404 0
 2433 2440 5379 2576 0
 5520 2577 2541 2594 0
 5298 2037 2283 4839 0
 2331 2328 2382 2383 0
 5153 4202 4874 4821 0
 2419 2473 2484 5741 0
 5379 2601 4408 4821 0
 2711 5404 2765 5500 0
 1844 1836 4762 1756 0
 2037 2186 4183 5298 0
 2711 5500 2675 5404 0
 2096 2206 2037 4839 0
 2269 2254 2331 2310 0
 2615 2653 2628 5404 0
 2658 2632 4294 2601 0
 2616 2530 5520 2615 0
 2901 5442 2869 2811 0
 2615 5520 2577 2523 0
 4221 4450 5058 4678 0
 4446 5783 2762 2623 0
 4758 4853 914 4450 0
 2382 2366 2383 5741 0
 2507 2444 2391 2399 0
 3031 3322 5731 3032 0
 2507 5741 2444 2399 0
 2578 4396 5170 5596 0
 2107 2059 2145 2081 0
 2580 5783 2620 2623 0
 2833 4916 5524 2835 0
 2977 5497 2960 5573 0
 5551 5520 5059 2671 0
 2228 2348 2216 2263 0
 2507 2399 2509 2484 0
 2960 5442 2966 2896 0
 2908 2976 2977 5573 0
 2960 2966 5497 3010 0
 5497 2855 5573 2921 0
 2462 2522 2494 5760 0
 4223 5442 2966 5497 0
 2966 5740 4223 5497 0
 2865 5573 2977 2960 0
 5783 5575 2560 2600 0
 2211 2260 2146 2196 0
 2556 2493 2551 2509 0
 2556 2509 2507 2493 0
 5520 2509 2551 2572 0
 2556 2509 2551 5520 0
 2507 2444 5741 2495 0
 5575 2661 2646 2600 0
 2224 2172 2239 2171 0
 5783 2566 2562 2620 0
 2799 5524 5573 2845 0
 2550 4339 2491 2514 0
 2541 2523 5520 2484 0
 2516 2515 5741 5551 0
 2758 2730 5694 2685 0
 2514 2395 2431 2439 0
 5762 2550 2630 4339 0
 2730 2665 2762 5783 0
 5762 2404 5616 2410 0
 2546 2643 4290 5762 0
 5783 2620 2600 2566 0
 2114 2155 2228 2104 0
 2410 2394 2348 2352 0
 2053 2082 2127 2187 0
 4339 2491 2494 2462 0
 5760 5783 2562 2580 0
 2224 2171 2239 2212 0
 1221 5736 1313 1302 0
 5783 2620 2562 2580 0
 5748 815 874 838 0
 1416 1382 1476 5342 0
 2053 2127 2082 1983 0
 2470 5596 2375 2432 0
 5418 1442 1487 1501 0
 2758 2782 5694 2730 0
 2494 2580 2623 5760 0
 4316 3760 2153 4866 0
 4317 3760 4316 4866 0
 4317 4441 3760 4866 0
 2320 2448 2395 2374 0
 2448 2431 2514 2395 0
 2494 2562 5760 2522 0
 4339 2623 2494 4410 0
 2381 2313 2352 2348 0
 2320 2448 2296 2395 0
 5437 2272 2293 4287 0
 4499 5437 5026 4287 0
 2439 2374 2395 2431 0
 2347 2227 2257 2318 0
 2394 2348 2304 2299 0
 2207 2161 2303 2263 0
 3047 3039 3016 5477 0
 2550 2462 2491 4339 0
 2435 2491 2462 2494 0
 2261 2257 2337 2224 0
 5760 5762 2630 4339 0
 2053 2207 2161 2035 0
 2331 2310 2383 2366 0
 2371 2363 2296 2416 0
 2730 2665 5760 2630 0
 5192 2671 5551 5059 0
 2352 2348 2304 2394 0
 4339 2491 4410 2494 0
 4923 1619 4179 2262 0
 2410 5616 2394 2404 0
 2053 2187 2127 2114 0
 4923 1619 4527 4179 0
 2782 2816 5575 2762 0
 4923 4527 1619 4476 0
 2758 2703 2685 5694 0
 5713 3400 3456 3464 0
 2377 2261 2318 2337 0
 4476 4923 2262 1619 0
 4845 4923 2262 4476 0
 2454 2404 5762 2410 0
 2643 2730 5760 2630 0
 2410 2394 2352 2404 0
 2371 2362 2448 2296 0
 5783 2762 5694 5575 0
 2546 4290 2596 5762 0
 2835 5442 2901 2811 0
 2865 5575 2816 2824 0
 2818 2885 5575 2816 0
 5524 5573 2865 2885 0
 2082 2127 1965 1983 0
 2762 4446 2824 5575 0
 2643 2685 5760 2730 0
 2423 2515 5741 2516 0
 3000 3107 3053 2997 0
 2220 2166 2146 2260 0
 2604 2515 5520 2592 0
 2568 5551 2604 2516 0
 2331 2328 2383 2310 0
 2328 2383 5741 2382 0
 2337 2310 2294 2383 0
 2224 2172 2089 2137 0
 2331 2366 2383 2382 0
 2454 2381 2352 2410 0
 2516 2515 5551 2604 0
 2318 2337 2257 2375 0
 2159 2137 2224 2089 0
 2252 2303 2166 2319 0
 2254 2331 2310 2328 0
 2347 2304 2257 2299 0
 2239 2340 2294 2310 0
 2239 2310 2254 2269 0
 2239 2294 2340 2210 0
 2254 2294 2239 2224 0
 2254 2212 2224 2239 0
 2261 2224 2337 2254 0
 2261 2337 2328 2254 0
 2254 2294 2224 2337 0
 2347 2257 2227 2299 0
 2001 2059 2081 1960 0
 2035 2150 2174 2032 0
 2195 2194 2155 2228 0
 2454 2396 2404 2352 0
 2185 2261 2159 2257 0
 2299 2257 2194 2258 0
 2166 2298 2260 2315 0
 2211 2196 2241 2260 0
 2496 5164 5616 2596 0
 2035 2207 2209 2150 0
 2053 2082 2207 1996 0
 3012 2998 3113 3003 0
 2299 2194 2216 2258 0
 2299 2216 2194 2228 0
 2299 2228 2194 2195 0
 2299 2216 2348 2258 0
 2299 2304 2258 2348 0
 2299 2304 2257 2258 0
 2299 2194 2257 2227 0
 2299 2227 2195 2194 0
 2318 2377 2337 2375 0
 2410 2381 2352 2348 0
 4290 2685 2596 5760 0
 2550 2630 2527 5762 0
 2454 2313 2352 2381 0
 2448 2362 2320 2296 0
 2643 2630 5762 2527 0
 2703 5694 5632 2685 0
 2252 2166 2267 2319 0
 2377 2337 2328 2261 0
 4220 4328 4544 4385 0
 4606 4328 4555 4649 0
 4430 4649 4606 4555 0
 4430 4220 4392 4555 0
 4220 4328 4385 4555 0
 4392 4385 4555 4220 0
 2114 2127 2104 2228 0
 2643 5760 5762 2630 0
 4290 2643 2685 5760 0
 2035 2166 2209 2207 0
 3003 3180 3176 3113 0
 3149 3096 5517 4378 0
 3149 3068 5517 3096 0
 993 3462 4203 4594 0
 2514 2550 2396 2435 0
 4557 4567 964 4203 0
 4557 964 4435 4203 0
 2416 2363 2296 2360 0
 3462 4435 4203 4557 0
 3462 4203 4594 4557 0
 4557 4374 964 4567 0
 1983 1932 2082 2053 0
 3191 3107 3128 2997 0
 2216 2303 2381 2360 0
 2207 2166 2252 2303 0
 3003 2995 2998 3113 0
 2207 2166 2209 2252 0
 2228 2348 2299 2216 0
 2371 2296 2448 4428 0
 3031 5731 3055 3049 0
 2998 2995 3107 3113 0
 2211 2176 2146 2130 0
 2207 2303 2161 2166 0
 2211 2176 2241 2196 0
 4179 4520 4472 2415 0
 4179 4180 4520 2415 0
 5078 4520 4179 4527 0
 4520 4180 4179 4527 0
 4179 4520 5078 4472 0
 2267 2166 2220 2260 0
 2263 2303 2216 2161 0
 2220 2211 2146 2170 0
 3388 4641 4511 2415 0
 3388 4511 4406 2415 0
 4319 2415 4406 4511 0
 2220 2146 2211 2260 0
 4457 2415 4319 4511 0
 4457 2415 4511 4641 0
 3062 3128 2997 3191 0
 5310 4641 3388 4381 0
 2228 2216 2155 2161 0
 3053 3107 3176 3191 0
 3032 3229 3267 3026 0
 3000 3107 3176 3053 0
 3107 3113 2995 3176 0
 3000 2992 3107 2997 0
 3062 3126 3127 3208 0
 3062 3191 3208 3128 0
 3062 3208 3191 3126 0
 2997 3107 3053 3191 0
 3012 3106 3180 3113 0
 4766 3267 3322 3386 0
 3031 5731 3322 3321 0
 3031 5731 3049 3032 0
 4766 3386 3322 4740 0
 3032 3322 4740 4766 0
 5743 3275 5713 3347 0
 4766 4927 3116 3064 0
 4766 3116 4927 4784 0
 3026 4766 3064 4927 0
 3032 3267 4766 3026 0
 3038 3277 3076 3034 0
 3032 3322 3267 3277 0
 4671 5184 4521 5010 0
 4433 4482 4521 5231 0
 5010 4407 5184 4521 0
 4698 4671 4433 4521 0
 2267 2166 2209 2220 0
 2267 2260 2315 2166 0
 2228 2155 2216 2194 0
 3038 3074 3076 3277 0
 3074 3227 3279 3200 0
 984 1061 1053 4953 0
 2159 2254 2224 2261 0
 3003 3180 3229 3176 0
 3032 3277 3267 3229 0
 3182 3229 3044 3180 0
 3229 3003 3044 3180 0
 3032 3026 3003 3229 0
 3032 3229 3038 3277 0
 2086 2104 1983 1965 0
 5284 3159 3235 5640 0
 3047 5429 5477 3016 0
 532 493 5727 440 0
 5536 3428 3391 3396 0
 5536 3396 5477 3428 0
 5663 5477 3396 5559 0
 2034 1983 1955 2086 0
 1996 2067 1932 2082 0
 5329 5498 5386 4564 0
 4665 249 262 304 0
 5498 4285 5386 4564 0
 2185 2227 2318 2257 0
 2568 2516 2450 5596 0
 2347 2257 2304 2375 0
 2568 5596 5551 2516 0
 3047 3040 5429 3016 0
 2475 4396 5596 5616 0
 2394 2375 2445 2347 0
 2347 2375 2318 2257 0
 2375 2304 2394 2352 0
 4485 4150 4490 4353 0
 2347 2299 2394 2304 0
 5270 4353 4485 4490 0
 4566 4490 4586 4504 0
 4490 4353 4566 5270 0
 4566 4586 4147 4504 0
 2902 2934 4221 2982 0
 4147 4586 4566 5270 0
 5697 3420 3374 3391 0
 3445 3439 4363 5429 0
 3096 5477 3092 3047 0
 5556 5697 3391 5536 0
 5484 3430 3431 3373 0
 5713 5640 3456 3373 0
 3456 3476 5640 3464 0
 5713 5640 3464 3456 0
 3400 5713 3373 3306 0
 3400 3347 5713 3306 0
 3400 5494 3445 3464 0
 5536 5477 5663 4412 0
 3321 5556 5731 3374 0
 3321 5731 5556 3031 0
 3032 3064 3026 4766 0
 3182 3044 3229 3111 0
 3073 3051 5713 3083 0
 3074 3044 3229 3038 0
 3074 3200 3279 3277 0
 3074 3200 3229 3111 0
 3277 3322 3321 3034 0
 3277 3034 3032 3322 0
 3098 3159 5284 5640 0
 3177 5284 3159 3235 0
 3074 3119 3076 3279 0
 3279 3131 3321 3335 0
 3074 3229 3200 3277 0
 5556 3321 3031 3034 0
 3335 3321 3374 5556 0
 3059 3083 3098 5640 0
 3098 3159 5640 3083 0
 2982 4221 3018 2934 0
 3075 5275 2982 2940 0
 2902 4678 2868 5275 0
 3075 4516 5453 3243 0
 4869 4872 5115 5326 0
 2169 2079 2182 4814 0
 4514 4567 4694 925 0
 4567 2451 5443 4185 0
 2684 2694 2520 4198 0
 2459 2393 4569 2461 0
 2684 2520 2465 4198 0
 4517 339 5174 2503 0
 2459 4198 2520 2461 0
 5174 4517 2503 4205 0
 4569 4493 4498 4814 0
 4380 4187 4186 2272 0
 230 156 5348 182 0
 5408 1021 1095 1214 0
 4558 3715 3728 4238 0
 4558 1225 5274 4887 0
 92 4433 90 4671 0
 1785 1606 1608 5541 0
 4814 1919 4183 4762 0
 1907 1882 4183 4166 0
 1748 1764 4166 1831 0
 4152 5768 4151 1433 0
 598 560 659 5656 0
 4762 4183 4166 1919 0
 32 4507 68 51 0
 1586 1537 1591 5503 0
 4561 144 64 109 0
 311 364 4644 426 0
 4487 5425 4151 1410 0
 1079 1167 4593 1121 0
 1234 4829 1280 1169 0
 5092 1459 1523 1469 0
 5656 723 5511 776 0
 714 648 4130 783 0
 4585 4891 5082 4518 0
 5657 5677 5725 4458 0
 5082 5725 5719 5677 0
 532 5727 598 650 0
 5727 493 532 598 0
 1000 4331 1026 945 0
 1967 1956 2067 1925 0
 5547 945 765 859 0
 1498 1467 1456 4301 0
 1467 4167 1453 4911 0
 1506 1558 1492 4167 0
 1498 1467 4301 4689 0
 4816 635 541 566 0
 5408 1009 4250 1065 0
 976 862 4250 837 0
 1234 1280 4829 1337 0
 2053 1996 1932 2082 0
 2114 2228 2161 2187 0
 121 4698 110 138 0
 5656 5259 5511 723 0
 493 560 5656 445 0
 1897 1996 1974 2067 0
 5325 372 300 304 0
 698 765 795 5547 0
 1096 4331 1169 1132 0
 4553 5063 55 51 0
 5207 1000 932 945 0
 76 42 4128 59 0
 925 4181 922 4354 0
 46 23 4793 64 0
 2417 4354 4181 2430 0
 922 4181 2417 4354 0
 32 4507 41 68 0
 2032 1974 2150 2036 0
 4529 4667 4196 989 0
 5591 1469 1417 1433 0
 1756 1764 1836 4166 0
 4131 751 765 826 0
 121 95 5315 141 0
 1096 4331 1066 1157 0
 1919 4762 4814 2079 0
 59 4128 67 48 0
 741 847 823 4712 0
 2032 2075 1998 2036 0
 2082 1932 1967 2067 0
 1012 1114 4953 5374 0
 1754 1647 1628 5031 0
 1413 5591 1443 1438 0
 4331 1026 1074 1000 0
 4561 4507 5112 109 0
 2150 2036 2174 2032 0
 1844 1754 1756 4762 0
 1756 4762 4166 1836 0
 1096 1035 1013 4331 0
 1280 1206 1132 4829 0
 1169 1280 1132 4829 0
 253 284 5489 216 0
 2035 2207 2067 1996 0
 1013 5292 931 938 0
 1932 1894 1871 1965 0
 4712 978 4953 984 0
 1974 2035 2150 2067 0
 4712 823 778 962 0
 4201 4544 4497 4542 0
 2430 4542 4201 4497 0
 2035 2032 2174 2093 0
 2082 1932 1965 1967 0
 2053 2161 2187 2114 0
 2086 1983 1906 1965 0
 4131 826 765 5207 0
 710 847 741 4712 0
 2067 2006 1925 1956 0
 1967 1880 1956 1925 0
 1974 1925 2067 2006 0
 2093 2146 2130 2170 0
 1974 2067 1925 1897 0
 2035 2146 2093 2174 0
 2035 1996 2053 2207 0
 2104 2195 2155 2228 0
 2095 2130 2170 2093 0
 2146 2220 2170 2174 0
 2093 2174 2170 2125 0
 2093 2146 2170 2174 0
 1897 1967 2067 1925 0
 1897 1996 2067 1932 0
 1897 1932 2067 1967 0
 2095 2125 2093 2170 0
 2207 2067 2150 2035 0
 2035 2166 2207 2161 0
 2032 2125 2075 2036 0
 2114 2187 2127 2228 0
 658 4137 545 668 0
 2114 2155 2161 2228 0
 1983 2127 1965 2104 0
 1996 2082 2207 2067 0
 2146 2209 2220 2174 0
 1974 2150 2006 2067 0
 2035 1996 2067 1974 0
 1932 1906 1871 1890 0
 1932 1906 1965 1871 0
 1932 1871 1894 1897 0
 1932 1965 1906 1983 0
 2036 2006 1974 2150 0
 2035 1974 2150 2032 0
 2032 2125 2095 2075 0
 2032 2036 2174 2125 0
 629 4137 538 513 0
 2053 1983 2114 2127 0
 1983 1932 1965 2082 0
 2035 2174 2150 2209 0
 2035 2209 2146 2174 0
 2209 2146 2220 2166 0
 2032 2093 2125 2174 0
 2053 2187 2161 2207 0
 2053 2207 2082 2187 0
 2032 2036 1998 1974 0
 2032 2125 2093 2095 0
 2137 2257 2159 2224 0
 136 87 4756 133 0
 1955 1983 1926 1890 0
 1917 1874 1955 1926 0
 1906 1890 1932 1983 0
 502 4482 442 545 0
 2034 1926 1955 1983 0
 1133 1073 5374 1154 0
 1955 1926 1874 1890 0
 2034 2155 2114 2086 0
 4800 5293 4525 5571 0
 1983 1955 2086 1906 0
 2001 2107 2059 2023 0
 5137 3814 4525 5151 0
 2107 2159 2137 2185 0
 2137 2185 2257 2081 0
 2081 2194 2145 2185 0
 502 545 588 4482 0
 2081 2185 2257 2194 0
 1979 2012 2057 2090 0
 1133 1198 1154 5374 0
 2001 2081 2059 2107 0
 962 978 1033 4712 0
 1133 5374 1073 1087 0
 978 1033 4712 4953 0
 2086 2104 2155 2114 0
 658 668 876 4137 0
 4712 847 823 962 0
 1002 1033 4712 962 0
 2086 2195 2155 2104 0
 2081 1960 2059 2034 0
 2194 2227 2145 2185 0
 984 4953 1053 978 0
 1382 5736 1313 1240 0
 2089 2159 2137 2107 0
 2046 2023 2107 2001 0
 1127 1168 1094 4859 0
 4714 1043 1034 1125 0
 1137 1125 4714 1034 0
 1154 1196 1158 5374 0
 4494 5221 1882 1914 0
 13 4128 14 3 0
 2081 2155 2034 2086 0
 4714 1043 965 1034 0
 1115 1158 1151 5374 0
 1383 1374 1287 5712 0
 77 87 4756 60 0
 1061 1115 1053 4953 0
 4756 50 43 47 0
 209 240 264 261 0
 668 4137 545 538 0
 2194 2145 2195 2081 0
 2001 1973 2023 2059 0
 110 157 4433 112 0
 727 710 4712 984 0
 74 45 57 4433 0
 4756 132 87 137 0
 5374 1189 1196 1158 0
 4953 1053 1033 1088 0
 984 4953 1012 1061 0
 4953 1053 1088 1115 0
 1154 1114 5374 1158 0
 4714 1017 1087 1086 0
 1433 1424 5712 5768 0
 876 1012 984 4953 0
 4953 1115 5374 1114 0
 2081 2195 2155 2086 0
 1087 5374 1073 980 0
 1281 1292 1216 1203 0
 4999 187 169 4802 0
 978 1033 4953 1053 0
 282 363 5185 275 0
 1158 1189 1151 5374 0
 2059 1960 1973 1955 0
 2081 2086 2034 2059 0
 2194 2195 2155 2081 0
 4445 4236 4830 3512 0
 2034 2086 1955 2059 0
 207 4756 133 188 0
 893 1012 876 4953 0
 2099 2172 2089 2171 0
 2107 2145 2185 2081 0
 2046 2099 2137 2089 0
 2046 2023 2089 2107 0
 2046 2107 2081 2001 0
 1114 1073 1154 5374 0
 1114 1158 1115 5374 0
 2099 2089 2172 2137 0
 2046 2081 2107 2137 0
 2046 2107 2089 2137 0
 5103 5125 4876 4215 0
 65 42 4128 76 0
 5316 4876 5452 5103 0
 4411 4430 4967 4359 0
 4411 4359 4967 4362 0
 558 634 4712 710 0
 4484 4833 4325 4352 0
 1438 1417 5591 1471 0
 727 4953 4137 876 0
 4483 4348 4792 4352 0
 2016 4532 4352 4348 0
 5342 1510 1476 1466 0
 5296 1291 4573 1317 0
 1087 1133 1198 1178 0
 4714 1017 1086 1034 0
 4714 1233 1163 1178 0
 4714 1087 1163 1086 0
 4714 1269 1233 1232 0
 1137 1221 1217 1125 0
 4563 1281 1216 1203 0
 1217 1163 4714 1233 0
 1178 1232 4714 1233 0
 274 4770 202 282 0
 1137 1086 1034 4714 0
 1137 1217 4714 1125 0
 1321 1332 5603 1347 0
 4507 93 41 68 0
 693 4142 5644 649 0
 463 430 4848 4142 0
 5759 4714 1217 1125 0
 1276 1217 1302 5759 0
 5759 1217 1221 1125 0
 5005 1198 1196 1236 0
 1087 1133 5374 1198 0
 5543 1505 1541 1501 0
 3226 3084 5060 4530 0
 1269 1295 4714 1233 0
 1307 1295 4714 1269 0
 5005 1087 5374 1198 0
 1196 5374 1154 1198 0
 1233 1276 1295 4714 0
 1163 4714 1086 1137 0
 4714 1163 1217 1137 0
 1232 1198 1178 4714 0
 5005 5374 1196 1198 0
 4563 1203 1089 1126 0
 1233 1217 1276 4714 0
 4573 5361 1252 1291 0
 4714 1232 1198 1236 0
 275 5185 255 336 0
 24 4551 2 15 0
 1914 4839 2096 2037 0
 266 322 230 5348 0
 1032 923 971 5764 0
 4526 4360 4579 922 0
 4526 4579 4299 922 0
 4526 4360 4664 4323 0
 4526 4664 4180 4323 0
 4526 4299 4664 922 0
 1950 4188 2087 4839 0
 1299 1248 4504 1183 0
 994 5764 923 1032 0
 4257 5310 4381 4452 0
 4732 4421 4696 3388 0
 5561 5763 1674 1780 0
 5665 5691 5376 4998 0
 5076 4523 5691 468 0
 1376 1347 5603 1332 0
 2124 2098 4653 5124 0
 1738 1794 1887 4171 0
 4289 5337 4547 4364 0
 5316 4289 5337 4547 0
 5376 5337 4214 4364 0
 1914 1882 4183 2037 0
 1876 5546 1863 1796 0
 4997 4188 1950 4839 0
 5221 1824 1882 1914 0
 1814 5221 1882 4166 0
 1785 5221 1882 1814 0
 5532 5399 5277 5118 0
 5118 5399 5277 4479 0
 1844 4762 1867 1754 0
 2192 4814 1919 4183 0
 1748 4166 1764 1656 0
 2182 4814 1919 2192 0
 4286 4658 4655 4583 0
 4286 4394 4548 4191 0
 4174 1863 1843 4192 0
 1831 1836 4166 1919 0
 4658 4583 4209 4655 0
 4166 4494 1882 4183 0
 4494 1882 4183 1914 0
 1785 1824 5221 1608 0
 1748 4166 5541 1814 0
 911 5734 4143 919 0
 1419 1507 1517 4305 0
 5221 1608 1776 5046 0
 1491 4720 1544 1528 0
 5541 1606 1608 5092 0
 1537 5425 5503 1470 0
 1919 2079 1844 4762 0
 278 5348 266 220 0
 1628 5031 5425 5503 0
 1614 1666 5046 1801 0
 1009 862 5408 4250 0
 13 4128 48 14 0
 5421 1455 1503 5611 0
 1656 5503 4166 1756 0
 1305 1333 1271 5607 0
 4150 4322 4584 4284 0
 4490 4150 4584 4353 0
 4353 4150 4584 4165 0
 4584 4322 4150 4490 0
 4584 4353 4566 4490 0
 1831 4166 1814 1907 0
 1748 4166 1814 1831 0
 1831 1907 1919 4166 0
 1919 4183 4166 1907 0
 1907 2037 4183 1882 0
 1831 1764 4166 1836 0
 1591 1662 1656 5541 0
 1748 5541 1662 1785 0
 1748 5541 1785 1814 0
 1656 5503 1756 1628 0
 4756 137 87 136 0
 4829 1296 1337 1333 0
 4479 4471 5067 5215 0
 146 214 4507 223 0
 118 5042 5351 4665 0
 4561 159 190 235 0
 5092 5541 1606 1591 0
 59 42 4128 48 0
 5712 1333 1305 5607 0
 1537 1591 5503 5092 0
 133 4756 130 77 0
 1383 1417 4152 1343 0
 4829 1296 1271 1234 0
 1333 1337 4829 1396 0
 1628 5425 1465 1441 0
 1391 5335 1360 4462 0
 608 560 5656 659 0
 387 445 5656 400 0
 5712 4829 1396 1333 0
 15 4551 26 24 0
 745 776 702 5656 0
 4157 1418 1397 1435 0
 4340 4304 4151 10 0
 4340 4304 5425 4151 0
 57 47 4433 45 0
 207 130 4756 202 0
 505 4143 462 519 0
 33 82 4551 62 0
 1413 5591 1438 1417 0
 4393 1860 1801 5221 0
 5092 1537 1591 1523 0
 1459 1470 1410 5425 0
 5503 1586 1470 1628 0
 5425 5340 4284 5031 0
 5061 1377 1340 1284 0
 1311 1377 5061 1284 0
 5061 1377 1311 5340 0
 1363 5611 1485 1381 0
 5408 5540 4130 783 0
 1311 5061 1241 1284 0
 1206 5061 1284 1241 0
 1167 5061 1206 1241 0
 5061 1284 1280 1206 0
 1340 1284 1280 5061 0
 5061 1337 1280 1340 0
 1396 1337 4487 1384 0
 4829 1337 1280 5061 0
 1385 1354 1365 5224 0
 1385 5224 1365 1389 0
 4152 1433 5712 5768 0
 1433 1374 5712 1424 0
 2087 4605 2215 2240 0
 8 2 3 4551 0
 4507 155 214 146 0
 1383 1417 1433 4152 0
 1413 1417 1343 4152 0
 514 413 5346 506 0
 5751 370 366 382 0
 1383 1433 5712 4152 0
 4487 1410 1396 1384 0
 1410 1384 5425 1441 0
 4487 1384 5061 5425 0
 5425 5061 1377 1384 0
 1384 1340 5061 1377 0
 1337 1384 1340 5061 0
 1337 1384 5061 4487 0
 1441 1465 1377 5425 0
 209 261 4582 234 0
 588 4482 545 4137 0
 5184 4136 4957 5029 0
 79 73 5072 47 0
 5656 711 703 774 0
 77 50 60 4756 0
 97 68 4507 51 0
 4596 4530 5094 4873 0
 4250 1049 976 940 0
 4312 1406 5611 1485 0
 4873 4596 5060 4463 0
 73 50 77 4756 0
 158 4999 187 169 0
 1231 1190 4156 1315 0
 184 5333 187 219 0
 184 187 5333 170 0
 4400 4586 4485 4490 0
 4250 4400 4586 4485 0
 31 51 5063 12 0
 148 5381 191 177 0
 4551 26 25 15 0
 6 5063 2 24 0
 5270 4490 4485 4586 0
 4566 4490 5270 4586 0
 5270 4586 4485 5611 0
 97 4507 68 146 0
 714 576 4581 582 0
 714 648 582 4130 0
 1091 997 1049 4146 0
 645 4644 549 630 0
 645 4456 630 706 0
 1646 1515 4312 1605 0
 4312 1624 1692 1605 0
 4576 1422 1463 1531 0
 4893 361 4138 319 0
 11 27 4565 5063 0
 4926 5459 4565 4999 0
 4502 5459 5362 4999 0
 5656 776 702 723 0
 219 4502 250 5333 0
 1550 1563 1672 4171 0
 320 285 245 5052 0
 4818 4134 5366 5040 0
 144 5112 210 109 0
 190 4760 270 228 0
 33 14 62 4551 0
 952 4186 4287 2272 0
 2272 4170 5437 2293 0
 4169 4170 2272 2293 0
 36 4565 63 27 0
 5063 27 4565 36 0
 11 27 5063 17 0
 4770 4756 202 282 0
 134 79 145 4433 0
 673 636 4144 593 0
 8 4551 3 14 0
 13 4128 21 42 0
 4551 3 14 4128 0
 4793 44 4507 109 0
 46 4561 64 4793 0
 124 85 4888 75 0
 250 4502 277 5333 0
 41 4507 20 44 0
 5 1 4 5063 0
 4507 223 151 146 0
 4507 223 161 151 0
 19 4612 26 25 0
 387 5727 493 440 0
 44 88 41 4507 0
 68 93 146 4507 0
 20 32 26 4507 0
 4507 146 151 93 0
 24 51 4507 32 0
 4553 55 155 97 0
 6 4 1 5063 0
 6 2 5063 1 0
 24 4553 51 5063 0
 4756 43 60 49 0
 12 51 5063 6 0
 5 5063 9 1 0
 17 5063 4 12 0
 34 63 4565 27 0
 83 110 90 4433 0
 22 4633 38 56 0
 27 17 36 5063 0
 5063 1 2 4551 0
 11 16 5 5063 0
 4989 661 5727 561 0
 5381 148 191 153 0
 5166 4318 4228 4710 0
 36 5063 31 71 0
 4 17 11 5063 0
 5 5063 4 11 0
 4137 893 5374 5320 0
 893 1073 5374 980 0
 84 4756 60 49 0
 4756 49 45 43 0
 4924 5421 5218 4161 0
 5374 893 980 5320 0
 4137 5320 5374 5066 0
 4413 4485 5421 4924 0
 4924 5421 4413 5218 0
 130 77 4756 73 0
 57 4433 47 70 0
 21 35 4633 22 0
 224 5040 273 306 0
 4793 5042 4561 4688 0
 4360 4667 922 2417 0
 922 2417 4667 989 0
 304 300 5325 249 0
 4319 4529 989 922 0
 308 5183 330 331 0
 1017 1087 980 5320 0
 275 363 5185 336 0
 4611 5121 5227 4598 0
 4662 4598 1593 4808 0
 4537 4598 4611 4568 0
 5227 1593 4598 4808 0
 4611 4537 4309 4598 0
 4953 4859 5066 5374 0
 2162 4589 4727 4805 0
 4589 2162 2117 4805 0
 2350 2353 2302 4589 0
 5659 4473 4589 5233 0
 188 4756 136 180 0
 282 5185 363 377 0
 463 430 503 4848 0
 407 405 408 5590 0
 5320 1087 5374 5005 0
 4137 893 5320 781 0
 4137 4953 5374 893 0
 4137 4953 893 876 0
 442 4482 315 5231 0
 588 4137 545 658 0
 4756 188 207 255 0
 668 893 4137 781 0
 145 4756 73 130 0
 136 188 133 4756 0
 4433 189 145 134 0
 442 384 315 4482 0
 5231 225 4433 254 0
 538 5231 545 444 0
 209 4582 261 264 0
 5610 4143 5423 5706 0
 548 363 5185 513 0
 396 395 430 4142 0
 581 593 664 5673 0
 444 377 5231 274 0
 254 325 5231 225 0
 70 47 79 4433 0
 5231 274 225 325 0
 502 4482 384 442 0
 444 325 274 5231 0
 668 538 781 4137 0
 380 391 419 397 0
 1040 4358 4442 3512 0
 658 4137 876 727 0
 876 4137 668 893 0
 741 823 778 4712 0
 442 5231 444 545 0
 442 325 5231 254 0
 442 5231 325 444 0
 727 984 4953 876 0
 4199 4417 4514 4594 0
 4226 4225 4418 4531 0
 4594 4203 4567 4557 0
 4417 4203 4567 4594 0
 506 413 5346 425 0
 4596 4531 4418 4232 0
 4904 4572 4356 4531 0
 4594 4557 4354 4204 0
 134 79 4433 70 0
 5489 153 191 216 0
 588 727 710 4712 0
 741 778 634 4712 0
 121 5315 95 90 0
 4131 5207 5511 826 0
 74 81 4433 57 0
 5346 613 692 686 0
 819 774 5511 5656 0
 558 4482 634 514 0
 4698 90 121 110 0
 4698 157 138 196 0
 536 632 5346 613 0
 595 514 617 5346 0
 4698 4433 157 238 0
 4433 134 70 112 0
 74 92 4433 83 0
 110 4433 4698 90 0
 193 134 242 4433 0
 57 70 112 4433 0
 4433 242 189 134 0
 293 352 289 5112 0
 279 4433 193 242 0
 4531 4572 4356 4552 0
 4433 157 193 112 0
 74 80 4433 92 0
 92 90 4433 83 0
 4888 4388 4612 5315 0
 4433 112 81 110 0
 74 4433 81 83 0
 4433 57 81 112 0
 745 773 5656 703 0
 617 634 719 778 0
 755 778 838 5748 0
 711 5570 774 5656 0
 5183 280 330 289 0
 4665 172 118 128 0
 962 5748 838 778 0
 5346 634 514 617 0
 617 686 778 719 0
 5207 765 945 932 0
 481 532 578 5727 0
 5540 714 4130 783 0
 710 741 634 4712 0
 5346 755 778 686 0
 5346 778 617 686 0
 719 778 634 741 0
 719 778 741 823 0
 5346 778 755 5748 0
 595 5346 613 506 0
 4392 4430 4876 4411 0
 2498 4411 4876 4362 0
 5316 4362 2498 4876 0
 5316 2498 5452 4876 0
 5346 333 447 425 0
 4698 138 173 196 0
 4688 4388 4612 5351 0
 399 514 4482 458 0
 650 702 723 5727 0
 321 297 356 5325 0
 4813 4413 4921 5290 0
 4561 159 91 107 0
 4485 4413 3586 4536 0
 153 5489 5022 5333 0
 639 632 4132 565 0
 4546 4349 5184 4459 0
 599 5570 639 711 0
 4321 4959 4574 4535 0
 321 5325 356 378 0
 5544 4321 4959 4574 0
 4535 4574 4438 4432 0
 4911 4771 4535 4812 0
 5314 284 216 5489 0
 608 599 703 5656 0
 387 5656 445 493 0
 5656 819 773 745 0
 598 5656 702 5727 0
 560 5656 368 608 0
 598 650 5727 702 0
 2430 1048 4187 4401 0
 2430 4554 1048 4401 0
 922 2417 989 4200 0
 922 4181 4360 2417 0
 5656 703 608 659 0
 5727 723 5656 702 0
 659 745 5656 703 0
 4131 826 5511 751 0
 372 373 5325 300 0
 159 235 4561 198 0
 5325 300 259 249 0
 776 819 5511 5656 0
 5656 703 711 599 0
 109 161 88 4507 0
 4507 161 88 151 0
 4793 109 4507 4561 0
 308 330 5183 280 0
 107 4561 190 144 0
 4400 4130 4559 5408 0
 5042 4561 128 91 0
 107 4561 64 46 0
 144 109 4561 5112 0
 144 5112 4561 4760 0
 5042 91 128 61 0
 4665 118 172 226 0
 4665 226 262 118 0
 23 64 44 4793 0
 5351 4612 4888 4388 0
 91 4561 107 46 0
 4561 159 107 190 0
 1290 1309 5611 1363 0
 481 561 5727 578 0
 639 704 4132 632 0
 107 144 64 4561 0
 1215 5611 1323 1306 0
 4793 44 109 64 0
 4561 4793 109 64 0
 4612 4507 4388 4688 0
 545 5231 4482 442 0
 1002 4963 874 5748 0
 4407 5184 171 4871 0
 4132 754 815 5346 0
 686 692 5346 755 0
 595 686 613 5346 0
 506 5346 527 425 0
 5346 754 815 755 0
 4132 704 754 695 0
 4132 704 695 632 0
 5656 711 5570 599 0
 5325 477 467 565 0
 565 632 5325 536 0
 536 565 477 5325 0
 613 5346 695 632 0
 632 695 4132 5346 0
 527 613 536 5346 0
 5325 632 5346 536 0
 527 5346 447 425 0
 333 5346 413 425 0
 527 5346 536 447 0
 5325 447 5346 333 0
 477 356 447 5325 0
 5346 5325 536 447 0
 5325 356 333 297 0
 321 236 297 5325 0
 5325 313 321 236 0
 313 321 378 5325 0
 5325 378 313 373 0
 300 373 5325 313 0
 373 5325 477 467 0
 373 378 477 5325 0
 5325 378 477 356 0
 447 5325 356 333 0
 5325 4132 632 565 0
 4299 4579 4526 4365 0
 5727 493 5656 387 0
 4319 4579 922 4299 0
 4299 4365 4526 4180 0
 5656 776 819 745 0
 5727 493 598 5656 0
 4319 4299 922 4199 0
 5656 745 659 702 0
 5570 5656 5599 774 0
 5184 4459 4349 4597 0
 5207 972 932 1000 0
 1013 972 931 5292 0
 4925 5511 5599 5656 0
 4561 4760 5336 4713 0
 967 5292 813 890 0
 890 813 704 4132 0
 890 4132 704 807 0
 4132 754 704 807 0
 4132 807 815 754 0
 692 613 5346 695 0
 1013 1096 4331 1066 0
 1013 972 4331 1035 0
 1013 5292 938 967 0
 4698 4346 5346 5325 0
 208 5315 4698 5325 0
 281 5325 297 236 0
 333 5325 297 281 0
 281 5325 236 208 0
 208 5325 4698 281 0
 4698 5325 5346 333 0
 4698 5346 413 333 0
 4132 695 754 5346 0
 5346 632 5325 4132 0
 692 5346 755 754 0
 506 527 5346 613 0
 4760 4713 4561 235 0
 198 4713 235 4561 0
 198 159 128 4561 0
 5319 2332 4189 4468 0
 2151 3586 2016 4149 0
 4536 3586 2151 4149 0
 789 926 4456 748 0
 799 997 4250 940 0
 2151 4377 4149 4351 0
 4351 4149 2151 2016 0
 4536 4149 2151 4377 0
 5408 910 663 757 0
 948 783 903 5408 0
 1131 1215 5611 1323 0
 771 997 4250 799 0
 1338 1275 4146 1062 0
 2167 2100 5311 2126 0
 717 4456 789 969 0
 757 862 837 4250 0
 219 187 195 4999 0
 630 646 4644 559 0
 5408 663 910 783 0
 5408 4130 663 783 0
 523 663 4130 556 0
 647 635 4816 566 0
 1009 862 910 5408 0
 501 5617 402 434 0
 523 4559 663 544 0
 432 4559 544 524 0
 501 541 4131 607 0
 698 607 4131 635 0
 556 4130 648 663 0
 1275 1366 4146 1306 0
 5062 5617 4131 501 0
 451 561 4815 5727 0
 4448 5280 4985 4314 0
 4250 1049 1065 976 0
 4147 1355 1299 1229 0
 4504 1183 1248 1047 0
 4504 1047 1044 1183 0
 4147 1355 1463 4576 0
 4147 1044 1229 4504 0
 5408 903 1029 956 0
 4481 587 645 487 0
 4147 1355 4576 1299 0
 1539 5188 4312 1464 0
 795 765 859 5547 0
 635 4131 541 607 0
 253 355 4931 338 0
 4312 1464 1406 1515 0
 698 697 4131 607 0
 698 4131 697 765 0
 1993 5619 4178 1828 0
 4147 1310 1229 1214 0
 1406 1485 1363 5611 0
 4147 1044 1029 1229 0
 1205 1164 5611 1290 0
 4147 1229 1029 1214 0
 4147 1406 1290 5611 0
 4816 5183 4347 5525 0
 1381 1503 1398 5611 0
 950 981 1042 4145 0
 1306 4146 1398 1366 0
 1131 1049 4146 1091 0
 1164 1309 1131 5611 0
 1164 1065 5611 1131 0
 1734 4780 1788 1834 0
 1777 1804 4780 1837 0
 1423 1366 1455 5421 0
 4586 5611 5408 4250 0
 4452 5078 4472 4255 0
 4452 4944 4472 4338 0
 4472 4338 5078 4452 0
 4576 1451 1299 1422 0
 4147 5408 1214 1029 0
 4147 1290 1214 1205 0
 4147 1214 1095 1205 0
 4147 5611 1205 1095 0
 1381 5611 1485 1503 0
 926 4250 771 997 0
 5408 1029 948 1021 0
 5408 903 948 1029 0
 1131 1091 4146 1215 0
 4147 5611 1290 1205 0
 5408 956 913 790 0
 1095 1009 5408 1065 0
 1044 913 5408 956 0
 1131 1065 5611 1049 0
 1930 4177 1837 4703 0
 1910 4674 1912 1985 0
 1987 2003 2048 4703 0
 2116 4860 2044 2120 0
 2005 1892 1958 4860 0
 1930 4860 4177 4703 0
 1009 862 4250 976 0
 4147 1095 1214 5408 0
 4147 5408 5611 1095 0
 1095 1009 1021 5408 0
 5611 4250 1049 1065 0
 4250 1065 5611 5408 0
 1021 5408 1009 910 0
 1095 1164 1065 5611 0
 4708 4570 4288 4775 0
 4171 1690 1743 1757 0
 2069 1993 2085 4178 0
 4486 2148 2004 2142 0
 5381 4798 191 177 0
 4147 1406 1386 1290 0
 5221 4494 5436 4315 0
 4147 1310 1214 1290 0
 4147 1229 1310 1355 0
 4147 1386 1310 1290 0
 1933 1828 1997 4178 0
 5376 4547 5135 468 0
 4319 4547 4199 990 0
 4547 4289 4364 4218 0
 2085 5619 4178 1993 0
 5691 5337 5376 4922 0
 4547 5337 5376 4364 0
 2085 2222 4178 2204 0
 1992 2076 4805 2052 0
 2052 4805 2117 2076 0
 2069 2222 4178 2085 0
 5619 2085 4178 4486 0
 2004 2142 2085 4486 0
 2052 4805 4178 2117 0
 2076 4805 2117 2162 0
 1997 2069 2052 4178 0
 4178 2069 2117 2222 0
 2052 4178 2069 2117 0
 1997 1828 1993 4178 0
 1997 4178 1993 2069 0
 1992 1997 4178 1933 0
 1992 1912 4674 1985 0
 1912 4780 1868 1933 0
 4780 1912 4674 1933 0
 2018 1985 1992 4674 0
 2168 4805 2144 2103 0
 2103 2076 2162 4805 0
 2018 2076 2103 4805 0
 4636 2201 2147 2247 0
 4188 5444 4716 5124 0
 4787 2073 2005 1937 0
 2048 2129 4703 2072 0
 4860 1900 4177 1892 0
 2105 2175 4175 5311 0
 1958 1892 1900 4860 0
 1952 1987 4703 2003 0
 4860 2044 2048 1987 0
 1952 1953 2003 4703 0
 2003 2048 4703 2072 0
 5537 835 857 912 0
 1930 1988 4860 1987 0
 1930 1900 4860 1958 0
 1988 1987 2044 4860 0
 4280 672 4432 2262 0
 4432 672 4397 2262 0
 1849 4177 1837 1930 0
 1455 1398 4146 1366 0
 1837 1910 4780 1834 0
 1849 4177 1804 1837 0
 1799 1783 4177 1745 0
 1849 1900 4177 1930 0
 4177 4860 1930 1900 0
 1624 1568 1678 1611 0
 1777 1734 1834 4780 0
 4780 1868 1834 1912 0
 1455 1503 5611 1398 0
 647 576 4581 794 0
 1624 4312 1568 1548 0
 4475 5373 4462 5141 0
 4162 1714 1646 1605 0
 1205 5611 1164 1095 0
 409 330 352 5183 0
 1777 1834 1837 4780 0
 4498 4182 4542 4342 0
 5022 4134 5362 5333 0
 4481 487 459 587 0
 5659 4473 2420 4589 0
 2290 5437 4187 2272 0
 4177 1783 1746 1745 0
 1799 4177 1783 1849 0
 4177 1746 1783 1804 0
 2118 4842 2056 2073 0
 1513 1483 1545 4754 0
 1408 5600 1353 1328 0
 1458 4578 1508 1512 0
 2080 4860 4787 2005 0
 1423 5421 1338 1366 0
 5696 1936 1864 1934 0
 4578 1508 1512 1566 0
 2073 2080 4787 2005 0
 1883 4628 1936 1835 0
 4638 1701 1625 1649 0
 1430 5421 1423 1508 0
 4503 4578 1508 1458 0
 4161 1713 4390 1745 0
 4754 1403 1341 1322 0
 4583 4548 4637 4286 0
 4288 4701 4548 2455 0
 4288 4570 5212 4775 0
 4777 1938 1885 1964 0
 1989 4176 5430 1936 0
 4570 4775 4637 5212 0
 770 4548 4583 4286 0
 1742 1704 5456 1680 0
 4860 1892 4177 4787 0
 2088 2044 2116 4860 0
 5696 1858 5432 1946 0
 5432 4777 1946 1861 0
 1989 5696 1934 1936 0
 1963 1891 4454 1879 0
 1963 1923 4176 1947 0
 1946 1980 4777 2028 0
 2100 5311 4842 2167 0
 2042 1947 1963 4176 0
 2042 5430 5311 2061 0
 2042 1947 4176 1989 0
 2042 1989 5430 2061 0
 2100 2042 1963 4842 0
 2100 1963 2056 4842 0
 1937 4787 1892 2005 0
 2080 2088 2123 4860 0
 2062 5397 2113 2134 0
 4400 5408 4559 4250 0
 2126 5311 2061 2100 0
 2118 4842 2073 2140 0
 4777 1861 1893 1946 0
 2100 2056 2118 4842 0
 2100 2042 5311 2061 0
 2100 5311 2042 4842 0
 4777 2062 5397 2028 0
 2306 2289 2234 5668 0
 5668 2175 4175 2234 0
 2126 2105 2061 5311 0
 5430 5311 4176 2042 0
 1840 1893 4777 1809 0
 2062 2028 4777 1980 0
 1980 1938 4777 2009 0
 2105 2113 4175 2160 0
 5311 4901 2321 5668 0
 2134 2113 2200 5397 0
 2213 5397 2200 4175 0
 5397 4175 2113 2200 0
 2321 5668 2175 5311 0
 5430 1989 2014 2061 0
 2105 2061 5430 2014 0
 4176 1989 5430 2042 0
 2213 2134 2200 5397 0
 2028 5397 2113 2062 0
 2028 2014 2105 5696 0
 2105 5397 5696 4175 0
 1775 5432 1772 1858 0
 1809 4777 5432 1861 0
 1964 2025 4777 2009 0
 5696 5397 2028 4777 0
 1508 1566 4578 1551 0
 1938 1964 4777 2009 0
 1840 1938 1885 4777 0
 1840 1938 4777 1893 0
 1742 1760 5456 1704 0
 4638 1649 1625 1551 0
 4572 4575 4356 4552 0
 1054 4807 4145 982 0
 5421 1588 1455 1423 0
 1797 4777 4776 1760 0
 1883 1936 4176 1947 0
 1719 1680 5456 1604 0
 4777 5696 5432 1946 0
 1797 4777 1840 1885 0
 4549 4797 5398 4421 0
 5752 1107 1023 1030 0
 4952 4797 5398 4549 0
 4364 4600 4549 4729 0
 1797 1885 1827 4777 0
 1023 1113 4145 1042 0
 1392 1348 1338 5421 0
 4274 4550 4376 4199 0
 4274 4550 4406 4421 0
 4547 4550 4199 990 0
 1258 1054 5441 1173 0
 4376 4550 993 4199 0
 5050 1068 902 1084 0
 4754 1431 1483 4578 0
 4252 5295 1039 1117 0
 717 969 957 4456 0
 950 4145 1042 1023 0
 968 999 4145 1030 0
 982 5537 4145 857 0
 1288 5521 1341 1278 0
 4818 5381 4134 4757 0
 968 4145 999 899 0
 1042 4145 1176 1113 0
 950 1023 968 4145 0
 5123 567 624 5161 0
 5537 804 835 791 0
 1045 969 4456 1097 0
 4148 1068 1171 1141 0
 1486 1432 4720 1491 0
 1328 5600 5441 4608 0
 4578 4754 5394 4899 0
 1054 4145 1046 970 0
 4165 471 4495 4448 0
 1062 1091 1275 4146 0
 4578 1566 1649 1551 0
 1275 4146 1091 1215 0
 1392 1423 1430 5421 0
 1062 4146 997 1091 0
 4807 5537 4145 982 0
 1338 4146 1097 1045 0
 748 771 926 4250 0
 1045 4456 969 926 0
 1045 1062 4146 926 0
 1244 1353 5441 1176 0
 950 873 4145 968 0
 5177 1353 5441 1244 0
 5752 1244 4145 1113 0
 4638 4826 4899 4163 0
 1023 1030 4145 5752 0
 899 818 873 4145 0
 4975 1564 4160 1543 0
 1023 4145 1113 5752 0
 1511 5383 1585 1543 0
 970 981 879 4145 0
 1543 4975 1520 1452 0
 1080 1144 4153 1109 0
 1408 5600 1457 1478 0
 857 879 4145 970 0
 1883 4176 1870 1947 0
 310 218 5676 265 0
 811 818 4145 873 0
 912 5537 1027 982 0
 4312 1515 1539 1464 0
 4251 5678 4807 5317 0
 4162 1788 1714 1734 0
 845 4991 869 953 0
 5513 5735 1027 1108 0
 1262 4872 1251 1257 0
 4158 1212 1364 1104 0
 5024 386 389 341 0
 4161 1551 1588 5421 0
 5522 1847 1828 1761 0
 1054 970 982 4145 0
 1173 4145 1176 1046 0
 1173 5441 1176 4145 0
 1483 4578 1512 1545 0
 465 4131 5617 501 0
 524 651 4559 544 0
 1046 981 4145 1042 0
 1046 4145 981 970 0
 1173 1046 1054 4145 0
 1129 1143 4627 1201 0
 448 523 4130 466 0
 1758 4858 1819 1813 0
 4252 1003 1019 1060 0
 1294 1227 5756 1208 0
 1129 1175 1201 4627 0
 4162 1714 1761 1684 0
 1097 4456 1045 4146 0
 5108 1590 1730 1806 0
 1083 1004 1140 4659 0
 1117 4252 5469 1136 0
 5709 849 986 4275 0
 468 4922 990 4523 0
 4523 5316 990 5452 0
 5316 2498 990 5452 0
 624 567 609 5161 0
 4252 977 1019 1003 0
 1200 1136 1117 5469 0
 1394 1408 1328 5069 0
 5441 4145 1173 1054 0
 5441 1244 1176 4145 0
 624 5123 700 689 0
 1155 1106 5544 1117 0
 4754 1403 1483 1431 0
 1513 4754 1545 1589 0
 4314 1746 4780 1692 0
 4578 1512 1444 1431 0
 1213 5553 1182 1237 0
 1328 4608 5441 1258 0
 5204 1326 4608 1336 0
 1558 1530 1492 4167 0
 4252 1039 1060 1117 0
 1003 875 5295 977 0
 4252 1039 1003 1060 0
 4252 1060 1069 1136 0
 5513 5294 5735 5708 0
 1558 1599 4167 4395 0
 4252 1136 1117 1060 0
 4608 1237 5553 1213 0
 1047 913 794 4504 0
 4161 1588 1568 1503 0
 4161 1626 1588 1551 0
 1923 4454 1963 4176 0
 1431 1403 1341 4754 0
 1431 4578 1368 1444 0
 1336 5069 1328 4608 0
 1457 5474 5091 1513 0
 1394 1408 5069 1457 0
 4160 1585 1543 1600 0
 1716 1772 1710 4607 0
 1289 4608 1336 1258 0
 4291 1564 1604 1600 0
 4160 1564 1600 1543 0
 4160 1653 1585 1600 0
 4160 1681 1631 1653 0
 4160 1653 1631 1585 0
 5456 1600 1604 1680 0
 5432 1772 1710 1775 0
 5432 1775 1710 1681 0
 4160 1710 1627 1681 0
 4160 1681 1627 1631 0
 5383 1556 1631 1627 0
 5383 1556 1585 1631 0
 5383 1578 1627 1654 0
 5383 1585 1556 1511 0
 4312 1485 1503 1548 0
 4975 1543 5383 1511 0
 5383 1540 1627 1578 0
 4975 1511 5383 5147 0
 4160 1627 1710 1654 0
 4607 1654 1710 1716 0
 1180 4148 1272 1204 0
 4607 1772 1787 1716 0
 5432 1710 1772 4607 0
 4510 1864 1787 1772 0
 4510 1864 1936 1835 0
 5432 1864 1772 1858 0
 1858 1864 5696 5432 0
 5456 1681 1704 1760 0
 5456 1600 1680 1653 0
 4291 5456 1600 1604 0
 1336 4608 1328 1258 0
 1750 1759 1769 5486 0
 1453 4167 1492 1426 0
 4171 1887 1839 1794 0
 5123 594 689 624 0
 1220 1268 5521 1278 0
 5421 1503 1455 1588 0
 1835 4510 4628 1936 0
 1431 1512 1483 4578 0
 4578 4899 5394 4638 0
 4161 1568 1588 1611 0
 5204 1336 4608 5069 0
 4662 1587 1570 1522 0
 4148 4869 1185 1235 0
 1879 4454 1963 1923 0
 4588 4176 1923 1870 0
 1768 1815 1855 4390 0
 1864 5696 4510 1936 0
 1084 902 5050 4619 0
 1483 4754 1436 1403 0
 4148 1171 1185 1141 0
 1486 1544 4720 5056 0
 1810 4172 1732 5172 0
 1467 4911 4301 4689 0
 1372 1358 4720 1294 0
 1513 1483 4754 1436 0
 5474 5122 5600 5069 0
 310 5024 389 341 0
 1180 1272 4148 1246 0
 4585 4687 4891 4398 0
 1289 1286 4872 1237 0
 310 389 4133 335 0
 1082 4456 957 1097 0
 3036 4585 4891 3168 0
 990 4632 993 4219 0
 4148 1185 1171 1235 0
 1868 1834 1788 4780 0
 4501 3254 1059 4163 0
 4813 1188 1141 1230 0
 990 4219 993 4200 0
 4813 1230 1141 1185 0
 4813 1230 1268 1188 0
 4474 3254 4501 4163 0
 4163 4474 3254 4323 0
 990 993 4199 4200 0
 990 4550 4199 993 0
 990 4632 4550 993 0
 4165 4434 4284 5420 0
 4148 1235 1171 1246 0
 1180 1068 4148 1084 0
 1180 1084 4148 1204 0
 1180 1246 4148 1171 0
 1180 1068 1171 4148 0
 5031 4284 4434 5420 0
 4162 1761 1714 1788 0
 4165 5420 4539 4434 0
 630 4644 549 559 0
 4162 1646 1714 1684 0
 4162 1730 1761 1828 0
 5108 1806 1730 1828 0
 5314 331 308 287 0
 4456 645 779 706 0
 355 448 360 4559 0
 5728 4312 1646 1539 0
 4162 1684 1572 1646 0
 5449 1572 1730 1590 0
 4644 559 480 549 0
 5728 1646 4312 1605 0
 4162 5522 1761 1788 0
 1219 1338 1348 4666 0
 4161 1678 1568 1611 0
 4161 1668 1678 1611 0
 4161 1588 1668 1611 0
 4312 1503 1568 1548 0
 4312 1678 1624 1568 0
 4161 1745 1678 1668 0
 4314 1746 1678 1745 0
 289 5183 352 330 0
 4161 1588 1503 5421 0
 1588 5421 1551 1423 0
 1430 5421 1348 1392 0
 1551 5421 4503 1508 0
 4638 4161 1625 1701 0
 1736 1701 4638 1768 0
 1701 1724 4638 1768 0
 4161 1736 1701 4638 0
 4390 1766 1736 1815 0
 4390 1815 1736 1768 0
 4161 1736 1766 1683 0
 4161 1713 1683 1766 0
 1846 1791 4177 4390 0
 4161 1683 1626 1625 0
 4161 1625 1626 1551 0
 4161 1683 1625 1701 0
 4161 1701 1736 1683 0
 4638 1551 1625 4161 0
 4161 1683 1713 1626 0
 4161 1713 1745 1668 0
 4602 562 4133 5024 0
 459 4133 4602 562 0
 411 4133 459 562 0
 411 4133 562 389 0
 411 389 335 4133 0
 411 4133 335 362 0
 204 248 176 5366 0
 487 362 4133 459 0
 487 362 374 4133 0
 301 4133 374 362 0
 301 4798 273 268 0
 301 364 374 4644 0
 5408 956 1029 1044 0
 4147 1029 1044 5408 0
 4504 1047 913 1044 0
 4162 1572 1684 1730 0
 4481 687 694 587 0
 4162 1605 1734 1714 0
 4162 1605 1692 1734 0
 630 4456 645 4644 0
 4644 559 646 547 0
 4644 426 559 547 0
 4644 364 480 426 0
 4644 374 480 364 0
 487 374 480 4644 0
 487 4644 4133 374 0
 549 4644 645 487 0
 4644 480 487 549 0
 4456 4481 645 4644 0
 630 4456 4644 646 0
 4481 4133 459 487 0
 411 362 459 4133 0
 587 687 631 4602 0
 459 631 4602 587 0
 642 4602 631 709 0
 687 4481 853 777 0
 709 4602 631 687 0
 4662 1641 1570 1587 0
 709 777 4602 687 0
 4602 631 459 579 0
 579 4602 631 642 0
 579 4602 642 562 0
 4602 579 459 562 0
 687 4481 777 4602 0
 587 4602 4481 687 0
 4147 1229 1299 4504 0
 4576 4322 4566 4504 0
 277 287 5314 308 0
 265 317 5676 310 0
 306 335 4133 362 0
 5366 204 4798 177 0
 4147 1386 1406 1464 0
 4147 1386 1464 1463 0
 4147 1463 1355 1310 0
 4147 1310 1386 1463 0
 4312 1515 1406 1485 0
 5188 1497 1531 1463 0
 4474 906 4180 1619 0
 4474 4664 4180 906 0
 153 5489 5381 5022 0
 310 217 5676 218 0
 2259 2249 2346 4276 0
 465 402 501 5617 0
 906 4664 4180 925 0
 5621 4276 2449 4198 0
 1619 906 4180 4694 0
 906 925 4180 4694 0
 2346 2449 5621 4276 0
 448 544 4559 523 0
 497 4581 576 582 0
 4816 4131 541 635 0
 169 187 170 4802 0
 491 576 4581 566 0
 5183 330 331 409 0
 4581 4130 582 497 0
 72 63 4565 34 0
 360 4559 448 432 0
 5381 5366 4798 177 0
 495 4130 4931 497 0
 113 125 167 4565 0
 4931 284 5314 5489 0
 4798 4134 5366 5381 0
 4931 4130 4559 4400 0
 4533 4654 4400 4352 0
 306 5676 310 217 0
 273 5040 4133 306 0
 5022 4134 5489 5381 0
 4816 566 465 491 0
 1001 1111 4158 1212 0
 310 4133 389 5024 0
 306 4133 335 310 0
 311 364 301 4644 0
 204 177 251 4798 0
 311 4798 268 258 0
 273 5040 224 244 0
 301 268 311 4798 0
 5489 4801 4134 4883 0
 4798 4134 5040 5366 0
 301 4133 362 273 0
 301 4133 4644 374 0
 268 244 4798 273 0
 150 5040 215 224 0
 268 258 4798 244 0
 4818 4134 5381 5366 0
 355 251 253 4798 0
 250 277 246 5333 0
 250 219 5333 246 0
 289 280 161 5112 0
 228 4760 5112 144 0
 293 228 5112 210 0
 4760 4713 235 270 0
 253 4931 355 4798 0
 4502 4999 5333 219 0
 269 5183 280 308 0
 269 223 280 4507 0
 4910 4546 5184 4459 0
 5333 4134 4883 5489 0
 253 4931 284 338 0
 153 5333 229 5489 0
 5489 5333 4134 5022 0
 5022 5381 4757 4134 0
 5041 4725 4373 5244 0
 320 4983 375 285 0
 154 200 103 4591 0
 66 72 154 4565 0
 154 66 4565 103 0
 66 4565 34 72 0
 103 5052 131 4278 0
 113 125 4565 63 0
 158 187 170 169 0
 512 601 4140 619 0
 4619 1123 1140 1195 0
 4693 427 394 526 0
 206 221 222 4591 0
 158 100 4999 140 0
 5359 5119 4171 1563 0
 1227 5756 1184 1255 0
 72 113 4565 63 0
 5052 231 165 5348 0
 4153 4659 5121 4154 0
 113 72 4565 154 0
 113 154 4591 168 0
 4679 163 4818 108 0
 4169 4164 4377 4501 0
 4169 2272 4164 906 0
 4169 4164 2151 4377 0
 4169 4164 4501 906 0
 4996 292 4343 256 0
 4996 241 181 192 0
 1372 1407 1325 4611 0
 213 4139 272 252 0
 4139 379 298 272 0
 4996 181 163 147 0
 4996 4679 213 201 0
 115 4679 4757 108 0
 122 162 4679 147 0
 4629 7 5016 4259 0
 4253 4421 7 4629 0
 4253 7 5016 4629 0
 4629 4421 7 4696 0
 4629 4696 7 2425 0
 4955 427 4693 482 0
 657 546 574 4681 0
 4996 237 201 213 0
 5710 4171 1738 5046 0
 4505 4158 4333 4640 0
 5222 4383 3760 4643 0
 521 392 4955 574 0
 534 441 499 4142 0
 334 285 375 4983 0
 505 554 5538 590 0
 505 590 4143 519 0
 505 5538 554 5706 0
 505 4143 5706 462 0
 149 98 182 4854 0
 1011 4659 4154 4817 0
 334 437 4983 375 0
 4955 392 474 574 0
 4211 5446 5581 2414 0
 266 5348 278 4141 0
 4955 4693 571 482 0
 4171 4707 1706 1839 0
 1231 4156 1349 1315 0
 4955 298 4139 379 0
 272 237 4996 213 0
 4913 349 394 324 0
 4616 1161 1218 1195 0
 1001 1212 4158 1104 0
 327 286 4138 291 0
 1779 5118 1741 1805 0
 4343 4955 298 4139 0
 1841 1778 5118 1805 0
 1706 4707 1928 1839 0
 4139 295 379 272 0
 1165 4153 1144 1184 0
 4616 1195 1218 1273 0
 1008 1103 4159 1036 0
 1358 1255 5756 1294 0
 621 605 4615 542 0
 4983 375 591 489 0
 4139 295 427 379 0
 4153 1145 1109 1144 0
 4139 394 427 295 0
 4168 1528 1618 1544 0
 564 580 713 625 0
 4720 1294 5756 1208 0
 1036 1103 4159 1135 0
 1008 4159 1078 904 0
 327 291 4138 319 0
 1315 1266 1190 4156 0
 5143 4724 4253 4444 0
 1063 5717 1190 1134 0
 1358 4720 5056 1432 0
 5418 1487 1442 1427 0
 665 691 628 600 0
 4974 1706 1696 1612 0
 1391 1360 1421 4462 0
 1190 1134 5717 4156 0
 478 329 5438 401 0
 1414 1349 5359 1315 0
 1190 1266 1134 4156 0
 2124 5163 5124 4653 0
 2152 2112 2183 2068 0
 5750 5654 555 496 0
 1738 4171 1715 1794 0
 4563 1203 1216 1149 0
 1780 1857 5763 1931 0
 462 5706 464 460 0
 1393 1266 1315 4156 0
 1393 5359 1315 1414 0
 2124 4415 5124 2225 0
 5163 2124 5124 2225 0
 4893 4955 342 4343 0
 1970 1859 4192 2071 0
 5124 4653 4188 2098 0
 2124 4415 2098 5124 0
 1801 1860 1776 5221 0
 4171 1563 1596 5359 0
 2020 4368 4188 2149 0
 2020 4188 4368 2215 0
 1970 2078 2071 4192 0
 4693 427 4139 394 0
 1717 1865 1859 4174 0
 483 379 4955 427 0
 4393 4707 1887 4188 0
 1839 1757 4171 1743 0
 2010 1887 1839 4707 0
 949 749 4275 808 0
 1940 4188 1887 2020 0
 2010 1928 4707 1839 0
 2010 2020 1887 4188 0
 2010 4188 2098 2149 0
 2010 2149 2020 4188 0
 2010 4653 1928 2098 0
 2010 2098 4188 4653 0
 1439 4305 1517 1573 0
 1665 4174 5546 1699 0
 1574 1529 1496 4643 0
 4996 298 237 272 0
 1639 1599 1558 4395 0
 4171 1672 1596 1563 0
 5359 1538 1612 1529 0
 4955 298 392 342 0
 1018 877 966 4513 0
 1779 1842 1798 5118 0
 1509 4383 1429 1361 0
 295 252 4139 232 0
 997 4250 940 1049 0
 4481 4532 4644 4456 0
 678 4250 771 748 0
 197 4139 4679 203 0
 4139 4679 203 213 0
 295 4139 252 272 0
 512 601 543 4140 0
 1491 1544 4720 1486 0
 512 461 346 4140 0
 1187 1243 4611 1156 0
 1156 1208 4154 1112 0
 531 4913 469 394 0
 1544 5056 4168 4720 0
 512 461 4140 543 0
 4720 1544 1528 4168 0
 197 232 4139 203 0
 4837 1706 4974 1612 0
 4643 1612 5359 4837 0
 4171 1757 1706 1690 0
 4837 1612 5359 1596 0
 5359 1538 1563 1596 0
 1769 1750 4749 1729 0
 1008 1036 4505 955 0
 5111 5052 320 290 0
 1008 1078 4159 1103 0
 1434 1432 4720 1372 0
 342 4955 298 4343 0
 4955 298 379 392 0
 4139 324 394 295 0
 4934 5711 1557 5008 0
 4693 571 526 616 0
 4955 4139 4693 427 0
 4140 5156 461 346 0
 5111 461 320 489 0
 461 5156 353 346 0
 4983 320 375 489 0
 1165 1184 1227 5756 0
 392 474 379 4955 0
 2262 4692 1619 4694 0
 1036 991 1070 4158 0
 5156 346 307 353 0
 353 5111 320 290 0
 4140 705 660 591 0
 4140 591 660 543 0
 4140 591 543 489 0
 4140 461 489 543 0
 4140 543 660 601 0
 4140 660 681 601 0
 4140 681 619 601 0
 1090 4616 1119 1116 0
 808 4275 752 749 0
 4330 4658 4286 964 0
 564 713 580 584 0
 4330 964 5445 4658 0
 4286 964 4658 4583 0
 4913 349 296 346 0
 964 4583 4209 4658 0
 5445 964 4209 4658 0
 4950 221 263 247 0
 4913 296 307 346 0
 4950 296 263 307 0
 4950 221 206 4591 0
 4591 222 260 263 0
 4591 307 263 260 0
 4591 154 260 222 0
 4591 260 200 290 0
 4591 168 154 222 0
 4591 222 263 221 0
 1140 4619 1195 846 0
 4939 1273 1204 1195 0
 752 5755 712 5716 0
 5779 5716 4275 752 0
 4913 346 512 349 0
 4140 764 681 660 0
 4513 817 764 705 0
 4140 660 705 764 0
 4140 764 705 4513 0
 4513 817 729 877 0
 4513 877 729 805 0
 1210 4310 1300 1256 0
 5052 205 290 200 0
 4591 260 290 307 0
 4010 4376 4460 7 0
 4010 4218 4376 4207 0
 1011 1007 4659 4817 0
 1486 5056 4720 1432 0
 414 342 4893 521 0
 4138 4893 319 294 0
 5156 4913 307 346 0
 4913 4139 276 324 0
 4913 349 324 276 0
 276 324 4139 257 0
 257 324 4139 295 0
 257 232 295 4139 0
 257 4139 197 232 0
 203 4139 213 252 0
 4950 247 257 197 0
 4950 194 197 4757 0
 197 4833 4757 4679 0
 197 4950 4757 4833 0
 4913 276 296 349 0
 4139 276 257 4950 0
 276 247 257 4950 0
 4139 197 4950 257 0
 1621 5614 1659 1689 0
 1553 4395 1558 1506 0
 4168 1688 1644 4808 0
 1207 1324 5056 1279 0
 5056 1445 1486 1527 0
 1778 1655 4172 1741 0
 1405 1358 5056 1445 0
 1741 5730 1652 4172 0
 4683 1845 1795 1848 0
 1648 1544 5056 4168 0
 1648 1618 4168 1709 0
 1494 4305 1573 1665 0
 1372 1358 1432 4720 0
 1527 5056 1544 1486 0
 4357 4309 5121 4377 0
 5157 4357 846 4377 0
 1207 1255 5269 5056 0
 1648 4168 4587 1712 0
 1527 1544 5056 1648 0
 1644 1603 4808 1677 0
 4168 1709 1618 1688 0
 1492 1426 4167 1530 0
 1712 4168 1709 1648 0
 1949 5118 1841 1810 0
 5709 849 1067 986 0
 1530 1599 1645 4167 0
 4422 4155 3760 4441 0
 1076 4659 1015 1083 0
 4422 5201 4155 4441 0
 4648 2190 2246 2271 0
 1426 4167 1530 4369 0
 1645 1648 4587 1712 0
 4397 4168 1648 5056 0
 4190 1905 1949 5118 0
 1805 1741 1778 5118 0
 1085 5687 1051 1005 0
 1076 1109 4153 1101 0
 640 637 4615 568 0
 1077 1041 1051 4959 0
 855 1014 746 5038 0
 656 728 655 5579 0
 4167 1599 1645 1687 0
 4167 4587 1687 1645 0
 4167 1530 4397 1645 0
 4896 2415 4614 4365 0
 906 2272 4164 4181 0
 952 4186 2272 906 0
 1968 1896 1854 5133 0
 906 4186 2272 4181 0
 4169 952 2272 906 0
 1147 5269 1145 1110 0
 508 542 4615 424 0
 4627 1224 1175 1259 0
 4627 1279 1207 5056 0
 640 4615 637 720 0
 1092 5269 1102 1110 0
 992 4959 5687 985 0
 5269 1147 1143 1102 0
 4930 4282 4499 5174 0
 749 5779 4275 752 0
 855 5687 992 1014 0
 656 712 5579 641 0
 1685 4948 1661 1679 0
 4627 1259 1390 1224 0
 1130 1175 5380 1224 0
 5380 1175 4627 1224 0
 728 655 5579 746 0
 1092 4616 1090 4959 0
 568 637 4615 508 0
 4627 1201 1279 1259 0
 1085 1102 4627 1143 0
 1099 949 4275 986 0
 624 700 5114 655 0
 1100 4153 1144 1165 0
 5114 700 624 5123 0
 4812 1331 1224 1390 0
 1259 1279 4627 1342 0
 4369 1426 4167 1390 0
 2455 5174 4499 1048 0
 1014 5038 855 5687 0
 5269 1147 1207 1143 0
 1085 4627 1102 4959 0
 1130 5380 1175 1129 0
 5544 1093 1181 4574 0
 4461 4225 993 3462 0
 993 4461 4743 4225 0
 4461 3462 993 4204 0
 905 927 5601 1106 0
 1052 1116 4959 1090 0
 1014 5038 785 746 0
 1102 5269 1092 4959 0
 5038 5601 927 5295 0
 992 1014 5687 4959 0
 4663 4366 10 4258 0
 4663 10 4263 2024 0
 4663 2024 4263 4533 0
 4663 4484 4890 4372 0
 4663 4484 4372 4855 0
 433 4138 302 424 0
 4663 4366 4258 4691 0
 4890 5362 4135 4372 0
 4323 4664 4180 4474 0
 752 712 5755 824 0
 4180 4664 4299 925 0
 1677 1700 1642 4808 0
 1090 1052 1041 4959 0
 4401 1048 4187 4205 0
 4401 4543 4205 4187 0
 302 317 4138 271 0
 1048 4205 4499 4187 0
 1402 1334 4580 1507 0
 4615 640 568 4496 0
 621 720 637 4615 0
 424 317 4138 302 0
 4499 4205 4543 4187 0
 621 508 542 4615 0
 302 286 271 4138 0
 508 424 4138 433 0
 568 4138 433 508 0
 1083 1015 1004 4659 0
 1116 4959 1093 1052 0
 1085 4627 4959 5380 0
 1083 1119 1101 4153 0
 1076 4153 1083 1101 0
 1156 4154 889 1112 0
 1092 1102 4959 1077 0
 1041 992 985 4959 0
 985 5687 1005 1051 0
 1092 4959 1090 1077 0
 1102 1110 5269 1147 0
 4627 1102 5269 1143 0
 1092 1119 4153 1101 0
 1092 1101 4153 1110 0
 1250 1187 5485 1050 0
 1085 4627 1129 1143 0
 1007 4659 1015 1076 0
 1051 4959 1102 1077 0
 1402 1212 1364 4158 0
 456 4138 361 433 0
 1099 4275 5258 986 0
 618 4681 763 688 0
 557 4496 618 456 0
 568 433 4138 456 0
 1085 1051 4959 1102 0
 1085 5687 4959 1051 0
 4496 832 996 889 0
 4257 4629 5016 4259 0
 4647 4421 4629 4732 0
 4647 4629 5016 4257 0
 4732 4421 4629 4696 0
 4681 688 762 763 0
 456 361 4138 4893 0
 618 4681 521 4893 0
 557 568 640 4496 0
 4928 4438 4951 4519 0
 712 787 5755 854 0
 1100 4154 4153 1165 0
 1031 1028 849 5709 0
 985 5687 1051 4959 0
 1031 5709 849 1067 0
 824 849 5755 752 0
 1099 5258 1067 986 0
 1722 5546 1658 5614 0
 4845 4951 4438 4519 0
 4640 1104 1250 1025 0
 986 4275 808 949 0
 808 4275 849 752 0
 849 5755 752 4275 0
 4186 4354 4557 4204 0
 986 4275 849 808 0
 4158 4640 1250 5485 0
 4354 4186 4380 4204 0
 4193 5131 2208 4592 0
 4668 4786 4592 4193 0
 4193 4592 4668 5131 0
 4198 2461 4276 2449 0
 4668 4786 4191 4592 0
 5709 849 4275 5755 0
 4276 2372 2280 2249 0
 1085 1129 4627 5380 0
 4275 5258 986 5709 0
 5709 5755 1028 849 0
 1080 1109 4153 1076 0
 1080 1076 4153 4659 0
 1100 1112 1011 4154 0
 1100 4153 4154 1080 0
 1129 1175 4627 5380 0
 1778 1732 1810 4172 0
 1741 1652 1655 4172 0
 1679 1641 4173 1661 0
 4158 995 991 1070 0
 1769 5118 5486 1759 0
 1977 1949 4190 1905 0
 4158 1364 1250 1104 0
 1859 4293 1873 1728 0
 1623 1587 1661 4173 0
 618 521 414 4893 0
 1676 1641 1615 4173 0
 1526 1669 5518 1560 0
 5255 4509 4463 4577 0
 1740 1682 1755 5754 0
 4295 3684 3582 3618 0
 4497 4544 4201 4220 0
 2049 2055 1949 5447 0
 4554 4205 4401 4669 0
 1961 2030 4190 1977 0
 4786 4191 4948 4858 0
 768 701 626 713 0
 1905 1862 1842 4190 0
 1682 5754 1740 1675 0
 5754 1613 1601 1675 0
 1819 1862 4190 1798 0
 1673 4948 1661 1685 0
 4226 4596 1318 2503 0
 4190 2030 5334 5001 0
 2084 2181 5334 5001 0
 4226 4596 4418 1318 0
 4531 4463 4596 4226 0
 4301 1498 4689 4745 0
 4226 4531 4418 4596 0
 4172 5505 5532 5291 0
 5730 1635 1553 4395 0
 4395 1639 1635 1558 0
 4219 4445 4359 4362 0
 4301 4395 4745 4689 0
 4745 4789 4301 1498 0
 1498 4789 4301 1456 0
 4934 4301 4745 4789 0
 4172 1581 5730 1652 0
 4747 4745 4934 4301 0
 4172 1655 1581 1652 0
 4172 1655 1595 1581 0
 1456 1467 1387 4301 0
 4172 1675 1732 5754 0
 4172 1663 1732 1675 0
 4172 1663 1655 1732 0
 4172 1595 1655 1663 0
 1854 1991 1968 5133 0
 1905 4190 1842 5118 0
 4395 1639 1711 1635 0
 4271 5450 4610 4881 0
 2109 2327 5447 2229 0
 5450 4623 4460 4610 0
 1968 1949 2041 2049 0
 2030 5334 5001 2084 0
 5603 1281 4296 5403 0
 2132 2221 4646 2327 0
 2132 2327 5447 2109 0
 1344 4296 1365 1345 0
 1916 4190 1905 1977 0
 1916 4190 1862 1905 0
 2101 2106 2027 4622 0
 2055 5001 2132 2131 0
 2084 2030 5334 1961 0
 1722 5546 1796 1665 0
 2084 5001 2131 2178 0
 1961 5334 4190 2030 0
 2106 2083 4622 2165 0
 2101 4622 2177 2106 0
 4858 5334 1877 1918 0
 4622 4786 4668 4193 0
 1962 1889 2008 4786 0
 2177 2203 2106 4622 0
 1813 1819 1877 4858 0
 1877 4190 1916 1961 0
 1623 4662 1555 1587 0
 1982 1943 2015 4683 0
 2008 4786 1889 1913 0
 2008 1913 2027 4786 0
 4297 2761 2713 2798 0
 1918 5334 1877 1961 0
 1623 1661 1673 4173 0
 1659 1621 1582 5614 0
 5334 4190 1877 1961 0
 4297 2713 2761 4488 0
 1976 1961 2084 5334 0
 5354 5208 5391 4575 0
 4858 5334 1918 1976 0
 1659 1582 1623 5614 0
 1676 1615 1670 4173 0
 1758 1798 1819 4190 0
 1976 1961 5334 1918 0
 1962 4193 2008 2031 0
 1659 1673 4173 1623 0
 1758 1708 1729 4749 0
 4293 5026 4192 4306 0
 1679 4173 1641 1676 0
 1699 5546 1863 4174 0
 4422 5201 4441 4383 0
 2031 4193 2008 2083 0
 2047 4193 2031 2119 0
 5201 4537 4155 4333 0
 4537 5201 4155 4422 0
 4974 1696 1751 1612 0
 1731 1689 4702 1667 0
 1832 4786 1781 1822 0
 1555 1522 1587 4662 0
 4319 922 989 4199 0
 990 4319 989 4199 0
 1659 1697 1689 4948 0
 1913 1811 4786 1822 0
 1667 5614 1689 4702 0
 1667 4702 1722 5614 0
 4159 1361 1297 1191 0
 4598 4309 4357 4169 0
 4662 4169 4598 4808 0
 4537 4169 4598 4568 0
 4598 4537 4309 4169 0
 4568 4662 4169 4598 0
 1902 1975 4193 1962 0
 1832 4786 1822 1889 0
 4683 4786 1795 1845 0
 1921 4683 1848 1845 0
 1722 1796 5546 1833 0
 5557 2139 2193 2015 0
 1722 1833 5546 4702 0
 4636 4682 4703 4805 0
 4780 4682 4674 5554 0
 5254 4651 4682 4541 0
 4702 1833 5546 5473 0
 2119 2083 4193 2031 0
 4636 4541 5254 4682 0
 2015 4592 2077 2193 0
 4683 1790 1829 1866 0
 1745 1799 1791 4177 0
 1865 1859 4192 1970 0
 2077 2141 4592 2058 0
 2077 4592 1995 2058 0
 1902 4786 1889 1962 0
 1962 2031 1975 4193 0
 2121 2119 4193 2047 0
 1902 4786 1832 1889 0
 2058 4193 2047 2121 0
 2047 1975 4193 1921 0
 1845 4786 1795 1832 0
 1902 1845 1832 4786 0
 1921 1845 1902 4786 0
 1921 1975 4193 1902 0
 2047 2031 4193 1975 0
 2121 2198 4592 2208 0
 4683 1943 1995 1924 0
 2430 2499 4497 4200 0
 4554 4204 2499 2430 0
 4663 4258 2024 4691 0
 1920 2029 4683 1982 0
 4663 2024 4484 4691 0
 2430 4401 2499 4554 0
 4691 4258 4336 4936 0
 2430 4401 4497 2499 0
 2430 4204 2499 4200 0
 1699 4174 1843 1717 0
 5036 4556 2199 5446 0
 1969 4192 1865 1843 0
 1494 1546 4305 1665 0
 1969 1951 2078 4192 0
 1969 4192 1970 1865 0
 1699 1616 1546 4174 0
 1843 4192 1863 1951 0
 1699 4174 1717 1616 0
 4643 1612 4837 4974 0
 4174 1865 1843 1717 0
 5518 5763 1674 5561 0
 4293 1859 4174 1728 0
 5614 1584 1658 1667 0
 518 437 4983 334 0
 1334 1172 1212 4158 0
 1667 1621 1689 5614 0
 5614 1722 1667 1658 0
 5614 1584 1667 1621 0
 1573 1584 1658 5614 0
 5614 1584 1621 1554 0
 5614 1507 1554 1582 0
 5614 1555 1507 1582 0
 4305 1507 1517 5614 0
 5546 5026 4702 5473 0
 5614 1554 1621 1582 0
 1008 904 858 4505 0
 1717 1686 4174 1728 0
 1517 1507 1554 5614 0
 1573 1584 5614 1517 0
 5546 1833 1876 5473 0
 1172 1070 1111 4158 0
 4315 4494 4434 2290 0
 1633 1686 4174 1616 0
 1699 1843 4174 1863 0
 1633 4174 1686 1728 0
 3755 5274 4244 4335 0
 4383 4159 5201 4645 0
 1665 1546 4174 1699 0
 1361 4159 4383 1264 0
 788 833 669 696 0
 1509 1546 4383 1361 0
 4645 1316 1170 5245 0
 4159 1191 1142 1361 0
 1312 1404 1380 5347 0
 1197 1429 4645 1264 0
 4554 4204 4324 2499 0
 4333 5485 4640 4158 0
 2499 4554 4401 4669 0
 4159 1142 1191 1078 0
 5396 4466 4491 4603 0
 1264 4159 1072 1142 0
 1361 1264 4383 1429 0
 4159 1361 1142 1264 0
 4383 1494 1370 1361 0
 4298 1297 1439 1419 0
 4298 1247 1297 1419 0
 1135 1247 4298 1172 0
 4159 1135 1247 4298 0
 1135 1070 1172 4158 0
 1036 1070 1135 4158 0
 564 626 625 713 0
 4159 4158 5201 4505 0
 4298 1247 1419 1334 0
 4159 1135 1103 1247 0
 4159 1247 1103 1191 0
 1197 1264 4645 1072 0
 4159 1103 1078 1191 0
 4159 1247 1191 1297 0
 4298 1297 1361 1370 0
 453 435 371 398 0
 995 4158 1111 1070 0
 4344 4015 4129 667 0
 4442 4604 2563 667 0
 2563 4359 4344 4604 0
 4604 667 4344 2563 0
 4219 4359 3512 4604 0
 4442 4604 4219 3512 0
 329 4141 278 334 0
 4854 230 5348 182 0
 684 4143 666 753 0
 1899 1867 4762 1770 0
 4469 964 4286 770 0
 4286 964 4583 770 0
 4210 4548 4583 770 0
 4186 770 4374 4469 0
 4641 5329 4564 5310 0
 4180 4514 4694 925 0
 1619 4180 4179 4694 0
 995 4158 1001 1111 0
 3394 3346 5491 4345 0
 4311 3369 5491 3394 0
 904 1142 4159 1078 0
 904 4159 1142 1072 0
 455 5706 464 462 0
 2756 2785 4849 4464 0
 4936 4258 4336 4639 0
 4220 4015 4606 4344 0
 4015 4558 4606 4344 0
 405 408 419 391 0
 551 633 622 707 0
 533 767 768 834 0
 5590 419 405 408 0
 564 626 768 539 0
 801 834 767 5654 0
 528 535 622 510 0
 510 5654 496 551 0
 388 452 416 406 0
 496 5654 555 551 0
 528 622 539 767 0
 864 726 797 718 0
 231 285 5348 5052 0
 4585 4518 5117 4891 0
 309 4970 230 322 0
 753 4143 842 772 0
 520 555 496 5750 0
 975 5219 1016 850 0
 266 4141 329 322 0
 3726 5266 4558 3730 0
 1010 5641 1024 954 0
 539 767 622 701 0
 586 610 844 584 0
 833 880 611 844 0
 539 701 622 626 0
 510 767 707 622 0
 644 713 580 625 0
 4558 3730 3728 3726 0
 693 603 653 4142 0
 610 713 768 584 0
 5750 614 627 554 0
 550 671 529 475 0
 946 885 665 677 0
 584 713 580 610 0
 4374 770 964 4469 0
 564 713 768 626 0
 4628 4176 4614 4365 0
 4558 5274 3728 3730 0
 829 759 600 841 0
 2563 3512 4709 5629 0
 4358 5303 4243 4709 0
 2563 4358 4243 4709 0
 3512 4242 4709 5265 0
 510 551 535 622 0
 4265 4389 4206 5246 0
 4265 4206 4545 4279 0
 2499 4204 4324 4226 0
 4265 5246 4206 4279 0
 1024 4563 1126 1058 0
 528 535 539 622 0
 564 768 533 528 0
 4743 4442 4226 4461 0
 539 626 768 701 0
 5276 4545 4265 4206 0
 768 701 767 539 0
 5276 4206 4265 4389 0
 767 510 528 622 0
 533 767 510 528 0
 4840 4848 690 503 0
 462 5706 460 4143 0
 509 5654 496 510 0
 4599 5443 4933 4402 0
 486 460 462 421 0
 5654 707 551 510 0
 753 772 684 4143 0
 5626 4382 537 457 0
 716 801 707 5654 0
 979 1118 4310 1081 0
 518 334 4141 329 0
 693 4142 649 603 0
 5636 842 753 4143 0
 4593 1121 4331 1026 0
 1121 1132 4331 1074 0
 266 4141 278 329 0
 397 5138 5626 457 0
 1784 1826 1875 1820 0
 5654 707 510 767 0
 1024 5774 1010 1089 0
 5654 767 510 533 0
 590 627 5538 684 0
 5749 5769 5699 4142 0
 900 817 4513 966 0
 367 376 388 452 0
 367 452 397 376 0
 266 4141 322 5348 0
 4947 5590 4880 4823 0
 4289 4362 4292 4311 0
 4362 4311 4560 4292 0
 4362 4560 4311 4445 0
 5750 555 633 614 0
 4848 553 463 4142 0
 4289 4362 4311 4445 0
 884 4143 852 842 0
 852 842 4143 772 0
 490 496 5654 5750 0
 463 415 4142 499 0
 2290 5234 4494 4403 0
 376 452 397 436 0
 2290 4403 4494 4539 0
 478 329 4141 5438 0
 666 4143 5636 753 0
 583 666 590 4143 0
 911 5772 5734 860 0
 520 614 5750 554 0
 1210 1222 4310 1118 0
 484 520 5750 554 0
 753 842 5636 836 0
 4829 1157 1234 1271 0
 946 920 885 677 0
 590 684 4143 666 0
 519 583 590 4143 0
 653 553 4142 603 0
 518 329 4141 478 0
 4832 4882 4229 4389 0
 472 398 435 453 0
 1006 4303 891 5704 0
 5457 5717 1134 4156 0
 708 627 5750 614 0
 623 4513 591 729 0
 602 5439 478 518 0
 1128 1016 1118 4310 0
 4887 4373 4015 4710 0
 4887 4129 4015 4373 0
 5590 438 460 421 0
 4974 4171 4837 4707 0
 4393 4171 1887 4707 0
 4974 1706 1928 1696 0
 322 329 401 5438 0
 4974 4171 4707 1706 0
 463 553 499 4142 0
 4171 4707 4393 4315 0
 4171 4707 4315 4837 0
 4171 1887 4707 1839 0
 4503 5218 4638 3254 0
 4474 4164 4501 3254 0
 5636 5749 5781 5506 0
 309 5438 4970 322 0
 165 156 5348 220 0
 4638 5218 4323 3254 0
 3254 4474 4164 4323 0
 412 385 423 446 0
 5439 5438 478 4141 0
 4311 3553 3471 3479 0
 209 240 180 264 0
 693 5781 5644 4142 0
 160 4854 149 212 0
 4311 3471 3369 3479 0
 5734 5506 5590 4143 0
 649 548 5643 715 0
 230 220 266 5348 0
 5438 322 329 4141 0
 209 132 4756 137 0
 180 255 188 4756 0
 492 5506 486 423 0
 4848 463 553 503 0
 653 5781 4848 690 0
 5781 653 739 690 0
 264 288 261 240 0
 264 180 255 188 0
 534 441 5650 473 0
 4854 267 309 149 0
 255 5185 275 207 0
 581 5282 572 488 0
 5626 5138 4382 457 0
 4369 4574 5251 4616 0
 537 652 5626 5282 0
 4582 5655 261 264 0
 209 180 255 264 0
 209 180 4756 255 0
 180 137 4756 136 0
 209 180 137 4756 0
 603 499 4142 534 0
 3760 4170 2153 4155 0
 4866 4441 3760 4155 0
 4866 3760 2153 4155 0
 603 534 4142 649 0
 5650 5185 548 473 0
 840 5636 733 680 0
 4142 354 446 5769 0
 653 5781 4142 4848 0
 775 891 840 4303 0
 4848 4142 5718 5781 0
 534 548 473 5650 0
 4142 354 347 385 0
 4142 385 446 354 0
 4142 395 385 347 0
 4142 344 396 395 0
 4142 395 347 344 0
 693 5781 4142 653 0
 4142 347 354 5705 0
 4142 344 347 5655 0
 4142 441 415 5700 0
 4142 396 5700 415 0
 4142 441 499 415 0
 5650 318 5185 336 0
 5650 336 473 441 0
 5655 264 5185 318 0
 5705 267 4846 5655 0
 5705 267 5655 299 0
 5655 261 234 4582 0
 4142 5705 5655 347 0
 463 396 430 4142 0
 603 499 553 4142 0
 1153 5704 1071 1075 0
 4142 354 5769 5705 0
 5650 548 649 534 0
 5488 1464 1406 4312 0
 5650 5185 473 336 0
 5655 264 4582 5185 0
 5700 396 332 415 0
 4142 5700 344 5655 0
 5700 332 344 5655 0
 4142 396 415 463 0
 4142 344 5700 396 0
 941 840 5636 901 0
 911 4143 5734 5772 0
 5488 4312 1406 5611 0
 5718 407 438 410 0
 775 733 680 840 0
 423 5506 421 412 0
 5718 5590 421 438 0
 891 4303 775 850 0
 975 1118 4310 979 0
 5392 675 592 4947 0
 5749 446 5769 4142 0
 1016 1075 891 5704 0
 570 643 583 5636 0
 865 909 5734 881 0
 4520 4614 4472 2415 0
 775 731 4303 680 0
 4520 4180 4365 2415 0
 733 753 5636 836 0
 733 5636 666 643 0
 2802 4227 4420 4373 0
 4614 4520 4365 2415 0
 5244 4725 4373 5327 0
 975 4310 1016 5219 0
 518 478 4141 5439 0
 1081 1222 1118 4310 0
 5610 856 924 878 0
 518 334 4983 4141 0
 1134 1253 5457 4156 0
 1359 1327 1253 5615 0
 623 518 5219 602 0
 1118 1016 975 4310 0
 1360 4462 1388 1421 0
 1359 1266 5615 1253 0
 1210 1118 4310 1128 0
 1425 4462 1391 1421 0
 4296 5224 1389 1365 0
 4499 4282 4543 4205 0
 1940 1887 4188 4393 0
 5321 3160 3417 2988 0
 1335 1329 4296 1283 0
 1283 4296 1256 1329 0
 5321 3417 3156 2988 0
 5603 1397 4157 1351 0
 1359 1266 1393 5615 0
 909 865 5734 5636 0
 4537 4155 4170 4422 0
 884 4143 919 4447 0
 5403 1256 1226 1283 0
 4303 731 775 850 0
 4424 507 509 5552 0
 805 5219 975 850 0
 1332 1347 1321 1345 0
 4401 4554 1048 4205 0
 891 4303 941 840 0
 1442 1427 1371 5736 0
 5234 4188 5444 4716 0
 5234 4188 4716 4332 0
 974 965 4714 1043 0
 4332 4716 4653 4188 0
 5543 1524 1565 1505 0
 4273 3097 4797 4676 0
 865 816 830 5636 0
 1801 1860 4393 1895 0
 3097 4676 5646 4797 0
 1281 4563 5603 1203 0
 5764 971 1058 961 0
 1454 1400 1427 4157 0
 5342 1466 1416 5736 0
 2063 2110 2164 2154 0
 1376 1347 1397 5603 0
 1454 1427 1487 5418 0
 5282 664 581 572 0
 4157 1351 1397 1418 0
 4157 1295 1357 1276 0
 1223 1126 1203 4563 0
 1481 1411 5347 1440 0
 1454 4157 1427 5418 0
 5446 4211 5581 4282 0
 2038 2215 2087 4188 0
 4266 2451 964 4185 0
 1281 1203 1330 1292 0
 961 4563 5407 5774 0
 5644 786 5407 5781 0
 1024 5641 961 954 0
 4157 5736 1302 1371 0
 4266 964 4469 4185 0
 4157 5736 5223 5759 0
 4374 4469 964 4185 0
 4567 964 2451 4185 0
 4157 1330 1369 1411 0
 1330 1292 1203 1312 0
 4157 1312 1203 1223 0
 1330 1369 1292 1312 0
 4157 1312 1369 1330 0
 4563 961 5764 1058 0
 4157 1418 1352 1351 0
 4157 1397 5603 1376 0
 4374 4185 964 4567 0
 733 840 836 5636 0
 4157 1352 1418 1400 0
 4157 1352 1400 1357 0
 4157 1371 1357 1427 0
 4157 1302 1357 1371 0
 4157 1357 1302 1276 0
 4157 5759 1276 1302 0
 4157 1357 1295 1352 0
 1376 4157 1330 5603 0
 4157 1427 1357 1400 0
 1302 5759 1221 5736 0
 4157 1307 1351 1352 0
 4157 1352 1295 1307 0
 919 882 5636 4143 0
 4157 1307 5603 1351 0
 4157 1203 1312 1330 0
 4637 4775 5131 4668 0
 4570 4775 4677 5131 0
 4677 4775 4570 4708 0
 5146 5307 4635 4838 0
 5119 4171 1563 1550 0
 909 901 954 5636 0
 5543 1474 1481 1524 0
 961 5407 4563 5764 0
 4759 4677 4570 4708 0
 1614 1738 1801 5046 0
 4570 4677 4759 2344 0
 5046 4393 1801 5221 0
 1389 4296 1335 1391 0
 5296 1354 1365 1345 0
 4296 1283 1314 1335 0
 1344 1365 4296 1389 0
 1344 1389 4296 1335 0
 1344 1332 4296 1345 0
 1210 1300 4310 1222 0
 2087 4605 2240 2237 0
 2038 1986 4188 2087 0
 2038 2215 4188 2020 0
 4393 5046 1738 4171 0
 1550 4171 1598 1533 0
 666 753 5636 733 0
 1474 4157 1435 1418 0
 5347 4157 1411 1435 0
 1573 1494 1439 4305 0
 2063 2000 2068 2092 0
 1541 1501 1505 1487 0
 5721 1707 1749 1771 0
 4221 4678 5058 2902 0
 5275 5586 4678 2868 0
 4221 5275 4678 2902 0
 1784 1922 1886 1875 0
 1419 4305 1439 4298 0
 2128 2197 2164 2214 0
 1784 1752 1904 1826 0
 4849 4678 4464 5586 0
 2868 4678 5058 4734 0
 1763 1886 1818 1771 0
 1535 5543 1504 1481 0
 1632 1753 1602 5721 0
 1460 1388 4475 1421 0
 1715 1743 1794 4171 0
 4680 4234 4525 3814 0
 5724 1514 1521 1562 0
 5764 961 5407 971 0
 1940 4188 2020 2038 0
 3814 4680 4234 3786 0
 1504 1481 5347 1440 0
 1981 1818 1886 1945 0
 5543 1524 1481 1535 0
 1940 4188 2038 1986 0
 4680 5571 4525 4234 0
 3786 4680 4234 3766 0
 5758 4937 4431 5354 0
 4312 1548 1515 1485 0
 4312 1548 1605 1515 0
 5391 5354 5635 4431 0
 1738 1577 1715 4171 0
 5611 4146 4485 5421 0
 1579 1524 5543 1535 0
 5543 1524 1579 1565 0
 1569 1579 5543 1535 0
 1945 1898 1851 1886 0
 4227 2499 4324 4226 0
 2499 667 4442 4227 0
 2499 4227 4442 4226 0
 2499 4227 2802 667 0
 1738 4171 5710 1577 0
 1253 5457 4156 5615 0
 1672 4171 1743 1715 0
 1672 1743 4171 1690 0
 1550 4171 1672 1598 0
 1598 1533 4171 1577 0
 5457 1327 5615 1253 0
 979 877 1018 4513 0
 1460 4475 1533 1577 0
 2060 2050 2157 1959 0
 4425 834 5552 5530 0
 1266 1253 4156 5615 0
 4694 4567 4374 925 0
 772 708 5538 792 0
 1128 1075 1016 5704 0
 906 925 4694 4374 0
 865 909 954 5636 0
 909 5636 882 901 0
 1784 1875 1826 1904 0
 1945 1875 1922 1966 0
 1922 1990 2013 1966 0
 1784 1886 1820 1875 0
 1210 1256 1162 4310 0
 1006 941 891 4303 0
 5219 1016 5704 4310 0
 1024 1058 961 4563 0
 1089 1024 5774 4563 0
 1024 1126 4563 1089 0
 4143 882 842 884 0
 898 860 5772 911 0
 4261 4445 4311 5729 0
 4311 4630 4261 5729 0
 954 941 5636 901 0
 4143 5506 5636 5734 0
 1763 1771 5721 5561 0
 919 5734 909 881 0
 5518 1638 1560 1669 0
 5721 1753 1602 1739 0
 898 911 5772 4143 0
 4261 4445 5729 5385 0
 1597 1767 1694 1812 0
 919 4143 884 882 0
 919 4143 5636 5734 0
 1852 1957 1853 2045 0
 5590 407 438 5718 0
 5594 4426 4408 4294 0
 5586 4426 4450 5594 0
 593 5673 673 664 0
 5739 5763 1674 5518 0
 5610 856 898 924 0
 4137 5066 4685 4482 0
 5654 707 716 633 0
 943 5552 933 918 0
 868 834 801 5654 0
 792 5654 868 801 0
 5750 716 708 614 0
 417 345 398 381 0
 5610 5772 4143 898 0
 4685 5066 4843 4871 0
 1763 5721 1753 1617 0
 5530 5552 4424 533 0
 1941 1853 2050 1959 0
 793 724 769 4144 0
 2255 4821 2528 2329 0
 929 798 936 897 0
 3542 3424 3425 4506 0
 4463 4577 4509 4506 0
 2066 2184 2217 2238 0
 4445 4359 4560 5077 0
 1480 1448 1437 5744 0
 5724 5589 1561 5422 0
 4561 4388 4688 5351 0
 4688 4507 4388 4561 0
 898 4143 4447 911 0
 4735 4793 4688 5042 0
 4561 4507 4793 4688 0
 5042 5351 4688 4735 0
 1784 1752 1826 5561 0
 1498 1467 4689 1506 0
 1467 1506 1453 4167 0
 4689 1498 1506 1553 0
 2013 1990 2110 1966 0
 4689 4395 1553 1506 0
 4395 4911 4167 4689 0
 5587 4690 5003 5087 0
 4676 4690 2973 5646 0
 4714 5320 5562 5322 0
 1401 1526 5422 1350 0
 2068 2128 2092 2039 0
 4714 5322 4946 5672 0
 1630 1569 1643 5543 0
 2122 2022 2157 2217 0
 4217 5194 3311 4528 0
 4729 5194 4217 4528 0
 1630 1489 1569 5543 0
 1630 5543 1580 1489 0
 5543 1505 1565 1541 0
 5543 1524 1505 1474 0
 1380 1404 1450 5347 0
 4444 4724 5345 1735 0
 5736 1442 1427 5418 0
 5143 4724 4444 1735 0
 883 784 4639 4936 0
 1735 5345 4444 5356 0
 1749 1826 5561 1820 0
 1789 1671 1723 1773 0
 1752 5763 5561 1780 0
 1898 1875 1820 1886 0
 1739 1629 1602 5721 0
 2152 2050 2112 2068 0
 2128 2214 2232 2197 0
 2011 2157 1959 2070 0
 2068 2164 2092 2128 0
 1856 1901 1931 1857 0
 1749 1630 5721 1698 0
 1881 1935 1802 1869 0
 1881 1856 1802 1941 0
 2021 2097 2013 2110 0
 4664 4360 922 4181 0
 1941 1935 2007 2050 0
 1941 2050 2060 1959 0
 2060 2157 2152 2163 0
 2050 2152 2112 2060 0
 4526 4360 922 4664 0
 4526 4299 4180 4664 0
 726 929 677 669 0
 2068 2197 2154 2164 0
 2039 2112 2068 2128 0
 1852 1948 1872 2045 0
 2066 2202 2238 2143 0
 2066 2238 2217 2143 0
 1812 1802 1869 1881 0
 1981 1945 2021 2013 0
 4580 4537 4298 4333 0
 2039 2000 2092 2068 0
 2039 1901 2000 1931 0
 1802 1941 1935 1881 0
 1957 2045 1935 1853 0
 1881 1802 1856 5763 0
 1935 2050 1853 2045 0
 3755 3722 4335 4244 0
 2060 2163 2152 2112 0
 1869 1853 1957 1935 0
 390 454 357 351 0
 2007 2039 1931 1941 0
 2112 2007 2068 2050 0
 2026 2051 1954 2090 0
 952 4287 4191 2293 0
 4470 1803 1807 1872 0
 4173 952 4191 2293 0
 5181 4819 5210 5423 0
 4173 4191 4702 2293 0
 1802 1853 1935 1941 0
 1767 1853 1869 1802 0
 1562 1514 1571 5744 0
 1927 1838 1915 1878 0
 1957 1852 1803 1872 0
 2026 1979 2090 1954 0
 2066 2217 2184 2135 0
 1807 1838 1651 4470 0
 5342 1362 1282 1339 0
 864 718 669 726 0
 2045 1872 2051 1948 0
 529 691 628 606 0
 5739 1747 1674 5763 0
 4470 1872 1807 1878 0
 2051 4470 1872 1957 0
 4470 1838 1878 1807 0
 4503 5421 4413 4666 0
 2102 2138 2054 2136 0
 2040 2180 2189 2066 0
 671 759 529 691 0
 1957 1872 2051 2045 0
 1789 1747 5739 1812 0
 1869 1803 1852 1767 0
 1886 1771 1820 1851 0
 2040 2189 2138 2184 0
 5560 1838 4470 1651 0
 1852 1944 2045 1853 0
 516 420 443 422 0
 2026 1979 2057 2090 0
 1694 4470 1789 1869 0
 4308 1823 1927 1838 0
 4819 5423 5181 5626 0
 4470 1803 1957 1869 0
 1927 1884 1838 1823 0
 4470 1927 1838 4308 0
 4470 2051 1872 1878 0
 4558 3726 3728 3715 0
 563 620 628 685 0
 2122 2011 2157 2022 0
 4144 589 636 671 0
 3741 3731 5266 3730 0
 1767 1869 1853 1852 0
 380 436 397 419 0
 2094 2136 2189 2156 0
 2094 2156 2189 2180 0
 673 636 724 4144 0
 1999 1939 1948 2051 0
 4470 1694 1651 1807 0
 2135 2066 1999 2040 0
 2184 2040 2066 2135 0
 1999 2051 1994 1939 0
 2040 2184 2066 2189 0
 2045 2135 2157 2022 0
 2090 2138 2040 2054 0
 2217 2157 2135 2022 0
 2090 2102 2012 2057 0
 2180 2238 2066 2202 0
 1999 2022 2051 1948 0
 2022 2217 2122 2143 0
 2122 2070 2157 2011 0
 2122 2231 2217 2230 0
 2122 2231 2143 2217 0
 2066 2143 2217 2022 0
 4301 4695 1387 1456 0
 2094 2189 2136 2138 0
 1922 1875 1990 1966 0
 2026 1979 1915 1978 0
 1878 1954 2051 1939 0
 2054 2138 2094 2136 0
 2045 1853 1959 2050 0
 2045 1944 2022 2011 0
 2045 2011 2022 2157 0
 1869 1853 1852 1957 0
 2045 1852 1948 1944 0
 2045 1959 1853 1944 0
 2135 1999 2051 2040 0
 2184 2051 2040 2135 0
 2051 1999 1994 2040 0
 2045 2135 2022 2051 0
 2045 2157 1959 2011 0
 2045 2050 1959 2157 0
 2090 2051 2040 2184 0
 2090 1954 1994 2051 0
 2090 1994 1954 2012 0
 4308 1817 1733 1808 0
 5721 1771 1629 1707 0
 1979 2012 2090 1954 0
 1922 1990 1904 1931 0
 990 989 4684 2498 0
 1957 4470 1872 1803 0
 1931 1901 2000 1857 0
 990 2498 4684 5452 0
 468 4684 990 4319 0
 1869 1694 1803 1767 0
 990 4684 989 4319 0
 1869 1852 1803 1957 0
 468 990 4684 4523 0
 4523 990 4684 5452 0
 1869 1935 1802 1853 0
 4308 1733 1773 1808 0
 5763 1767 1802 1703 0
 1922 1931 2063 1990 0
 397 391 419 408 0
 1820 1898 1886 1851 0
 4308 1823 1817 1927 0
 5721 1707 1629 1643 0
 4499 4287 2455 1048 0
 2063 2164 2110 2092 0
 5174 4205 4499 1048 0
 2063 2110 2154 2097 0
 2063 2154 2164 2068 0
 4287 4186 4394 1048 0
 2664 4488 2713 4297 0
 1990 1931 2063 2000 0
 2537 5621 2664 2641 0
 1990 1922 1904 1875 0
 2068 2183 2197 2128 0
 2068 2197 2164 2128 0
 1922 1780 1931 1904 0
 2021 2013 1990 2110 0
 2021 2110 2063 2097 0
 1945 1966 1898 1875 0
 1812 1694 1869 1767 0
 1812 1767 1869 1802 0
 1981 2021 1945 1886 0
 1812 1802 5763 1767 0
 1945 1922 1875 1886 0
 1812 1747 5763 1780 0
 2063 2000 2092 1990 0
 2063 2092 2110 1990 0
 1931 5763 1856 1857 0
 1780 1674 1747 5763 0
 1780 1857 1752 5763 0
 1820 1771 1886 1763 0
 1780 1752 1857 1904 0
 1318 4583 4524 4435 0
 1945 1898 1886 1875 0
 770 964 4583 1318 0
 1763 5561 1820 1771 0
 1773 1723 1733 1671 0
 1773 1725 1808 1733 0
 5721 1739 1629 1771 0
 5561 1698 1638 1752 0
 1784 1820 1763 5561 0
 1784 5561 1826 1820 0
 1753 1739 1771 1818 0
 1763 1818 1753 1771 0
 1784 5561 1780 1752 0
 4433 254 315 5231 0
 1784 1922 1904 1780 0
 1784 1820 1886 1763 0
 1886 1851 1818 1771 0
 279 343 4482 315 0
 4699 4404 4775 4288 0
 4699 4775 4708 4288 0
 4795 4699 4708 4556 0
 1510 1501 1466 5418 0
 4795 4699 4556 2317 0
 1510 5724 1521 1561 0
 500 769 671 4144 0
 5724 1521 1462 1476 0
 5736 4157 1302 5759 0
 1293 5206 1174 1282 0
 1784 1780 1904 1752 0
 1784 1922 1875 1904 0
 1617 1559 5721 1632 0
 5744 4824 1610 1674 0
 1549 1552 1610 1657 0
 1549 1657 1607 1552 0
 1480 1437 1490 5653 0
 1632 5721 1602 1559 0
 1632 1567 1559 1602 0
 1313 1371 5736 1416 0
 3280 5692 3183 4785 0
 5692 4785 4980 3183 0
 5533 5518 1594 5589 0
 1610 1657 1552 1571 0
 796 5684 4144 5613 0
 1466 5418 1442 5736 0
 1293 5736 1319 1193 0
 572 664 652 5282 0
 370 406 416 5751 0
 1617 1561 5721 1559 0
 1416 1313 1382 5736 0
 1594 1637 5518 1674 0
 1395 1339 1362 1367 0
 1617 5721 1753 1632 0
 1561 5721 1637 1617 0
 1561 1559 5422 5721 0
 5721 5543 1580 1630 0
 1629 1643 1579 5543 0
 1643 1569 1579 5543 0
 4895 5600 5105 4608 0
 1565 1629 1579 5543 0
 5721 1629 5543 1643 0
 5543 1602 1541 1565 0
 4895 5441 5600 4608 0
 1559 5543 1602 1567 0
 5543 1567 1541 1602 0
 1637 1561 5589 5721 0
 5422 1308 1350 1526 0
 5418 5736 4157 1427 0
 1193 1038 5736 1150 0
 5604 1534 5518 1597 0
 1610 1571 5744 1562 0
 1610 1562 5744 1594 0
 1466 5342 1416 1476 0
 5210 4993 4880 5423 0
 1427 4157 1371 5736 0
 4257 5310 4732 3388 0
 4327 5310 4982 4732 0
 4732 5310 4982 3388 0
 1148 5736 1245 1174 0
 5101 5267 4623 4809 0
 5724 1561 5589 1594 0
 1561 5589 1594 1637 0
 4809 5101 5191 4623 0
 4623 4809 5267 4969 0
 5329 5498 4564 4452 0
 5724 1476 1510 1521 0
 5744 1562 5724 1594 0
 3483 3611 4704 3345 0
 5744 1594 1674 1610 0
 1561 1562 5724 1521 0
 3483 3611 5628 4704 0
 5232 3483 4704 3345 0
 4769 3483 5628 4704 0
 358 406 367 388 0
 5744 1594 5653 1674 0
 5342 1293 1339 1282 0
 5724 1510 5422 1561 0
 1514 5724 5744 1562 0
 5724 1561 1594 1562 0
 4705 4765 967 1066 0
 1448 5744 1475 1395 0
 4705 1066 967 5292 0
 5629 4295 3685 3684 0
 1549 5744 1610 1552 0
 4705 1066 5292 4331 0
 944 740 677 946 0
 4669 4420 4205 4861 0
 4669 4279 4861 4205 0
 3643 3709 3718 5629 0
 5607 1157 4705 4331 0
 1657 1664 1549 1607 0
 1657 1723 4824 1664 0
 381 371 398 453 0
 652 735 5282 664 0
 886 908 4144 793 0
 5626 397 5423 5138 0
 5416 5109 3995 4706 0
 4155 4336 4441 5201 0
 5468 5109 4706 3995 0
 417 4144 472 500 0
 417 454 381 453 0
 3995 4623 4460 5450 0
 5751 435 382 366 0
 5450 3995 4706 5416 0
 5574 5468 4706 3995 0
 864 718 788 669 0
 886 796 793 4144 0
 4287 4394 4701 2455 0
 4287 2455 4701 4404 0
 2455 4394 4548 770 0
 3760 2153 4170 2290 0
 3760 4540 2290 4170 0
 4315 2153 3760 2290 0
 429 5751 366 435 0
 4315 4540 2290 3760 0
 5530 4144 504 522 0
 5530 504 552 522 0
 611 615 575 917 0
 759 600 665 829 0
 929 797 864 726 0
 5613 4144 796 886 0
 878 812 871 5519 0
 2479 4206 2590 2571 0
 942 5530 908 915 0
 942 5530 915 921 0
 886 908 5530 4144 0
 5673 5282 581 488 0
 2479 5666 4206 2571 0
 4206 5341 5666 2479 0
 5729 3631 5563 4311 0
 367 397 452 406 0
 796 4144 724 793 0
 743 673 5673 664 0
 937 943 5519 930 0
 5610 4143 5706 5538 0
 937 5519 924 878 0
 943 937 5519 928 0
 5423 4920 419 5590 0
 592 690 4840 675 0
 5772 4143 5590 5423 0
 592 690 597 503 0
 4556 4708 4288 4699 0
 4677 4775 4708 4699 0
 592 503 4840 690 0
 4795 4677 4708 4699 0
 5673 593 515 581 0
 4795 4708 5014 4556 0
 5407 5764 4946 5260 0
 4268 4327 5387 5587 0
 407 405 5590 438 0
 5030 4920 5423 4880 0
 5590 438 405 460 0
 5590 419 460 405 0
 5772 5423 5610 4143 0
 4336 2024 4155 4441 0
 5210 5423 4819 4993 0
 4155 4441 2024 4866 0
 4433 4521 4661 4770 0
 1429 1449 4383 1509 0
 664 5282 743 735 0
 4226 4225 4461 3462 0
 993 4225 4203 3462 0
 4376 4225 4203 993 0
 993 4743 4399 4225 0
 4461 4226 4743 4225 0
 4376 4399 4225 993 0
 470 5751 4144 435 0
 376 380 436 397 0
 397 4920 419 5423 0
 4920 449 408 5590 0
 370 358 369 416 0
 429 435 366 371 0
 367 406 452 388 0
 453 472 4144 435 0
 5282 803 735 5519 0
 5519 878 937 871 0
 803 5519 871 812 0
 918 943 5552 5519 0
 369 498 382 5751 0
 366 435 382 348 0
 4610 4224 4623 4460 0
 4610 4224 3030 4623 0
 5450 3995 5574 4706 0
 5625 5530 5552 4424 0
 475 500 454 417 0
 5450 5574 4623 4610 0
 522 5613 5625 5530 0
 5574 3030 4623 4610 0
 743 5282 803 735 0
 5248 1209 1287 1261 0
 930 5519 937 871 0
 470 4144 522 504 0
 5248 1209 1261 5084 0
 1238 5084 1261 1209 0
 4144 673 5613 5684 0
 5673 673 5613 4144 0
 581 488 515 5673 0
 5673 581 5282 664 0
 5673 5282 743 664 0
 5613 743 5282 803 0
 382 498 470 5751 0
 4144 636 724 671 0
 4144 724 769 671 0
 575 888 5150 915 0
 381 345 398 371 0
 435 4144 515 5751 0
 600 665 885 677 0
 429 515 488 5751 0
 371 348 345 398 0
 677 920 615 669 0
 371 435 453 429 0
 600 615 885 841 0
 443 390 422 350 0
 516 443 420 403 0
 500 671 589 4144 0
 475 351 417 454 0
 443 422 420 350 0
 417 453 381 398 0
 525 479 620 476 0
 611 844 880 895 0
 691 665 628 761 0
 443 403 350 420 0
 589 443 606 529 0
 525 516 476 620 0
 563 674 685 628 0
 417 398 472 453 0
 417 4144 500 454 0
 417 381 351 345 0
 696 782 833 611 0
 907 946 822 963 0
 907 665 829 674 0
 517 454 422 390 0
 671 691 529 606 0
 2115 2025 5169 2336 0
 620 479 628 476 0
 516 420 431 403 0
 516 476 403 431 0
 516 403 529 443 0
 516 403 476 529 0
 516 476 628 529 0
 620 516 476 628 0
 615 885 888 920 0
 606 443 516 529 0
 822 798 936 944 0
 963 907 736 822 0
 417 4144 454 453 0
 550 841 600 759 0
 638 685 563 674 0
 828 894 674 721 0
 529 606 589 671 0
 600 885 665 829 0
 770 4583 4210 1318 0
 475 390 351 454 0
 726 798 740 944 0
 4517 4210 2503 1318 0
 550 769 759 671 0
 888 885 615 841 0
 822 960 946 944 0
 577 638 685 563 0
 822 946 740 944 0
 944 677 920 946 0
 611 917 669 615 0
 550 769 671 500 0
 638 747 674 721 0
 611 880 917 895 0
 4331 1074 1132 1035 0
 417 472 4144 453 0
 500 530 4144 472 0
 782 833 611 844 0
 669 880 611 833 0
 575 500 5150 550 0
 600 691 628 529 0
 575 586 895 5099 0
 788 696 669 718 0
 864 718 797 788 0
 5209 2994 2930 2968 0
 131 4278 114 38 0
 2994 5128 2968 5209 0
 4687 2968 3035 5128 0
 131 40 4278 38 0
 600 829 841 885 0
 615 669 920 917 0
 351 454 357 381 0
 475 671 589 500 0
 475 529 443 589 0
 600 691 529 759 0
 600 677 885 615 0
 929 936 798 944 0
 575 888 917 615 0
 575 915 917 888 0
 475 589 443 517 0
 475 443 390 517 0
 390 443 422 517 0
 475 454 517 390 0
 390 422 357 454 0
 475 671 529 589 0
 575 841 550 5150 0
 575 841 5150 888 0
 696 788 833 744 0
 929 920 669 917 0
 550 529 671 759 0
 550 759 769 841 0
 550 759 600 529 0
 550 841 615 600 0
 696 782 654 744 0
 696 610 654 782 0
 550 500 671 475 0
 696 782 744 833 0
 4713 340 314 198 0
 575 841 888 615 0
 575 615 550 841 0
 530 4144 5150 500 0
 314 5336 340 4713 0
 5150 867 793 908 0
 340 5336 4912 4713 0
 691 665 761 759 0
 761 829 759 665 0
 305 198 340 4713 0
 822 960 963 946 0
 691 759 600 665 0
 628 665 674 761 0
 577 525 479 620 0
 907 665 740 946 0
 894 963 736 810 0
 929 880 669 864 0
 788 864 669 833 0
 2499 4420 4669 2802 0
 4554 2499 4324 4420 0
 2499 4554 4669 4420 0
 4420 2499 4324 4227 0
 2499 4420 2802 4227 0
 4222 4426 5230 5586 0
 4222 5586 5230 5689 0
 726 944 929 798 0
 4381 4641 3388 2415 0
 798 797 929 726 0
 4381 4641 2415 4564 0
 4381 4564 2415 4472 0
 5689 5586 2882 4222 0
 946 677 665 740 0
 907 885 829 665 0
 828 674 747 721 0
 761 665 674 829 0
 907 885 665 946 0
 894 963 907 736 0
 822 960 944 936 0
 577 685 620 563 0
 822 740 798 944 0
 929 880 917 669 0
 198 4713 4665 314 0
 736 674 665 907 0
 736 740 907 665 0
 828 674 829 761 0
 828 907 674 894 0
 674 894 736 721 0
 736 822 907 740 0
 828 825 894 721 0
 828 825 721 747 0
 4713 5336 4665 314 0
 628 761 674 685 0
 721 736 810 894 0
 761 674 747 828 0
 685 747 761 674 0
 828 829 674 907 0
 4684 989 4717 2498 0
 4717 2498 989 4667 0
 5452 2498 4717 4443 0
 638 674 747 685 0
 4443 2498 4717 4667 0
 4684 2498 4717 5452 0
 563 479 628 620 0
 577 620 479 563 0
 4728 5175 4908 4746 0
 4610 4625 5499 2918 0
 4610 4625 4881 5499 0
 4192 4174 4293 1859 0
 1494 4383 1546 1361 0
 1865 1859 4174 4192 0
 5614 1507 1555 4568 0
 2026 1954 1915 1979 0
 2026 1915 1927 1978 0
 2051 1915 1878 1927 0
 1915 1954 2026 2051 0
 2051 1915 1954 1878 0
 708 716 5750 792 0
 4714 5320 1017 5562 0
 4334 2757 2752 2821 0
 4270 5356 4718 5345 0
 4270 5345 4718 4856 0
 990 4289 4547 4632 0
 5628 5356 4718 4270 0
 4547 4632 4550 990 0
 5628 4270 4718 4748 0
 4252 5592 1019 939 0
 5645 4975 5147 1452 0
 4685 5066 4859 4843 0
 4843 5066 4859 4673 0
 4260 3024 4224 3129 0
 5014 2524 4722 2427 0
 4984 4975 5105 4940 0
 2591 4722 5148 2524 0
 5014 4722 2524 4697 0
 4451 5443 4259 4302 0
 4203 2451 4480 5443 0
 4203 4480 2451 4477 0
 4203 964 4477 2451 0
 4203 2451 5443 4567 0
 4203 964 2451 4567 0
 939 1019 4252 977 0
 5148 4722 4697 2524 0
 2457 2427 4722 2524 0
 2457 4722 2512 2524 0
 952 4186 906 4469 0
 4436 4185 4469 906 0
 906 4469 4374 4185 0
 906 4186 4374 4469 0
 2524 4722 2512 2591 0
 4251 4145 5177 5441 0
 4686 4672 4724 5770 0
 4724 4672 4253 4444 0
 5770 4672 4724 4935 0
 4251 899 4145 818 0
 4724 4672 4686 4253 0
 2071 4648 4306 4192 0
 4647 4327 4421 4732 0
 4731 4545 5053 4958 0
 4327 4732 4982 4421 0
 4421 4732 4982 3388 0
 4731 5053 2735 4958 0
 3779 5629 3799 3800 0
 4408 4973 5246 4774 0
 5450 4728 4610 4881 0
 5450 4706 5574 4728 0
 4610 5450 5574 4728 0
 2918 4728 4610 2949 0
 4610 5574 2949 4728 0
 2445 2347 2375 2318 0
 4134 4801 4798 4348 0
 4352 4801 4134 4348 0
 2871 2798 2761 4297 0
 5163 4562 5341 4282 0
 4311 3553 3479 3619 0
 4352 4801 4400 4883 0
 3619 4311 3631 5729 0
 3676 4656 3768 3733 0
 5271 5588 4675 3294 0
 3638 5588 3606 3676 0
 2166 2296 2315 2319 0
 2196 2166 2298 2260 0
 2296 2371 2315 2363 0
 2196 2298 2241 2260 0
 2298 2296 2166 2196 0
 2196 2241 2298 2244 0
 2296 2315 2298 2166 0
 2287 2196 2298 2244 0
 4469 770 4286 4394 0
 4701 4394 4548 2455 0
 4286 770 4548 4394 0
 3542 3425 3485 4509 0
 5568 5624 5018 5722 0
 3542 3636 4509 3485 0
 2790 4734 5509 4849 0
 4734 4450 4768 5153 0
 4849 4678 4734 4464 0
 4678 4450 4734 4464 0
 4464 4450 4734 5153 0
 5663 5395 3197 3137 0
 4331 1096 1169 1157 0
 1169 1132 4331 4829 0
 1157 1169 4331 4829 0
 5357 4501 4377 1059 0
 4251 4145 5678 818 0
 4509 3416 3425 3485 0
 4509 3281 3425 3416 0
 4273 4217 3097 3161 0
 4976 2871 2870 2761 0
 4599 4933 4271 4625 0
 30 19 37 4735 0
 1288 5521 1348 1368 0
 30 58 4735 37 0
 4813 4413 5290 4666 0
 29 19 4688 4735 0
 4735 5351 4688 29 0
 5351 37 4735 58 0
 4257 4732 4696 3388 0
 4647 4732 4629 4257 0
 4543 5437 4187 4332 0
 4257 4732 4629 4696 0
 1931 2000 2039 2068 0
 2007 1941 1931 1935 0
 4187 4543 4499 5437 0
 1941 1881 1931 1935 0
 4499 5437 4287 4187 0
 2550 2448 2396 2527 0
 2371 2296 4428 2416 0
 2293 4287 4191 4702 0
 2395 2396 2448 2296 0
 4702 4191 4404 4287 0
 314 5213 400 387 0
 314 5213 387 5336 0
 4273 4217 3161 3246 0
 4253 4686 4905 4672 0
 4251 5752 5777 5645 0
 4795 2427 4736 5014 0
 4534 2016 4155 4325 0
 5201 4333 4155 4534 0
 4534 4336 4155 5201 0
 4534 4325 4155 4336 0
 4534 4155 2016 4914 0
 4684 989 4196 4717 0
 4196 4717 989 4667 0
 5452 4717 4196 4443 0
 4443 4717 4196 4667 0
 4684 4717 4196 5452 0
 4667 2417 4360 4651 0
 4667 4651 5233 2417 0
 575 895 917 915 0
 575 917 895 611 0
 4667 2417 5233 4473 0
 4747 4395 4745 4301 0
 4301 4747 4395 5291 0
 4747 5730 4745 4395 0
 4395 4747 5730 5291 0
 1592 1490 4737 5739 0
 3321 3034 3076 3277 0
 3321 3335 3131 5556 0
 3321 3076 3034 5556 0
 2396 2448 2550 2514 0
 5746 2313 2296 2360 0
 4293 4170 3760 5222 0
 4293 3760 4170 4540 0
 4293 4170 5222 4942 0
 4293 4170 4942 5437 0
 4293 4170 5437 4540 0
 4651 2417 4360 4086 0
 4651 4086 5233 2417 0
 4738 5006 5729 4235 0
 4427 672 4911 4280 0
 4738 5225 5006 4235 0
 5225 4844 4235 4738 0
 5729 4630 4738 4898 0
 1157 1066 4705 4331 0
 4705 4765 1066 4763 0
 4836 4667 4360 4651 0
 4541 4651 5233 4667 0
 4541 4667 5233 4473 0
 4763 1066 4705 1157 0
 5318 4507 4388 4910 0
 4502 4553 4507 4910 0
 4502 4507 5318 4910 0
 3003 2995 3176 3026 0
 4443 2498 4473 4508 0
 2498 4201 2417 4473 0
 4443 2498 4667 4473 0
 2498 4201 4473 4508 0
 4667 2498 2417 4473 0
 3000 3063 3176 3026 0
 4468 5675 4283 2332 0
 3063 3176 3026 3229 0
 3176 3000 3026 2995 0
 3229 3003 3176 3026 0
 2427 4759 2333 2308 0
 2333 4677 2308 4759 0
 4759 4677 2308 2344 0
 2427 2344 4759 2308 0
 4677 2344 5131 2308 0
 3132 5731 4740 3081 0
 3064 3081 4740 3049 0
 3064 4740 3081 3132 0
 4923 2262 4179 4439 0
 3049 3081 4740 5731 0
 5505 5291 5399 5532 0
 2016 4150 4352 4654 0
 5338 4625 4881 4933 0
 2016 4150 4654 3586 0
 4654 3586 4150 4485 0
 4684 4196 989 4750 0
 5601 5038 785 1014 0
 4750 4196 4529 4522 0
 5579 5038 855 746 0
 5687 5038 5601 1014 0
 5236 4196 4750 4522 0
 3064 4740 3132 3116 0
 4750 4196 989 4529 0
 4740 3132 5238 5731 0
 4337 3004 4214 2950 0
 4337 4214 3004 3118 0
 5144 4742 4570 4288 0
 4288 4742 4570 4708 0
 4759 4570 4742 4708 0
 5148 5144 4742 4570 0
 4759 4570 4722 4742 0
 5148 4570 4742 4722 0
 2019 4192 2173 2078 0
 2019 1951 4192 2078 0
 4908 4706 4728 4746 0
 4908 4706 5021 5416 0
 3229 3044 3003 3038 0
 3229 3111 3044 3074 0
 4357 4501 906 4169 0
 2596 5762 2454 2546 0
 4357 906 4642 4436 0
 4791 1723 1789 1671 0
 4357 4501 4642 906 0
 3445 5608 5494 5429 0
 5195 5293 5241 5137 0
 4647 5310 4732 4257 0
 4173 4621 4191 952 0
 4808 4621 4173 952 0
 5628 4769 4744 3483 0
 5628 3577 3483 4744 0
 4769 3398 4744 3483 0
 3483 3577 3398 4744 0
 4745 1498 4689 1553 0
 4745 4395 1553 4689 0
 1547 4745 1553 1498 0
 4172 1581 1595 4934 0
 5730 4395 1553 4745 0
 4172 5730 1581 4747 0
 3275 5743 3283 3347 0
 1581 5730 4745 4747 0
 4747 4172 5730 5291 0
 4747 4934 5008 5711 0
 4747 5008 5471 5711 0
 564 768 713 584 0
 5471 4172 4747 5291 0
 1287 1209 5248 1194 0
 4622 4191 4668 4786 0
 4622 4286 4668 4191 0
 5456 4160 1600 1653 0
 4291 1600 4160 1564 0
 4748 4270 4718 4856 0
 4972 5397 5427 4777 0
 4530 2557 4779 2922 0
 4828 4748 4704 4672 0
 4781 3611 4748 3754 0
 4639 4258 4336 4441 0
 4270 3754 4781 4748 0
 4441 4336 4639 5201 0
 4748 4718 4672 4828 0
 1827 4777 4719 4776 0
 5483 5122 4751 5474 0
 4751 5474 5122 5600 0
 4534 4325 4336 4139 0
 4693 4336 4139 4534 0
 4534 4343 4139 4955 0
 4343 4794 4534 4139 0
 4693 4534 4139 4955 0
 4751 5105 5600 4608 0
 5639 4608 4751 5483 0
 5639 4608 5105 4751 0
 5143 4724 1735 4966 0
 5770 4724 5143 4778 0
 4301 4747 5471 5711 0
 5471 4747 4301 5291 0
 4508 4201 4392 2498 0
 4265 4202 5246 4279 0
 2296 2319 2363 2315 0
 4542 4375 4202 4279 0
 4279 4375 4202 5246 0
 2500 4265 4279 4202 0
 2500 4202 4279 4542 0
 4895 5441 5513 5147 0
 4691 4484 4325 2024 0
 4691 4336 4913 4936 0
 4336 4325 4691 4913 0
 4691 4484 4913 4325 0
 2809 5375 5454 4917 0
 4691 4325 4336 2024 0
 4305 2293 4170 4537 0
 4169 4537 4170 2293 0
 4568 4305 4537 2293 0
 4537 4169 4568 2293 0
 4086 4164 4181 4323 0
 4538 471 4164 4086 0
 4164 4538 4086 4181 0
 4251 5513 5441 5147 0
 4301 4934 4747 5711 0
 4758 4544 4329 4202 0
 3229 4927 3267 3026 0
 4421 4406 4696 3388 0
 2415 4514 4199 2425 0
 4752 3598 3587 3581 0
 4752 4941 5745 5088 0
 4752 4941 5722 5745 0
 4752 3587 3562 3581 0
 3480 5593 4995 4744 0
 3480 5593 4744 3577 0
 3480 5593 3577 3641 0
 3480 4995 5593 3435 0
 1812 1789 1869 1694 0
 1694 1651 1789 4470 0
 1080 1076 4659 1007 0
 4753 4754 4872 5326 0
 4753 4754 5326 5394 0
 1322 4754 4753 5521 0
 5521 5394 4754 4753 0
 4972 4777 5456 4776 0
 4972 5456 4291 1719 0
 4719 4777 4972 4776 0
 4251 5678 4145 4807 0
 4086 4182 5233 2417 0
 5545 5277 1949 5118 0
 5678 5537 4145 4807 0
 5447 4189 2229 2327 0
 4086 2417 4181 4182 0
 4086 4538 4182 4181 0
 4396 2496 5164 5616 0
 5395 3197 5559 5663 0
 4894 5233 4086 4182 0
 3384 3263 3405 3338 0
 4894 4538 4182 4086 0
 3384 3263 3338 3349 0
 20 4688 26 19 0
 586 575 895 611 0
 844 887 895 5530 0
 586 895 5099 5530 0
 4688 4507 20 26 0
 1044 5408 913 4504 0
 4743 4810 4632 4399 0
 4743 1040 5007 4399 0
 4218 4399 4810 4386 0
 4218 4810 4399 4632 0
 4289 4218 4632 4445 0
 4399 5007 4810 4386 0
 4427 4184 4256 4831 0
 4831 4184 4256 4302 0
 1027 1138 982 4807 0
 1054 1138 4807 982 0
 1138 4807 5441 1054 0
 1138 5441 4807 5513 0
 1138 5513 4807 1027 0
 4847 4755 4213 3139 0
 4213 4755 3117 3139 0
 4755 4952 4847 4986 0
 4645 4441 4639 5201 0
 4755 3117 2974 2972 0
 4986 4755 4952 5332 0
 4181 4538 4182 2272 0
 4755 2972 5332 4213 0
 2417 2430 4181 4182 0
 4599 4625 5338 4933 0
 606 517 516 443 0
 2475 5616 2487 4396 0
 4628 4520 4365 4614 0
 1896 1810 1732 5172 0
 3132 4740 5238 3255 0
 2421 5581 2588 2504 0
 5581 2588 2504 4773 0
 5731 5238 3322 3374 0
 2137 2185 2159 2257 0
 2137 2107 2185 2081 0
 2333 4677 4759 4795 0
 4795 4759 2427 5014 0
 4743 4904 4442 1040 0
 1040 4904 4442 4358 0
 4743 4904 1040 4225 0
 4760 316 270 228 0
 316 337 4912 270 0
 228 293 5112 4760 0
 5336 4760 4834 4912 0
 2287 2298 2371 2322 0
 4801 4532 4798 4348 0
 2287 2371 2362 2322 0
 2287 2244 2298 2322 0
 4352 4532 4801 4348 0
 2287 2371 2296 2362 0
 2590 4206 2479 4958 0
 5310 5388 4641 5329 0
 4564 5386 4641 4285 0
 2479 4206 5341 4958 0
 2479 5341 2519 4958 0
 2296 2371 2298 2315 0
 2625 2590 2479 4958 0
 2287 2296 2298 2196 0
 2479 4958 2519 2625 0
 770 964 1318 4557 0
 770 4557 1318 4204 0
 5513 5735 4807 1027 0
 5735 5537 4807 1027 0
 2296 2371 2287 2298 0
 4374 4557 770 4186 0
 770 4374 964 4557 0
 2029 2199 2019 4404 0
 4975 1564 1543 1520 0
 4161 4312 5421 1503 0
 4146 4413 4666 5197 0
 4566 4353 4624 5449 0
 4321 5601 5295 5544 0
 1776 1608 1666 5046 0
 3622 4764 3538 3619 0
 4764 3619 4311 4897 0
 5729 4764 3622 3619 0
 3619 4764 4311 5729 0
 4897 3538 4764 3619 0
 3326 3257 4552 3142 0
 4305 4422 5222 4383 0
 4159 4383 5201 4298 0
 3495 4618 3399 3525 0
 4445 4359 5077 3512 0
 3512 5629 4359 5077 0
 4705 1055 890 4765 0
 5713 3306 3347 3275 0
 3134 5713 5743 3211 0
 3211 5743 3275 5713 0
 4705 1055 4765 4763 0
 4766 3026 3267 4927 0
 540 453 454 4144 0
 2802 4420 4545 4373 0
 2802 4373 4545 4492 0
 3064 4766 4740 3116 0
 830 860 4823 760 0
 2313 2396 2454 2352 0
 830 860 5734 4823 0
 2313 2381 2454 2360 0
 4803 5506 4823 5734 0
 2313 2454 2416 2360 0
 2435 2514 2491 2439 0
 2435 2491 2514 2550 0
 2435 2395 2514 2439 0
 2435 2550 2462 2491 0
 2435 2514 2395 2396 0
 2216 2381 2313 2360 0
 2313 2360 2416 2296 0
 1723 4824 1691 1657 0
 1723 1733 1725 1773 0
 468 4750 4684 4319 0
 979 975 5281 4310 0
 4684 4750 989 4319 0
 4300 4750 468 4319 0
 4319 4750 4529 4522 0
 2503 5093 4779 2557 0
 1511 1298 1428 5177 0
 4300 4750 4319 4522 0
 4319 4750 989 4529 0
 1511 1298 5177 1452 0
 2455 4548 4210 770 0
 4288 4548 4210 2455 0
 2455 339 4210 4288 0
 2455 4210 339 4517 0
 2455 770 4210 4517 0
 4427 4184 4831 4733 0
 5535 4813 4921 4148 0
 3204 4788 3202 3289 0
 4725 4233 2948 3080 0
 3204 4788 3080 3202 0
 5070 5430 4472 4510 0
 4972 5427 5397 4338 0
 5272 4366 4341 4379 0
 5432 5696 4510 1864 0
 4150 4304 4284 2153 0
 4263 4304 4150 2153 0
 4150 4322 4284 4304 0
 4263 4322 4150 4304 0
 4360 4667 4529 922 0
 4667 2498 989 2417 0
 4529 922 4667 989 0
 5326 4872 5115 5483 0
 4899 4754 5483 5508 0
 3112 4224 4623 3030 0
 5483 4751 5300 5474 0
 4539 4538 2290 4182 0
 4969 5011 4224 4623 0
 5046 4393 5221 4315 0
 1801 5046 1738 4393 0
 1722 5546 1665 1658 0
 1665 4305 4174 1546 0
 4933 4480 5555 4208 0
 1573 1658 4305 5614 0
 1573 5614 4305 1517 0
 691 628 685 761 0
 5338 5555 4208 4933 0
 5108 1770 5420 4624 0
 1770 4624 5031 5420 0
 4173 4808 952 4662 0
 1691 1723 1789 4791 0
 1691 1723 4791 4824 0
 1789 5560 4470 1651 0
 4293 5222 4174 4942 0
 5232 3483 4769 4704 0
 4769 5232 3398 3483 0
 4672 4769 5232 5377 0
 4878 4769 5593 5377 0
 4769 4878 5593 4744 0
 2974 5510 3203 4600 0
 4729 4741 4218 4207 0
 5232 4704 4769 4672 0
 4729 4218 4010 4207 0
 2499 4669 2500 2802 0
 2500 4279 4669 4401 0
 4265 4279 4545 4669 0
 2499 4669 4401 2500 0
 469 394 4913 349 0
 4670 5193 4739 3455 0
 1927 2051 4470 1878 0
 4670 5193 1225 418 0
 4426 4670 4318 418 0
 4516 5297 4670 5275 0
 4670 5193 5723 4739 0
 18 4633 38 22 0
 4488 4544 4329 4758 0
 3504 4748 3611 4828 0
 2503 339 5174 4211 0
 5174 2503 4211 4205 0
 4748 5628 3611 4704 0
 3504 4828 3611 3345 0
 2396 2313 2416 2296 0
 1793 4776 4719 1719 0
 2396 2313 2454 2416 0
 4972 4776 5456 1719 0
 4719 4776 4972 1719 0
 4776 1742 5456 1719 0
 1793 1742 4776 1719 0
 4165 4448 4353 4536 0
 4165 4536 471 4448 0
 4448 4924 4353 4536 0
 4448 5218 4536 471 0
 4498 4182 4342 5233 0
 4262 4473 5621 5659 0
 4448 4924 4536 5218 0
 4428 2296 2448 2396 0
 4478 5443 2425 4451 0
 1547 4789 4745 1498 0
 4839 5234 4188 4605 0
 4205 5068 4334 4420 0
 4205 4211 4334 5068 0
 1027 5537 4807 982 0
 4302 5443 4599 4402 0
 1298 1113 5752 1107 0
 5752 1244 1113 1298 0
 1552 5744 1610 1571 0
 5752 1244 1298 5177 0
 3530 5154 5722 4752 0
 3530 5154 4752 3562 0
 4179 4923 5078 4527 0
 5368 5276 4882 4832 0
 4439 4267 5078 4923 0
 2705 5368 4832 5053 0
 5053 5368 4832 5276 0
 5597 5368 4882 4832 0
 2705 5368 5597 4832 0
 4778 4724 5143 4966 0
 4778 4935 4724 5211 0
 5211 4935 5345 4811 0
 4460 4225 4212 4435 0
 4460 4225 4203 4376 0
 3462 4225 4203 4435 0
 4203 4435 4225 4460 0
 5153 2508 2553 2621 0
 4728 2918 5499 2881 0
 4728 5019 2949 2881 0
 2918 2881 4728 2949 0
 4728 5499 5175 2881 0
 2327 2332 4189 2229 0
 2327 4189 2390 2389 0
 2327 2334 4646 2389 0
 2334 4646 2389 2443 0
 197 4139 4833 4679 0
 197 4950 4833 4139 0
 4139 4483 4833 4679 0
 273 4133 362 306 0
 4584 4284 4624 4165 0
 4165 5420 4284 4624 0
 4448 4353 4624 4165 0
 4165 4495 4624 4448 0
 4435 4524 4209 4583 0
 4495 5420 4165 4624 0
 4353 4584 4624 4165 0
 3244 4292 3045 5370 0
 4379 4691 4855 4140 0
 4140 4855 4913 4691 0
 5310 4641 4381 4564 0
 5156 4950 4913 4855 0
 4855 4950 4591 5156 0
 4564 4641 4863 4285 0
 4457 4285 4863 4641 0
 4325 4792 2016 4352 0
 4792 4348 2016 4352 0
 4638 5218 4390 4323 0
 2016 4792 4325 4794 0
 4792 4862 2016 4348 0
 4794 4862 2016 4792 0
 20 44 4507 4793 0
 23 19 4793 20 0
 23 4793 44 20 0
 20 4793 4688 19 0
 4793 4507 20 4688 0
 4826 4721 4588 4628 0
 4163 4642 1619 4476 0
 4588 4323 4721 4826 0
 4397 4436 4642 2262 0
 4474 906 1619 4642 0
 906 4474 4501 4642 0
 4692 4642 2262 1619 0
 4397 4357 4642 4436 0
 4424 533 5552 509 0
 4255 4179 5078 4472 0
 5443 4478 4184 4302 0
 4478 4256 4184 4302 0
 4451 4256 4478 4302 0
 5078 4439 4179 4255 0
 4451 4478 5443 4302 0
 5206 5342 5418 5422 0
 5724 5533 1594 5589 0
 3280 5692 4785 5191 0
 5191 4623 5692 4785 0
 4785 5191 4623 3316 0
 4785 3280 5191 3316 0
 4821 5246 4774 4408 0
 3335 3046 5663 3088 0
 5663 3088 3056 3137 0
 4911 672 4167 4432 0
 3504 3611 4748 4781 0
 4270 4781 4856 4748 0
 3335 5556 5663 3046 0
 4856 4270 3682 4781 0
 3384 5663 3396 5559 0
 3003 3229 3038 3032 0
 4876 2498 4443 4508 0
 4876 2498 5452 4443 0
 5300 5474 4751 5383 0
 5300 5105 5383 4751 0
 4278 4796 4414 4957 0
 4278 5459 4796 4957 0
 4372 4796 4926 5459 0
 4852 4414 4918 4796 0
 4379 4796 4926 4372 0
 2415 4579 4299 4365 0
 4457 4579 4319 2415 0
 4319 4579 4299 2415 0
 4457 4579 2415 4896 0
 2415 4896 4579 4365 0
 3709 3643 4237 5629 0
 3709 3661 4237 3643 0
 3709 5629 4237 3779 0
 3142 4232 3348 3140 0
 3326 3348 4552 3395 0
 3142 3348 4232 4552 0
 3142 3348 4552 3326 0
 4363 3396 3472 5429 0
 4363 3439 5743 5429 0
 5429 3472 3445 5608 0
 4520 4180 4721 4365 0
 4783 3459 3546 3454 0
 4721 4180 4520 4527 0
 4721 4527 4163 4180 0
 5773 3454 3459 4783 0
 4530 2557 2922 4232 0
 4530 4232 2922 3084 0
 4232 2557 2922 5012 0
 4858 4191 4622 4786 0
 4858 4286 4622 4191 0
 4784 5000 3414 3255 0
 4303 731 5439 680 0
 4883 4400 4931 4801 0
 4217 4253 4273 4877 0
 4217 4877 4729 4253 0
 4217 4549 4729 4877 0
 4217 4797 4549 4877 0
 5102 5593 3480 3641 0
 4273 4797 4217 4877 0
 4400 4559 4931 4801 0
 4784 5000 3314 3414 0
 4400 4559 4801 4532 0
 5686 3840 3884 3782 0
 5505 5532 5399 5133 0
 4784 3186 3255 4851 0
 4784 3116 3186 4851 0
 3384 3396 5663 3367 0
 5559 3405 3396 3384 0
 4134 4352 4890 4883 0
 3056 5559 5663 5395 0
 4457 4285 4641 5618 0
 4927 3267 4766 3314 0
 4450 4318 4389 4426 0
 5256 4370 4932 5132 0
 4766 3116 4784 4740 0
 4766 4927 3314 4784 0
 5689 5586 2931 2882 0
 5689 2882 2931 2965 0
 4533 4504 5061 4593 0
 4465 4263 5061 4533 0
 4533 4593 5061 4465 0
 5746 2216 2360 2303 0
 4533 5061 4322 4263 0
 2216 2313 2381 2348 0
 2216 2348 2381 2263 0
 4533 4322 5061 4504 0
 2216 2348 2258 2313 0
 2216 2263 2381 2303 0
 3369 3244 3366 4292 0
 1252 5361 4714 1307 0
 4887 1225 4710 4015 0
 4373 4838 4635 4391 0
 4015 4558 4887 1225 0
 4194 5387 5507 4268 0
 5667 4194 5507 4268 0
 4243 3702 4509 4577 0
 4243 4509 5255 4577 0
 4243 4509 4358 5255 0
 4358 4509 4243 5303 0
 4243 3702 5303 4509 0
 2810 5667 5507 4268 0
 5037 4774 2485 2376 0
 4206 5246 4973 5037 0
 387 5213 5727 5336 0
 5336 4925 5213 5259 0
 4581 497 491 428 0
 5727 5213 5259 5336 0
 3455 4892 4606 4558 0
 4606 4892 4618 4558 0
 4558 3628 4892 3590 0
 5058 4221 2902 2934 0
 3405 3422 5559 3396 0
 7 4460 4260 4271 0
 4260 4460 4224 4610 0
 4905 4460 4224 4260 0
 7 4460 4905 4260 0
 4260 4460 4610 4271 0
 2333 2219 4699 2305 0
 5049 4387 4687 5577 0
 5534 5171 5049 4387 0
 5049 5171 4687 4387 0
 3405 3263 5559 5743 0
 4789 1473 4301 4695 0
 3349 5663 3197 3137 0
 4830 3512 1040 4743 0
 4743 1040 4830 5007 0
 4810 5007 4445 4386 0
 5559 3384 3263 3405 0
 5059 4790 5520 5400 0
 4790 5400 5059 4916 0
 4663 4890 4484 2024 0
 4533 4890 5264 4663 0
 4533 2024 4890 4663 0
 5663 3197 3263 3349 0
 4484 4890 4134 4352 0
 2590 2571 4206 5053 0
 5125 4215 4560 4967 0
 5316 4876 5125 4362 0
 4791 1592 5560 1651 0
 5125 4362 4292 5316 0
 4379 4366 4691 4835 0
 4936 4691 5355 4140 0
 4791 5560 1592 1671 0
 4366 5355 4691 4835 0
 5401 4794 4907 4343 0
 4907 4138 4343 4893 0
 4911 4535 4369 1390 0
 4911 4535 1390 4812 0
 4627 5056 4369 1342 0
 30 23 19 4793 0
 4812 4535 1390 4627 0
 30 19 4735 4793 0
 1342 5056 4369 1426 0
 4470 1671 1838 5560 0
 4735 19 4688 4793 0
 1789 4470 5560 1671 0
 1671 1773 1789 4470 0
 1869 1694 4470 1803 0
 1733 1817 4308 1823 0
 4911 4280 672 4432 0
 4911 4771 4280 4432 0
 4911 4771 4432 4535 0
 4911 4535 4432 4369 0
 4911 4432 4167 4369 0
 4086 471 4164 5218 0
 5218 4164 4086 4323 0
 5218 4086 4390 4323 0
 4314 471 4086 5218 0
 4314 5218 4086 4390 0
 5335 4366 4884 4341 0
 4523 4922 990 5316 0
 5095 4326 4426 5132 0
 4326 4370 4426 5132 0
 4794 2016 4534 4325 0
 5095 5132 1984 4326 0
 4794 2016 4440 4534 0
 4435 4225 4212 4418 0
 3462 4225 4435 4418 0
 1002 4685 1033 1037 0
 4685 1002 5748 4963 0
 4192 4930 4648 4306 0
 4871 4843 4685 4963 0
 4306 4930 4648 4499 0
 4973 4389 5034 4294 0
 2276 2341 2282 5446 0
 4482 4685 4712 5748 0
 4137 4712 4482 4685 0
 4875 5369 4489 5567 0
 4263 5061 4304 4465 0
 4263 5061 4322 4304 0
 2305 2408 2364 4795 0
 2333 4699 4677 4795 0
 2333 4699 4795 2305 0
 5453 4516 3075 5275 0
 2408 4736 2467 5014 0
 4184 5067 2451 4402 0
 4302 4184 5443 4402 0
 4184 4402 2451 5443 0
 2305 4795 2364 2256 0
 1854 5172 1740 1755 0
 5172 1732 5754 4172 0
 1778 5118 5532 1810 0
 5172 5754 1740 1755 0
 1547 4934 4745 4789 0
 1581 4745 1547 4934 0
 5471 4172 5291 5505 0
 4382 596 5626 537 0
 4352 4801 4883 4134 0
 5489 4883 4931 4801 0
 5283 4670 5723 4739 0
 4887 5266 4558 4015 0
 4887 5266 4015 4129 0
 4588 4526 4721 4323 0
 3699 4237 3661 3656 0
 3699 3758 4237 3705 0
 3699 3705 4237 3656 0
 4836 5254 4541 4651 0
 4700 4541 4836 5254 0
 3699 4237 3709 3661 0
 4454 4787 4522 4360 0
 5526 5622 5753 4247 0
 4796 5459 4546 4957 0
 4372 4546 4796 5459 0
 4379 4546 4796 4372 0
 4390 4454 4588 4526 0
 4390 4526 4588 4323 0
 4544 914 4202 4758 0
 4544 4328 914 4853 0
 4927 3314 3251 3267 0
 3063 3000 3176 3053 0
 3063 3176 3251 3053 0
 2759 2742 2691 4977 0
 538 5231 444 377 0
 538 4137 377 513 0
 4393 4188 1950 4997 0
 2687 2704 4977 4971 0
 5568 5018 5624 5536 0
 5404 4971 4806 5500 0
 4799 2737 2706 2828 0
 5520 4799 4790 2737 0
 4494 4997 5234 4393 0
 4494 4393 1914 4997 0
 4393 4997 5234 4188 0
 1950 4997 1914 4393 0
 4799 2828 5442 4790 0
 5520 2737 2706 4799 0
 4198 4493 4758 4329 0
 5620 4800 5293 5137 0
 5137 5293 4525 4800 0
 4198 5153 4758 4493 0
 3893 4680 4800 5137 0
 5137 4800 4525 4680 0
 5153 4758 4768 4198 0
 5636 4803 816 830 0
 830 760 4803 816 0
 4803 5781 816 760 0
 5636 5781 816 4803 0
 3229 4927 3251 3267 0
 4366 4341 4379 4512 0
 4410 2491 2529 2494 0
 4436 906 4692 4185 0
 4692 906 1619 4694 0
 906 4642 4692 1619 0
 4692 906 4694 4185 0
 4436 906 4642 4692 0
 3791 3893 3766 4680 0
 3905 3766 3893 4680 0
 958 4804 973 866 0
 610 844 768 782 0
 610 725 713 644 0
 610 725 768 713 0
 610 768 725 782 0
 610 844 782 611 0
 610 611 782 696 0
 708 5750 5538 792 0
 772 4143 5538 684 0
 4468 5067 4281 4831 0
 4831 5067 4733 4184 0
 2019 5473 4192 1951 0
 3112 4623 3155 3030 0
 4980 3030 3155 4623 0
 2759 2742 4977 4806 0
 4806 2801 2759 2742 0
 4913 4833 4139 4325 0
 4913 4139 4833 4950 0
 4468 5067 4831 4402 0
 4139 4483 4325 4833 0
 4833 4483 4352 4134 0
 4402 5067 4831 4184 0
 4309 5020 4351 4938 0
 4818 4833 4134 4483 0
 4611 4938 4154 5121 0
 4833 4483 4325 4352 0
 4496 4938 4914 5045 0
 5020 4351 4938 4914 0
 4611 4154 4938 5485 0
 4874 2508 5153 5379 0
 468 4684 4750 4523 0
 4300 468 4750 4523 0
 4835 4513 5355 4140 0
 4379 4835 4691 4140 0
 4396 5164 5170 5596 0
 4835 5355 4691 4140 0
 5379 5153 2621 2508 0
 5153 2508 4874 2553 0
 4293 4540 4837 3760 0
 4837 3760 4315 4316 0
 5078 4940 4841 4267 0
 4837 4540 4315 3760 0
 4940 5105 4841 4267 0
 2445 5596 2578 2568 0
 4307 233 3686 5117 0
 2445 2375 2394 5616 0
 4307 233 5117 4875 0
 2394 2375 2352 2404 0
 2394 2445 5616 2475 0
 2394 2304 2375 2347 0
 4405 233 4875 5117 0
 4335 4129 4887 4838 0
 4838 4335 4635 4391 0
 4335 4838 4887 4391 0
 4288 4404 4701 2455 0
 4404 4775 4701 4191 0
 4942 4305 4174 5546 0
 4942 2293 5026 5437 0
 4942 5546 4174 5026 0
 4807 4145 4251 5441 0
 4942 4170 2293 5437 0
 4288 4775 4701 4404 0
 4390 4360 4086 4177 0
 4512 10 4465 4663 0
 4663 4512 5264 4465 0
 3279 3321 3076 3277 0
 4914 4351 4333 4155 0
 3279 3119 3131 3165 0
 4534 4333 4155 4914 0
 3279 3076 3321 3131 0
 4440 4149 4914 2016 0
 4914 4149 4351 2016 0
 3279 3076 3131 3119 0
 3663 3673 5424 3814 0
 3663 1735 5424 3673 0
 3663 3604 1735 3673 0
 4837 3760 4316 4317 0
 4837 4643 3760 4317 0
 4519 4320 4267 4845 0
 4595 4845 4519 4267 0
 4478 2425 4567 4694 0
 4694 2425 4567 4514 0
 4478 4567 2425 5443 0
 4809 5098 3361 4995 0
 1927 1838 1878 4470 0
 1927 1978 1915 1884 0
 1927 1915 1838 1884 0
 4995 4809 5377 5593 0
 3405 3422 5743 5559 0
 4969 5267 5377 4809 0
 4778 4811 4935 5211 0
 3405 5743 3422 3378 0
 3134 5743 3194 3211 0
 5345 5211 4811 3527 0
 3097 4676 2973 5646 0
 4850 4546 4910 4459 0
 4850 5318 4459 4910 0
 4850 4347 4546 4459 0
 4850 4347 5027 5183 0
 5183 4850 5318 5027 0
 4279 4206 5444 4954 0
 4279 4954 5246 4206 0
 4954 4206 5444 5079 0
 5037 4954 5079 4206 0
 4206 4954 5246 5037 0
 1098 4921 5290 4813 0
 4441 4258 2024 4866 0
 5646 2973 3097 3172 0
 4155 2153 2024 4150 0
 4858 4173 4191 4948 0
 4173 4858 1727 4948 0
 4188 4716 4653 5124 0
 4653 4716 5163 5124 0
 5163 4543 4716 4306 0
 4328 5283 914 4853 0
 4169 2151 4170 4537 0
 4758 4544 914 4853 0
 4853 4976 4328 5283 0
 4292 5491 4345 4311 0
 606 516 628 529 0
 4292 4311 4560 3369 0
 517 516 443 422 0
 4789 4772 5711 1473 0
 5062 4131 5617 4820 0
 4905 5232 4224 5384 0
 5336 5617 4820 4815 0
 533 834 768 5530 0
 434 4912 4815 5617 0
 5336 5617 4815 4912 0
 531 784 4693 526 0
 482 427 4693 526 0
 5037 2535 2478 2468 0
 4171 4837 4315 4316 0
 5037 4206 2593 4973 0
 4696 4274 7 4417 0
 4257 4696 2425 3388 0
 4257 4696 4629 2425 0
 4974 4540 4837 4293 0
 4707 4540 4315 4837 0
 4696 4199 2425 3388 0
 3553 4560 4311 3471 0
 586 844 610 611 0
 4696 4199 4274 4417 0
 586 895 844 611 0
 4612 82 5315 4671 0
 4698 4346 5315 4671 0
 768 610 584 844 0
 4671 4346 5184 5010 0
 4208 5512 4480 5555 0
 4208 5512 5555 5330 0
 3512 4442 1040 4743 0
 4445 3512 4830 4743 0
 5002 4405 4467 5064 0
 4743 4442 4219 3512 0
 4743 4445 4219 4632 0
 2333 2219 2308 4677 0
 926 4250 997 4146 0
 2333 4677 4699 2219 0
 2043 4341 171 4136 0
 2043 171 4407 4136 0
 1344 1332 1314 4296 0
 1747 5739 1674 1691 0
 1439 1370 4305 1494 0
 846 4619 5020 4659 0
 4645 4383 1449 4317 0
 2317 2418 2335 4556 0
 1429 4383 1449 4645 0
 5004 4372 4591 4855 0
 5121 4154 5020 4938 0
 5045 5020 4938 4914 0
 5111 5004 5052 4591 0
 4587 2262 5301 4436 0
 4534 4640 4333 4496 0
 672 2262 4587 4397 0
 4587 4397 2262 4436 0
 4640 4333 4496 5485 0
 193 4433 112 134 0
 4698 157 110 138 0
 110 81 4433 83 0
 4496 4333 4914 4938 0
 4496 4534 4914 4333 0
 5485 4333 4496 4938 0
 812 4819 735 5519 0
 5282 5626 4819 652 0
 652 735 5173 4819 0
 5160 737 5173 4819 0
 737 4819 5160 812 0
 4887 4335 5274 3730 0
 4705 4765 890 967 0
 3730 5266 4887 4335 0
 4705 967 890 5292 0
 4820 5617 5062 4815 0
 5727 5259 4989 4820 0
 4820 5472 5259 4131 0
 4131 5472 5617 4820 0
 4820 4815 4989 5727 0
 193 4433 279 238 0
 279 4433 242 315 0
 3687 4822 5571 3693 0
 3693 4822 5571 5620 0
 5207 4331 4459 5292 0
 5183 5318 4507 5112 0
 4507 5318 4388 5112 0
 5078 4510 4472 4520 0
 4656 3810 3733 5162 0
 3502 3448 3638 5588 0
 4472 4510 5078 5070 0
 5078 4527 4510 4520 0
 5004 4855 4591 5156 0
 4379 4663 4855 4691 0
 4512 4136 4379 4546 0
 5078 4841 4510 4527 0
 5078 5531 4510 4841 0
 5078 5531 5070 4510 0
 675 4823 766 760 0
 4823 760 860 766 0
 5506 4823 5718 4803 0
 4883 4581 4931 4400 0
 4581 4400 4130 4931 0
 253 4931 5489 284 0
 1532 1636 4824 4791 0
 2151 4164 4536 4377 0
 3630 3721 5569 3704 0
 5569 4575 3625 5635 0
 4266 2451 4184 5067 0
 4266 2451 5067 4471 0
 4534 4681 4640 4496 0
 4534 4505 4640 4681 0
 5217 4825 5229 1069 0
 4825 5229 5735 953 0
 4370 4882 233 4272 0
 3335 3396 3367 5663 0
 5127 5033 4585 4626 0
 4363 5429 5559 3396 0
 4363 3422 5743 3439 0
 4805 4541 4682 4178 0
 4541 4651 4178 5233 0
 4541 5233 4178 4589 0
 5559 5429 4363 5743 0
 4589 4541 4805 4178 0
 3422 5559 4363 5743 0
 4682 4651 4178 4541 0
 3422 3396 4363 5559 0
 1733 1671 4308 1773 0
 4308 1773 1671 4470 0
 1671 1838 1823 4308 0
 5026 4930 4192 4306 0
 5026 4930 4404 4192 0
 4287 4930 5026 4499 0
 4287 4930 4404 5026 0
 5026 4930 4306 4499 0
 1311 5061 4504 1152 0
 1311 5061 4322 4504 0
 1152 5061 4504 4593 0
 4276 4329 4198 4262 0
 4276 4198 5621 4262 0
 3335 3088 3131 3046 0
 3611 4748 4704 4828 0
 4599 5443 4271 4933 0
 4748 4856 4828 3504 0
 5443 4480 4271 4933 0
 5770 5220 4828 4935 0
 5770 3345 4828 5220 0
 3611 4828 4704 3345 0
 4942 5222 4174 4305 0
 4942 2293 5546 5026 0
 890 4804 866 973 0
 4804 4132 890 866 0
 4834 4760 5112 293 0
 4834 4388 5112 4561 0
 4834 4561 5112 4760 0
 5472 4388 5112 4834 0
 5617 5472 5112 4834 0
 5617 4834 5112 293 0
 4443 4196 4541 4667 0
 4836 4541 4196 4667 0
 5198 4541 4443 4196 0
 224 217 5040 306 0
 4196 4541 4836 5261 0
 224 185 5040 217 0
 3087 2985 4231 3094 0
 3087 3220 4231 3164 0
 3087 3006 4231 2926 0
 5198 4541 4196 5261 0
 5637 4903 5268 4956 0
 4291 4975 4984 4940 0
 4291 4984 4841 4940 0
 4291 4975 4160 4984 0
 4291 4160 4841 4984 0
 4190 4330 4350 4858 0
 4981 4330 4858 4469 0
 3440 5671 3444 3514 0
 4871 4804 4597 4673 0
 5417 171 4597 4673 0
 5446 2414 2341 5647 0
 4330 4286 4858 4469 0
 2276 5446 2199 2316 0
 2276 5446 2316 2361 0
 2276 2199 4930 2019 0
 4858 4350 4286 4330 0
 2276 2341 5446 2361 0
 4190 4330 4858 4981 0
 4673 5607 4597 5417 0
 171 4871 4597 4673 0
 4673 4705 4597 5607 0
 4673 4705 4804 4597 0
 2165 2119 2083 4622 0
 5422 1501 1510 5418 0
 5422 1510 1501 1559 0
 5543 1501 1567 1559 0
 533 768 564 584 0
 584 586 5530 844 0
 449 430 5718 503 0
 592 4840 4947 675 0
 592 503 5104 4840 0
 449 503 5718 4840 0
 4947 5718 4840 449 0
 4334 4211 4861 4590 0
 4282 4211 4861 4205 0
 4861 4590 4211 5581 0
 4282 4861 4211 5581 0
 5558 5542 5461 5193 0
 5542 5482 5193 5558 0
 4405 4264 5214 4467 0
 4405 5117 4875 4264 0
 4405 4264 4467 5117 0
 2119 4193 2083 4622 0
 4193 4668 4622 2119 0
 2119 4668 4622 2367 0
 906 4186 925 4374 0
 495 4130 466 355 0
 495 466 4130 556 0
 495 4130 582 556 0
 495 4931 4130 355 0
 495 582 4130 497 0
 4992 4291 4841 4940 0
 4992 4291 5531 4841 0
 4992 4291 5025 5531 0
 1195 1123 1204 4619 0
 1119 1161 4616 1140 0
 4871 4963 4685 5748 0
 726 864 929 669 0
 797 798 929 897 0
 797 897 929 864 0
 4311 5491 4345 3394 0
 3369 5491 4292 4311 0
 4543 4861 4282 5444 0
 3512 4709 5629 3836 0
 2563 4709 4243 3820 0
 5501 5144 5305 4570 0
 5444 4282 5341 4861 0
 5163 5341 5444 4282 0
 4844 4630 4898 4738 0
 4543 5444 4282 5163 0
 2115 2134 2213 5397 0
 2105 5397 4175 2113 0
 4844 4630 4738 4261 0
 4350 4655 2253 4622 0
 4350 4655 4622 4286 0
 4622 4286 4655 4637 0
 2429 2253 4655 4622 0
 4655 2355 4622 4637 0
 4350 5001 2253 4655 0
 4484 4325 2024 4352 0
 2355 2429 4655 4622 0
 5445 2339 5190 4994 0
 4927 3063 3116 3064 0
 4468 4402 4831 4302 0
 4302 4402 4831 4184 0
 3026 4927 3064 3063 0
 4350 4655 5445 5001 0
 3229 3063 4927 3026 0
 5533 1594 5653 5744 0
 3229 3063 3251 4927 0
 3172 4847 3002 3139 0
 4847 2973 5646 3172 0
 3172 2973 3002 4847 0
 3172 4755 4847 3139 0
 4755 4952 3172 4847 0
 4227 4873 4788 4577 0
 4847 4952 3172 5646 0
 4227 4577 4463 4873 0
 653 4848 553 503 0
 5718 430 4848 503 0
 653 4142 553 4848 0
 4840 503 5718 4848 0
 4391 1225 4710 4887 0
 4391 4373 4887 4710 0
 4848 4142 430 5718 0
 1225 4318 4710 4015 0
 4015 4318 4710 4492 0
 629 538 4137 781 0
 629 4137 5440 5320 0
 629 4137 5320 781 0
 548 5185 5440 513 0
 4015 4373 4492 4710 0
 5526 5622 4247 5365 0
 4983 4379 4918 5004 0
 4183 5234 4494 4997 0
 2785 4849 2868 2790 0
 3353 3549 3436 3500 0
 3353 3500 3332 3414 0
 3436 3532 3549 3429 0
 2785 5586 2868 4849 0
 2868 4678 4849 5586 0
 5077 5629 3737 4236 0
 3512 5629 5077 4236 0
 4236 3836 3512 5629 0
 4236 3804 3836 5629 0
 3737 5629 3804 4236 0
 2790 4734 4849 2868 0
 2868 4678 4734 4849 0
 5333 5362 4883 4134 0
 5333 4883 5314 5489 0
 2257 2261 2159 2224 0
 5362 4883 4134 4890 0
 2257 2318 2185 2261 0
 2257 2185 2227 2194 0
 1048 4517 5174 4205 0
 4186 770 4394 1048 0
 1048 770 2455 4517 0
 1308 1446 1526 5422 0
 5081 569 641 612 0
 1442 1501 5418 1466 0
 4740 4851 3255 3132 0
 4740 3116 4851 3132 0
 2467 2408 5014 2446 0
 4379 4372 5004 4855 0
 4983 4918 5052 5004 0
 4379 4855 5004 4140 0
 5052 4918 4278 4926 0
 4379 4372 4926 5004 0
 5014 4697 2467 2446 0
 4594 4567 4514 925 0
 4557 925 4374 4567 0
 4594 4567 925 4557 0
 4417 4567 4514 4594 0
 4957 4521 4671 5184 0
 4957 4910 4546 5184 0
 327 319 4138 361 0
 327 361 4138 433 0
 5762 2643 2527 2546 0
 830 4803 760 4823 0
 5582 4317 4866 4258 0
 4926 4796 4278 5459 0
 4379 4796 4918 4926 0
 4379 4926 4918 5004 0
 4606 3455 4328 4649 0
 4258 10 4866 5582 0
 4015 5266 4344 4129 0
 4399 4743 4810 5007 0
 4606 4558 4618 4344 0
 4810 4743 4445 5007 0
 5007 1040 4830 5039 0
 5007 5039 4419 1040 0
 4399 5007 4419 1040 0
 5004 4926 5052 4591 0
 4782 5024 4440 4615 0
 5120 4615 4782 4440 0
 4337 2974 2950 4214 0
 589 475 500 517 0
 500 475 454 517 0
 4614 5430 4176 4628 0
 1936 4176 5430 4628 0
 5601 927 905 785 0
 1052 4959 1014 992 0
 4287 4186 1048 4187 0
 5437 2272 4287 4187 0
 2050 2112 1941 2060 0
 2007 2039 2112 2068 0
 4852 4136 4414 4796 0
 4414 4796 4136 4957 0
 4828 4856 5155 3504 0
 4856 4781 3504 4748 0
 5083 4856 3682 4781 0
 3799 2563 4709 5629 0
 2588 4211 2589 2667 0
 2588 2543 4211 2414 0
 2588 4211 2543 2589 0
 9 13 4128 21 0
 4806 5573 2742 5524 0
 4806 5573 2801 2742 0
 4800 3893 5137 3869 0
 4918 4414 4278 4796 0
 4918 4796 4278 4926 0
 3810 4656 3768 3864 0
 3810 3768 4656 3733 0
 4918 4926 5052 5004 0
 3810 3862 5527 3864 0
 4822 3791 3893 3869 0
 4822 3791 4680 3893 0
 4952 4600 4217 4549 0
 4600 5510 5332 2974 0
 4686 5232 4224 4905 0
 4389 4228 4882 4370 0
 4832 5276 4882 4389 0
 5127 4882 4626 5209 0
 4370 4882 4272 4228 0
 5689 4222 2965 5627 0
 5689 4222 2882 2965 0
 3135 3163 5765 3223 0
 3804 5629 3800 3836 0
 3804 3753 5629 3737 0
 4496 568 456 557 0
 1855 1846 4390 1815 0
 4168 5056 4397 4357 0
 4168 5056 4357 4720 0
 5056 5043 4397 4357 0
 4720 4357 5121 5056 0
 4357 5043 5121 5056 0
 4158 5485 1250 4611 0
 4333 4611 5485 4158 0
 5080 4928 5469 4519 0
 4928 5295 4252 5469 0
 4293 5026 4174 4192 0
 4864 2718 2786 2728 0
 2881 5175 2848 5048 0
 5499 5048 5175 2881 0
 5499 5555 4864 5048 0
 2883 4779 2832 4530 0
 4867 1326 4608 5204 0
 5483 5122 5474 4867 0
 5091 5122 4867 5474 0
 1326 4608 4872 4867 0
 4867 4872 5483 4608 0
 1040 4242 5017 5569 0
 5039 1040 4830 5017 0
 3735 3655 4243 3703 0
 1040 5569 5017 4968 0
 5039 1040 5017 4968 0
 4517 4554 4324 4205 0
 4243 3655 3735 3660 0
 4243 3660 3735 3710 0
 4243 3763 3735 3803 0
 4243 3710 3735 3763 0
 4243 3803 3735 3801 0
 2833 2774 4916 2835 0
 4358 4463 4509 4572 0
 2816 2762 2824 5575 0
 4671 4910 5184 4388 0
 4671 4346 5315 4388 0
 4388 4346 5184 4671 0
 4612 4671 5315 4388 0
 4612 4910 4671 4388 0
 4165 4150 4584 4284 0
 5449 4353 4624 4448 0
 3084 2922 4530 2846 0
 5338 5343 5555 4868 0
 5343 5555 4868 2728 0
 3084 2846 4530 2832 0
 2801 5573 5497 2855 0
 2183 2112 2233 2128 0
 2183 2112 2128 2068 0
 4430 4344 4220 4606 0
 4379 4136 4796 4546 0
 4796 4546 4136 4957 0
 4447 4143 919 911 0
 4721 4526 4180 4323 0
 4721 4365 4180 4526 0
 4496 889 4817 750 0
 4675 3219 5719 3130 0
 5725 4723 5719 4675 0
 4484 4802 4372 4855 0
 4950 4484 4855 4802 0
 3182 3180 3044 3106 0
 3182 3111 3229 3200 0
 3182 3106 3044 3111 0
 5084 171 5417 4673 0
 4673 5248 5607 5417 0
 5248 5417 4673 5084 0
 5248 4673 1209 5084 0
 5232 4769 4878 5377 0
 4769 5232 4878 3398 0
 4769 3398 4878 4744 0
 4878 3270 3398 5232 0
 4878 5232 4969 3270 0
 4969 5377 5232 4878 0
 4899 4527 4163 4628 0
 4628 4527 4163 4721 0
 4899 4826 4628 4163 0
 4163 4721 4826 4628 0
 4484 4890 4352 2024 0
 4352 2024 4890 4533 0
 737 5200 670 4880 0
 737 766 5200 4880 0
 5392 5249 675 4880 0
 4949 5198 4443 4196 0
 5598 4196 4827 4949 0
 4660 4196 5598 4949 0
 4289 4261 4364 4218 0
 4289 4218 4445 4261 0
 4670 4450 4318 914 0
 4545 4206 5276 5053 0
 4147 4586 5270 5611 0
 4586 5611 4250 4485 0
 4885 2772 2839 2817 0
 4885 2817 2718 2772 0
 5330 4885 2718 2772 0
 4885 5109 2839 2772 0
 5330 2772 5109 4885 0
 4298 4158 4580 4333 0
 4887 5086 1225 5274 0
 4887 5086 4391 1225 0
 2021 1922 1990 2013 0
 2021 1990 2063 2110 0
 2039 1901 1931 1941 0
 1931 2039 2007 2068 0
 2063 1931 2068 2000 0
 1990 1904 1931 2000 0
 2000 1857 1904 1931 0
 4804 1020 973 1055 0
 3325 3335 3367 3259 0
 1020 958 4804 973 0
 2810 2877 5507 2910 0
 3325 3189 3259 3258 0
 3325 3189 3258 3299 0
 2910 5507 2810 2876 0
 2810 5507 5475 2876 0
 675 4823 4840 4947 0
 2285 5298 4814 2192 0
 3325 3189 3299 3335 0
 3259 3335 3367 3196 0
 4865 4493 4814 5298 0
 675 4823 690 4840 0
 596 5173 670 4819 0
 652 4819 596 5626 0
 4272 4228 4730 4391 0
 4635 4617 4455 4730 0
 4455 4730 5209 4228 0
 5127 5209 4626 5128 0
 2968 5128 4626 5209 0
 3811 3810 5527 5162 0
 4262 4384 4488 5621 0
 3811 3733 3810 5162 0
 4262 4329 4488 4201 0
 471 4536 4164 5218 0
 4680 3766 3791 3665 0
 4198 4329 4488 4262 0
 5621 4198 4488 4262 0
 4262 4201 4488 4384 0
 3665 4680 3677 3791 0
 4155 4150 2016 2151 0
 5614 4662 4173 2293 0
 3758 3709 4237 3779 0
 5354 5688 5593 3503 0
 5758 3503 5688 5354 0
 3758 3779 4237 3799 0
 3392 5354 5593 3503 0
 3140 2971 4232 3084 0
 4657 4631 5100 4443 0
 5100 4631 5452 4443 0
 4196 4949 5452 4443 0
 4764 4897 4311 3437 0
 3474 4897 4764 3437 0
 4311 4897 3479 3437 0
 5729 4898 4738 4235 0
 4844 4898 4235 4738 0
 4733 4831 4427 4281 0
 672 4184 4427 4733 0
 5065 4898 4235 4844 0
 4733 4184 5067 4479 0
 5251 4574 4432 5372 0
 4898 3622 3615 4235 0
 4898 5065 4235 3615 0
 5729 4235 3622 4898 0
 4482 4407 5231 4137 0
 4482 4407 4521 5231 0
 3836 5265 4709 3839 0
 3836 3804 4236 3845 0
 3836 5265 3839 3856 0
 5340 4322 4584 4576 0
 5066 4407 4871 4482 0
 1311 4322 4576 4504 0
 4482 4407 5010 4521 0
 4871 4407 5010 4482 0
 4556 2199 2317 5557 0
 4582 5029 4970 5470 0
 4556 2199 5557 4404 0
 4582 5470 5279 5029 0
 5285 4957 4414 5029 0
 4957 5285 4661 5029 0
 5686 3607 4961 5688 0
 3605 4961 3607 3503 0
 4313 4486 5233 4498 0
 4961 3668 3607 5686 0
 2085 4486 2204 4178 0
 2259 4276 4486 2249 0
 2004 4486 2085 5619 0
 3607 4961 5688 3503 0
 1490 1534 4737 5739 0
 4755 4986 4847 4213 0
 4213 4755 4986 5332 0
 5003 4986 4847 5646 0
 4154 5020 4938 5045 0
 4435 4418 4212 4524 0
 4369 5251 4397 5056 0
 4627 5056 5269 4369 0
 4574 4616 4939 5251 0
 4405 233 5117 4272 0
 4440 5045 4496 4914 0
 4448 5218 471 4314 0
 4448 4924 5218 4314 0
 4223 5674 5732 5299 0
 5674 5257 5732 5299 0
 3072 4230 2967 3041 0
 3072 2967 4230 2978 0
 3072 4230 3143 2978 0
 4685 1033 1037 4953 0
 4953 1037 1088 1033 0
 4953 1088 1037 1127 0
 4713 4760 5336 4912 0
 198 305 235 4713 0
 305 4713 270 235 0
 2771 5516 5256 2729 0
 2664 2597 4488 5621 0
 2800 2844 2859 4367 0
 3330 5467 3460 3264 0
 3143 4230 3157 5467 0
 4528 5194 4261 4729 0
 4528 4844 5194 3450 0
 4261 4844 5194 4528 0
 5551 5520 2671 2604 0
 5551 5520 5400 5059 0
 4304 4322 4284 5425 0
 4184 672 2262 4587 0
 4284 4322 5340 5425 0
 4587 5301 2262 4184 0
 4733 4479 4587 4184 0
 672 4587 4184 4733 0
 4587 5301 4184 4479 0
 3094 4231 3087 3220 0
 5050 1084 4619 4148 0
 5050 1084 4148 1068 0
 861 902 5050 1068 0
 606 620 691 628 0
 620 628 606 516 0
 4140 5156 4913 4855 0
 4415 2359 2288 5124 0
 4140 4913 5156 346 0
 5416 5021 4908 5555 0
 4909 2603 2556 2607 0
 2556 2603 4909 5520 0
 4328 5283 3455 914 0
 5048 4864 2786 2728 0
 3455 5283 4670 914 0
 5569 3721 4572 4242 0
 3630 3644 4572 3721 0
 4760 316 4912 270 0
 305 337 4912 383 0
 185 163 4483 5676 0
 5143 5057 4273 4253 0
 185 4818 4483 163 0
 4273 5016 4253 5057 0
 4757 4134 4484 5022 0
 4484 4757 5022 4802 0
 4837 1596 5359 4171 0
 4837 1706 4171 4974 0
 4974 4540 4707 4837 0
 4217 4729 4269 4444 0
 4217 4729 4444 4253 0
 4217 5194 4600 3311 0
 4217 4729 4528 4269 0
 2427 2524 4736 5014 0
 2427 4759 4722 5014 0
 2472 5498 2326 4285 0
 4199 989 4200 922 0
 4981 4266 5486 4190 0
 791 4915 758 802 0
 5537 5051 791 4915 0
 5317 5051 5537 4991 0
 2165 2119 4622 2367 0
 5131 2208 2119 4193 0
 3474 3538 4764 4897 0
 5349 4457 4319 5135 0
 4195 4457 4998 5618 0
 5310 5388 4982 4641 0
 2367 2208 2119 5131 0
 4193 5131 4668 2119 0
 4457 4511 4319 5135 0
 4457 4511 5618 4641 0
 1271 5607 1157 1160 0
 1157 5607 4763 1160 0
 5310 4641 4982 3388 0
 4319 2415 4199 4406 0
 4510 4628 4520 4527 0
 4607 4527 4510 4841 0
 4628 4527 4510 4607 0
 677 929 726 944 0
 677 929 920 669 0
 677 944 726 740 0
 677 920 929 944 0
 5671 3556 5726 3510 0
 5671 3556 3514 5726 0
 5671 3556 3564 3547 0
 2737 4790 2811 2828 0
 4799 2828 4790 2737 0
 2910 4213 5507 2876 0
 4267 5105 4886 4940 0
 1694 1651 4737 4791 0
 1592 4737 1651 4791 0
 1651 1789 4791 1694 0
 450 5009 408 4920 0
 511 450 4920 5009 0
 4777 2115 2062 2009 0
 2115 5397 4777 2062 0
 2115 4777 2025 2009 0
 5169 2025 2115 4777 0
 3391 3335 3374 5556 0
 5397 5169 2115 4777 0
 5663 3335 3391 5556 0
 310 4133 5676 306 0
 993 4743 4632 4399 0
 3391 3335 5663 3396 0
 5343 2728 2640 5555 0
 5024 310 4133 5676 0
 5343 2635 2561 2640 0
 4308 4470 1671 1838 0
 993 4743 4219 4632 0
 1823 1733 1671 4308 0
 306 5040 4133 5676 0
 5309 2561 5343 2635 0
 860 4823 766 5772 0
 5734 4823 860 5772 0
 4551 4910 4553 5459 0
 5185 282 4756 4770 0
 5459 4551 4910 4957 0
 4582 5470 5185 5279 0
 5037 2478 5079 2468 0
 5037 4206 5079 2478 0
 3639 3674 4239 3777 0
 4250 4400 5408 4586 0
 2063 2021 1922 1990 0
 4205 4324 5068 4420 0
 4147 5408 4586 5611 0
 5068 5455 4233 5094 0
 1581 1553 5730 1652 0
 5068 4324 5055 4420 0
 4205 4211 5068 2503 0
 1581 1553 1547 4745 0
 1581 5730 1553 4745 0
 5068 4211 5455 2503 0
 4472 5070 5078 4338 0
 5078 5025 4338 5070 0
 5025 5427 4338 5070 0
 4555 4328 4297 4649 0
 3226 5496 2987 4530 0
 5167 3110 4649 4297 0
 3110 4649 4297 3086 0
 5167 4649 4555 4297 0
 4649 4297 3086 4976 0
 4328 4976 4297 4649 0
 1926 1917 1960 1955 0
 1926 1960 2034 1955 0
 5574 4623 3030 4980 0
 3376 4215 3410 3315 0
 3376 4295 3410 4215 0
 3211 3194 3275 5743 0
 830 4803 4823 5734 0
 5734 4803 5636 830 0
 3116 3123 3063 4927 0
 4899 4320 4163 4527 0
 5300 4320 4899 4527 0
 4607 4527 4899 4628 0
 5524 4916 4790 2835 0
 5340 4322 5061 5425 0
 1859 1873 4293 4306 0
 2071 4306 1859 4192 0
 4790 4916 2737 2811 0
 1859 4293 4192 4306 0
 1859 2071 2091 4306 0
 2091 1873 1859 4306 0
 4594 4514 4299 925 0
 4385 4328 4488 4297 0
 4594 922 925 4299 0
 4594 922 4200 4354 0
 4328 4488 4853 4544 0
 4544 4488 4853 4758 0
 4328 4976 4853 4488 0
 4328 4385 4488 4544 0
 4328 4976 4488 4297 0
 5017 4242 5265 5130 0
 1040 3512 5017 4242 0
 5738 533 5530 4424 0
 552 4424 5738 5530 0
 254 189 4433 242 0
 5017 3512 5265 4242 0
 3686 5033 4585 5127 0
 5117 3686 4585 5127 0
 233 4882 3686 5127 0
 5117 233 3686 5127 0
 286 433 327 4138 0
 286 302 433 4138 0
 4323 4181 4664 4474 0
 906 4181 4664 925 0
 4664 4181 922 925 0
 2958 4976 5283 3136 0
 5101 4225 4212 4460 0
 2290 4332 5234 4403 0
 4403 4332 5234 4429 0
 5101 4212 3995 4460 0
 4429 5234 4543 4332 0
 4871 5748 4482 5010 0
 185 4483 5040 5676 0
 185 4818 5040 4483 0
 4502 4546 4910 4850 0
 4502 5318 4850 4910 0
 4502 4347 4546 4850 0
 4502 4347 4850 5183 0
 5183 4502 5318 4850 0
 2497 4547 4364 4741 0
 4406 4741 4550 4547 0
 5332 4600 4549 4364 0
 4549 2497 4741 4421 0
 4549 4364 4741 2497 0
 4421 4741 4550 4406 0
 4911 4369 4167 1390 0
 4835 4379 4983 4140 0
 4835 4366 5272 4379 0
 5272 4379 4983 4835 0
 4856 3682 3706 5083 0
 3706 3682 4856 4270 0
 5050 4148 4619 4149 0
 4148 4149 5050 4921 0
 5216 846 4148 4149 0
 846 4148 4149 4619 0
 5216 4921 4149 4148 0
 5178 4789 4934 1547 0
 4747 4745 1581 4934 0
 4272 4398 4467 4903 0
 4272 4903 4467 5064 0
 4272 5117 4467 4398 0
 4405 5117 4467 4272 0
 4467 4405 4272 5064 0
 3455 5193 5482 1225 0
 4558 1225 3455 5482 0
 5283 4221 914 4853 0
 4853 4976 5283 4221 0
 4969 5011 4623 5089 0
 4935 4672 4724 5345 0
 4935 5155 4828 5345 0
 4935 4828 4672 5345 0
 4935 5345 4724 5211 0
 4935 5155 5345 4811 0
 4769 5628 5593 5377 0
 5593 5071 5628 5312 0
 1972 5115 4869 4939 0
 1972 4501 1059 4163 0
 4642 4163 1972 4476 0
 4476 5115 1972 4939 0
 5312 5628 5593 3577 0
 5628 4769 5593 4744 0
 5628 3577 4744 5593 0
 1735 4234 4217 3331 0
 5628 5593 5377 5071 0
 4752 3428 4941 3526 0
 4752 5018 5722 4941 0
 5568 5722 5018 4941 0
 4855 4802 4372 4591 0
 4950 4855 4591 4802 0
 171 5066 5084 4573 0
 5066 4573 5005 5084 0
 5248 5417 5084 5460 0
 5248 5084 1261 5460 0
 1238 5460 1261 5084 0
 4484 4134 5362 5022 0
 5362 4484 5022 4802 0
 4943 2603 2669 2626 0
 2594 5404 2644 4943 0
 2669 4977 5524 4943 0
 1768 1855 1816 4588 0
 5454 4964 4209 4524 0
 5481 4964 5454 4524 0
 5481 5012 4964 4524 0
 1502 1479 5340 1415 0
 4434 5425 5031 5503 0
 269 4502 5183 308 0
 2446 4556 4697 2418 0
 4697 2418 2502 2446 0
 4697 2418 5431 2502 0
 2418 4556 4697 5431 0
 2148 2002 5352 1908 0
 1908 4486 5619 4313 0
 2835 4916 4790 2811 0
 1451 4576 1415 1502 0
 4790 2835 2811 5442 0
 511 4947 592 5104 0
 592 4840 5104 4947 0
 4947 4823 4840 5718 0
 4947 5718 5590 4823 0
 4585 2986 2964 4626 0
 103 4591 4565 154 0
 200 5052 205 143 0
 154 4565 113 4591 0
 200 103 4591 5052 0
 103 4565 4278 40 0
 4190 4350 5334 4858 0
 4976 3086 2870 2871 0
 5521 4413 4813 4666 0
 1877 4190 5334 4858 0
 1348 1368 4503 1399 0
 5521 4503 1348 1368 0
 5521 1059 5535 4413 0
 4146 1338 4666 5421 0
 1551 1423 5421 1508 0
 4503 4578 1458 1399 0
 1877 4858 1819 4190 0
 4503 4638 5394 3254 0
 2503 4210 5093 2557 0
 4588 1855 4390 1768 0
 1819 4858 1758 4190 0
 5501 5144 4210 5093 0
 2557 4210 5093 5012 0
 5012 4210 5093 5501 0
 4957 4546 4136 5184 0
 339 4210 5093 2503 0
 5144 339 4210 5093 0
 4596 2503 5094 4530 0
 2918 4610 3030 2949 0
 4610 3030 2984 2918 0
 1758 4981 4190 4858 0
 1044 4504 4147 5408 0
 827 5504 1047 794 0
 5068 5455 5094 2503 0
 5068 2503 5094 5055 0
 4530 5094 5455 2503 0
 4159 1297 4298 1247 0
 4618 3643 5629 4237 0
 4295 3684 3643 3582 0
 5146 4129 4838 4373 0
 5146 5307 4838 4129 0
 3552 5745 4752 3467 0
 4129 5307 4838 4335 0
 4261 5006 5729 4738 0
 5006 5288 5729 4235 0
 5006 5405 5288 4235 0
 1169 4829 1157 1234 0
 5006 5225 5405 4235 0
 4261 5225 5006 4738 0
 4166 4183 4762 4539 0
 4762 4498 4313 4539 0
 5108 5420 4495 4624 0
 4227 4358 4226 4463 0
 4358 4904 4463 4572 0
 1451 1531 1422 4576 0
 1415 4576 1451 1299 0
 4572 4463 4531 4904 0
 4400 5504 4504 4533 0
 4506 3226 3281 5060 0
 4506 3336 3425 3281 0
 269 4507 214 223 0
 4671 4910 4957 5184 0
 51 55 4553 97 0
 269 4507 280 5183 0
 269 214 4507 4502 0
 5540 4504 5504 794 0
 4653 4540 4332 4707 0
 38 40 4633 18 0
 4278 40 4633 38 0
 5540 4400 5504 4504 0
 18 4633 16 40 0
 5238 3386 3353 3255 0
 3481 3386 3414 3353 0
 4450 4426 4389 4408 0
 4294 4408 4389 4426 0
 5287 4426 5594 4294 0
 3414 3386 3255 3353 0
 4509 3636 3688 3664 0
 4426 4450 5594 4408 0
 3481 3353 5238 3386 0
 827 5504 951 1047 0
 2560 2532 2495 4962 0
 4509 4506 3281 4361 0
 5551 2495 4962 2560 0
 2560 2532 4962 5694 0
 5551 2560 4962 5400 0
 4962 2560 5694 5400 0
 1864 4510 5432 1772 0
 4311 3631 4560 3553 0
 4560 3553 3631 4416 0
 2601 2632 4294 2583 0
 538 4137 5231 377 0
 4433 5231 4770 225 0
 5185 377 4770 5440 0
 2204 4486 2259 5659 0
 890 807 866 4132 0
 4558 3455 4892 5482 0
 4558 3628 5482 4892 0
 1908 4313 1770 1899 0
 1899 1770 4762 4313 0
 4132 815 807 866 0
 4295 3618 3685 3684 0
 4560 3646 3618 3531 0
 4771 4438 4280 4432 0
 4771 4438 4432 4535 0
 4771 4438 4535 4321 0
 4809 4623 5191 3316 0
 4623 4809 4969 5098 0
 4623 5098 4969 5089 0
 4591 4926 4565 4999 0
 4372 4926 4591 4999 0
 4591 4926 4278 4565 0
 4999 142 5063 100 0
 4278 4957 4414 4633 0
 4861 4211 4334 4205 0
 5174 4205 4211 4282 0
 5107 5103 5125 5316 0
 4288 4697 4708 4556 0
 5107 4292 5337 5316 0
 5014 4708 4697 4556 0
 5691 4292 5107 5370 0
 4556 4697 5014 2446 0
 5431 4697 4288 4556 0
 4546 4136 4349 4512 0
 4347 5435 4593 4465 0
 5107 4292 5691 5337 0
 5108 5522 4162 4985 0
 4736 5014 2524 2467 0
 4759 4742 5014 4708 0
 4759 4742 4722 5014 0
 4140 489 461 5111 0
 5156 5004 5111 4591 0
 4140 4379 4983 5004 0
 5004 5111 4983 4140 0
 4140 5111 4983 489 0
 5156 5111 290 4591 0
 4775 4191 4592 4668 0
 4775 4191 4286 4548 0
 4701 4775 4548 4191 0
 4592 4191 4775 4404 0
 4288 4775 4548 4701 0
 4622 4286 4637 4668 0
 4390 4177 4454 4360 0
 4454 4177 4787 4360 0
 1846 4177 1892 4454 0
 1846 4177 4454 4390 0
 4787 4454 1892 4177 0
 5088 5726 3472 5652 0
 5726 5652 5088 5745 0
 3472 4941 3428 3526 0
 4822 4680 4800 3893 0
 4800 4822 3893 3869 0
 4313 4498 5233 4894 0
 4313 4498 4894 4539 0
 4495 4538 4894 5280 0
 4539 4894 4495 4538 0
 5253 4736 2408 4795 0
 4163 5326 4320 4899 0
 5326 5483 4320 4899 0
 4899 5483 5300 5508 0
 4258 10 5582 4366 0
 5582 5373 5141 4366 0
 5542 3470 5558 5461 0
 4790 5524 4943 4909 0
 4943 4977 5524 4790 0
 4790 5524 4909 5400 0
 1888 1942 1971 4719 0
 1793 1827 4719 4776 0
 1793 1742 1827 4776 0
 4202 4375 4821 5246 0
 3291 4978 3249 3356 0
 3185 3249 3291 4978 0
 4804 1055 973 4705 0
 4705 1055 973 890 0
 4440 5024 4782 4862 0
 4602 5024 4782 4615 0
 4602 4615 4782 5120 0
 4862 4348 4133 4782 0
 4133 4532 4481 4782 0
 4481 4133 4782 4602 0
 4850 4347 4459 5027 0
 5027 4850 5318 4459 0
 5027 4459 5318 5472 0
 5547 4459 4347 5027 0
 5472 4459 5547 5027 0
 4222 4426 5287 5095 0
 4222 4426 5586 5287 0
 4222 5230 4426 5095 0
 5586 4426 5230 5275 0
 5571 5013 4844 3594 0
 4857 4175 5235 4944 0
 5498 4857 5235 4944 0
 4372 5459 4926 4999 0
 3641 4961 5593 5312 0
 5102 3605 5593 4961 0
 4876 4967 5125 4362 0
 4876 4967 4215 5125 0
 5125 4215 3383 4560 0
 3205 4215 3383 5125 0
 5125 3205 4215 5103 0
 4272 5127 5117 4398 0
 5593 5102 4961 3641 0
 5593 4961 5071 5312 0
 4272 4398 5128 5127 0
 5688 5071 5593 4961 0
 5582 5035 5141 5615 0
 5192 5400 4962 5015 0
 4413 4813 5535 5521 0
 5457 5615 5141 5035 0
 5457 4156 5035 5717 0
 4720 5121 5227 4611 0
 1156 4611 4154 1208 0
 4168 4808 1644 5227 0
 1532 1636 4791 1671 0
 4423 4405 4245 4491 0
 1671 1532 1592 4791 0
 5445 4658 4209 4655 0
 4685 1002 4963 1037 0
 4843 1037 4685 4963 0
 4491 4466 4405 4245 0
 4423 4491 4245 4603 0
 958 1037 4843 4963 0
 1059 4164 4536 5218 0
 1037 4963 958 1002 0
 5513 5317 4807 5735 0
 4603 4466 4491 4245 0
 4251 5317 5513 5294 0
 5513 4251 4807 5317 0
 5317 5735 5513 5294 0
 5139 5240 4418 4212 0
 5139 4418 4524 4212 0
 5481 5454 5199 4524 0
 5275 5586 4450 4678 0
 4221 5275 4450 4678 0
 4678 4450 4464 5586 0
 4678 4450 5058 4734 0
 4217 5143 4253 4444 0
 4217 5143 4444 1735 0
 4217 5143 4273 4253 0
 4966 5211 1735 3449 0
 4768 4976 5058 2813 0
 4778 5211 4966 3449 0
 4966 3449 1735 3246 0
 3530 3587 4752 3552 0
 5551 2568 2671 2663 0
 2568 2604 5551 2671 0
 4264 4307 4656 4458 0
 4307 5657 4656 4458 0
 4264 5523 4656 4307 0
 5192 5059 5551 5400 0
 4307 5162 4656 5657 0
 5018 5568 4941 5652 0
 5652 3428 5477 3472 0
 5652 5568 5477 5018 0
 3472 5652 3428 4941 0
 3480 4744 3333 3398 0
 3480 4744 3398 3577 0
 4744 3333 3398 4878 0
 846 4659 5020 5121 0
 4377 846 5020 5121 0
 4710 4318 4228 4492 0
 2863 4626 2829 2900 0
 4710 4373 4492 4228 0
 4318 4265 4228 4492 0
 4492 4669 4265 4545 0
 4265 4545 5276 4228 0
 5300 4527 4899 4607 0
 4626 2863 5597 2912 0
 4899 5483 4320 5300 0
 2829 5597 4626 2863 0
 5300 4841 4527 4607 0
 2863 4626 2900 2986 0
 2863 2912 4626 2986 0
 2748 2704 4971 2759 0
 5674 2796 2748 4971 0
 4971 2759 4977 4806 0
 4823 760 690 4803 0
 4226 3462 4461 4204 0
 4226 1318 3462 4204 0
 4226 4324 1318 4204 0
 4615 5120 5045 4440 0
 5045 5120 5020 4914 0
 4496 4440 4615 5045 0
 4803 4823 5718 690 0
 4803 5718 5781 690 0
 760 690 4803 5781 0
 4792 4483 4325 4794 0
 4167 4397 4587 1645 0
 1530 4397 1648 5056 0
 1971 4719 1942 2025 0
 4334 4861 4545 4590 0
 5477 3428 5018 5536 0
 5018 5624 5154 5722 0
 5018 5722 5154 4752 0
 3428 5018 4941 5652 0
 5652 5018 5477 3428 0
 4503 3254 5394 1059 0
 5521 1059 5394 4869 0
 1059 5394 4503 5521 0
 4977 4806 2742 5524 0
 1059 5394 4869 5326 0
 4977 2742 2691 2669 0
 4373 4391 4730 4228 0
 4455 4730 4228 4373 0
 4977 2669 5524 2742 0
 5140 4998 5618 4195 0
 4927 4978 3251 3314 0
 3995 5574 5692 4623 0
 2556 2560 4909 2607 0
 5551 2560 4909 2556 0
 5551 5520 2556 4909 0
 4665 4388 5325 5213 0
 5325 4665 5213 304 0
 372 5325 5213 304 0
 467 5656 372 5325 0
 5325 5570 467 5656 0
 5101 5267 4809 5354 0
 4367 5321 5467 4230 0
 4952 4797 4549 4217 0
 3097 4797 4952 4217 0
 4273 3097 4217 4797 0
 4870 5321 5467 4367 0
 4367 5411 5467 4929 0
 4367 5411 4230 5467 0
 4870 4367 5467 4929 0
 4551 4553 4910 4507 0
 2016 4654 4352 4532 0
 4532 4400 4485 4654 0
 4352 4654 4400 4532 0
 2016 4654 4532 3586 0
 4532 3586 4654 4485 0
 4612 4507 4551 4910 0
 5255 4463 4227 4577 0
 24 4507 4553 4551 0
 4873 4577 4463 4506 0
 4551 26 24 4507 0
 5255 4463 4358 4227 0
 26 4507 4551 4612 0
 4489 5701 5097 105 0
 105 5701 5097 5467 0
 5510 4345 3310 5194 0
 4364 4345 5510 5194 0
 5194 4345 3310 4630 0
 4909 2651 2603 2607 0
 5575 2607 2651 4909 0
 4731 4455 4228 5041 0
 4725 2923 5041 4455 0
 4364 4261 4345 5194 0
 4861 5341 4773 4282 0
 4279 4206 4861 5444 0
 4261 4364 4729 5194 0
 4729 4364 4600 5194 0
 4279 4545 4861 4206 0
 4633 4278 5063 16 0
 4278 5063 4957 4633 0
 4278 5459 4957 5063 0
 4565 4278 16 5063 0
 4565 5459 4278 5063 0
 4223 5497 5500 5442 0
 4223 5674 5500 5497 0
 2735 2776 2702 5053 0
 2262 1619 4179 4694 0
 2735 5053 2702 4958 0
 2735 5368 2776 5053 0
 2262 4694 4179 4478 0
 4338 4175 4472 5070 0
 5397 5070 4175 4338 0
 5397 5427 5070 4338 0
 4502 5459 4910 4546 0
 4957 5459 4546 4910 0
 2503 5566 339 4211 0
 2503 4779 339 5566 0
 114 5348 98 56 0
 4971 5674 2796 4806 0
 4806 2819 2759 2801 0
 4170 3760 5222 4422 0
 4422 3760 5222 4383 0
 4942 4305 5546 2293 0
 56 5348 98 4633 0
 5004 4855 5156 4140 0
 4140 5004 5111 5156 0
 5111 320 461 353 0
 4140 5111 461 5156 0
 5003 5507 4986 5646 0
 5095 5132 5529 1984 0
 2276 4192 2019 4930 0
 5095 4711 1984 5529 0
 4192 4648 4930 2276 0
 5424 1735 4988 3673 0
 1735 3673 3449 4988 0
 5424 4988 3706 3673 0
 4988 3673 5054 3706 0
 4933 4480 4881 5555 0
 4480 5416 4881 5555 0
 5555 5512 4480 5416 0
 5179 4208 5512 4480 0
 5179 4208 4480 4402 0
 4402 4480 4933 4208 0
 4753 1304 1326 1322 0
 1326 1304 4753 4872 0
 4523 5316 5452 5103 0
 5331 4660 5103 4523 0
 4740 3386 5238 3255 0
 4660 5452 5103 4523 0
 5331 5103 5107 4523 0
 4523 5103 5107 5316 0
 3386 4784 3414 3255 0
 3386 4784 3255 4740 0
 5062 4131 4820 4989 0
 4272 4882 5127 5209 0
 4989 5259 4131 4820 0
 4820 4815 5062 4989 0
 4681 4534 4955 4893 0
 4534 4505 4333 4640 0
 4272 5209 5127 5128 0
 4729 4364 4218 4741 0
 75 37 54 5351 0
 5351 29 54 39 0
 2430 4542 4429 4182 0
 2430 4542 4497 4401 0
 4342 4542 2430 4182 0
 2430 4342 4201 4542 0
 2430 4401 4429 4542 0
 4823 5506 5590 5734 0
 4261 4386 5385 5006 0
 4386 4269 5405 5006 0
 4261 4269 4386 5006 0
 4823 5590 5772 5734 0
 3592 4234 3478 3597 0
 3677 4234 3592 3597 0
 3597 4234 3478 4528 0
 4234 5571 4528 3597 0
 4991 845 869 4915 0
 5272 4983 5219 4513 0
 4513 4835 4983 4140 0
 4991 5229 953 5735 0
 4459 4910 4388 5184 0
 5219 4918 4983 5272 0
 4513 4366 5272 4835 0
 4137 4953 5066 5374 0
 4137 4953 4712 4685 0
 4137 5066 4953 4685 0
 4993 856 5610 812 0
 766 4993 856 5772 0
 4993 856 5772 5610 0
 5015 2758 2703 2774 0
 5694 2758 2703 5015 0
 4812 4535 4627 5380 0
 5694 5575 2758 5015 0
 5380 4812 1224 4627 0
 4433 4770 4661 5072 0
 4433 47 79 5072 0
 5072 4433 4770 145 0
 4433 79 145 5072 0
 2290 4540 4332 5437 0
 4433 47 5072 45 0
 4306 5437 4332 4540 0
 45 4433 4661 5072 0
 4258 5035 5582 4156 0
 5035 4156 4258 5717 0
 5245 4317 4156 4258 0
 4156 4317 5582 4258 0
 5245 4156 5717 4258 0
 5230 4426 4326 5275 0
 5230 5275 4326 5182 0
 5275 5406 4326 5182 0
 4326 4426 5297 5275 0
 4326 5275 5297 5406 0
 5280 471 4086 4314 0
 5280 4086 5649 4314 0
 4086 4390 4177 4314 0
 4086 4177 5649 4314 0
 4468 4189 4281 5067 0
 5319 4468 4189 4281 0
 5133 4281 4189 5277 0
 5319 4189 5133 4281 0
 5277 4281 4189 5067 0
 5073 5406 5297 5090 0
 5073 5297 4423 5090 0
 5073 4423 4990 4239 0
 3562 3459 5154 3428 0
 4498 4342 4329 4262 0
 5406 5073 5023 5243 0
 4752 3428 5018 4941 0
 5018 5154 3428 4752 0
 5154 3459 5624 5018 0
 4995 5098 4969 4809 0
 4969 4809 5377 4995 0
 4995 4878 4969 3333 0
 4969 4995 3333 3287 0
 5098 4995 4969 3287 0
 2276 2282 2173 4648 0
 4969 5377 4878 4995 0
 2682 2765 5404 2706 0
 5404 4799 2706 2828 0
 2765 2828 5404 2706 0
 5520 4799 2706 5404 0
 2682 5404 5520 2706 0
 675 4880 766 4823 0
 4823 4880 766 5772 0
 4993 5772 4880 5423 0
 4697 339 5144 5566 0
 5566 4697 5075 5144 0
 5305 5148 5144 5075 0
 4697 5566 5075 2598 0
 2591 2681 5148 5075 0
 5520 4943 2603 4909 0
 5520 2603 4943 2572 0
 4783 3562 5154 3530 0
 4783 3612 3546 3459 0
 1048 4554 4517 4205 0
 4186 4204 770 1048 0
 1048 770 4517 4204 0
 4783 3612 3562 3595 0
 4631 4876 5103 5452 0
 4220 4544 2500 4497 0
 5137 4680 4525 3814 0
 3814 3905 4680 3786 0
 4822 4680 5571 4800 0
 4800 5571 4525 4680 0
 3786 3905 4680 3766 0
 4649 3136 5283 4976 0
 4649 4976 5283 4328 0
 4649 3136 4976 3086 0
 4211 2558 5566 5431 0
 4795 4677 4759 4708 0
 4795 4759 5014 4708 0
 4211 2434 2558 5431 0
 5485 4938 4496 4154 0
 4496 4938 5045 4154 0
 4496 5045 4817 4154 0
 4496 4817 889 4154 0
 5485 4496 889 4154 0
 4211 5566 339 5431 0
 464 419 460 5423 0
 5423 5706 4143 460 0
 5423 4143 5590 460 0
 5590 419 5423 460 0
 4657 5100 4660 4949 0
 4340 4151 5425 5092 0
 1459 5092 5425 4151 0
 5092 1537 1459 5425 0
 5092 5425 5503 1537 0
 5503 4340 5425 5092 0
 2771 5516 4367 5256 0
 508 4138 424 4615 0
 4615 568 508 4138 0
 4138 4615 5024 424 0
 4138 4440 4615 4496 0
 4615 4496 568 4138 0
 5594 4464 4450 5586 0
 4551 5459 4553 5063 0
 4978 3249 3356 5000 0
 5459 4551 4957 5063 0
 5000 3356 3463 3318 0
 5000 3332 3318 3463 0
 689 5038 809 738 0
 5038 809 785 689 0
 5003 5587 5087 2867 0
 5003 5646 4690 5587 0
 4307 3686 4458 5117 0
 4432 4167 4397 672 0
 5117 4458 4518 3686 0
 4369 4574 4432 5251 0
 4824 1691 1610 1674 0
 4702 4191 4683 4404 0
 5739 1674 1691 4824 0
 1657 1691 1610 4824 0
 4702 4404 5026 4287 0
 4702 4404 4683 5473 0
 5096 5039 4979 4277 0
 4702 4404 5473 5026 0
 4673 1194 5607 5248 0
 4673 1120 1160 1194 0
 5248 1194 5607 1287 0
 2916 4660 2723 5100 0
 5100 2784 4631 4657 0
 2723 5100 2906 2916 0
 2723 2886 2906 5100 0
 5050 5120 4149 4619 0
 4602 5120 4149 5050 0
 1194 1160 4673 5607 0
 5426 902 4619 5050 0
 4602 902 5426 5050 0
 5050 5426 5120 4619 0
 5607 1194 1305 1287 0
 1305 5607 1160 1194 0
 4789 4695 4301 1456 0
 2587 4964 4209 5454 0
 4583 4524 4209 4964 0
 4633 4128 9 5063 0
 4583 4964 4209 4655 0
 2587 4655 4209 4964 0
 5063 4128 4957 4633 0
 4633 9 16 5063 0
 4943 5404 4977 4799 0
 4483 4862 4792 4348 0
 2016 4532 4348 4782 0
 4440 4862 4782 2016 0
 2016 4348 4862 4782 0
 5401 4862 4794 4483 0
 5404 4799 5442 4977 0
 5404 5442 4806 4977 0
 3677 3592 4234 3665 0
 3665 4234 3677 4680 0
 4386 4269 4261 4729 0
 4176 4454 4842 4579 0
 2042 5311 4176 4842 0
 2042 4842 4176 1963 0
 5311 4842 4579 4176 0
 1963 4842 4176 4454 0
 4909 2651 2669 2603 0
 4943 2669 2603 4909 0
 3594 3450 4528 3596 0
 5261 4836 4522 4700 0
 4522 4787 4836 4360 0
 4700 4836 4522 4787 0
 3450 3594 4528 4844 0
 5571 4844 4528 3594 0
 5571 3594 4528 3596 0
 4747 4934 4172 5008 0
 4794 2016 4862 4440 0
 4747 4172 5471 5008 0
 4794 4862 4792 4483 0
 5008 4172 5471 5754 0
 4220 4328 4555 4606 0
 4430 4606 4220 4555 0
 4220 4015 4328 4606 0
 4457 5618 5135 4998 0
 779 5290 853 4481 0
 487 4644 645 4481 0
 4908 4864 4746 5175 0
 4908 5555 5021 4864 0
 5596 5170 2568 4962 0
 4962 5551 5400 5192 0
 5049 5565 4687 5171 0
 5565 4891 4687 5171 0
 5596 5551 4962 2568 0
 434 451 4815 4912 0
 4326 5186 5576 4990 0
 434 4912 337 451 0
 4326 5073 5576 5182 0
 5009 449 408 4920 0
 511 5009 4920 449 0
 5739 1674 4824 5744 0
 5739 5744 5653 1674 0
 4322 5061 1311 5340 0
 1311 4322 5340 4576 0
 5250 5090 5406 5466 0
 5340 1479 1377 1415 0
 4376 4632 4399 993 0
 5340 1377 1311 1415 0
 4376 4632 4218 4399 0
 4376 4632 993 4550 0
 4411 4220 4430 4359 0
 4604 4359 4344 4220 0
 4359 4220 4430 4344 0
 4411 4220 4359 4219 0
 4219 4359 4604 4220 0
 4576 1311 1415 5340 0
 5406 5090 5461 5297 0
 5250 5090 5461 5406 0
 4468 4189 5067 4402 0
 5067 4189 5228 4402 0
 5445 2339 4655 5190 0
 4402 4189 5228 5308 0
 5675 4189 4468 4402 0
 5675 5308 4189 4402 0
 5445 4655 5464 5190 0
 5078 4992 4841 4940 0
 4984 5105 4841 4940 0
 5460 171 5084 4573 0
 5460 5084 1238 4573 0
 5011 3215 3174 3112 0
 3155 3112 3215 5011 0
 5011 3112 4224 4623 0
 4871 4132 5748 5010 0
 5011 3112 4623 3155 0
 5011 3174 4224 3112 0
 4582 4854 4970 5029 0
 4970 4854 4414 5029 0
 4993 5423 4819 5610 0
 5519 5626 5423 4819 0
 4258 4366 5582 5035 0
 5582 4366 5141 5035 0
 4366 5035 4258 5717 0
 5457 5035 5141 4366 0
 4635 4449 4617 4730 0
 5457 5035 4366 5717 0
 5519 5610 5423 5706 0
 5519 5423 452 485 0
 5626 5423 452 5519 0
 4819 5610 5423 5519 0
 5519 5706 5423 485 0
 4432 4845 2262 4476 0
 4252 4928 5469 5080 0
 3700 4235 5013 5065 0
 5013 4235 4844 5065 0
 5708 5080 5469 4895 0
 5225 5013 5293 4235 0
 5013 4235 5225 4844 0
 5620 5013 4235 5293 0
 5097 5162 5527 5523 0
 3700 5013 4235 5620 0
 5244 4233 4725 5110 0
 4420 5055 5068 5110 0
 5097 5162 5523 4307 0
 3310 4600 5194 3262 0
 5194 3309 3382 3262 0
 3380 3311 5194 4528 0
 4879 5439 5176 4303 0
 5699 4303 4846 5176 0
 4729 5194 4600 4217 0
 4171 4316 5119 5359 0
 4448 5108 4162 4985 0
 4624 5108 5449 4448 0
 4509 3485 3609 3528 0
 2627 5192 4409 2745 0
 2745 5015 4409 2774 0
 504 530 4144 5099 0
 504 530 5099 552 0
 5129 5694 2703 5015 0
 5196 4571 4906 5328 0
 575 530 552 5099 0
 5230 4326 4426 5095 0
 4334 2752 2757 2667 0
 746 5038 785 700 0
 700 5579 746 5038 0
 655 700 5579 746 0
 4623 4460 4224 5384 0
 1633 1509 4643 1622 0
 4623 5384 4224 4969 0
 4657 4443 5100 4949 0
 5072 4770 4661 4756 0
 4756 5279 4770 4661 0
 4171 4837 4316 5359 0
 2723 2784 5100 4657 0
 5359 4317 4316 5582 0
 5359 4316 5119 5582 0
 5100 4631 5103 5452 0
 5710 4316 4475 5119 0
 4171 4316 5710 5119 0
 4558 3714 5266 3726 0
 5100 4443 5452 4949 0
 4558 3714 4237 5266 0
 3693 5620 3785 4822 0
 5000 3314 3356 4978 0
 4509 3528 3416 3485 0
 4784 3186 5000 3255 0
 1846 4390 1766 1791 0
 4558 3715 4238 3696 0
 4804 5292 890 4132 0
 2587 2565 5190 2476 0
 2587 2565 5464 5190 0
 2339 4655 5190 2476 0
 4655 2339 2253 2429 0
 2339 2476 2429 4655 0
 4804 4705 973 890 0
 4804 4705 890 5292 0
 3391 5018 3428 5536 0
 2499 4604 4219 4442 0
 5472 5207 4459 4925 0
 5472 5207 4925 5511 0
 5472 4459 5207 5547 0
 4895 5147 5105 5600 0
 5018 3459 3391 3428 0
 4728 5499 4881 4908 0
 5450 4908 4728 4881 0
 4746 4885 5109 2907 0
 5154 3459 5018 3428 0
 5168 5448 5028 5567 0
 5330 5109 5416 5021 0
 5330 4885 5109 5021 0
 5019 5468 4728 2949 0
 5019 2949 2929 5468 0
 2949 2881 5019 2894 0
 195 155 4553 55 0
 2949 2894 5019 2929 0
 5175 5019 4728 2881 0
 5495 2956 4297 2872 0
 4161 4503 1551 5421 0
 5421 1430 4503 1508 0
 4987 5272 5219 4310 0
 5272 4852 5219 4918 0
 4879 4852 4414 4141 0
 3394 3346 4345 3437 0
 4311 3619 3479 4897 0
 4396 2487 2496 5616 0
 308 5314 4502 5183 0
 269 214 4502 250 0
 4999 4502 4553 195 0
 214 4502 4553 4507 0
 4553 214 4507 155 0
 2316 2418 4556 2335 0
 1341 4754 5521 4578 0
 5521 4578 4754 5394 0
 4405 4875 4245 4264 0
 4405 4264 4245 5214 0
 1509 1633 4643 4383 0
 1348 1430 1399 4503 0
 1430 4503 1508 1458 0
 4665 5336 4388 5213 0
 5336 5213 4665 314 0
 5213 4665 323 304 0
 314 5213 4665 323 0
 4494 4183 4997 1914 0
 4183 4839 4997 1914 0
 5504 795 827 951 0
 4504 951 1047 1152 0
 5504 4533 5142 4593 0
 4929 5132 5516 4932 0
 4367 5132 5516 4929 0
 4871 4132 4597 4804 0
 3460 5126 3670 3588 0
 3460 5126 5162 3670 0
 3460 5467 5126 3588 0
 3460 5467 5162 5126 0
 1855 1846 4454 4390 0
 2981 2911 2912 5584 0
 5021 4885 5109 4746 0
 4159 1361 4298 1297 0
 5056 5269 5043 4153 0
 5269 4153 5056 1255 0
 4633 4128 5285 65 0
 7 4376 4203 4417 0
 4633 4128 4957 5285 0
 7 4460 4203 4376 0
 5056 5043 5121 4153 0
 4398 4687 5127 4585 0
 5056 4153 5756 1255 0
 5756 5056 5121 4153 0
 4687 4626 5127 4585 0
 4782 4149 3586 4481 0
 3586 4413 4149 4536 0
 4445 4359 3512 4219 0
 530 4144 5099 5150 0
 4476 4320 5115 4951 0
 4845 4951 4320 4476 0
 4845 5372 4951 4476 0
 575 530 5099 5150 0
 2364 4556 2418 2317 0
 4572 5569 3630 3721 0
 4476 4951 5115 4939 0
 1507 1419 1334 4580 0
 4305 4580 4298 1419 0
 1334 4298 4580 1419 0
 5372 4939 4951 4476 0
 4857 4972 5397 4338 0
 4489 5701 5126 5097 0
 955 4505 742 814 0
 3224 3086 3136 4649 0
 5755 5687 5116 5709 0
 4649 3297 3136 3224 0
 4559 4130 663 5408 0
 4559 663 4130 523 0
 4326 4990 5576 5073 0
 4990 5239 4767 5576 0
 4159 4383 4298 1361 0
 1494 1370 4305 4383 0
 4990 5239 5576 5073 0
 5692 4231 4212 5139 0
 2877 2867 5507 2938 0
 3995 5692 4231 4212 0
 2867 5507 2938 5003 0
 1289 1237 4608 1213 0
 4138 4440 5024 4615 0
 1228 1182 5553 1237 0
 4138 5024 4440 5401 0
 4138 5401 4440 4907 0
 4784 4851 3255 4740 0
 4784 3116 4851 4740 0
 857 804 5678 811 0
 5119 4316 4475 5582 0
 4422 4155 4170 3760 0
 1447 5119 4475 5615 0
 5119 5582 4475 5615 0
 857 5537 5678 804 0
 4457 5311 4579 4896 0
 4560 3646 4416 3631 0
 5678 857 4145 5537 0
 5577 3070 5049 3138 0
 4457 5311 4896 5668 0
 5678 4145 857 811 0
 1047 4504 5504 951 0
 5311 5085 4457 4579 0
 2499 4220 4219 4604 0
 1447 1533 4475 5119 0
 575 586 5099 552 0
 700 5038 785 689 0
 586 5099 552 5530 0
 5311 4901 4457 5085 0
 5668 5311 4901 4457 0
 4482 5748 634 5346 0
 5383 4160 1631 1585 0
 4482 5748 4712 634 0
 4482 5010 5748 5346 0
 4482 4871 4685 5748 0
 3186 3116 4927 3123 0
 4334 2659 5455 4211 0
 3186 4978 3123 4927 0
 5183 280 289 5112 0
 161 4507 280 223 0
 4507 5112 161 280 0
 46 91 4561 5042 0
 1197 4645 1429 1249 0
 4562 2413 2246 2225 0
 4716 5444 5163 5124 0
 4562 4648 5647 4282 0
 4648 2246 4562 2271 0
 4612 4551 82 4671 0
 14 4551 4128 62 0
 4205 4861 4282 4543 0
 5424 4270 5356 5378 0
 2317 2199 2205 5557 0
 2029 5557 2205 2199 0
 2601 5594 2658 2631 0
 100 63 36 4565 0
 5063 36 4565 100 0
 11 16 5063 4565 0
 2703 5632 2596 2685 0
 4452 4564 4381 4472 0
 4457 4896 2415 4863 0
 4863 2415 4614 4896 0
 4614 4863 4472 2415 0
 4472 4564 2415 4863 0
 2418 2364 2446 4556 0
 4875 4245 4264 5523 0
 5523 3940 4245 4264 0
 4245 3940 5523 3965 0
 4875 4245 5523 3965 0
 4269 5225 5405 5006 0
 4261 5225 4269 5006 0
 5225 5571 5293 5013 0
 5225 5293 5405 4235 0
 2613 2703 5632 2596 0
 5289 3965 4875 5523 0
 4866 10 2024 2153 0
 511 5189 5030 4920 0
 2153 10 4316 4866 0
 4155 4866 2024 2153 0
 2557 5093 4779 5012 0
 511 450 5189 4920 0
 596 5030 5189 4382 0
 5612 2922 4779 5012 0
 4506 3425 3336 3424 0
 4506 3542 4509 3425 0
 4506 3281 3425 4509 0
 5012 4779 5612 5305 0
 4273 4676 4797 4327 0
 5012 5093 4779 5305 0
 2922 2557 4779 5012 0
 5401 4794 4440 4907 0
 4590 2588 2667 4211 0
 4260 4259 4271 4625 0
 4306 5437 4543 4332 0
 4260 7 4271 4259 0
 1020 958 4843 4804 0
 4499 4543 4306 5437 0
 40 34 66 4565 0
 125 140 4565 63 0
 40 4278 4633 16 0
 5548 2043 4846 5226 0
 4306 5437 5026 4499 0
 4509 4361 3281 3348 0
 4509 3416 3528 3348 0
 5587 4327 5646 4690 0
 4676 4327 4690 5646 0
 4334 4233 2757 2842 0
 2923 2821 2842 4334 0
 4334 2821 2842 2757 0
 5112 210 161 289 0
 4507 109 161 5112 0
 4507 88 41 93 0
 109 88 44 4507 0
 3576 4295 3643 3582 0
 4618 3576 4295 3643 0
 3399 4295 4618 3495 0
 5413 3443 4295 3399 0
 2273 2373 4727 2279 0
 2338 2373 4620 2273 0
 4727 4541 4636 4805 0
 434 5062 4815 561 0
 1507 1522 1555 4568 0
 1507 4568 1402 1522 0
 5748 5346 778 634 0
 1551 4503 4578 1508 0
 4712 5748 778 634 0
 4870 105 5467 5701 0
 4718 5356 4672 5345 0
 737 4993 812 856 0
 4718 5345 4672 4828 0
 5043 4616 846 4153 0
 4153 4659 846 5121 0
 4616 846 4153 1140 0
 737 4993 4819 812 0
 812 4993 4819 5610 0
 4560 4295 5077 4359 0
 5586 5275 5230 5689 0
 4276 2372 2284 2280 0
 2393 2372 2284 4276 0
 4592 4404 4775 4699 0
 5014 4697 2524 2467 0
 4759 4722 2457 2427 0
 4536 4150 4485 4353 0
 4165 4353 4150 4536 0
 4080 4091 4571 4101 0
 4165 4150 2151 4536 0
 4080 4091 4072 4652 0
 812 5610 4819 5519 0
 4536 4150 2151 3586 0
 4536 4150 3586 4485 0
 4871 4407 5184 5010 0
 4222 5095 1984 5230 0
 5121 5043 846 4153 0
 4871 5184 4132 5010 0
 4153 4659 1140 846 0
 3493 3644 3635 4572 0
 4613 4367 4230 2859 0
 2859 2887 4230 4613 0
 2457 2344 4570 4759 0
 2427 2344 2457 4759 0
 2457 4570 2344 2397 0
 4367 4613 4230 5411 0
 4613 5528 2887 4230 0
 5528 5411 4230 4613 0
 4885 2907 2888 2839 0
 5094 4530 4233 4873 0
 4227 5055 4873 4463 0
 3496 3348 4509 3528 0
 3496 3609 3528 4509 0
 4885 2839 5109 2907 0
 4885 2888 2817 2839 0
 5614 1507 4568 4305 0
 5618 2497 5135 4998 0
 4423 5090 4491 4239 0
 2497 5376 5135 4998 0
 4239 5680 5090 4491 0
 5343 2635 2640 2728 0
 5073 5243 5090 4239 0
 5073 5090 4423 4239 0
 4307 5117 4264 4875 0
 5416 5109 4706 5021 0
 3635 5415 3664 4509 0
 233 4875 105 4423 0
 5450 4706 4728 4908 0
 5450 4706 4908 5416 0
 5574 5468 4728 4706 0
 5607 4763 4705 1157 0
 3094 3250 5595 3220 0
 5139 3250 3220 5595 0
 3220 5139 5208 3250 0
 3945 4264 5214 4245 0
 4245 4264 3940 3945 0
 4245 3981 3945 3940 0
 2317 2199 4556 2335 0
 2199 4556 2316 5446 0
 3988 3981 3945 4245 0
 3988 5214 4245 3945 0
 2916 4660 2939 2777 0
 5107 5125 4292 5316 0
 5331 5103 4660 2939 0
 5331 2939 4660 2777 0
 5370 5125 4292 5107 0
 1008 4505 1036 4159 0
 4285 4175 5235 2326 0
 2916 5103 2939 4660 0
 5235 4175 4285 4944 0
 2817 2718 2786 4864 0
 789 969 4456 926 0
 5574 4980 3030 3037 0
 3155 4980 4623 4785 0
 5692 4623 4980 4785 0
 1264 4645 4159 4383 0
 4531 4356 5240 4552 0
 4356 4575 5240 4552 0
 5616 5760 2596 5632 0
 5616 2470 5760 5632 0
 5470 4970 4582 4846 0
 4303 4879 4846 5176 0
 5487 4852 4414 4879 0
 5272 4835 4983 4513 0
 4918 4379 4983 5272 0
 5272 4852 4918 4379 0
 4893 4496 4907 4138 0
 4138 4907 4440 4496 0
 4685 4859 1037 4843 0
 4496 4893 456 4138 0
 4496 4138 456 568 0
 3493 3563 4575 3487 0
 3493 3407 3487 4575 0
 3493 4575 4552 3407 0
 4953 4859 1037 4685 0
 4953 1037 4859 1127 0
 5449 5108 4162 4448 0
 4162 5449 1730 5108 0
 4271 4625 4933 4881 0
 4271 4480 4881 4933 0
 4881 5499 5555 4908 0
 5416 4908 4881 5555 0
 4859 1094 1127 1037 0
 61 58 5042 30 0
 30 58 5042 4735 0
 4882 5033 5127 4626 0
 4585 3199 3102 5082 0
 1415 1299 1346 4576 0
 5082 3199 3125 3230 0
 4891 5044 3199 5082 0
 4462 5141 5373 4884 0
 58 5042 128 61 0
 5351 4735 5042 58 0
 4462 5335 5141 4884 0
 4462 5224 4296 4884 0
 38 4278 114 56 0
 4138 5401 4343 5145 0
 4138 5145 4343 294 0
 2317 4556 5557 4699 0
 4699 5557 2317 2256 0
 228 316 293 4760 0
 4834 4760 293 316 0
 5617 4834 293 316 0
 5105 5465 4886 4975 0
 607 561 661 4131 0
 4131 751 661 697 0
 607 4131 661 697 0
 4131 661 4989 561 0
 4131 661 5259 4989 0
 770 4210 4517 1318 0
 661 751 4131 5259 0
 5365 5572 5681 5564 0
 4630 4764 4311 3437 0
 5365 5165 5681 5572 0
 4577 3424 3559 3542 0
 4243 3710 4577 3642 0
 4577 4506 3424 3542 0
 5365 5564 5492 5262 0
 5431 2418 5446 2434 0
 955 4505 858 742 0
 4430 3399 4295 4618 0
 5379 5594 4464 4450 0
 5495 2956 3110 4297 0
 955 814 991 4505 0
 105 233 4929 4307 0
 4575 4552 4572 3493 0
 3563 4575 4572 3493 0
 2591 4570 5148 4722 0
 5148 2524 2681 2591 0
 105 233 4307 4875 0
 4216 4876 4215 5479 0
 4216 4215 2954 5479 0
 3207 4216 5413 4215 0
 3173 4216 3207 4215 0
 1451 1583 4624 1502 0
 3173 4215 3057 4216 0
 3057 4216 4215 2954 0
 1451 4624 4576 1502 0
 2591 5305 5148 4570 0
 5305 5148 5075 2591 0
 4561 159 128 91 0
 235 190 4561 4760 0
 4212 4231 3995 4249 0
 4578 1458 1399 1444 0
 4578 1399 4503 1368 0
 5199 4231 4212 4249 0
 5139 4212 5199 4231 0
 5139 5208 4212 5692 0
 5047 869 839 4915 0
 4673 1120 1055 1160 0
 1344 4296 1314 1335 0
 1329 1300 5335 1256 0
 4495 4539 4165 5420 0
 4313 4539 4495 5420 0
 1264 1429 4645 4383 0
 4872 5639 5483 4608 0
 4872 5553 5639 4608 0
 5639 4895 5553 5382 0
 4795 4556 2364 2317 0
 29 4612 19 28 0
 5351 4612 29 39 0
 5755 4275 5116 5402 0
 29 19 4612 4688 0
 4894 4498 5233 4182 0
 4894 4498 4182 4539 0
 4539 4182 4894 4538 0
 5402 5116 5755 5687 0
 1263 5469 4951 5382 0
 5430 4614 4176 4896 0
 29 4612 28 39 0
 4457 4896 4863 5668 0
 5430 4896 4176 5311 0
 4688 5351 4612 29 0
 4275 5116 5258 5709 0
 38 4633 4278 56 0
 5196 4652 5733 4571 0
 9 4128 4633 21 0
 9 21 4633 22 0
 5196 4571 5328 4652 0
 1595 1581 1547 4934 0
 5178 4934 1601 1595 0
 737 766 4880 4993 0
 766 5772 4880 4993 0
 1402 4158 4580 1334 0
 1507 4305 1419 4580 0
 1507 4305 4580 4568 0
 1507 4568 4580 1402 0
 4334 4590 2667 4211 0
 5490 5405 4277 5241 0
 5720 4248 5195 5757 0
 4236 3806 5288 4900 0
 5096 4277 5490 5405 0
 4571 4066 4437 4652 0
 5504 4593 5142 4816 0
 4988 3673 3449 5054 0
 5054 3527 5211 5345 0
 5504 827 795 722 0
 212 4582 234 186 0
 5345 4988 5211 5054 0
 1320 1166 5152 1308 0
 1308 1166 5152 1277 0
 5605 4467 4387 4903 0
 4387 4467 4398 4903 0
 4157 5223 5736 5418 0
 5347 4157 5418 5223 0
 1320 1223 5152 1166 0
 2338 4620 2438 2547 0
 4715 5198 5463 4657 0
 2338 4620 4636 2273 0
 2273 4636 4727 4620 0
 4226 4904 4225 4531 0
 4358 4226 4463 4904 0
 4904 4463 4531 4226 0
 3480 4995 3333 4744 0
 3480 3333 4995 3435 0
 5097 5701 5126 5467 0
 105 5467 5097 4307 0
 4995 3333 4744 4878 0
 5097 5467 5162 4307 0
 5097 5126 5162 5467 0
 4673 1055 4705 5607 0
 4168 4808 4749 1688 0
 1644 1688 1708 4808 0
 5026 5437 2293 4287 0
 4293 4942 5026 5437 0
 1044 4504 1183 1229 0
 4956 5252 3899 3944 0
 1047 1248 4504 1152 0
 5306 4467 5252 4956 0
 4956 5306 3899 5252 0
 4956 5252 3944 3977 0
 4956 5306 3805 3899 0
 4956 4467 5252 3997 0
 5252 4956 3997 3977 0
 5607 1055 4705 4763 0
 5496 3319 3109 4788 0
 4506 3319 3320 3424 0
 4253 4905 7 4010 0
 1248 4576 1311 1346 0
 4650 4900 4906 5757 0
 5757 5195 4906 4248 0
 4080 4082 4571 4066 0
 4908 4706 4746 5021 0
 5021 5109 4706 4746 0
 4326 5406 5297 5073 0
 4326 5297 4423 5073 0
 4326 4423 4990 5073 0
 5406 4326 5182 5073 0
 118 58 75 5351 0
 5092 4151 4462 5373 0
 3551 4575 3563 3487 0
 3630 4575 3563 3551 0
 4572 4575 3563 3630 0
 4585 3036 4687 2964 0
 4585 3102 3069 2986 0
 5351 124 75 118 0
 4151 5092 4462 5591 0
 4462 5373 4151 4884 0
 4888 124 75 5351 0
 4462 5591 4884 4151 0
 5621 2597 4488 4198 0
 5117 4398 5365 4467 0
 5117 4264 4467 5365 0
 4728 5175 5499 4908 0
 4728 4610 5499 2918 0
 4809 3316 3392 3361 0
 4237 3661 3590 4618 0
 5593 3392 3361 4809 0
 4252 5080 5469 5708 0
 4585 3069 3036 2986 0
 5566 339 5144 4779 0
 4585 5033 2912 4626 0
 5566 5075 4779 5144 0
 5305 5075 5144 4779 0
 5075 5566 4779 2721 0
 2280 2133 4276 4486 0
 4276 2249 2280 4486 0
 5305 2738 5075 4779 0
 2280 2133 4486 2148 0
 5080 5708 4252 5294 0
 5687 5601 4959 1014 0
 5687 4959 5601 4321 0
 1744 1687 4587 1712 0
 4731 2923 4334 2821 0
 5279 4582 5029 4661 0
 4545 4731 4228 5041 0
 5279 4582 4661 4756 0
 4582 106 4661 132 0
 4756 4582 4661 132 0
 5285 4582 4661 5029 0
 4950 276 247 296 0
 4582 4661 106 5285 0
 4913 4139 4950 276 0
 4936 4336 4693 4639 0
 4936 784 531 619 0
 5131 4775 4592 4668 0
 4677 4775 4592 5131 0
 4592 4775 4677 4699 0
 2219 4592 2308 4677 0
 4677 4592 2308 5131 0
 4435 1318 4583 964 0
 2106 2165 4622 2203 0
 2106 4622 2083 2027 0
 1976 2027 4622 2101 0
 4403 4187 4429 4182 0
 4403 4187 4332 4429 0
 4918 5348 4141 4983 0
 5074 5059 2745 2737 0
 5059 5520 2737 2671 0
 5074 2671 5059 2737 0
 2737 4790 5520 5059 0
 4790 5059 2737 4916 0
 1575 1499 5711 1557 0
 5059 2745 2737 4916 0
 4618 3643 4295 5629 0
 4618 3643 4237 3661 0
 5150 867 908 915 0
 5150 908 5099 915 0
 4899 5508 5300 4607 0
 915 5530 908 5099 0
 1879 4588 1923 1870 0
 1816 1879 1821 4588 0
 61 5042 46 30 0
 1855 4454 1937 1891 0
 4638 4323 4588 4826 0
 46 23 30 4793 0
 30 5042 4793 4735 0
 46 30 5042 4793 0
 596 5392 5030 670 0
 501 5062 434 561 0
 4832 4206 5276 4389 0
 4265 5276 4389 4228 0
 5407 4563 5764 5260 0
 5764 4563 5672 5260 0
 434 5617 5062 501 0
 841 769 550 5150 0
 4288 4697 4742 4708 0
 4211 2434 5431 5446 0
 5375 5199 4231 5595 0
 841 888 867 5150 0
 5431 2502 2558 4697 0
 5014 4742 4697 4708 0
 550 769 500 5150 0
 434 5062 5617 4815 0
 5504 827 722 794 0
 5504 794 4504 1047 0
 118 58 5351 5042 0
 5595 5139 5199 4231 0
 4921 861 777 4602 0
 4921 4149 4602 4481 0
 777 4602 4481 4921 0
 4921 4481 777 853 0
 4681 4955 574 521 0
 4159 4158 1135 4298 0
 5050 4149 4602 4921 0
 991 4505 814 806 0
 4922 990 4547 468 0
 2927 5375 2985 5595 0
 4922 5337 4547 5316 0
 5072 47 73 4756 0
 4433 4770 145 225 0
 4756 5072 4770 145 0
 5072 73 145 4756 0
 5072 47 4756 45 0
 45 5072 4661 4756 0
 3635 3496 4361 4509 0
 2588 2752 4590 2667 0
 4334 2752 2667 4590 0
 4773 5581 2588 4590 0
 103 4591 4278 4565 0
 103 66 4565 40 0
 5156 4591 290 307 0
 4923 4841 4527 4320 0
 4923 4320 4527 4476 0
 4924 4485 5611 5270 0
 4448 4312 4353 4924 0
 4924 4353 4485 5270 0
 4699 4556 5557 4404 0
 4699 2219 4592 2193 0
 4699 4677 4592 2219 0
 4570 2344 5131 4677 0
 5119 1533 4171 1550 0
 118 5042 128 58 0
 4593 1206 4829 4331 0
 4593 1206 5061 4829 0
 4829 1206 1132 4331 0
 5119 1447 1533 1550 0
 4565 140 100 63 0
 4388 4459 4925 5472 0
 1451 4624 1583 1531 0
 5336 4925 5259 5472 0
 4989 661 5259 5727 0
 5727 5259 4820 5336 0
 5108 4313 1770 1908 0
 3940 4264 5661 3956 0
 4264 4656 5661 3956 0
 2678 2821 4590 2752 0
 4731 5276 5368 5053 0
 4334 4590 2821 2752 0
 1289 1326 1336 4608 0
 4872 4608 1326 1289 0
 4963 4871 4804 5748 0
 4082 4571 4101 4080 0
 4571 4116 5662 4103 0
 4223 5497 5732 5674 0
 3700 5065 3594 3615 0
 5529 4223 5299 5674 0
 3594 4898 5065 4844 0
 4898 3594 5065 3615 0
 3700 5065 5013 3594 0
 5013 5065 4844 3594 0
 5173 737 670 4819 0
 4659 1004 1140 4619 0
 2578 2568 5170 2663 0
 2578 2663 5170 2627 0
 2627 5170 4962 2663 0
 5170 2663 2568 4962 0
 2568 5551 4962 2663 0
 5407 5226 5774 5260 0
 5407 5260 4946 5226 0
 5322 2043 4946 5260 0
 2043 5428 5260 5322 0
 5361 5260 5428 5322 0
 5260 2043 4987 5428 0
 4909 5575 2560 5400 0
 4886 4895 4519 5080 0
 5080 4519 5469 4895 0
 4939 1204 4619 1195 0
 4366 5717 4258 5355 0
 4616 1161 1195 1140 0
 4895 4519 5382 5105 0
 4895 5469 5382 4519 0
 4886 5105 4519 4895 0
 5245 5717 5355 4258 0
 2587 4964 2673 2559 0
 5575 2600 2607 2560 0
 1719 5456 4291 1604 0
 1786 5172 5505 1991 0
 1991 1854 1786 5172 0
 5365 5681 4247 5564 0
 5569 3630 3625 4575 0
 2193 4699 5557 4592 0
 1248 1346 1299 4576 0
 4287 2455 4404 4930 0
 4287 2455 4930 4499 0
 4930 2199 5446 5036 0
 4930 4404 2199 5036 0
 4930 4282 4648 4499 0
 4930 4648 4282 5446 0
 2609 4973 4832 4229 0
 4633 35 56 22 0
 98 35 56 4633 0
 98 35 4633 65 0
 3487 3407 3368 4575 0
 3368 5208 4575 3407 0
 4552 3407 4575 5208 0
 4632 4289 4547 4218 0
 4632 4218 4550 4376 0
 4547 4218 4550 4632 0
 4147 5188 1463 1464 0
 1463 1497 1464 5188 0
 3686 4613 5578 5033 0
 3686 5033 5127 4882 0
 4370 4932 233 4882 0
 4597 5607 4331 5435 0
 1457 5069 5600 1408 0
 5474 5069 5600 1457 0
 452 5282 416 406 0
 406 5626 452 5282 0
 397 5626 406 457 0
 4624 1590 1531 5449 0
 4198 2461 4569 4276 0
 4569 2461 2393 4276 0
 1457 5069 5091 5474 0
 5148 4697 5144 5075 0
 5148 2579 4697 5075 0
 3262 4600 3309 3193 0
 3203 4600 3158 2974 0
 2974 5510 4337 3203 0
 5449 1531 1497 1572 0
 4624 1531 1451 4576 0
 5449 1730 1572 4162 0
 5300 4984 4160 5383 0
 4984 5383 4975 4160 0
 4936 4258 5355 4691 0
 4140 764 5355 681 0
 4663 4691 4484 4855 0
 4140 681 4936 619 0
 4140 4936 4913 619 0
 5148 5144 4697 4742 0
 5393 5328 5410 4652 0
 4841 4984 4160 5300 0
 5393 5328 5203 5410 0
 5203 5393 5410 5360 0
 5393 5664 4652 5410 0
 5226 5260 4946 2043 0
 5267 4419 4010 4937 0
 4419 5580 5339 4937 0
 5071 5593 5377 5688 0
 4937 5267 4431 5354 0
 5548 5226 4946 2043 0
 5729 4630 4898 4764 0
 4764 4630 4311 5729 0
 2502 2446 2511 4697 0
 2418 4556 5431 5446 0
 5014 4742 4722 4697 0
 5410 4652 5302 5664 0
 5271 5411 4675 5657 0
 5271 4675 5588 5657 0
 3390 5271 3236 3294 0
 5528 3236 3157 5271 0
 4675 5271 5528 5411 0
 5528 4675 3236 5271 0
 5171 4891 4687 4387 0
 1248 4504 4576 1299 0
 1299 4576 4147 4504 0
 4857 4338 4175 4944 0
 4944 4175 4863 4472 0
 4944 4175 4472 4338 0
 1768 4638 4390 4588 0
 965 715 734 4946 0
 2647 4464 2726 2697 0
 2697 4464 2726 2756 0
 4714 5322 5562 4946 0
 965 5562 4946 4714 0
 4869 1972 5326 5115 0
 4148 4939 4869 1246 0
 4869 1246 4939 5115 0
 3635 4572 3395 3493 0
 3690 4242 4572 3721 0
 4552 4531 4572 4361 0
 5367 4617 3477 5268 0
 2255 2528 4821 2376 0
 4839 2087 4605 4188 0
 4276 2284 2393 4569 0
 4517 1318 2503 4324 0
 4517 4324 2503 4205 0
 4226 2503 1318 4324 0
 5675 4283 2332 2453 0
 4283 2332 2453 5309 0
 2460 4637 4570 2397 0
 1835 4607 1787 1737 0
 1835 1787 4607 4510 0
 1835 4628 4510 4607 0
 5575 5524 2708 2746 0
 2651 2646 5575 2708 0
 5524 2708 2651 5575 0
 2646 5575 2708 2746 0
 4596 4530 2557 2503 0
 4597 5292 4804 4132 0
 2503 2557 4779 4530 0
 4551 4957 5063 4128 0
 1 5063 4128 4551 0
 2607 5575 2560 4909 0
 9 4128 1 5063 0
 4991 869 5047 4915 0
 5047 5592 5159 4991 0
 4991 5592 5159 5735 0
 4986 4952 4847 5646 0
 4600 4952 3172 4755 0
 4578 4638 1551 1649 0
 4161 1551 4503 4638 0
 33 4612 4551 82 0
 3320 3424 3559 4577 0
 4577 4506 3320 3424 0
 4577 3542 4509 4506 0
 5096 5405 5288 5006 0
 4311 4445 5563 5729 0
 4221 4670 5723 5283 0
 3181 5283 4221 5723 0
 5365 5564 4247 5492 0
 2663 5192 2745 5074 0
 2663 2671 5192 5074 0
 5365 5044 5492 5526 0
 1769 4981 5486 4190 0
 1769 4981 4190 1758 0
 4749 5301 4587 5486 0
 5693 4733 5399 4479 0
 4519 4951 4320 4845 0
 1758 1769 1798 4190 0
 1798 1769 5118 4190 0
 5267 4399 4010 4419 0
 1769 5486 5118 4190 0
 4010 4399 5267 4460 0
 5426 4615 821 683 0
 5699 5226 4846 4303 0
 4310 5272 5219 5281 0
 4610 4224 2984 3030 0
 4310 5457 5281 1081 0
 979 975 805 5281 0
 975 5219 5281 4310 0
 4310 5457 4366 5281 0
 5281 4366 4310 5272 0
 979 4310 5281 1081 0
 5226 4879 4846 4303 0
 4892 3497 3558 3475 0
 4142 5705 5769 4846 0
 4142 5705 4846 5655 0
 4142 5548 5655 4846 0
 4142 5769 5699 4846 0
 4142 5548 4846 5699 0
 5312 5686 5071 5302 0
 2043 4879 4846 5226 0
 5226 5260 4987 5403 0
 4595 2262 4923 4439 0
 4595 4923 2262 4845 0
 4280 4595 2262 4432 0
 4432 4595 2262 4845 0
 4280 2262 4595 4439 0
 1434 4611 1407 1372 0
 5226 2043 4879 4987 0
 1484 1407 1434 4611 0
 5774 5260 5226 5403 0
 25 28 19 4612 0
 33 28 25 4612 0
 5175 2881 2848 2894 0
 33 4612 25 4551 0
 5312 5071 5628 5302 0
 5302 5628 5312 3720 0
 4581 794 722 647 0
 4581 4130 714 582 0
 790 5408 5540 913 0
 1854 1786 5172 1755 0
 1786 5754 5172 1755 0
 98 5285 160 65 0
 5348 4970 4854 4414 0
 2953 5584 2897 2911 0
 1786 5172 5471 5505 0
 1786 5172 5754 5471 0
 1742 1797 4776 1760 0
 4386 4277 5339 5039 0
 4386 5039 5339 4419 0
 1760 1742 5456 4776 0
 1827 1742 1797 4776 0
 4725 4233 2842 2917 0
 4157 5759 5180 1276 0
 5603 5672 5180 4157 0
 5759 5180 5672 4157 0
 1295 5180 4157 1307 0
 4157 1276 5180 1295 0
 1477 1482 4462 1536 0
 5312 5628 3650 3720 0
 5628 3720 3483 3650 0
 2208 2308 5131 2344 0
 2198 4592 2141 2121 0
 160 186 4582 212 0
 5085 4579 4319 4457 0
 5150 4144 5099 908 0
 908 5530 4144 5099 0
 3497 4618 3525 3399 0
 3495 3525 3576 4618 0
 3497 4618 3399 3340 0
 4138 5401 4907 4343 0
 4298 4158 1334 4580 0
 3809 3719 3736 5262 0
 5588 3719 3632 3606 0
 4597 5607 5435 5417 0
 5154 3562 4783 3459 0
 5154 3428 4752 3562 0
 5154 4783 5773 3459 0
 4616 1274 1273 1218 0
 1186 1218 1274 4616 0
 4574 1274 4939 4616 0
 1444 1458 1512 4578 0
 4578 1566 1620 1649 0
 3233 4649 5167 3110 0
 3233 3297 4649 3224 0
 2700 5529 5256 2771 0
 1008 4505 4159 904 0
 4505 858 4693 904 0
 4783 3595 3562 3530 0
 4159 4298 5201 4158 0
 2700 2771 2731 5529 0
 3231 3145 4617 3171 0
 3145 3025 4617 3090 0
 1045 4146 4456 926 0
 3058 3135 5765 3033 0
 5765 4960 5284 730 0
 5765 5284 4960 3089 0
 5284 5765 3223 3135 0
 1283 1281 4296 1314 0
 4877 4253 4273 4421 0
 1281 5403 1226 1283 0
 4877 4421 4729 4253 0
 4618 3525 3576 3590 0
 4877 4549 4729 4421 0
 4877 4797 4549 4421 0
 4273 4797 4877 4421 0
 5639 4608 5553 4895 0
 5105 5639 4895 4608 0
 1533 5710 4475 5119 0
 1493 1447 1359 5615 0
 5359 5582 5119 5615 0
 3442 3618 4295 3582 0
 4259 5443 4271 4599 0
 4259 4599 4271 4625 0
 4302 5443 4259 4599 0
 4726 4945 4634 5085 0
 2243 2349 4634 2378 0
 5367 4903 4617 5268 0
 995 991 4505 4158 0
 4158 4505 995 4640 0
 995 4640 806 863 0
 995 4640 4505 806 0
 991 806 995 4505 0
 4159 4505 1036 4158 0
 5268 4903 4617 4449 0
 5367 4903 5583 4617 0
 3174 3215 5011 3270 0
 5364 5583 4903 4617 0
 3270 5011 3174 5232 0
 5364 4617 4903 4449 0
 5232 4224 5011 3174 0
 4402 5308 5179 4208 0
 4283 4933 4208 4402 0
 4283 4208 5308 4402 0
 233 4405 4875 4423 0
 4967 4560 4295 4215 0
 641 682 5081 612 0
 682 5779 5081 612 0
 2193 2219 4592 2077 0
 1040 4968 4356 5569 0
 4193 2208 2121 4592 0
 1040 4968 4419 4356 0
 4225 4419 4356 1040 0
 4419 5580 4968 5039 0
 5588 3676 3719 3606 0
 4656 5527 3810 5162 0
 5162 4656 5523 4307 0
 2377 2383 2328 2337 0
 2383 2377 2328 5741 0
 5196 5714 4906 4571 0
 4733 4479 5693 1744 0
 4167 672 1687 4587 0
 5196 5747 5714 4571 0
 4391 4449 5064 4244 0
 4449 4244 4391 5478 0
 5685 5064 4449 4244 0
 4202 2500 4265 914 0
 4544 914 2500 4202 0
 4542 4544 2500 4202 0
 5685 5478 4244 4449 0
 4314 4161 4390 1745 0
 4314 5218 4390 4161 0
 2208 2308 4592 5131 0
 4521 5029 4957 4661 0
 4957 4661 4671 4521 0
 1972 4163 1059 5326 0
 1583 1640 1531 4624 0
 4320 4163 1972 5326 0
 3504 4856 5083 4781 0
 4563 1126 5223 1223 0
 5223 1126 5759 1166 0
 5223 1223 1126 1166 0
 4563 1126 5759 5223 0
 4970 4414 4141 4879 0
 4856 5083 3527 3504 0
 4821 4375 4839 4605 0
 1549 1657 4824 1664 0
 4821 2376 4605 2255 0
 1549 1657 1610 4824 0
 2338 2547 2385 4620 0
 4131 5207 5472 5511 0
 5051 758 791 4915 0
 2806 2678 2821 4590 0
 2588 4590 2752 2608 0
 2608 4590 2752 2678 0
 4131 5511 5472 5259 0
 791 756 758 5051 0
 2579 2598 5075 2699 0
 2598 5566 5075 2721 0
 5075 2681 2579 2699 0
 4752 3526 3581 3428 0
 5663 3335 3088 3137 0
 3196 3335 3137 3131 0
 3335 3088 3137 3131 0
 3335 3367 3196 3137 0
 4043 4066 4044 5278 0
 5278 4652 4066 4044 0
 3367 3335 5663 3137 0
 3421 5187 3524 730 0
 4752 3581 3562 3428 0
 3421 3524 5187 3492 0
 730 5707 4240 5187 0
 730 5707 5187 3524 0
 3524 4767 3421 730 0
 4865 4493 4198 4569 0
 4202 4375 4329 4493 0
 4542 4375 4329 4202 0
 2721 2883 4779 2699 0
 4872 1289 1237 4608 0
 2883 2832 4779 2699 0
 1700 4808 1708 4621 0
 4982 4194 2497 4511 0
 5618 4511 2497 4194 0
 4274 4550 4199 4406 0
 4406 4199 4696 3388 0
 4406 4199 4274 4696 0
 5651 5618 2497 4194 0
 5480 2497 5475 4194 0
 5480 2497 4194 5651 0
 2203 2165 4622 2251 0
 2203 2251 4622 2355 0
 4913 4336 4139 4693 0
 3535 3642 3580 4577 0
 3535 4577 3320 3559 0
 4913 394 4693 4139 0
 4577 4509 3542 3654 0
 5571 5013 5225 4844 0
 699 4602 732 902 0
 4142 5699 5644 5548 0
 5225 4844 4738 4261 0
 1484 1434 1528 4611 0
 737 4993 856 766 0
 1072 4159 1264 4645 0
 4142 5644 5699 5781 0
 5606 5039 4979 5017 0
 5096 4979 4650 5490 0
 5490 4979 4650 5130 0
 5699 5407 5644 5226 0
 4404 5557 4699 4592 0
 2029 4404 5557 2199 0
 5781 5644 5699 5407 0
 5253 2408 2305 4795 0
 501 4131 5062 561 0
 501 561 607 4131 0
 5062 4131 4989 561 0
 2787 2634 2707 4964 0
 2787 2670 4964 5012 0
 4931 4883 5489 5314 0
 2787 5481 4964 2707 0
 2787 5012 4964 5481 0
 2787 4964 2670 2634 0
 2902 2868 2940 5275 0
 2982 4516 4221 5275 0
 5087 4690 5003 2973 0
 4621 4981 1758 4858 0
 4190 4330 4981 4266 0
 4327 4982 5398 4421 0
 3388 4982 4406 4511 0
 4421 4982 4406 3388 0
 1288 1368 1341 5521 0
 1288 4666 1348 5521 0
 4982 4641 4194 4511 0
 4327 5387 5398 4982 0
 3282 4617 3323 3231 0
 4518 5262 5725 4458 0
 5003 5087 2973 2932 0
 5582 5035 5615 4156 0
 5457 4156 5615 5035 0
 5003 5646 2973 4690 0
 5293 4235 5620 5389 0
 5620 5571 5013 5293 0
 5293 5225 4525 5571 0
 5389 5195 5293 4235 0
 4138 5676 5401 5145 0
 4920 408 419 5590 0
 3635 4361 4572 4509 0
 4138 5676 271 317 0
 3496 3348 4361 4509 0
 4138 317 5024 5676 0
 4138 5024 5401 5676 0
 4138 271 5676 286 0
 4138 5676 5145 286 0
 4319 4529 922 4579 0
 4579 4360 4529 922 0
 397 408 419 4920 0
 450 397 4920 408 0
 4965 4650 4906 5353 0
 4965 4906 4650 5490 0
 4965 4650 5353 3920 0
 2058 2121 4592 4193 0
 1982 2015 2139 5557 0
 3552 5088 3598 4752 0
 5224 5296 1317 1354 0
 1345 5296 1317 1321 0
 5296 1345 1317 1354 0
 5361 4573 5296 1291 0
 5296 4573 5224 1317 0
 4559 524 432 439 0
 4559 523 4130 448 0
 4752 4941 5088 3526 0
 5004 5052 4983 5111 0
 1321 5361 5296 1291 0
 4140 4983 591 489 0
 5111 5052 4983 320 0
 4140 591 4983 4513 0
 935 4639 883 784 0
 883 4639 935 998 0
 3186 3116 4784 4927 0
 4784 4927 4978 3186 0
 4784 4978 4927 3314 0
 4784 3186 4978 5000 0
 5000 3314 4978 4784 0
 4530 2846 4779 2832 0
 5455 2721 2883 4779 0
 3155 3238 5089 3215 0
 2500 2802 4669 4492 0
 2500 4279 4265 4669 0
 2500 4669 4265 4492 0
 3221 3302 5238 5697 0
 4448 5280 4495 4985 0
 5238 5773 5697 3302 0
 5293 5225 5405 4525 0
 5195 4235 5405 5293 0
 5522 5649 4780 4985 0
 3374 3454 5697 5238 0
 4740 3322 5238 3386 0
 3322 4740 5238 5731 0
 5731 3374 5697 5238 0
 5731 5697 3132 5238 0
 3322 5238 3386 3374 0
 4787 4601 4522 4700 0
 2243 4601 2242 2378 0
 3155 5011 3215 5089 0
 4634 4522 4601 4726 0
 5089 5011 4623 3155 0
 368 323 304 5213 0
 3155 3238 4623 5089 0
 372 368 304 5213 0
 4871 5066 4843 4673 0
 5066 5084 4859 4673 0
 4303 4879 5219 4987 0
 731 5439 5219 4303 0
 5439 4879 5219 4303 0
 5428 4341 4987 4296 0
 4303 5226 4987 5704 0
 4593 1079 1121 1026 0
 2043 4341 4852 4987 0
 4593 4331 1121 1206 0
 4303 5226 4879 4987 0
 2043 4852 4879 4987 0
 850 731 5219 4303 0
 5318 4459 4388 5472 0
 1640 1590 1531 4624 0
 5183 5027 5318 5472 0
 5463 2610 4657 2715 0
 5463 4715 2584 2683 0
 1821 4588 1879 1870 0
 4015 3455 4606 4558 0
 4606 4015 4328 3455 0
 4977 2626 2669 2691 0
 4251 5752 4145 999 0
 4251 4145 899 999 0
 4251 5777 5752 999 0
 5206 4355 1245 1282 0
 4830 5017 5265 4979 0
 5342 4355 5206 1282 0
 5039 5017 4830 4979 0
 4572 3635 4509 5415 0
 4355 5342 5206 5422 0
 3635 4361 3496 3395 0
 4355 1277 5206 1245 0
 2626 2644 4977 4943 0
 4943 2626 2669 4977 0
 2919 2952 4626 2968 0
 4687 2964 4626 4585 0
 4687 4626 2952 2968 0
 1566 1512 4578 1545 0
 1566 1620 1545 4578 0
 1375 5091 4754 1436 0
 4058 4066 4571 4082 0
 1457 5091 1394 1436 0
 5204 4608 4867 5122 0
 1457 5069 1394 5091 0
 4902 4571 4058 4066 0
 5069 4608 5204 5122 0
 1375 4867 4754 5091 0
 4724 5345 1735 5211 0
 1446 1320 5347 1308 0
 5628 5356 4672 4718 0
 4234 5424 4525 3814 0
 1308 5347 1446 5422 0
 2247 4636 2201 2273 0
 4805 2162 2103 2168 0
 2108 4636 2201 2147 0
 2018 4805 1992 2076 0
 2052 1992 4178 4805 0
 1308 5422 5206 5152 0
 5299 4870 4371 4609 0
 5529 4870 5299 4609 0
 5529 4223 4609 5299 0
 1446 5347 5543 5422 0
 5422 5543 5418 5347 0
 3467 4752 5722 5745 0
 45 67 52 4661 0
 45 67 4661 80 0
 4661 59 52 69 0
 4431 4968 4937 4241 0
 4968 5580 4937 4241 0
 5760 2685 2596 5632 0
 575 895 915 5099 0
 5760 5762 5616 2596 0
 4326 4423 105 4990 0
 895 915 5099 5530 0
 4423 4875 105 4990 0
 105 4875 4489 5567 0
 105 5168 5567 4489 0
 2627 5192 2745 2663 0
 4409 5192 5015 2745 0
 2627 4962 5192 2663 0
 5129 5192 4962 5015 0
 2791 4631 2784 2715 0
 2791 2784 4631 2892 0
 2892 4631 2836 2784 0
 5129 5694 5015 4962 0
 5336 5472 5259 4820 0
 4820 5472 5617 5336 0
 5183 5472 5617 4131 0
 5000 3332 3255 3249 0
 3340 3297 3401 4649 0
 3233 4649 3297 3340 0
 1174 5206 1245 1282 0
 5342 5736 1293 5206 0
 1650 5518 1519 1526 0
 1013 5292 967 1066 0
 1013 4331 5292 1066 0
 1526 1669 1650 5518 0
 4421 4406 4274 4696 0
 1532 1480 5739 5744 0
 1480 5744 5653 5739 0
 4748 5628 4704 4672 0
 4748 3611 5628 3754 0
 5739 1480 1490 5653 0
 4270 3754 4748 5628 0
 4627 5056 1342 1279 0
 4627 1207 5269 5056 0
 233 4882 5127 4272 0
 5117 233 5127 4272 0
 3754 4270 3682 3854 0
 233 4932 3686 4882 0
 1883 1800 4628 1835 0
 4371 5168 5323 730 0
 1883 4628 4176 1936 0
 1936 5430 4510 4628 0
 5168 4240 730 5707 0
 4627 4616 4574 4369 0
 1102 4627 5269 4959 0
 1092 5269 4616 4959 0
 4627 5269 4616 4369 0
 4959 4627 4616 4574 0
 5269 4616 4959 4627 0
 4454 4176 1923 4588 0
 5148 2681 2579 5075 0
 2579 2524 2681 5148 0
 5557 2193 4592 2015 0
 1443 4462 1482 5591 0
 1443 1482 4462 1477 0
 3203 5510 3310 4600 0
 3203 3158 4600 3262 0
 1688 1708 4749 1729 0
 4808 1708 4749 1688 0
 1758 4621 1708 4749 0
 1708 4749 4621 4808 0
 5282 652 4819 735 0
 5260 2043 5226 4987 0
 5400 5015 2745 4916 0
 4438 5544 4928 4951 0
 5519 5282 4819 735 0
 160 4582 186 106 0
 4630 3506 3538 3474 0
 4364 5194 5510 4600 0
 4630 3397 3506 3474 0
 998 4645 1072 1197 0
 1637 5561 1674 1780 0
 4639 1072 935 998 0
 4639 998 4645 1072 0
 1784 1637 1780 5561 0
 5729 4898 3622 4764 0
 2117 4589 4178 2222 0
 4809 3316 3361 5098 0
 1223 5223 5152 1166 0
 4623 4809 5098 3316 0
 5618 4998 5140 2497 0
 5349 5135 4319 468 0
 5665 5691 4998 5304 0
 5349 4998 5135 468 0
 168 167 4591 113 0
 113 167 4591 4565 0
 5691 468 4998 5304 0
 200 4591 154 260 0
 4623 3316 5098 3238 0
 3037 5692 3164 3009 0
 3037 5692 3009 5468 0
 5347 1223 5223 5152 0
 5098 3316 3361 3238 0
 5234 4716 5444 4543 0
 5636 4303 680 840 0
 5234 4716 4543 4332 0
 5636 4303 5699 680 0
 4332 4543 4306 4716 0
 4505 4534 5201 4693 0
 1402 4611 1364 1495 0
 1484 1407 4611 1364 0
 1570 4662 1495 1484 0
 1484 1495 1364 4611 0
 3482 5102 3605 5593 0
 3233 5167 4649 3340 0
 4943 4799 4977 4790 0
 4799 4790 5442 4977 0
 5520 4799 4943 4790 0
 5299 5732 4371 5321 0
 5299 5321 4371 4870 0
 5681 5365 4247 5682 0
 5682 5171 5365 4247 0
 5263 5682 5365 5681 0
 3497 3401 4892 4649 0
 5702 5171 5682 4247 0
 4892 3475 3401 3497 0
 5263 5682 5171 5365 0
 2935 4626 2900 2829 0
 4777 1760 5456 4776 0
 65 21 4633 4128 0
 3350 4234 4217 3375 0
 3375 3274 3311 4217 0
 1827 1797 4777 4776 0
 3311 3309 5194 4600 0
 2953 2983 2936 4613 0
 2981 4613 3065 2983 0
 2983 4613 2920 2936 0
 2889 2920 5528 2887 0
 2243 4634 2349 2235 0
 4842 5085 4522 4634 0
 2243 4634 4601 2378 0
 5259 5511 5472 4925 0
 4131 5472 5207 5547 0
 4131 5472 5547 5183 0
 3956 3923 5134 4656 0
 4698 4433 110 157 0
 4698 196 238 157 0
 4433 238 4698 279 0
 3569 3516 4635 3518 0
 4264 3956 5134 4656 0
 869 5047 839 939 0
 4748 4718 4828 4856 0
 4856 5345 4828 5155 0
 4828 4856 4718 5345 0
 4671 4433 4661 80 0
 279 4482 4433 315 0
 2058 4193 4592 1921 0
 1921 4592 2058 1995 0
 1921 1995 1924 4683 0
 2015 1995 4683 1943 0
 2064 4703 4674 4805 0
 4805 4682 4703 4674 0
 2247 2273 2338 4636 0
 4571 5662 5419 4103 0
 2355 2490 2367 4637 0
 1768 1816 1724 4638 0
 3677 4822 3687 3774 0
 1737 1716 4607 1787 0
 4795 4736 2408 5014 0
 5247 5747 5623 5196 0
 5623 5247 5196 4965 0
 5114 569 641 5081 0
 5716 5114 641 5081 0
 5579 5114 641 5716 0
 641 656 5114 5579 0
 641 569 5114 609 0
 641 5114 656 609 0
 5320 5005 4573 4714 0
 5460 1317 1238 1261 0
 5066 5005 4859 5084 0
 3623 4635 5478 3569 0
 5320 4573 5066 4407 0
 5320 4137 5440 4407 0
 5066 5005 4573 5320 0
 3992 5289 4017 3958 0
 5289 3888 3958 3992 0
 3530 4752 5722 3467 0
 4161 4390 1766 1736 0
 4161 1736 4638 4390 0
 3040 3060 5640 3050 0
 3051 5494 5640 3040 0
 4346 5346 5010 4698 0
 4671 5010 4521 4698 0
 3040 5640 3060 5494 0
 4671 4346 5010 4698 0
 3040 3051 3050 5640 0
 1429 1449 1249 4645 0
 717 706 4456 983 0
 983 957 4456 717 0
 969 4456 1097 957 0
 3641 5312 3577 3841 0
 3841 3858 5312 3650 0
 3841 3650 5312 3577 0
 3641 5686 5312 3841 0
 3841 3858 5302 5312 0
 863 806 762 4640 0
 2550 2396 2435 2462 0
 5762 2550 2396 2527 0
 2550 5762 2396 2462 0
 4622 2367 4637 2355 0
 5736 1166 1277 5152 0
 5223 5736 1166 5759 0
 5223 1166 5736 5152 0
 5588 3632 3491 3606 0
 5677 3065 4675 5719 0
 5759 5736 1166 1124 0
 4795 4699 2317 2256 0
 2981 4613 5033 5578 0
 2587 5190 4655 2476 0
 2587 5190 5464 4655 0
 5313 2115 2213 5397 0
 2115 5313 2213 2278 0
 5313 2115 2336 2278 0
 2115 5169 5313 2336 0
 2115 5169 5397 5313 0
 4600 3309 5194 3262 0
 4600 3203 3262 3310 0
 4607 1772 4510 1787 0
 4607 5432 1710 4160 0
 5736 1277 1166 1124 0
 4237 3661 3656 3590 0
 3650 5312 3720 3858 0
 3497 3590 3525 4618 0
 5302 3858 3720 5312 0
 5302 5686 3841 5312 0
 4795 2317 2364 2256 0
 1308 1350 1277 5206 0
 2338 2309 4700 2385 0
 4700 4601 5261 4827 0
 2309 2385 2351 4700 0
 2338 4700 4620 2385 0
 4755 3117 4600 2974 0
 1277 1350 4355 5206 0
 5152 1308 1277 5206 0
 4853 4221 5058 4976 0
 2597 2694 2725 4488 0
 2248 5311 4842 4634 0
 2248 2323 4634 2235 0
 2235 2323 4634 2349 0
 3551 4575 3487 3484 0
 3487 4575 3368 3387 0
 3487 3484 4575 3387 0
 5643 5279 5185 5470 0
 4852 4918 4141 5219 0
 5739 4791 1592 1532 0
 4774 2528 2548 2485 0
 458 343 384 4482 0
 4482 343 384 315 0
 5739 4824 4791 1532 0
 458 502 4482 384 0
 4824 5739 5744 1532 0
 1622 1509 4643 1449 0
 5148 4742 4697 4722 0
 4697 2524 2579 5148 0
 4673 1160 1055 5607 0
 4673 1055 1120 1020 0
 4405 5086 4391 4244 0
 4673 1020 4804 1055 0
 3700 5013 3693 3594 0
 3809 3736 3825 5262 0
 4656 5262 3809 3825 0
 3871 4656 3809 3825 0
 678 651 4559 524 0
 4559 4250 651 678 0
 4644 4456 4250 678 0
 4559 4250 678 4644 0
 92 90 86 4671 0
 92 4671 80 4433 0
 4521 4671 4433 4661 0
 3700 3693 5013 5620 0
 4795 2408 2364 2446 0
 4795 5014 2408 2446 0
 5430 4175 4472 4863 0
 1936 5696 4510 5430 0
 5430 5696 4510 5070 0
 4904 4356 4225 4531 0
 4743 4226 4442 4904 0
 4904 4226 4442 4358 0
 4607 1737 1654 1716 0
 5214 3963 3993 4467 0
 5607 5712 4829 5417 0
 4467 5214 3963 4264 0
 3993 4467 3963 3998 0
 4467 4264 3963 5165 0
 4843 1037 4673 4859 0
 4999 5459 4565 5063 0
 4859 4673 1094 1037 0
 3998 3963 5165 4467 0
 5538 4143 884 928 0
 928 4447 898 4143 0
 3623 5307 4635 3602 0
 3623 4635 3569 3602 0
 928 4143 898 5610 0
 5538 5610 4143 928 0
 4143 4447 884 928 0
 4673 1094 1037 1064 0
 5163 2225 2386 4562 0
 4562 2225 2386 2413 0
 3221 5238 3353 3255 0
 3132 5238 3221 3255 0
 3132 3221 5238 5697 0
 4990 4239 5239 5073 0
 5426 4817 5120 4659 0
 4440 4149 5120 4914 0
 5073 5243 5239 5023 0
 5020 4149 4351 4914 0
 4615 5120 4817 5045 0
 5286 5239 5243 5023 0
 5286 4239 5239 3639 0
 4990 5239 4239 5028 0
 4774 2528 2583 2585 0
 4774 2585 2583 4294 0
 4239 3639 5028 5239 0
 4656 3719 3676 3768 0
 3163 5023 5765 3271 0
 3163 3272 5023 3271 0
 5609 5323 5778 4240 0
 4015 4373 2802 4492 0
 5323 4240 5168 5701 0
 5323 5168 4240 730 0
 5323 5701 5778 4240 0
 5609 4240 730 5323 0
 3027 4687 3036 2964 0
 5145 5676 241 286 0
 4398 4687 5128 5127 0
 4665 4561 128 5042 0
 75 5351 54 4888 0
 4888 5351 54 39 0
 4688 4507 26 4612 0
 291 286 5145 241 0
 4575 5354 5208 3393 0
 5145 294 291 241 0
 4223 4371 5634 4609 0
 5354 5208 5101 5391 0
 4973 2599 4229 2639 0
 4229 2672 4832 2609 0
 4973 4206 2593 4832 0
 2609 4973 4229 2639 0
 4223 4371 4609 5299 0
 5122 4608 5600 5069 0
 4203 4480 4271 5443 0
 5443 4480 4933 4402 0
 386 562 604 5024 0
 4223 5299 5732 4371 0
 4223 4371 5740 5634 0
 5401 5676 4862 4483 0
 5483 4608 4751 5122 0
 4751 5122 4608 5600 0
 4223 5732 5740 4371 0
 5483 4608 5122 4867 0
 5091 5204 4867 5122 0
 5680 5466 4239 5090 0
 5069 5204 5091 5122 0
 5466 5090 5243 4239 0
 4862 4133 4348 5040 0
 5676 4133 4862 5040 0
 2247 2309 4636 2338 0
 4636 2338 4700 4620 0
 5024 4133 4862 5676 0
 5250 5680 5090 5466 0
 4563 5223 4157 1223 0
 4157 1223 1203 4563 0
 5759 5672 4563 4157 0
 1203 4157 4563 5603 0
 5603 5672 4157 4563 0
 5082 3125 3102 5578 0
 4585 4891 3199 5082 0
 4563 5223 5759 4157 0
 4211 2677 5455 5566 0
 2883 2832 2947 4530 0
 1883 1870 4628 1800 0
 5483 4867 5474 4754 0
 5025 4972 4338 5427 0
 5025 4291 4972 5427 0
 1921 1848 4683 1924 0
 4683 4948 1790 1795 0
 1924 1866 4683 1943 0
 1982 4683 1909 1943 0
 5483 5474 5508 4754 0
 39 4612 28 53 0
 4888 4612 5351 39 0
 53 28 33 4612 0
 33 53 4612 82 0
 5649 4178 4780 4682 0
 4646 4189 2327 2389 0
 1933 4178 4674 4780 0
 5522 4178 4780 5649 0
 5522 1933 4780 4178 0
 5507 2877 2938 2910 0
 4780 4178 4674 4682 0
 5546 2293 4702 5026 0
 4293 4942 4174 5026 0
 4163 1619 4180 4527 0
 4163 4474 4180 1619 0
 4163 4323 4180 4474 0
 4721 4323 4180 4163 0
 4564 4641 2415 4863 0
 4457 4863 2415 4641 0
 423 486 421 5506 0
 492 423 446 5749 0
 4143 460 486 5590 0
 1736 4390 1768 4638 0
 5548 5226 5699 5644 0
 5407 5226 5699 5641 0
 5260 5603 4563 5672 0
 5781 5699 5641 5407 0
 5242 3647 3697 3565 0
 5242 3589 3697 3725 0
 3647 3757 3707 5242 0
 3757 3697 5242 3647 0
 5242 3565 3697 3589 0
 5242 5679 3725 3697 0
 4239 5028 3773 5631 0
 4712 1033 4685 4953 0
 5029 4136 4414 5487 0
 1002 4712 1033 4685 0
 5029 2043 4407 4136 0
 4712 1002 5748 4685 0
 4774 2528 2585 2548 0
 5100 4657 4660 2723 0
 4660 5100 5103 5452 0
 4660 5100 5452 4949 0
 904 4693 935 858 0
 5057 5016 4253 4686 0
 2814 2861 4626 5368 0
 5243 5406 5090 5466 0
 4859 1209 5084 1238 0
 5460 4573 1238 1317 0
 5286 5466 5243 4239 0
 5406 5073 5243 5090 0
 2504 2588 2608 4773 0
 4932 4613 5033 5584 0
 4932 4229 5033 4882 0
 4882 5597 5033 4626 0
 5033 5597 2912 4626 0
 5073 4239 5239 5243 0
 2981 5033 2912 5578 0
 5286 5239 4239 5243 0
 2923 3093 4725 3008 0
 4725 2948 4233 2917 0
 2251 2367 4622 2355 0
 4622 2367 4668 4637 0
 2256 2139 2193 5557 0
 3233 3399 5167 3340 0
 5130 4965 4650 5490 0
 3866 5130 3920 4650 0
 3850 5130 3898 3920 0
 5130 5602 3772 3834 0
 2599 4229 5256 5034 0
 4973 4389 4229 5034 0
 4229 2599 4973 5034 0
 2378 2384 4601 2242 0
 2351 2384 2312 4601 0
 2256 4699 5557 2193 0
 5557 2205 2317 2256 0
 4080 4571 4652 4066 0
 5557 2205 2256 2139 0
 4080 4571 4091 4652 0
 4571 5328 4652 4437 0
 4091 4571 5733 4652 0
 1921 4683 4592 1995 0
 2573 5618 5140 5651 0
 2655 2573 2633 5140 0
 2573 4195 5140 5618 0
 5140 2573 2633 4195 0
 5651 5140 2573 2655 0
 5498 2278 2326 5235 0
 2278 5235 2213 2326 0
 1700 1670 1642 4808 0
 5036 4404 4288 2455 0
 5446 5174 4930 5036 0
 2455 339 4288 5036 0
 4930 5036 5174 2455 0
 4930 4404 5036 2455 0
 5235 4175 2213 2326 0
 884 5538 918 852 0
 1059 5218 4413 4503 0
 5421 4503 4413 5218 0
 918 5538 884 928 0
 1589 4578 1545 1620 0
 1431 1341 1368 4578 0
 2613 5129 5632 2703 0
 4409 5129 2703 5015 0
 2627 5192 4962 5129 0
 4409 5129 5015 5192 0
 5170 4962 5596 5129 0
 5596 5129 5632 5170 0
 3185 3123 4978 3251 0
 4044 4066 4056 4652 0
 4080 4066 4652 4056 0
 3126 3123 3185 3251 0
 3063 3251 3123 3053 0
 3053 3126 3251 3123 0
 4386 5007 4830 5039 0
 4114 5363 4124 4116 0
 4116 5714 5363 4124 0
 4120 5363 4124 4114 0
 4386 5039 4419 5007 0
 4419 5039 4968 1040 0
 5606 5017 4979 5130 0
 2283 4839 4874 5298 0
 2008 4193 4786 4622 0
 2008 4786 2027 4622 0
 1976 4858 2027 1911 0
 3123 3251 3063 4927 0
 4895 5441 5147 5600 0
 3617 3477 5367 3434 0
 5367 5268 3477 3617 0
 3123 4978 3251 4927 0
 2629 4657 2610 2715 0
 2629 2610 4657 2533 0
 4251 5294 5513 5465 0
 2474 2490 2355 4655 0
 2429 2355 4655 2474 0
 2355 4655 2490 4637 0
 2416 2396 2527 2546 0
 2133 4814 4276 4486 0
 2002 2074 2133 5352 0
 2416 2454 2396 2546 0
 4414 4918 4141 4852 0
 5762 2454 2546 2396 0
 5762 2396 2546 2527 0
 5348 4141 4414 4918 0
 4334 5041 4545 4420 0
 4334 4731 4545 5041 0
 1316 4156 1349 1231 0
 5359 1316 4317 4156 0
 5245 4156 1316 1231 0
 5245 1316 4156 4317 0
 1316 1349 4156 5359 0
 1854 1740 5172 1896 0
 5607 1055 4763 1160 0
 1240 1378 1382 5342 0
 5342 1319 1240 1378 0
 492 486 5506 519 0
 5172 5133 5505 1991 0
 4143 5506 486 519 0
 4608 5553 4895 1213 0
 1213 4608 5441 4895 0
 1213 5553 4895 1182 0
 1213 4895 5441 5513 0
 1213 4895 5513 1182 0
 863 4640 762 763 0
 4681 762 4640 763 0
 4893 4955 4681 521 0
 5780 5284 730 5765 0
 4656 3719 3809 5262 0
 4656 3809 3719 3768 0
 5284 730 3421 5780 0
 4652 4437 5324 5278 0
 4437 5410 4652 5324 0
 5278 4044 5324 4652 0
 5302 5410 5324 4652 0
 4357 5043 846 5121 0
 4652 5324 5302 4044 0
 2457 4759 4570 4722 0
 397 450 5138 457 0
 5138 450 4382 457 0
 5138 397 5423 4920 0
 5181 5423 5030 5138 0
 3380 3309 3382 5194 0
 4559 439 359 365 0
 4559 432 359 439 0
 4798 359 365 4559 0
 4798 4559 4644 4532 0
 4618 3590 4558 4892 0
 4618 3590 4892 3497 0
 4593 987 1026 945 0
 4593 859 987 945 0
 4593 945 1026 4331 0
 1888 1827 4719 1793 0
 1220 1188 4813 1268 0
 4813 1220 1268 5521 0
 1185 4869 1230 1251 0
 2717 2784 4657 2715 0
 2715 5463 2768 4631 0
 4657 2784 4631 2715 0
 5169 2025 4777 4719 0
 2333 2427 4736 4795 0
 3625 3484 3490 4575 0
 3625 3551 3484 4575 0
 2333 4759 2427 4795 0
 4522 4196 4529 4836 0
 4836 4196 4529 4667 0
 1536 1482 5092 1516 0
 2806 2812 2735 4731 0
 1732 1675 1740 5754 0
 5250 3633 5680 3649 0
 5172 1740 5754 1732 0
 1896 1732 1740 5172 0
 675 4947 4880 4823 0
 5392 4947 4880 675 0
 742 679 814 4505 0
 3457 5271 3296 3390 0
 4505 4534 4955 4681 0
 2813 2761 2725 4488 0
 5597 4626 2814 2829 0
 4626 5597 2814 5368 0
 5719 4675 3130 3065 0
 2814 2829 2764 5597 0
 2814 5368 2764 2750 0
 3287 4995 3333 3435 0
 3361 4995 3287 3435 0
 4649 4430 3340 5167 0
 3497 3558 3590 4892 0
 4536 4353 4485 4924 0
 2429 2355 2203 4622 0
 3719 5262 4656 5588 0
 3501 3632 5775 3599 0
 5044 3379 3286 4723 0
 5578 3065 2981 4613 0
 5033 4613 2981 5584 0
 5725 4675 5657 5588 0
 3387 3393 3484 4575 0
 3368 5208 3387 4575 0
 3387 4575 5208 3393 0
 3353 3302 5238 3221 0
 2251 2367 2165 4622 0
 5748 4132 815 5346 0
 3928 3834 4965 3881 0
 4654 4490 4485 4150 0
 846 1140 4619 4659 0
 4533 4150 4490 4654 0
 4533 4150 4654 4352 0
 2867 5003 2938 2932 0
 4003 3967 4965 3898 0
 5003 5087 2932 2867 0
 5451 4917 4249 5109 0
 904 5201 4693 4505 0
 2907 5109 2898 2839 0
 5109 4917 2839 2772 0
 5330 4917 5451 5109 0
 5330 2772 4917 5109 0
 5109 4917 2898 2839 0
 5468 4231 5109 3995 0
 5721 5561 1749 1698 0
 4979 5265 4650 5130 0
 5561 1752 1826 1698 0
 1749 1826 1698 5561 0
 2916 4660 5100 5103 0
 935 1072 4639 904 0
 3886 5278 4044 5324 0
 5257 2800 4230 4367 0
 2800 5529 4367 5257 0
 5299 5529 4367 4870 0
 5189 5392 511 5030 0
 2394 2404 5616 2375 0
 2375 5616 5596 2470 0
 2394 2410 2487 5616 0
 1367 1378 1319 5342 0
 1367 5342 1293 1339 0
 1367 1378 5342 5724 0
 1367 5342 1319 1293 0
 1367 5342 5533 5724 0
 1367 5342 1339 1362 0
 791 845 4915 802 0
 709 4602 777 861 0
 732 4602 861 902 0
 1367 5342 1362 5533 0
 732 4602 709 861 0
 312 343 4482 279 0
 312 4698 238 279 0
 5537 4915 791 845 0
 4698 4482 4433 279 0
 934 5537 835 845 0
 5575 2818 2758 2774 0
 4319 4406 4199 4547 0
 4558 3590 4618 4237 0
 4406 4550 4199 4547 0
 2833 2818 5575 2774 0
 2833 5575 4916 2774 0
 4253 4629 5016 4647 0
 5015 5575 4916 5400 0
 4253 4421 4629 4647 0
 4253 5016 4905 4686 0
 4661 49 84 69 0
 2774 2758 5575 5015 0
 5055 4596 4463 4226 0
 5068 4324 2503 5055 0
 5055 4324 2503 4226 0
 5068 5094 5110 5055 0
 5055 4596 4873 4463 0
 5347 5152 5422 1308 0
 1204 1123 1084 4619 0
 4619 1123 1084 1004 0
 5347 5152 5418 5422 0
 5223 5152 5736 5418 0
 5347 5223 5418 5152 0
 5736 5152 5206 5418 0
 3678 3605 5102 4961 0
 5699 4142 5781 5749 0
 5749 4142 5781 5506 0
 5102 3678 4961 3641 0
 1744 1750 1712 5486 0
 1744 4479 1759 5486 0
 1750 4749 1712 5486 0
 624 5114 609 655 0
 5749 4142 5506 412 0
 4683 1848 1866 1924 0
 3249 3318 3291 3356 0
 5000 3356 3318 3249 0
 5000 3332 3249 3318 0
 1786 5505 5344 1991 0
 84 106 4661 69 0
 65 35 4633 21 0
 5226 4987 5704 5403 0
 5213 4925 5325 5656 0
 4303 4987 5219 5704 0
 850 4303 5219 5704 0
 4950 4833 4484 4757 0
 175 4757 164 117 0
 5345 4811 5155 3527 0
 4568 1522 1555 4662 0
 1555 1623 5614 4662 0
 5614 4568 2293 4305 0
 5614 4173 4662 1623 0
 4630 3506 3397 3450 0
 5194 3450 3397 3382 0
 5543 1474 5347 1481 0
 1404 1440 1489 5347 0
 1504 5347 1489 1440 0
 45 4756 4661 49 0
 328 309 4970 267 0
 5176 309 4970 328 0
 5145 5401 4343 4996 0
 2133 4814 2284 4276 0
 4343 292 294 256 0
 4463 5060 4361 4596 0
 4276 2284 2133 2280 0
 4569 4814 4276 2284 0
 4873 4596 4530 5060 0
 4530 4232 3084 5060 0
 5145 4996 4343 256 0
 172 198 128 4665 0
 655 609 656 5114 0
 118 4665 128 5042 0
 1219 1199 4666 1288 0
 1288 4666 1219 1348 0
 1097 4666 4146 1338 0
 5521 4503 4666 1348 0
 1430 1348 5421 4503 0
 2278 5313 2213 5235 0
 5313 4175 2213 5235 0
 656 5579 655 5114 0
 2801 4806 2819 2856 0
 2819 2856 4806 5257 0
 3635 4361 3395 4572 0
 4806 2796 5257 5674 0
 5313 2213 4175 5397 0
 618 763 4640 820 0
 618 4640 832 820 0
 5268 5064 4449 5685 0
 5002 4405 5064 4244 0
 5064 4405 4391 4244 0
 5268 5685 5306 5064 0
 5404 4977 4806 4971 0
 4971 2748 2687 2704 0
 4971 4977 2687 5404 0
 675 760 690 4823 0
 82 86 4671 92 0
 1213 5441 1054 1138 0
 4953 5066 4859 4685 0
 4137 5066 4482 4407 0
 5374 5005 4859 5066 0
 5320 5066 4137 4407 0
 5374 5005 5066 5320 0
 2378 2428 4601 2384 0
 2463 2428 4601 2378 0
 2574 2367 2490 4637 0
 2574 2367 4637 2460 0
 1688 4749 1709 1729 0
 4168 4749 1709 1688 0
 1213 1054 5441 1258 0
 4807 4145 5441 1054 0
 1213 5513 5441 1138 0
 2835 4916 2745 2774 0
 5711 1473 4301 4789 0
 4479 4266 4184 5067 0
 4965 5196 4906 5328 0
 4965 4906 5196 5353 0
 4965 5328 4906 5490 0
 5424 5356 4270 5345 0
 1499 1473 5711 4772 0
 5424 1735 5345 4988 0
 1735 4988 5211 5345 0
 4315 4188 4393 5234 0
 2290 5234 4332 4315 0
 4315 4393 4494 5234 0
 4315 5234 4494 2290 0
 5234 4188 4332 4315 0
 4551 62 4671 4128 0
 62 92 82 4671 0
 1362 4355 5342 1282 0
 1712 4749 1750 1709 0
 4355 1362 5342 5533 0
 5773 5624 5154 3459 0
 5066 4871 171 4673 0
 5232 4224 3174 3129 0
 106 186 132 4582 0
 4661 106 84 132 0
 75 5351 58 37 0
 2836 2886 5100 4631 0
 2723 2886 5100 2836 0
 5351 4688 4561 5042 0
 340 4912 383 305 0
 45 80 4661 4433 0
 74 80 45 4433 0
 4433 225 145 189 0
 1064 1146 4673 1094 0
 1094 1146 4859 1168 0
 2072 2129 4703 4636 0
 2108 4636 2064 2144 0
 2951 5321 5257 4230 0
 2018 2064 4805 2103 0
 1992 4674 4178 4805 0
 2890 5257 2847 4230 0
 2820 5257 2800 4230 0
 4388 4346 5315 5325 0
 4230 2820 5257 2847 0
 2951 4230 5257 2890 0
 4172 4747 1581 4934 0
 2838 2777 4761 2778 0
 5257 5321 4367 4230 0
 5577 3412 5049 5367 0
 2305 2193 4699 2256 0
 2305 4699 4795 2256 0
 3412 3498 5049 5367 0
 4387 5049 5534 5367 0
 5049 3498 5534 5367 0
 3606 5588 3448 3491 0
 3390 3294 3448 5588 0
 3370 4675 3294 3261 0
 5578 5677 3065 4613 0
 5367 4387 5049 5577 0
 4916 2745 2737 2811 0
 2835 4916 2811 2745 0
 5155 4856 3527 3504 0
 5220 3504 4828 5155 0
 5220 3504 5155 4811 0
 5155 4811 3504 3527 0
 340 4912 305 4713 0
 2284 2401 2393 4569 0
 4713 270 4912 305 0
 2354 2284 4569 2401 0
 738 689 5123 594 0
 5259 661 751 723 0
 661 723 5727 650 0
 1848 1795 4683 1790 0
 4592 4193 4786 1921 0
 4683 4786 1845 1921 0
 661 723 5259 5727 0
 5123 5038 689 738 0
 4936 883 5350 4639 0
 4277 5071 5339 5580 0
 5378 5071 5339 4277 0
 5580 5071 5339 4937 0
 5346 815 5748 755 0
 1002 962 5748 838 0
 962 1002 5748 4712 0
 4673 1055 4804 4705 0
 1779 1769 5118 1798 0
 5754 5032 1557 1613 0
 1557 5032 5754 5711 0
 4531 4361 4232 4596 0
 4596 5060 4361 4232 0
 4596 4232 4530 5060 0
 5158 4825 5735 953 0
 5158 1108 953 5735 0
 5047 5159 869 4991 0
 4318 1225 5166 418 0
 4991 5159 5229 5735 0
 4318 5166 4370 418 0
 869 5159 5047 939 0
 1225 5086 5166 418 0
 5159 5217 1019 939 0
 5217 5159 1019 1069 0
 5159 5217 5229 1069 0
 4613 5528 4675 2983 0
 5677 4675 3065 4613 0
 4613 4675 3065 2983 0
 735 5160 5173 4819 0
 5411 4613 4675 5677 0
 4675 5411 5528 4613 0
 5160 4819 735 812 0
 5638 4635 3357 4617 0
 5638 4455 4635 4617 0
 3477 4617 3357 4635 0
 5161 567 609 569 0
 5161 569 5114 5081 0
 904 4159 1072 5201 0
 5114 569 5161 609 0
 4505 679 806 4681 0
 679 806 4681 657 0
 814 806 4505 679 0
 4834 4760 316 4912 0
 4505 5201 4159 904 0
 5617 4834 316 4912 0
 4597 4705 4804 5292 0
 4597 4705 5292 4331 0
 1883 4176 4628 1870 0
 742 4955 585 679 0
 5607 4705 4597 4331 0
 742 4505 4955 679 0
 3231 3192 4617 3145 0
 3242 3357 3282 4617 0
 4198 2459 4569 2461 0
 4222 5230 5627 5689 0
 3435 5593 3480 5102 0
 5725 5588 4723 4675 0
 4592 4683 2015 1995 0
 1909 1829 4683 1833 0
 1909 4683 1829 1866 0
 1982 2015 5557 4683 0
 5547 859 4593 945 0
 5547 4331 945 4593 0
 841 769 5150 793 0
 4260 4224 4686 3129 0
 4686 5232 3256 3129 0
 4686 4224 5232 3129 0
 500 769 4144 5150 0
 5150 908 793 4144 0
 1268 1322 5521 1278 0
 841 5150 867 793 0
 2993 2989 2952 4687 0
 3035 4687 2993 2968 0
 2351 2385 2436 4620 0
 2436 2466 2351 4827 0
 3472 3526 3555 5088 0
 2351 2384 4601 2447 0
 2351 2447 4601 2466 0
 5088 3598 3555 5726 0
 3526 5088 3472 4941 0
 4965 5328 5393 5196 0
 5393 5196 5328 4652 0
 2801 5497 4806 2856 0
 4965 5203 5393 5328 0
 1278 5521 1341 1322 0
 4806 5573 5497 2801 0
 4195 468 4300 5076 0
 4726 4195 4300 5076 0
 5304 5076 5691 468 0
 5691 5076 5304 4761 0
 4761 4726 5076 5136 0
 4908 5021 4746 4864 0
 5021 4746 4864 4885 0
 2578 4396 2627 5170 0
 2292 2323 4634 2248 0
 4168 5227 1644 1528 0
 4808 1593 1603 5227 0
 4396 2613 2627 5170 0
 1593 4611 1484 1528 0
 2627 4962 5170 5129 0
 5170 5129 5632 2613 0
 2613 5632 5170 5164 0
 5169 4777 4972 4719 0
 3230 5044 4723 5082 0
 459 4602 4133 4481 0
 4560 5077 3646 5563 0
 4445 5077 4560 5563 0
 4445 5077 4236 3512 0
 3382 5194 3450 4528 0
 596 652 5173 4819 0
 1522 4568 1402 1495 0
 4568 4611 1402 1495 0
 5557 2015 4592 4683 0
 5267 4937 5377 5354 0
 92 4671 67 80 0
 4661 67 4671 80 0
 4628 4176 4588 1870 0
 2822 2813 2694 4768 0
 2496 2613 5164 2596 0
 4488 2813 2694 2725 0
 4396 2496 2613 5164 0
 2447 2428 2384 4601 0
 4397 5251 4432 4476 0
 4369 5251 4432 4397 0
 2613 5632 5164 2596 0
 4946 5764 5672 5260 0
 1620 4638 4578 1649 0
 4746 4885 2817 4864 0
 4638 4503 4578 1551 0
 3462 4418 4435 1318 0
 2385 2436 4620 2547 0
 5021 4885 4864 2718 0
 4885 2718 2817 4864 0
 4657 5198 4620 4715 0
 5175 4864 2786 5048 0
 5499 5048 4864 5175 0
 5080 4895 5708 5294 0
 4855 4484 4913 4691 0
 995 4640 1001 4158 0
 995 863 1001 4640 0
 4886 4895 5080 5294 0
 4140 4691 4913 4936 0
 4518 5082 4585 3686 0
 4891 4518 5044 5082 0
 3686 5082 5578 5677 0
 5578 5719 3065 5677 0
 4505 4693 858 742 0
 955 1008 858 4505 0
 5499 4864 4908 5175 0
 1633 1728 1622 4643 0
 387 5656 5727 5213 0
 5213 4925 5656 5259 0
 5727 5656 5259 5213 0
 2931 5586 2785 2882 0
 1369 5347 1440 1404 0
 4726 4195 4945 5085 0
 5349 4300 4319 5085 0
 4726 4195 5085 4300 0
 2785 2931 2868 5586 0
 5349 5085 4319 4457 0
 4945 4901 5311 5085 0
 2025 1971 5169 2336 0
 5169 1971 2025 4719 0
 1312 5347 1380 1320 0
 3357 4635 5638 3406 0
 3477 5268 4635 3518 0
 5069 5122 5091 5474 0
 1286 1326 1289 4872 0
 5594 2688 2726 5287 0
 2512 2545 2591 4570 0
 2457 4570 2512 4722 0
 4722 4570 2512 2591 0
 2688 2726 5287 2781 0
 2794 5287 2726 2781 0
 3677 4822 4680 5571 0
 5571 4234 3677 3597 0
 3677 4680 4234 5571 0
 3677 4822 5571 3687 0
 3687 5571 3677 3597 0
 3677 3791 4680 4822 0
 1649 1724 1620 4638 0
 196 4698 238 283 0
 2796 2759 2748 4971 0
 4971 2796 2759 4806 0
 4806 2819 2796 2759 0
 4581 491 497 576 0
 4581 576 647 566 0
 5515 4405 4466 4919 0
 4816 4581 566 491 0
 1225 418 4238 5086 0
 1225 5086 4391 5166 0
 3594 4630 3450 3506 0
 4405 418 5166 5086 0
 5363 5662 4248 4906 0
 3615 3506 4630 3594 0
 3594 4630 4898 4844 0
 5757 5363 4248 4906 0
 5363 5757 4248 5648 0
 4630 3594 4898 3615 0
 3450 3594 4844 4630 0
 3382 4528 3450 3469 0
 4630 3310 3404 4345 0
 1552 5744 1571 1514 0
 5759 1124 1166 1058 0
 5759 1126 1058 1166 0
 4563 1126 1058 5759 0
 5241 5195 5419 4906 0
 5419 5137 5662 5195 0
 5662 5195 4906 5419 0
 5419 5195 5241 5137 0
 2309 4700 2351 2312 0
 2385 4620 2351 4700 0
 2312 2242 4700 4601 0
 1552 1514 5669 5744 0
 2129 2309 4636 2247 0
 2338 2309 4636 4700 0
 2064 4674 2018 4805 0
 4636 2072 2129 2147 0
 5163 4543 5444 4716 0
 4798 303 365 359 0
 1722 1731 4702 1667 0
 1876 1833 5546 1796 0
 1792 1731 4702 1722 0
 1816 1724 4638 1821 0
 1816 4638 4588 1821 0
 1816 1768 4588 4638 0
 4656 3864 5527 3918 0
 4656 3864 3871 3809 0
 2907 2929 5468 4746 0
 4728 5468 4746 4706 0
 4746 5468 4728 5019 0
 4773 4562 2504 5581 0
 2504 2608 2442 4773 0
 4562 4773 4282 5581 0
 4773 2413 2519 2442 0
 5468 5109 4746 4706 0
 4861 4590 5581 4773 0
 517 454 500 4144 0
 517 636 4144 589 0
 540 636 4144 517 0
 4746 5468 2907 5109 0
 4746 5019 2929 5468 0
 904 4639 5201 1072 0
 540 4144 454 517 0
 589 517 500 4144 0
 2017 4703 2064 2108 0
 2072 4703 2108 4636 0
 2064 4636 4703 4805 0
 2108 4703 2064 4636 0
 2147 4636 2247 2129 0
 2017 2108 2072 4703 0
 1490 5739 1592 1480 0
 1532 1592 5739 1480 0
 3879 4656 3871 3825 0
 1589 1545 4578 4754 0
 5180 5759 4714 1276 0
 4754 1545 4578 1483 0
 5603 5180 1307 4157 0
 5759 4714 5672 5180 0
 2108 2201 4636 2144 0
 1295 4714 5180 1307 0
 4913 4484 4833 4325 0
 4139 4325 4336 4913 0
 4569 4865 4493 4814 0
 5180 1276 4714 1295 0
 1536 5092 1482 4462 0
 108 4818 185 163 0
 147 163 4679 108 0
 4592 5557 4683 4404 0
 1833 1909 1982 4683 0
 1920 1982 4683 1833 0
 4934 1557 1601 5008 0
 3980 3962 5605 3998 0
 1557 1601 5008 5754 0
 5605 3962 5165 3998 0
 3602 3516 4635 3569 0
 5138 397 4920 450 0
 4382 5030 5189 5138 0
 4382 5138 5189 450 0
 4222 5095 4711 1984 0
 5230 5095 1984 4326 0
 5287 5095 4294 4711 0
 192 4996 147 181 0
 4996 5676 163 181 0
 4386 5405 5096 5006 0
 4386 4830 5385 5096 0
 4236 5096 4900 5288 0
 4236 4979 4650 5096 0
 4236 4979 5096 4830 0
 4236 5096 4650 4900 0
 5005 1238 5084 4573 0
 4859 1209 1168 1146 0
 3438 3530 3508 5773 0
 3530 5773 5722 5154 0
 3530 3508 5773 4783 0
 3530 4783 5773 5154 0
 2699 2738 2832 4779 0
 5722 3530 3438 5773 0
 2814 5368 5597 2764 0
 105 4875 5097 4489 0
 2764 5597 2705 5368 0
 105 4307 5097 4875 0
 5749 423 446 412 0
 596 4819 670 5181 0
 4819 5181 596 5626 0
 596 670 5030 5181 0
 596 5181 4382 5626 0
 2652 2595 2629 4657 0
 2652 2717 4657 2629 0
 2629 2715 2717 4657 0
 2629 4657 2595 2547 0
 596 5181 5030 4382 0
 2547 2521 2436 4620 0
 4601 4700 2351 4827 0
 4382 5181 5030 5138 0
 4620 4827 2436 2351 0
 4261 4311 4345 4630 0
 4289 4311 4345 4261 0
 4382 5181 5138 5626 0
 5748 866 874 815 0
 866 958 4804 874 0
 2460 2397 4570 2512 0
 2512 2397 4570 2457 0
 2460 2397 2367 4637 0
 4321 4574 4438 4535 0
 4438 4321 5544 4574 0
 4321 5544 5295 4438 0
 866 5748 4804 4132 0
 5748 866 815 4132 0
 5748 4804 874 866 0
 5588 3390 5271 3457 0
 5271 5588 3457 5162 0
 5467 5271 3457 5162 0
 5588 5657 5162 5271 0
 5467 5657 5271 5162 0
 4607 1710 1654 4160 0
 3238 3155 4623 4785 0
 3490 4575 5635 3625 0
 3557 3490 5635 3625 0
 409 5183 4816 5525 0
 409 491 4816 465 0
 1450 1489 5347 1404 0
 1450 5543 5347 1489 0
 1489 5543 5347 1504 0
 4260 4271 4610 4625 0
 4260 4610 4224 2984 0
 1448 5744 1532 4453 0
 1448 5744 1480 1532 0
 1549 4453 4824 5744 0
 4091 5733 4072 4652 0
 4080 4652 4072 4056 0
 5285 106 160 65 0
 4633 5285 98 65 0
 4633 5348 4854 4414 0
 5347 1481 1504 5543 0
 5208 5240 5391 4575 0
 5101 5208 5240 5391 0
 1712 4749 1709 4168 0
 4587 4168 4749 1712 0
 4672 5628 4769 5377 0
 5196 5247 5393 4965 0
 5353 5623 5196 4965 0
 3920 4965 5130 3898 0
 4683 1792 4702 1833 0
 1920 4683 5473 1833 0
 4699 2219 2193 2305 0
 4320 4519 4267 5105 0
 4940 5105 4886 4975 0
 4267 5105 4519 4886 0
 511 449 4920 4947 0
 1307 1252 1269 4714 0
 1238 4573 1252 1291 0
 4947 4920 4880 5590 0
 1238 1317 4573 1291 0
 4947 4920 5590 449 0
 2438 4657 2533 2547 0
 2438 2373 4715 4620 0
 4657 4715 4620 2438 0
 5106 4223 5634 4609 0
 5585 4235 5405 5195 0
 5288 5405 5585 4235 0
 460 421 486 5590 0
 4977 2704 2644 2691 0
 5506 421 5590 486 0
 5620 3785 3867 3790 0
 1727 4858 1758 1813 0
 1782 4858 1813 1850 0
 4798 326 4559 360 0
 4559 360 359 432 0
 355 495 4931 338 0
 4751 5474 5600 5383 0
 2377 2432 2383 2337 0
 2432 2377 2383 5741 0
 3693 5620 3790 3785 0
 3477 4635 5268 4617 0
 4725 5327 5110 4788 0
 5244 5110 4725 5327 0
 49 84 4756 4661 0
 4420 5055 5110 4227 0
 4227 4873 5110 4788 0
 4227 5055 5110 4873 0
 3002 2973 2932 5003 0
 4686 3256 5232 3345 0
 5003 2973 5646 4847 0
 4847 2973 3002 5003 0
 5336 4388 4834 4561 0
 5336 4561 4834 4760 0
 5304 5691 2834 5665 0
 2755 2838 2749 4761 0
 2749 2834 4761 2838 0
 2778 2838 2755 4761 0
 5691 4214 2913 5665 0
 2777 4761 4660 5331 0
 5331 4660 4523 4761 0
 4878 3333 3398 3270 0
 4878 3270 4969 3333 0
 2728 5555 4868 5048 0
 4720 1294 1325 1372 0
 4720 1325 1294 1243 0
 4720 1243 4611 1325 0
 4720 4611 1434 1372 0
 5207 826 765 932 0
 5207 932 5511 826 0
 1072 4159 4645 5201 0
 4645 5201 4639 1072 0
 4921 4413 4149 4481 0
 4413 4921 4149 5216 0
 4571 4058 5419 4902 0
 5207 765 5547 945 0
 5497 5257 5732 5674 0
 5189 5138 5030 4920 0
 5529 5674 5299 5257 0
 4894 5280 5113 4495 0
 59 69 4661 76 0
 59 52 67 4661 0
 5113 5233 4086 4894 0
 5280 4538 4894 4086 0
 4495 5280 5113 4985 0
 1320 5347 1308 5152 0
 5113 4178 4651 5233 0
 1320 1223 5347 5152 0
 1312 1223 5347 1320 0
 434 561 4815 451 0
 5062 4989 4815 561 0
 4965 3967 3928 3881 0
 4239 4603 5631 5396 0
 4423 4603 4990 4239 0
 4423 4491 4603 4239 0
 4950 263 4591 307 0
 5028 5631 5567 3852 0
 5631 4603 5567 3852 0
 4239 5396 4491 4603 0
 3153 3192 4725 3242 0
 4450 4408 4389 4265 0
 3153 3008 4725 3093 0
 4265 4408 4389 5246 0
 5246 4973 4408 4389 0
 1256 5403 4296 1283 0
 2463 2567 2544 4726 0
 2463 2378 4634 2471 0
 4889 4726 4601 5236 0
 2463 2471 4726 2544 0
 4991 5051 5537 4915 0
 2463 4634 2378 4601 0
 5527 5523 4656 5661 0
 3810 4656 3864 5527 0
 4172 5754 1601 1675 0
 4172 1595 1663 1601 0
 4172 1601 1663 1675 0
 1595 4934 1601 4172 0
 4934 5008 1601 4172 0
 2324 2380 2279 4727 0
 5008 1601 4172 5754 0
 4589 4541 4715 4727 0
 2273 4620 4727 2373 0
 4698 138 121 173 0
 283 196 4698 239 0
 283 312 4698 238 0
 1833 4683 1792 1829 0
 1792 1829 4683 1790 0
 1446 5543 5347 1450 0
 2447 4889 2513 2428 0
 2513 2428 4889 2463 0
 5475 4986 4213 5507 0
 4213 4986 5475 5332 0
 5507 4213 5475 2876 0
 2915 4213 2876 5475 0
 2915 5332 4213 5475 0
 4491 5515 418 4405 0
 3166 3219 5719 3230 0
 5719 4723 3230 3219 0
 418 4405 5515 5086 0
 418 5515 4238 5086 0
 4198 2597 4488 2694 0
 4222 1984 5627 5230 0
 4222 1984 5106 5627 0
 5230 1984 5627 5576 0
 5627 1984 5106 5761 0
 5627 1984 5761 5576 0
 1119 4153 4616 1092 0
 2923 4731 2928 2806 0
 2806 2821 2923 4731 0
 1119 4616 4153 1140 0
 2806 4731 4590 2821 0
 4334 4590 4731 2821 0
 3406 3458 3516 4635 0
 4518 3686 4585 5117 0
 3660 3642 4243 5307 0
 2726 5594 5586 4464 0
 5287 2726 5594 5586 0
 2726 5287 2794 5586 0
 859 4593 987 951 0
 5504 951 4593 795 0
 4504 1152 4593 951 0
 5269 4616 5043 4153 0
 1092 4153 4616 5269 0
 2726 2785 2756 4464 0
 2785 5586 2726 2794 0
 4595 4845 4438 4519 0
 5555 4864 2728 2718 0
 4595 4845 4267 4923 0
 4595 4432 4438 4845 0
 2884 5481 2787 2707 0
 5048 5555 4864 2728 0
 2942 5012 5481 4232 0
 5555 2728 2640 2718 0
 4282 4562 5581 5647 0
 4773 2442 2504 4562 0
 708 627 5538 5750 0
 5113 4651 4086 5233 0
 5649 4177 4651 4682 0
 772 792 5538 852 0
 4143 590 5538 684 0
 5055 2503 5094 4596 0
 2017 1985 2064 4703 0
 2018 1985 4674 2064 0
 5055 2503 4596 4226 0
 5055 5094 4873 4596 0
 4239 3843 5631 3773 0
 1391 4462 1389 4296 0
 3639 4239 3843 3777 0
 3843 4239 5396 3851 0
 3843 4239 3639 3773 0
 3843 5396 4239 5631 0
 3122 3197 5559 5395 0
 3056 5559 5395 3122 0
 5120 4659 5020 4619 0
 4602 4782 4149 5120 0
 5120 4782 4149 4440 0
 916 763 820 4640 0
 5120 4149 5020 4914 0
 3153 3204 3242 4725 0
 5074 5192 2745 5059 0
 3242 3204 3304 5638 0
 5074 2671 5192 5059 0
 2663 2671 5551 5192 0
 4346 4132 5010 5346 0
 2547 2521 4620 4657 0
 2547 2521 4657 2595 0
 5386 4194 5618 2668 0
 4962 5551 5192 2663 0
 399 343 458 4482 0
 5618 4194 5651 2668 0
 399 4482 4698 312 0
 4482 312 279 4698 0
 4806 2819 5257 2796 0
 863 4640 763 916 0
 1001 916 4640 863 0
 3220 5139 4231 5692 0
 3403 3429 3302 5238 0
 1758 1708 4621 1700 0
 3403 3454 3427 5238 0
 3204 3080 4788 4725 0
 4916 5015 2745 2774 0
 2774 5575 4916 5015 0
 5200 675 5249 4880 0
 5200 766 675 4880 0
 3458 3320 3535 4577 0
 3580 3535 4577 3458 0
 619 4913 512 531 0
 469 349 4913 512 0
 469 512 4913 531 0
 4892 3628 3550 3558 0
 1375 1326 5204 1336 0
 4611 4938 5121 4309 0
 1375 1336 5069 1394 0
 4867 1326 5204 1375 0
 1375 5204 4867 5091 0
 4720 4154 5121 4611 0
 5418 1474 5347 5543 0
 1394 5069 1375 5091 0
 1474 1454 5418 4157 0
 5543 1505 5418 1474 0
 1474 1454 1505 5418 0
 5347 5418 4157 1474 0
 2237 4605 4839 2087 0
 2240 4605 2215 2407 0
 2376 2407 4605 2240 0
 2652 2717 2723 4657 0
 2723 2717 2784 4657 0
 5153 5379 2621 4464 0
 2621 2662 4464 2697 0
 2647 4464 2697 2621 0
 5207 4331 5292 972 0
 931 5599 5292 5511 0
 2662 2621 4464 5509 0
 2647 4464 2621 5379 0
 1888 1942 4719 1827 0
 678 524 4559 439 0
 4559 678 439 4644 0
 5134 5165 5365 5572 0
 2785 2756 4849 2790 0
 2785 5586 4849 4464 0
 5263 5681 5365 5165 0
 5489 253 191 4798 0
 4931 253 5489 4798 0
 4798 4801 4134 5489 0
 5123 5161 5114 5081 0
 4673 1194 1209 1146 0
 5038 5123 5579 5402 0
 2309 4700 2312 2158 0
 2726 5586 2785 4464 0
 2129 2188 2120 4636 0
 2158 2242 4700 2312 0
 2129 2309 2188 4636 0
 4620 2351 4700 4827 0
 5091 4867 4754 5474 0
 4754 4753 1326 1322 0
 1286 1304 1326 4872 0
 2813 2761 4976 2870 0
 4297 4976 2761 2871 0
 4853 4976 5058 4768 0
 4602 5050 861 902 0
 737 4880 670 5210 0
 5050 4148 4921 1068 0
 737 4993 4880 5210 0
 4819 737 670 5210 0
 1040 4358 3512 4242 0
 2428 4601 4889 2463 0
 737 5210 4819 4993 0
 2463 4726 4601 4889 0
 4778 5211 4724 4966 0
 4778 4811 5211 3449 0
 2563 4358 4709 3512 0
 5211 5237 4811 3527 0
 5054 3527 5237 5211 0
 4358 4242 4709 3512 0
 5211 4988 3449 5054 0
 4724 5211 1735 4966 0
 1735 4988 3449 5211 0
 3406 3304 3289 5638 0
 3406 5638 3289 3458 0
 4409 5129 2613 2703 0
 5170 5129 2613 2627 0
 2349 4634 2398 2323 0
 2378 4634 2398 2349 0
 4396 2613 5170 5164 0
 2323 2369 4634 2398 0
 5736 5342 1382 1416 0
 4661 49 52 45 0
 3435 5102 3482 5593 0
 62 67 92 4671 0
 2714 5597 2764 2807 0
 3822 3670 3807 5126 0
 5097 5126 5527 5162 0
 4731 5209 4455 2994 0
 4687 5128 5583 4398 0
 5209 4455 5128 4730 0
 4687 5128 3035 5583 0
 5322 4573 5361 4714 0
 1346 1415 4576 1311 0
 4637 4668 5131 2367 0
 5229 4825 5735 1069 0
 2208 5131 2367 2397 0
 5131 4637 2397 4570 0
 5159 5229 5735 1069 0
 5069 5600 1328 4608 0
 2786 5175 2849 4864 0
 2786 4864 2849 2817 0
 1219 1097 1338 4666 0
 983 4456 957 1082 0
 2884 5012 2879 2787 0
 4232 2879 2942 5012 0
 5032 1575 1557 1613 0
 1557 1575 5032 5711 0
 5032 1613 1634 1575 0
 1589 1513 4754 5508 0
 3186 3123 4978 3185 0
 5220 5155 4828 4935 0
 5220 3345 4828 3504 0
 5220 5155 4935 4811 0
 5132 233 105 4326 0
 5132 105 5186 4326 0
 5132 105 4870 5186 0
 4870 5132 4367 4929 0
 105 5132 4929 233 0
 202 145 130 4756 0
 4756 60 132 84 0
 4756 4661 84 132 0
 2848 5175 2786 5048 0
 2848 5175 2849 2786 0
 5545 5532 5277 5118 0
 1004 4659 5426 4619 0
 2229 4189 5447 5133 0
 1004 5426 1015 821 0
 1083 1076 4659 4153 0
 3889 3952 5302 4044 0
 3952 4056 4652 4044 0
 3956 3957 5134 3948 0
 117 4757 96 115 0
 3956 3948 5134 3923 0
 5145 5676 5401 4996 0
 4264 3957 5134 3956 0
 5145 241 5676 4996 0
 4998 5376 5135 468 0
 5135 4511 4406 2497 0
 5135 2497 4406 4547 0
 4457 4511 5135 5618 0
 2935 2829 2861 4626 0
 618 361 4893 414 0
 456 361 4893 618 0
 4496 618 456 4893 0
 2814 2861 2829 4626 0
 286 243 271 5676 0
 3236 3294 4675 3167 0
 286 243 5676 241 0
 5181 4819 670 5210 0
 2650 2689 4761 2778 0
 1720 4948 1795 1790 0
 5181 670 5030 5210 0
 5030 670 4880 5210 0
 1899 4762 1867 2074 0
 4313 1770 4762 5420 0
 1899 4313 4762 5352 0
 5420 4762 4313 4539 0
 3490 5354 4575 3393 0
 4743 4830 4445 5007 0
 3490 4575 3484 3393 0
 5208 5354 5191 3393 0
 4743 3512 4219 4445 0
 5351 29 4735 37 0
 4503 5218 3254 1059 0
 930 5625 942 943 0
 5625 943 933 942 0
 2806 4958 2735 2678 0
 4958 2660 2735 2678 0
 2660 2678 4958 2608 0
 2608 4958 4590 2678 0
 5625 5552 5530 933 0
 943 5552 5625 933 0
 1522 1495 1570 4662 0
 4173 1641 4662 1587 0
 1522 4662 4568 1495 0
 4568 4662 4611 1495 0
 5625 5530 942 933 0
 1302 1221 5759 1217 0
 5759 1125 1221 5736 0
 5759 1217 4714 1276 0
 5364 4730 5128 4617 0
 2637 2567 4726 2650 0
 4455 5128 4617 2994 0
 4455 4617 5128 4730 0
 4821 2583 2528 2506 0
 4821 2528 2583 4774 0
 4408 4774 2583 4294 0
 5583 5128 4617 5364 0
 3238 4785 4623 3316 0
 683 699 5426 4615 0
 5583 5128 2994 4617 0
 5220 4811 4935 4778 0
 65 106 76 5285 0
 65 5285 76 4128 0
 5285 4128 4661 76 0
 4996 241 192 256 0
 192 4996 162 147 0
 2656 2756 5509 2662 0
 2662 2756 5509 4464 0
 3236 3294 5271 4675 0
 3157 3236 3296 5271 0
 4192 2019 4930 4404 0
 5047 4915 839 758 0
 5051 4915 5047 758 0
 802 758 839 4915 0
 1300 4310 5457 5335 0
 1622 1496 1449 4643 0
 4475 1388 5615 5141 0
 4475 4316 5373 5582 0
 4643 1449 1509 4383 0
 1570 4662 1484 1593 0
 3882 4650 3866 3946 0
 5711 4789 4301 4934 0
 5196 5733 5747 4571 0
 2822 4768 2694 2684 0
 2822 2753 4768 2684 0
 4816 4347 5142 5525 0
 5264 4347 5142 4465 0
 4581 4533 4883 5142 0
 4581 5142 5525 4816 0
 4533 4465 5264 5142 0
 4250 757 4559 651 0
 4250 4146 926 4456 0
 4250 757 651 799 0
 5609 3216 3151 5690 0
 5484 5609 3151 5690 0
 5143 1735 4217 3246 0
 848 4817 720 821 0
 848 4817 821 1015 0
 4218 4364 4729 4261 0
 4773 2569 2608 2442 0
 2519 2569 4773 2442 0
 4590 4773 2608 2588 0
 115 96 108 4757 0
 122 4679 108 147 0
 4774 2528 2485 2376 0
 5345 4856 3706 3527 0
 205 143 5052 183 0
 290 4591 5052 200 0
 4856 5083 3706 3527 0
 76 4661 106 69 0
 3706 3527 5054 5345 0
 5637 3767 5658 4246 0
 5212 5144 4570 4288 0
 339 5144 4210 4288 0
 5637 5658 5534 4246 0
 5501 5212 5144 4570 0
 5501 5144 5093 5305 0
 4246 5605 5534 5637 0
 1446 5347 1380 1450 0
 5412 2893 2768 4631 0
 2893 2892 2791 4631 0
 2893 4631 2791 2768 0
 5638 4373 5327 5146 0
 2447 4889 2428 4601 0
 5638 4788 5146 5327 0
 4601 2447 4889 2466 0
 2466 2447 4889 2513 0
 5146 4788 4577 4227 0
 4227 4129 5146 4373 0
 4825 869 5229 953 0
 4253 4421 4729 4207 0
 4207 4218 4550 4741 0
 4991 869 953 5229 0
 4729 4741 4207 4421 0
 4421 4207 4550 4741 0
 4991 5159 869 5229 0
 869 4825 5229 5217 0
 2778 2777 4761 2637 0
 2650 4761 2637 2778 0
 2637 4761 4660 2777 0
 5159 869 5229 5217 0
 5636 5641 4303 941 0
 5636 5641 5699 4303 0
 1727 4621 1705 1758 0
 1705 1758 4621 1700 0
 1727 4621 1758 4858 0
 748 4456 662 678 0
 789 4456 662 748 0
 951 4593 4504 5504 0
 5752 4251 4145 5177 0
 3318 3252 3249 3291 0
 4895 5513 5465 5147 0
 3249 3291 3252 3185 0
 4746 2849 5175 4864 0
 2832 2846 4779 2738 0
 5555 5021 4864 2718 0
 5499 5555 4908 4864 0
 1468 1477 1425 4462 0
 522 4144 5613 5530 0
 4144 5673 522 5613 0
 5613 5530 4144 886 0
 3976 3931 3964 4466 0
 5396 3931 4466 3947 0
 3687 3785 4822 3693 0
 4673 1146 1120 1194 0
 5735 5537 1027 953 0
 4225 4399 4419 1040 0
 4991 4915 5537 845 0
 5477 3428 3396 3472 0
 4991 5537 5735 953 0
 5537 4991 845 953 0
 4743 4226 4904 4225 0
 5429 3472 5477 3396 0
 5429 3472 5652 5477 0
 934 5537 845 953 0
 1692 4780 1734 1777 0
 4743 1040 4399 4225 0
 934 5537 953 1027 0
 5315 95 86 53 0
 53 86 5315 82 0
 5321 5732 4371 3160 0
 239 4698 173 196 0
 3520 3364 3513 3444 0
 3364 5671 3513 3444 0
 4560 3685 3646 5077 0
 5077 3685 3737 5629 0
 4772 4789 4934 5178 0
 200 5052 143 103 0
 131 114 5052 165 0
 5163 4562 2246 2225 0
 5149 4473 4589 2420 0
 4715 2420 5149 4589 0
 4715 5149 5463 5198 0
 4443 4473 5149 4197 0
 4673 1120 1146 1064 0
 5198 5149 5463 4443 0
 5342 1382 1476 1462 0
 1462 5724 5342 1378 0
 3458 3320 4577 4788 0
 3458 4788 3289 3320 0
 5736 1240 1382 5342 0
 4580 4305 4298 4537 0
 5342 1319 5736 1240 0
 5724 1510 1476 5342 0
 4580 4305 4537 4568 0
 4603 3973 3852 3921 0
 4603 3973 3921 3947 0
 4603 3973 3947 4466 0
 1835 1800 4628 1737 0
 1835 1737 4628 4607 0
 1737 4607 4899 4628 0
 1737 1800 4628 4899 0
 3442 3410 3376 4295 0
 4560 3531 3618 3410 0
 3442 3618 3410 4295 0
 4779 2738 5075 2699 0
 4590 4958 4545 4731 0
 4590 2806 2678 4958 0
 4731 5276 5053 4545 0
 2735 2825 4731 2812 0
 5211 3449 4811 5237 0
 5054 5237 3449 5211 0
 5010 5748 5346 4132 0
 4652 4066 4437 5278 0
 4902 4437 4066 5278 0
 3002 2938 5003 2932 0
 5669 1549 5744 1475 0
 1549 1552 5669 5744 0
 1913 1911 2027 4786 0
 1811 1913 4786 1911 0
 1822 1889 4786 1913 0
 1825 4786 1911 1811 0
 511 5392 592 4947 0
 1962 1902 4786 4193 0
 1962 4193 4786 2008 0
 1762 1811 1822 4786 0
 1762 1781 4786 1822 0
 3687 5571 3597 3596 0
 5241 4277 5410 5378 0
 5241 4525 5405 5378 0
 5151 5424 5378 4270 0
 5424 4270 5151 3706 0
 198 4561 4665 4713 0
 128 4665 198 4561 0
 4774 2548 2585 2599 0
 2485 4774 2552 2548 0
 4294 2599 4774 2585 0
 1174 1293 5736 5206 0
 4842 4522 4454 4787 0
 2243 4787 2242 4601 0
 1319 5342 5736 1293 0
 1387 4911 1420 1331 0
 1387 1467 1420 4911 0
 2407 2275 5079 2215 0
 2215 5079 4188 4368 0
 3320 4788 3202 3319 0
 4788 4506 5496 3319 0
 4788 4506 3320 4577 0
 4600 3193 3262 3158 0
 5159 869 5217 939 0
 947 875 5295 1003 0
 5295 1003 977 4252 0
 4693 4639 935 784 0
 742 4693 858 616 0
 4719 4777 1827 1942 0
 935 616 858 4693 0
 4777 1885 1827 1942 0
 935 904 4639 4693 0
 4639 904 5201 4693 0
 1942 2025 4719 4777 0
 1002 958 874 4963 0
 2790 4768 5509 4734 0
 3995 4623 5101 4460 0
 3995 5101 4623 5692 0
 3446 3467 3530 5722 0
 4460 4212 3995 4435 0
 874 958 4804 4963 0
 958 4843 4804 4963 0
 1020 4843 4673 4804 0
 4963 4804 874 5748 0
 3204 5638 3242 4725 0
 3153 4725 3080 3204 0
 2018 4674 1992 4805 0
 5392 5030 5189 596 0
 4138 4893 294 4343 0
 2292 4634 2323 2369 0
 115 4757 194 117 0
 175 194 4757 117 0
 175 4757 4802 164 0
 1457 5091 1436 1513 0
 209 132 186 4582 0
 209 186 234 4582 0
 1436 5091 4754 1513 0
 4665 124 5351 118 0
 4888 85 54 75 0
 1720 1781 4948 1721 0
 1721 1781 4948 1762 0
 3512 5265 4709 3836 0
 4236 3836 5265 3512 0
 5104 503 449 4840 0
 511 4947 5104 449 0
 5104 4840 449 4947 0
 3303 4723 3230 3286 0
 198 226 314 4665 0
 198 226 4665 172 0
 4723 3379 3286 3303 0
 3204 5638 4725 4788 0
 3204 3289 3304 5638 0
 3598 3526 3581 4752 0
 2781 5287 2716 4711 0
 326 359 4559 360 0
 3598 5088 3526 4752 0
 5088 3526 3555 3598 0
 4798 359 4559 326 0
 1336 1394 1328 5069 0
 5204 1336 5069 1375 0
 1408 5600 1328 5069 0
 4357 4501 5157 4642 0
 4357 4377 5157 4501 0
 2443 2334 4994 2424 0
 2424 4994 2412 2325 0
 4357 5043 5157 846 0
 4646 2334 4994 2443 0
 4397 5043 5157 4357 0
 4397 4357 5157 4642 0
 5333 219 4999 187 0
 4456 4644 662 678 0
 4686 3345 4672 5770 0
 998 883 4639 988 0
 998 988 4645 1139 0
 4348 4532 4798 4133 0
 4798 4348 4133 5040 0
 301 273 4798 4133 0
 4798 4532 4644 4133 0
 4958 4773 2569 2608 0
 4798 4133 4644 301 0
 4798 5040 4133 273 0
 2625 4958 2519 2569 0
 2608 4773 4590 4958 0
 129 4802 169 170 0
 3455 4649 4606 4892 0
 4606 4649 4618 4892 0
 117 4757 164 129 0
 3340 3401 3497 4649 0
 263 4950 4591 221 0
 4623 5098 5089 3238 0
 3215 3238 5089 3287 0
 5098 3287 3238 3361 0
 5185 336 318 255 0
 5605 3980 3986 3943 0
 3980 5263 3943 5605 0
 5089 5098 3287 3238 0
 1322 1304 1268 4753 0
 4246 5263 5605 3943 0
 3943 3986 5605 4246 0
 1268 1304 1267 4753 0
 39 4888 4612 53 0
 4561 4665 4388 5351 0
 54 78 4888 39 0
 4888 78 53 39 0
 4791 1723 1671 1636 0
 1380 1320 5347 1446 0
 3457 5162 3460 5467 0
 3460 5162 3457 3583 0
 4714 1252 4573 5361 0
 3583 3593 5162 3457 0
 1723 1725 1636 1664 0
 1723 1636 4824 1664 0
 4824 1723 4791 1636 0
 2273 4727 2201 2279 0
 2201 4727 4805 2218 0
 1636 1733 1723 1671 0
 2144 4636 2064 4805 0
 4648 4562 5163 4282 0
 4622 2083 2008 4193 0
 1825 1911 4858 1850 0
 1723 1636 1725 1733 0
 1911 4786 4858 2027 0
 4499 5163 4282 4648 0
 742 4693 571 4955 0
 742 571 4693 616 0
 3386 4784 3314 3414 0
 679 4681 4505 4955 0
 742 4505 4693 4955 0
 2354 4865 2285 2403 0
 2285 4865 2300 2379 0
 2285 4865 2379 2403 0
 3386 4766 4784 4740 0
 3386 4766 3314 4784 0
 4683 1921 4592 4786 0
 1726 4702 1790 1731 0
 1792 4683 4702 1790 0
 1726 1790 4948 1720 0
 1937 4454 4787 4842 0
 2140 2243 2235 4842 0
 3920 4003 5353 4965 0
 1484 1495 4611 4662 0
 4022 5353 3920 4003 0
 4650 3920 3946 5353 0
 3920 3946 5353 4022 0
 2293 4287 4702 5026 0
 434 4912 316 337 0
 3957 3961 3963 5165 0
 3998 3961 5165 3963 0
 4264 3963 5165 3957 0
 4158 4611 1364 1402 0
 4580 1402 4611 4158 0
 4580 4568 4611 1402 0
 5392 670 5249 4880 0
 418 4370 233 5166 0
 418 233 4405 5166 0
 5200 5249 670 4880 0
 1700 1708 4808 1677 0
 1677 4808 1642 1603 0
 1603 1593 1528 5227 0
 1700 4621 1670 4808 0
 4391 1225 5166 4710 0
 1225 4318 5166 4710 0
 4392 5167 4430 4555 0
 5167 4430 5413 4216 0
 1790 1731 4702 1792 0
 5495 3110 5167 4297 0
 1726 4702 4948 1790 0
 1790 4683 4702 4948 0
 3233 5167 4216 3023 0
 5413 4216 3233 5167 0
 1589 4899 1695 1737 0
 1589 4899 4578 1695 0
 1589 1695 4578 1620 0
 2510 2539 5618 2581 0
 2510 5386 5618 2539 0
 998 4639 4645 988 0
 883 4639 988 5350 0
 4961 5686 5071 5312 0
 5701 5168 105 4489 0
 4870 5168 105 5701 0
 5688 5071 4961 5686 0
 4991 4915 5047 5051 0
 435 515 429 5751 0
 435 515 453 429 0
 4663 4366 4691 4379 0
 5135 4547 5376 2497 0
 5376 4214 5337 5691 0
 5376 5691 468 4998 0
 1199 5521 1278 1220 0
 1199 1278 5521 1288 0
 1288 1199 4666 5521 0
 2919 2952 2861 4626 0
 2133 2284 4814 2191 0
 1448 5744 4453 1475 0
 1549 4453 5744 1475 0
 5622 4247 5171 5702 0
 5502 5682 5702 5171 0
 4581 722 4816 647 0
 5622 5171 5365 4891 0
 4581 4816 566 647 0
 5171 4247 5622 5365 0
 4409 5015 2703 2774 0
 5192 5400 2745 5059 0
 4727 2373 2469 2380 0
 2422 4727 2469 2380 0
 2469 4715 2438 2373 0
 2438 4620 4657 2547 0
 2373 4727 4715 4620 0
 2279 2380 2373 4727 0
 5400 2745 5059 4916 0
 451 481 5727 383 0
 340 4815 383 4912 0
 340 4815 5727 383 0
 4162 4780 5522 1788 0
 4162 1788 1734 4780 0
 851 848 4817 720 0
 821 4817 720 4615 0
 4615 4496 4817 640 0
 851 720 4817 750 0
 5522 4780 4162 4985 0
 5727 383 440 340 0
 481 440 5727 383 0
 1692 1734 4780 4162 0
 451 383 5727 4815 0
 5426 1004 4619 902 0
 2148 2133 5352 2002 0
 2002 1899 2074 5352 0
 5352 2074 2133 4814 0
 2759 4977 2704 4971 0
 2333 4736 5253 4795 0
 2333 5253 2305 4795 0
 1873 1929 4653 2091 0
 4653 4974 4707 1928 0
 4653 4707 2010 1928 0
 1873 4293 4306 4653 0
 624 5123 594 567 0
 1013 5292 4331 972 0
 5207 972 5292 5511 0
 4673 1120 1064 1020 0
 4571 5714 4906 5662 0
 5599 4925 5292 5511 0
 4571 4906 5419 5662 0
 4320 5105 4267 4841 0
 5661 3918 3950 4656 0
 108 4757 96 94 0
 108 4818 94 111 0
 4757 94 108 4818 0
 108 185 4818 111 0
 4757 4679 4818 108 0
 5019 5175 2849 2894 0
 5019 2894 2849 2929 0
 5742 5623 4117 5353 0
 59 4128 4661 67 0
 76 4128 4661 59 0
 693 5781 739 786 0
 2881 5175 5019 2894 0
 693 786 5644 5781 0
 4712 710 847 984 0
 588 4712 710 558 0
 5446 4282 4930 5174 0
 5342 5418 5422 1510 0
 4517 339 2455 5174 0
 2455 4517 5174 1048 0
 983 4456 779 706 0
 4499 4205 5174 4282 0
 4821 2506 2528 2329 0
 4821 2376 4774 4605 0
 4453 4824 1636 1549 0
 1549 4824 1636 1664 0
 5175 2848 2849 2894 0
 1557 4772 4934 5178 0
 328 309 393 5176 0
 5178 1601 4934 1557 0
 4970 5438 4141 322 0
 4789 4772 4934 5711 0
 5548 5650 5185 5643 0
 2652 4657 2521 2595 0
 5347 1369 1440 1411 0
 4142 5644 649 5548 0
 5347 1369 1312 1404 0
 1474 1435 5347 1481 0
 62 4671 4128 67 0
 4223 2869 5442 2891 0
 2828 5442 2869 2891 0
 1821 4826 1870 1774 0
 1774 1800 4826 1870 0
 1821 4588 1870 4826 0
 4826 4628 1870 1800 0
 4826 4588 1870 4628 0
 5638 3458 5146 4788 0
 2351 4700 4601 2312 0
 2351 2466 4601 4827 0
 1547 4934 5178 1595 0
 575 530 5150 500 0
 5147 5177 1452 1511 0
 888 867 5150 915 0
 575 5150 5099 915 0
 5150 769 4144 793 0
 4829 1234 1337 1296 0
 4829 1280 1206 5061 0
 5181 5030 5423 5210 0
 4331 5607 1157 4829 0
 5423 5030 4880 5210 0
 4264 4458 5365 5117 0
 452 507 498 5282 0
 4518 4458 5117 5365 0
 452 5282 5519 507 0
 4453 1532 4824 5744 0
 5282 507 498 5625 0
 5282 5625 5519 507 0
 1532 4824 1636 4453 0
 511 5392 4880 5030 0
 3483 3650 3577 5628 0
 511 4920 4880 4947 0
 2686 4832 4229 2672 0
 2674 2617 4832 2638 0
 4015 4558 1225 3455 0
 5238 3429 3302 3353 0
 2003 2072 4703 2017 0
 3481 3429 5238 3353 0
 4860 2120 4636 4703 0
 511 4920 5030 4880 0
 511 4947 4880 5392 0
 4798 360 4559 355 0
 4041 4031 4902 4059 0
 4057 4041 5137 5419 0
 3016 3040 5429 5776 0
 4817 4154 5045 4659 0
 3530 3552 4752 3467 0
 2759 2691 2704 4977 0
 337 305 4912 270 0
 2096 2237 2255 4839 0
 2087 2215 4605 4188 0
 4760 270 4912 4713 0
 5419 5328 4571 4437 0
 4571 5419 4437 4902 0
 835 5537 791 845 0
 4251 5465 5513 5147 0
 4889 4827 2466 2525 0
 4001 3976 4466 4009 0
 4001 3964 4466 3976 0
 164 4757 4802 129 0
 117 96 4757 102 0
 129 4757 102 117 0
 5050 1068 4921 861 0
 4921 1141 1068 4148 0
 4602 5050 4921 861 0
 5308 5228 5179 4646 0
 5445 5179 5228 4646 0
 5445 4209 4477 5179 0
 4480 4477 4209 5179 0
 802 4915 869 845 0
 3242 4455 3192 4725 0
 185 4818 150 5040 0
 111 185 4818 150 0
 2378 2471 2398 4634 0
 2471 4726 4634 2463 0
 2463 4726 4634 4601 0
 4883 4533 4400 4352 0
 4883 4352 4890 4533 0
 4883 4890 4135 5142 0
 4827 4889 2466 4601 0
 5711 4772 1557 1499 0
 2513 2525 2575 4889 0
 2637 2463 2513 4889 0
 37 29 54 5351 0
 4671 4661 4128 67 0
 1394 5091 1375 1436 0
 1375 5069 5204 5091 0
 2243 4634 2235 4842 0
 2243 4522 4601 4634 0
 2243 4601 4522 4787 0
 5419 5137 5514 4041 0
 3814 3955 3915 5514 0
 2627 5129 4409 5192 0
 2627 5129 2613 4409 0
 2438 4715 2533 4657 0
 5230 5182 5627 5689 0
 5182 5023 5765 3163 0
 4218 4810 4445 4386 0
 4218 4445 4810 4632 0
 5007 4830 4445 4386 0
 5521 4813 1199 4666 0
 5521 1199 4813 1220 0
 53 4612 82 5315 0
 90 5315 4671 4698 0
 4551 62 82 4671 0
 86 5315 82 4671 0
 4008 3951 5661 3971 0
 4343 4996 4794 4139 0
 37 19 29 4735 0
 207 130 133 4756 0
 4770 4756 145 202 0
 225 145 202 4770 0
 451 383 4815 4912 0
 451 4912 337 383 0
 3552 3598 3587 4752 0
 5612 4779 2922 2846 0
 4293 1728 1660 1873 0
 4974 1873 4293 1660 0
 1660 4643 4293 4974 0
 717 646 789 4456 0
 789 662 4456 646 0
 3186 3185 4978 3249 0
 3186 3249 4978 5000 0
 3255 3186 5000 3249 0
 5030 670 5392 4880 0
 5514 4031 4902 4041 0
 5514 4031 4041 3915 0
 779 853 5290 983 0
 4481 694 853 779 0
 645 4456 779 4481 0
 5086 4405 4919 4244 0
 5086 4919 5274 4244 0
 4405 5002 4919 4244 0
 3458 5638 5146 4635 0
 3458 4635 3406 5638 0
 3580 5307 4635 5146 0
 98 4854 160 5285 0
 5285 106 76 4661 0
 5285 98 4854 4633 0
 4449 4391 4730 4635 0
 2064 1985 4674 4703 0
 1953 4703 1985 2017 0
 1953 2017 2003 4703 0
 4892 3550 4739 3475 0
 4892 3497 4649 4618 0
 1620 1774 1695 4638 0
 1620 4638 1724 1774 0
 4578 1695 4638 1620 0
 958 1020 4843 1037 0
 1984 5132 5186 4326 0
 1984 5132 4870 5186 0
 4673 1037 1020 1064 0
 4326 105 5186 4990 0
 5186 105 5168 4990 0
 4870 105 5168 5186 0
 4843 1020 4673 1037 0
 5609 3100 3151 3141 0
 4624 1531 4576 5449 0
 5488 4566 5188 5539 0
 5488 4312 5188 1464 0
 5449 4566 5188 4576 0
 795 859 951 4593 0
 1762 1718 1765 4948 0
 1721 1718 1762 4948 0
 1762 4786 1765 1811 0
 2761 4297 4488 4976 0
 1782 4858 1850 1825 0
 1825 4786 4858 1911 0
 2027 4858 4622 4786 0
 1727 4858 1813 1782 0
 4859 1209 1238 1211 0
 4859 1209 1211 1168 0
 4859 1146 4673 1209 0
 2188 2120 4636 4860 0
 2188 2158 4860 4700 0
 2188 2158 4700 2309 0
 2120 4703 2129 4636 0
 1952 1987 1930 4703 0
 2048 2129 2120 4703 0
 4768 4758 4488 4198 0
 4644 4133 4481 487 0
 4306 4716 5163 4653 0
 4543 5163 4282 4499 0
 4808 1593 1642 1603 0
 4499 5163 4306 4543 0
 5424 5151 4525 3814 0
 5191 5101 5692 4623 0
 5703 5140 5480 2830 0
 1765 1825 1811 4786 0
 5045 5020 4659 4154 0
 3839 3820 3823 4709 0
 2354 4865 2403 2401 0
 2354 4569 4865 2401 0
 3823 4709 3820 4243 0
 2986 4626 2900 2964 0
 1001 1025 4640 916 0
 4158 1104 4640 1001 0
 5770 4828 4672 4935 0
 1230 1268 1267 4869 0
 5535 1059 5521 4869 0
 1268 4869 4753 1267 0
 1251 1267 4869 1230 0
 1326 4753 4754 4872 0
 1286 4872 1267 1304 0
 1251 1257 4872 1267 0
 1257 1267 1286 4872 0
 1326 4867 4872 4754 0
 1237 5553 4872 4608 0
 1496 1461 5359 1529 0
 1496 1412 5359 1461 0
 4171 4837 1596 1706 0
 1316 1412 5359 1496 0
 3455 4318 4670 1225 0
 2283 2300 4874 2343 0
 2283 5298 4874 2300 0
 2358 2343 2283 4874 0
 4670 1225 5193 3455 0
 4733 1687 672 4587 0
 1744 1759 4479 5693 0
 1553 1558 4395 1635 0
 1744 1687 4733 4587 0
 4670 5297 4516 5723 0
 5193 418 4238 1225 0
 5558 5193 5461 5297 0
 2292 2368 4634 2369 0
 2292 5311 4634 2368 0
 3788 4235 5585 5195 0
 5389 5195 5137 5293 0
 1372 4611 1325 4720 0
 1358 5056 5756 1255 0
 558 502 4482 458 0
 4622 2203 2253 2177 0
 2101 2177 4622 5334 0
 2177 2253 4622 5334 0
 5334 4350 2253 4622 0
 179 4802 167 174 0
 206 167 179 4802 0
 4198 2465 4865 4569 0
 2465 4865 4569 2401 0
 2465 2401 2403 4865 0
 1316 1449 4645 1249 0
 4532 4481 5197 4456 0
 4666 5290 4456 5197 0
 4250 4456 5197 4146 0
 4666 4456 4146 5197 0
 1697 1689 4948 1726 0
 4250 4532 5197 4456 0
 1689 1731 4702 1726 0
 4715 4541 5149 5198 0
 5198 4541 4620 4715 0
 5198 4541 5261 4620 0
 5198 4541 5149 4443 0
 4500 4524 5199 5139 0
 2880 5454 5375 5481 0
 5199 5375 4249 5454 0
 2793 5651 5667 2727 0
 2648 2720 5651 2655 0
 2974 4214 5480 2899 0
 5740 5202 5634 4371 0
 3014 4223 3019 5634 0
 5634 5740 3019 5202 0
 2650 4726 2637 4761 0
 2463 4726 2637 2567 0
 5130 5602 3834 5203 0
 4965 5203 3834 5393 0
 5130 5203 3834 4965 0
 5495 5167 4392 4297 0
 2438 2517 4715 2469 0
 2438 4715 2517 2533 0
 4727 2469 2373 4715 0
 2358 2506 4821 2329 0
 4874 4375 4839 4821 0
 2358 4821 4874 4839 0
 217 5040 5676 185 0
 4010 4460 4905 7 0
 4761 4523 5205 4660 0
 4726 5076 5236 5205 0
 5205 4523 4196 4660 0
 4872 1304 4753 1267 0
 4872 4869 1267 4753 0
 4761 5076 4726 5205 0
 3204 3289 5638 4788 0
 5101 4212 4225 5240 0
 5101 5692 4212 5208 0
 1821 4638 1774 1724 0
 1821 4638 4826 1774 0
 1821 4588 4826 4638 0
 1760 1681 1809 5456 0
 409 491 428 4581 0
 4888 5315 4612 53 0
 5315 78 53 4888 0
 4552 3257 5208 5139 0
 3220 5208 5692 5191 0
 5101 4212 5240 5208 0
 5191 5692 5101 5208 0
 4552 5208 5240 5139 0
 4369 4574 4535 4432 0
 916 959 4640 820 0
 916 4640 959 1025 0
 54 4888 78 116 0
 85 116 4888 54 0
 4888 124 5351 4665 0
 2463 4889 2637 4726 0
 4272 4882 5209 4228 0
 4272 4228 5209 4730 0
 4731 4455 5209 4228 0
 5368 5276 5209 4882 0
 5302 4044 3952 4652 0
 2091 5163 2225 2124 0
 2225 2246 5163 2091 0
 4288 5212 4210 4548 0
 4210 5144 5212 4288 0
 5501 4210 5144 5212 0
 4177 5254 4360 4651 0
 4787 4177 5254 4360 0
 1933 4178 1992 4674 0
 1953 1910 1985 4703 0
 4703 4674 1910 1985 0
 2645 4657 2521 2652 0
 2645 4657 2652 2723 0
 1705 1700 4621 1670 0
 5002 4245 4026 5214 0
 5002 4405 4245 5214 0
 5197 4666 5290 4413 0
 5197 4481 3586 4413 0
 4532 3586 5197 4481 0
 5447 5458 5215 4646 0
 5447 4189 4646 5215 0
 4907 4794 4534 4343 0
 4534 4907 4343 4893 0
 5612 2738 4779 2846 0
 5747 4117 4108 5623 0
 5535 5357 4148 5216 0
 4536 4413 5216 1059 0
 1059 5357 5216 4377 0
 4377 4536 5216 1059 0
 5535 4921 5216 4148 0
 4413 5535 5216 1059 0
 1589 4754 4899 5508 0
 4578 4754 4899 1589 0
 4681 806 762 657 0
 4681 657 762 688 0
 4505 806 4640 4681 0
 4681 762 806 4640 0
 3393 5354 5191 3389 0
 3490 3389 5354 3393 0
 3297 3401 4649 3301 0
 3136 3181 3228 5283 0
 4649 4739 5283 3228 0
 518 5439 5219 602 0
 4879 4852 4141 5219 0
 623 4983 4513 5219 0
 1640 1583 1770 4624 0
 1583 4624 5031 1770 0
 4173 4808 1615 1670 0
 1615 1670 4808 1593 0
 4253 5016 7 4905 0
 4260 7 5016 4905 0
 1673 1697 1659 4948 0
 1673 4173 4948 1659 0
 1219 1199 1082 4666 0
 1219 1097 4666 1082 0
 2342 2289 2356 5668 0
 4896 4579 4176 5311 0
 4562 2442 2413 4773 0
 4056 4048 4652 4072 0
 3952 4652 4056 4048 0
 5118 5693 5399 4479 0
 5693 4479 5118 1759 0
 2697 2662 4464 2756 0
 1040 5569 4572 4242 0
 2376 4605 2237 2240 0
 1040 4356 4572 5569 0
 1040 4572 4356 4904 0
 1040 4904 4358 4572 0
 1040 4358 4242 4572 0
 2521 2466 4827 2525 0
 162 147 4996 4679 0
 1197 1249 1139 4645 0
 4645 1197 998 1139 0
 698 4816 795 722 0
 647 722 4816 635 0
 5504 795 4816 722 0
 2637 2575 4889 2513 0
 2575 2525 4827 4889 0
 4152 5224 1343 1413 0
 5224 4152 5591 1413 0
 5224 4573 5460 1317 0
 4462 5591 5224 4884 0
 5224 4341 5433 4573 0
 4855 4950 4913 4484 0
 5266 2563 4344 4129 0
 5266 4129 4887 4335 0
 5257 5732 5299 5321 0
 94 89 4757 96 0
 5299 5321 4870 4367 0
 102 89 96 4757 0
 4598 5121 4357 4309 0
 5227 5121 4357 4598 0
 4720 5121 4357 5227 0
 2946 3045 5691 5331 0
 2838 5691 5331 2946 0
 5038 947 809 875 0
 5067 5228 2451 4402 0
 4479 4266 5067 4471 0
 1471 1518 5092 1516 0
 1438 5591 1443 1482 0
 4279 4954 5444 4605 0
 202 4756 207 282 0
 282 207 5185 4756 0
 5185 255 4756 207 0
 4279 4605 5246 4954 0
 4605 4954 5444 5079 0
 5037 4605 5079 4954 0
 209 4582 4756 132 0
 4703 4860 2120 2048 0
 4954 4605 5246 5037 0
 2120 4860 2188 2116 0
 1676 4621 4173 1670 0
 4173 1670 4621 4808 0
 1705 1670 4621 1676 0
 5231 4770 274 377 0
 683 605 699 4615 0
 2827 2839 4917 2772 0
 2898 5468 5109 2907 0
 545 4137 5231 538 0
 5231 545 4482 4137 0
 2601 2506 2583 4821 0
 5231 4137 5440 377 0
 5489 4801 4931 4798 0
 2601 4294 4408 2583 0
 4801 4559 4931 4798 0
 3245 3174 3129 5232 0
 4672 5232 4905 5384 0
 4969 5384 4224 5232 0
 5232 4224 4969 5011 0
 4686 4905 4672 5232 0
 5387 5587 5507 4268 0
 4996 241 5676 181 0
 181 211 5676 178 0
 181 178 5676 163 0
 5401 5676 4483 4996 0
 4996 4483 163 5676 0
 2650 2567 4726 2614 0
 2778 2755 2689 4761 0
 4726 5136 2650 2614 0
 2650 5136 2689 2614 0
 2650 5136 4726 4761 0
 4466 3926 4919 3966 0
 4009 3966 4466 4919 0
 3877 5558 5515 4238 0
 4009 4466 3966 3976 0
 4073 4083 5733 4063 0
 4652 4072 4048 4063 0
 2723 2777 2709 4660 0
 2709 2777 2637 4660 0
 2300 4874 2388 2379 0
 2343 4874 2388 2300 0
 4865 4874 5298 2300 0
 4865 4874 2300 2379 0
 820 4640 832 959 0
 399 4482 312 343 0
 399 312 4698 283 0
 5236 4300 4522 4750 0
 5236 4300 4750 4523 0
 5236 5205 4196 4889 0
 4889 5236 4601 4196 0
 5236 4523 4196 5205 0
 4601 4522 4196 5236 0
 5092 4151 1469 5591 0
 71 100 5063 142 0
 71 142 5063 55 0
 4553 142 55 5063 0
 4553 5063 4999 142 0
 4859 1094 4673 1146 0
 4531 4225 4418 5240 0
 5240 4225 4418 4212 0
 4531 4356 4225 5240 0
 5315 90 4671 86 0
 4356 4575 5391 5240 0
 5241 5405 4277 5378 0
 4906 5405 5490 5241 0
 848 1015 1007 4817 0
 821 4817 5426 1015 0
 4659 4817 1015 5426 0
 4659 1015 4817 1007 0
 2684 4768 2694 4198 0
 1689 4702 4948 1726 0
 1697 1720 1726 4948 0
 4559 448 4130 355 0
 251 360 326 4798 0
 251 360 4798 355 0
 851 1007 4817 848 0
 1204 1272 4939 4148 0
 4619 4939 4148 1204 0
 4616 1273 4939 1195 0
 4616 4939 846 1195 0
 4687 3070 3035 2993 0
 4334 5068 5244 4420 0
 5041 5244 4373 4420 0
 4334 5244 5041 4420 0
 4420 5244 4373 4227 0
 4420 5068 5244 5110 0
 4420 5110 5244 4227 0
 3282 3323 4617 3357 0
 2471 2441 2398 4634 0
 4634 2369 2441 2398 0
 2471 4945 4634 4726 0
 2471 4634 4945 2441 0
 3821 3833 4489 3888 0
 5369 3833 3888 4489 0
 5448 3833 4489 3821 0
 795 4593 5547 859 0
 1782 4858 1825 1765 0
 4786 4858 1765 1825 0
 1697 1721 1720 4948 0
 1781 4786 4948 1762 0
 4313 5113 5619 5108 0
 5108 5619 5522 5113 0
 2497 4741 4406 4547 0
 4421 4741 4406 2497 0
 5350 5245 5355 4258 0
 1170 5245 1057 988 0
 988 900 5245 1057 0
 5623 4108 5747 5247 0
 4024 3967 3928 4965 0
 4003 3967 5623 4965 0
 4108 5623 4096 5247 0
 3490 3494 5354 3389 0
 3389 5354 3413 3494 0
 5635 3490 5354 4575 0
 4173 1615 4662 1641 0
 4591 4950 4802 206 0
 175 194 4950 4757 0
 4950 221 194 175 0
 4484 4950 4757 4802 0
 3886 5324 4044 3889 0
 4638 4390 4588 4323 0
 4994 2424 2334 2325 0
 4646 2325 2334 2221 0
 4646 2325 4994 2334 0
 1274 1254 4951 1301 0
 1303 4951 1301 1274 0
 4574 4951 1274 1254 0
 4798 258 303 248 0
 326 303 248 4798 0
 4152 5248 5712 1383 0
 2806 2812 4731 2928 0
 2806 4958 4731 2735 0
 1097 4666 4456 4146 0
 983 1199 5290 1082 0
 4665 4561 4388 5336 0
 983 5290 4456 1082 0
 4561 5336 4665 4713 0
 3341 3327 5250 3423 0
 3470 5250 5461 3327 0
 1235 1251 4869 1185 0
 1185 4813 1230 4869 0
 4813 5521 1268 4869 0
 1189 4859 1211 1168 0
 1151 1168 1127 4859 0
 3470 3327 3423 5250 0
 4034 3955 5137 4041 0
 3243 3341 3327 4516 0
 5269 5251 5056 5043 0
 4369 5251 5056 5269 0
 1478 5600 1457 1525 0
 4397 5043 5251 5157 0
 4958 2569 4773 2519 0
 1942 2025 4777 1964 0
 4955 483 585 546 0
 4681 546 679 657 0
 679 546 4955 585 0
 2617 4206 5053 4832 0
 2674 4832 5597 2686 0
 1452 5645 1520 1373 0
 3836 3857 5265 3856 0
 4975 1520 1452 5645 0
 275 207 5185 282 0
 2451 5179 4480 4402 0
 4956 4002 3997 3977 0
 4402 5228 2451 5179 0
 4956 5605 3997 4002 0
 4956 4467 3997 5605 0
 4602 4133 4782 5024 0
 5024 4133 389 562 0
 4633 4957 4414 5285 0
 4407 5184 4521 5029 0
 4521 5184 4957 5029 0
 163 5676 185 178 0
 4679 4483 163 4996 0
 4958 2660 2702 2735 0
 4379 4663 4372 4855 0
 4574 1254 1274 1186 0
 4574 1186 1274 4616 0
 4700 5254 4860 4636 0
 4700 5254 4787 4860 0
 4657 2521 4620 4827 0
 4177 4651 4682 5254 0
 4636 5254 4703 4682 0
 4620 2521 2436 4827 0
 1718 1727 1765 4948 0
 2282 2421 2345 5647 0
 4254 4227 5255 4358 0
 4227 5255 4129 4254 0
 4294 2585 2583 2622 0
 4227 5255 5146 4129 0
 3301 3475 3401 4739 0
 5146 5255 4227 4577 0
 4068 4050 5393 5247 0
 5393 4024 3928 4965 0
 4024 4965 5393 5247 0
 5052 290 245 320 0
 5156 290 353 307 0
 3999 3964 4466 4001 0
 3999 4466 3964 3947 0
 3931 3964 4466 3947 0
 2707 4964 2673 5454 0
 2790 2753 5058 2858 0
 1484 4662 4611 1593 0
 1570 1615 4662 1593 0
 2575 4827 2525 2521 0
 2255 2237 4605 4839 0
 5258 1099 1224 1331 0
 5258 4812 1331 1224 0
 4253 4729 4010 4207 0
 4729 4386 4269 4010 0
 4010 4218 4399 4376 0
 4218 4010 4386 4729 0
 4218 4386 4010 4399 0
 124 4665 249 118 0
 85 4888 116 135 0
 3215 5089 4969 3287 0
 4929 233 4932 3686 0
 1721 4948 1685 1718 0
 1697 4948 1685 1721 0
 1762 1765 4786 4948 0
 2602 2599 2552 4973 0
 4973 2552 4774 2599 0
 4294 2599 4973 4774 0
 5034 2599 4973 4294 0
 1751 4974 1929 1696 0
 1873 4974 4653 1929 0
 1873 4974 4293 4653 0
 4657 5198 4443 4949 0
 4827 4949 4196 5198 0
 5598 4949 4827 4657 0
 4657 4827 5198 4949 0
 129 170 126 5022 0
 126 5022 170 184 0
 244 5040 224 215 0
 5453 3341 3243 4516 0
 244 273 5040 4798 0
 244 215 258 4798 0
 2958 4976 3086 2870 0
 4297 3086 4976 2871 0
 3432 3272 5453 3341 0
 5453 5250 3341 4516 0
 4326 418 4423 5297 0
 4423 418 4491 5297 0
 5297 5558 418 4491 0
 4001 4009 4466 4025 0
 3442 3443 3582 4295 0
 4295 3443 3582 3495 0
 4295 3495 3582 3576 0
 4225 5267 5101 5391 0
 2284 4814 2191 2354 0
 4196 4836 4522 5261 0
 5261 4601 4196 4827 0
 2284 4569 4814 2354 0
 4601 4196 4522 5261 0
 4726 2567 2544 2614 0
 4726 5136 2614 2544 0
 2614 2544 5136 2611 0
 4458 4518 5262 5365 0
 2570 2490 4964 2574 0
 1500 1421 4475 1468 0
 1468 1421 4462 1425 0
 1262 1257 1260 4872 0
 5134 5564 5365 5262 0
 4458 5134 5365 5262 0
 750 4496 640 4817 0
 851 889 750 4817 0
 750 832 4496 889 0
 4826 4323 4721 4163 0
 4638 4323 4826 4163 0
 3542 4509 3636 3654 0
 4577 3654 3542 3559 0
 3702 3654 4509 4577 0
 3634 4246 3771 5263 0
 5605 5365 4387 4467 0
 3634 5534 4246 5263 0
 4246 5263 5534 5605 0
 3832 5263 3771 4246 0
 4482 4698 4433 4521 0
 4698 5010 4521 4482 0
 4698 5346 5010 4482 0
 1593 4808 1642 1670 0
 5283 4221 4670 914 0
 4450 5275 4670 4426 0
 4221 4450 4670 914 0
 4135 4546 4347 5264 0
 5142 4890 4135 5264 0
 5264 4135 4546 4372 0
 5101 4460 4623 5267 0
 4225 4460 5101 5267 0
 2723 2645 4660 2709 0
 698 4131 5547 4816 0
 5504 795 4593 4816 0
 2634 4964 2574 2570 0
 465 4816 541 566 0
 409 4816 491 4581 0
 5269 4616 5251 5043 0
 4369 4616 5251 5269 0
 5270 4353 4566 5539 0
 5488 5270 4566 5539 0
 5488 5270 4312 5611 0
 24 51 4553 4507 0
 4924 5270 5611 4312 0
 97 4553 4507 155 0
 4924 4353 5270 4312 0
 4553 24 4551 5063 0
 5611 4924 4312 5421 0
 2958 3086 4976 3136 0
 1251 1267 4872 4869 0
 4665 262 249 118 0
 314 323 4665 226 0
 4665 249 4888 124 0
 5199 4231 4249 5375 0
 4516 3243 3146 3327 0
 4501 1972 5357 5157 0
 5157 1972 5357 4939 0
 5043 4616 4939 846 0
 5043 4939 5157 846 0
 1325 4611 1407 1364 0
 4505 4534 4693 4955 0
 4256 672 2262 4184 0
 4280 2262 4439 4256 0
 672 4733 4427 4395 0
 5301 4185 4184 4266 0
 5301 4185 4266 4469 0
 4436 4185 5301 4469 0
 4173 1615 4808 4662 0
 4662 1615 4808 1593 0
 4987 4341 4852 5272 0
 4987 4852 5219 5272 0
 4341 171 4136 5273 0
 4512 4136 5273 4341 0
 4341 5433 171 5273 0
 4512 4341 5273 4884 0
 2460 2545 2512 4570 0
 2460 2612 2545 5501 0
 2618 2574 5501 2460 0
 2574 4637 5501 2460 0
 847 962 4712 978 0
 727 984 4712 4953 0
 2656 2753 4768 2790 0
 2656 4768 2753 2684 0
 2411 5668 4901 4285 0
 2342 5668 2356 2411 0
 1199 4813 5290 4666 0
 1082 1199 5290 4666 0
 5290 4813 1199 1098 0
 795 5547 4593 4816 0
 4780 1910 1912 1834 0
 1837 4780 1910 5554 0
 1910 5554 4780 4674 0
 4558 5274 4238 3728 0
 4238 3728 5274 3802 0
 4558 1225 4238 5274 0
 1273 1303 1274 4939 0
 4616 4939 1273 1274 0
 4574 1274 4951 4939 0
 4939 1274 4951 1303 0
 201 227 4996 162 0
 4996 227 256 192 0
 201 122 162 4679 0
 147 4679 163 4996 0
 2771 5256 4367 5529 0
 5256 5132 5529 5095 0
 5256 4711 5095 5529 0
 5529 5256 4367 5132 0
 4711 5529 5256 2700 0
 5689 5275 2931 5586 0
 5230 5275 5182 5689 0
 4565 140 125 4999 0
 174 140 4999 125 0
 167 4999 125 174 0
 4565 4999 125 167 0
 2306 5668 2321 4901 0
 5445 5190 5464 4994 0
 4994 2339 2387 2286 0
 4994 2387 2325 2286 0
 4646 2286 4994 2325 0
 4334 4590 4545 4731 0
 3954 4919 5002 3897 0
 4032 4030 4014 5002 0
 5368 5209 5276 4731 0
 5276 4228 4882 4389 0
 2116 2158 4860 2188 0
 2188 4700 4860 4636 0
 5209 4228 4882 5276 0
 2088 2116 2158 4860 0
 2591 2545 2695 5305 0
 111 150 4818 123 0
 94 4818 99 111 0
 99 4818 123 111 0
 4802 4999 167 174 0
 4591 167 4999 4565 0
 208 141 173 5315 0
 5315 173 121 141 0
 5315 121 173 4698 0
 239 208 173 4698 0
 1695 1800 1737 4899 0
 5005 4859 1238 1211 0
 1252 5005 1238 1211 0
 1238 5005 1252 4573 0
 3930 3962 5263 3980 0
 5005 1252 4573 4714 0
 5005 1238 4859 5084 0
 3930 5263 3943 3980 0
 5605 5165 4467 3998 0
 1425 1389 1391 4462 0
 197 4679 115 203 0
 4679 5371 213 201 0
 213 4679 203 5371 0
 201 122 4679 5371 0
 197 4679 4757 115 0
 115 197 194 4757 0
 5277 5067 5215 4479 0
 78 5315 53 95 0
 141 5315 78 95 0
 5447 5133 4189 5277 0
 5447 4189 5215 5277 0
 1449 4643 1496 4317 0
 1449 4383 4643 4317 0
 3854 3829 3927 5278 0
 5185 5279 5440 4770 0
 1220 4813 1098 1199 0
 4521 5279 5029 4661 0
 5279 2043 4407 5029 0
 4770 5279 4521 4661 0
 5279 5643 5185 5440 0
 2091 4653 5163 2124 0
 5687 5601 5038 4321 0
 4653 2033 2124 2091 0
 2091 4648 4306 2071 0
 4538 471 4086 5280 0
 4894 4086 5113 5280 0
 5280 4086 5113 5649 0
 546 4681 4955 574 0
 2755 5136 2749 2679 0
 4761 5136 2749 2755 0
 2614 2679 5136 2689 0
 5504 4533 4593 4504 0
 2734 2695 5012 2879 0
 2734 5012 2787 2879 0
 2922 5012 2879 4232 0
 2858 2753 5058 2822 0
 2822 5058 4768 2753 0
 1622 1574 4643 1660 0
 1728 1660 1622 4643 0
 1622 4643 1574 1496 0
 5283 3181 4221 2958 0
 5283 2958 4221 4976 0
 4260 4905 5016 4686 0
 3913 3926 3966 4919 0
 4331 1074 1026 1121 0
 4331 1074 1035 1000 0
 4427 4395 4911 672 0
 5291 4395 4911 4427 0
 4395 4167 4911 672 0
 3091 3100 3151 5609 0
 730 5187 4240 5609 0
 5484 3091 3151 5609 0
 730 5187 5609 5284 0
 5634 5284 5609 3091 0
 5002 4025 4919 4011 0
 4919 5002 3897 4244 0
 2459 4198 4569 2465 0
 4990 5186 5576 4767 0
 3329 5765 5780 3271 0
 5310 4564 4381 4452 0
 4268 5310 5388 4327 0
 5329 4452 4564 5310 0
 4327 5388 4982 5310 0
 4260 4224 4905 4686 0
 5295 5544 1106 1117 0
 1003 1039 4252 5295 0
 129 4802 170 5022 0
 4757 5022 4802 129 0
 129 126 102 5022 0
 129 5022 102 4757 0
 4158 4640 1104 1250 0
 1025 1050 4640 959 0
 1025 1250 4640 1050 0
 1695 4826 1774 1800 0
 4638 1774 1695 4826 0
 4146 4413 5197 4485 0
 4578 1695 4899 4638 0
 5514 5137 3955 4041 0
 3814 3905 3955 5137 0
 4413 4485 4146 5421 0
 4860 5254 4703 4636 0
 4860 5254 4787 4177 0
 1269 1232 4714 1236 0
 4714 1198 1178 1087 0
 1252 4714 1236 1269 0
 1252 4714 5005 1236 0
 1252 5005 1211 1236 0
 4582 5285 4854 5029 0
 5285 4582 160 106 0
 4582 160 4854 5285 0
 2441 4634 4945 2368 0
 5775 3501 5588 3632 0
 4675 4723 3219 5588 0
 5588 5775 4723 3501 0
 734 4946 715 649 0
 649 5650 5548 5643 0
 649 4946 715 5643 0
 4899 4826 1695 1800 0
 4638 1695 4899 4826 0
 3421 5780 3539 3337 0
 3329 3337 5780 3421 0
 4767 5286 3539 5780 0
 3421 5780 4767 3539 0
 1659 4702 4948 1689 0
 1583 1647 5031 1502 0
 1502 1479 5031 5340 0
 1502 5340 5031 4624 0
 1583 5031 4624 1502 0
 819 774 5656 773 0
 3495 3576 4295 4618 0
 4222 5095 5287 4711 0
 5586 4426 5594 5287 0
 1188 4813 1098 1220 0
 4148 4813 1185 4869 0
 2533 2610 4715 2517 0
 2610 4657 2533 4715 0
 2768 5463 2584 2683 0
 5563 5385 5288 5729 0
 3695 5288 5729 3675 0
 2376 5037 2407 2485 0
 2215 2407 4605 5079 0
 4821 2528 4774 2376 0
 5037 4605 4774 2376 0
 2407 5037 4605 5079 0
 2376 4605 2407 5037 0
 5038 927 809 947 0
 5038 947 875 5295 0
 2387 2456 2339 4994 0
 5041 4455 4228 4373 0
 5001 2339 4994 2286 0
 4725 5041 4373 4455 0
 1149 5774 5403 4563 0
 1089 1010 1071 5774 0
 2645 2575 4660 2709 0
 4875 5369 5289 4489 0
 2709 4660 2637 2575 0
 1262 4872 1260 5115 0
 5115 1260 1303 1285 0
 1262 1303 5115 1260 0
 5263 3962 5605 3980 0
 3998 3961 3962 5165 0
 5365 5165 4467 5605 0
 306 5040 5676 217 0
 4798 5040 244 215 0
 2243 2242 4787 2179 0
 2243 2140 2179 4787 0
 2073 4787 2140 4842 0
 2923 4455 4731 5041 0
 3192 3025 4617 3145 0
 4936 531 4693 4913 0
 3242 5638 4455 4725 0
 5326 4754 5483 4899 0
 4899 1800 4628 4826 0
 935 4693 784 616 0
 2576 5379 2631 2647 0
 2576 2621 5379 2647 0
 779 4481 4456 5290 0
 983 4456 5290 779 0
 1082 5290 4456 4666 0
 2255 4839 4821 2329 0
 2255 2329 2206 4839 0
 2096 2206 4839 2255 0
 4821 4839 2255 4605 0
 5291 4395 4427 4733 0
 5291 5399 4281 5505 0
 164 174 4802 179 0
 164 175 179 4802 0
 5068 5094 4233 5110 0
 5110 5055 5094 4873 0
 4334 4233 5244 5068 0
 5068 4233 5244 5110 0
 4925 5292 4459 4132 0
 813 4132 890 5292 0
 4888 5315 78 116 0
 5325 5346 4132 4346 0
 4388 4132 4346 5325 0
 5221 1608 5046 5436 0
 1468 1536 5046 1666 0
 4883 4533 4890 5142 0
 5314 4883 4135 5525 0
 4883 5142 4135 5525 0
 2358 2283 4839 4874 0
 2544 4726 2505 2471 0
 2471 2441 4945 2505 0
 4726 2471 4945 2505 0
 2358 2343 4874 2433 0
 2358 4874 4821 2433 0
 4562 4773 2413 5341 0
 5341 4562 2386 2413 0
 2519 2413 4773 5341 0
 5565 3162 3234 5049 0
 5565 3162 4687 3175 0
 4326 4426 418 5297 0
 5049 4687 5565 3162 0
 5297 418 4670 4426 0
 4670 418 5297 5193 0
 4798 248 215 258 0
 4407 4871 171 5066 0
 4524 5199 4212 4249 0
 4646 2325 2221 2226 0
 245 5052 183 205 0
 143 5052 183 131 0
 290 205 5052 245 0
 1079 987 1026 4593 0
 2666 2702 5053 2625 0
 4545 4206 5053 4958 0
 2750 2776 5053 2702 0
 4657 4827 4620 5198 0
 4196 5198 5261 4827 0
 5298 4183 4839 4375 0
 4498 4183 5298 4375 0
 2037 4839 5298 4183 0
 4814 5298 4183 2192 0
 2186 4183 5298 2192 0
 1324 5056 1358 1255 0
 1143 1207 5269 4627 0
 1324 1405 5056 1379 0
 2575 5205 2637 4889 0
 4814 4498 4183 5298 0
 4726 5205 2637 4761 0
 2575 5598 4889 4827 0
 2601 5379 2631 2576 0
 5379 5594 2647 4464 0
 4208 5179 5670 5308 0
 4208 5670 2501 5308 0
 2440 4874 2388 2343 0
 2440 4874 2343 2433 0
 1303 1301 4951 1285 0
 5326 4320 5115 1972 0
 2822 5058 2958 2813 0
 2958 5058 4976 2813 0
 2958 2870 2813 4976 0
 2822 2813 4768 5058 0
 5483 5300 5508 5474 0
 4607 1654 5300 4160 0
 4726 2564 5136 2544 0
 2614 5136 2679 2611 0
 4698 5315 4346 5325 0
 4953 4859 1151 1127 0
 4953 1151 1088 1127 0
 1248 1311 4504 1152 0
 1248 4576 4504 1311 0
 36 100 5063 71 0
 4679 4483 4818 163 0
 150 5366 215 5040 0
 2265 4727 2324 2218 0
 2162 4805 4727 2168 0
 2201 4636 4805 4727 0
 4786 1765 4858 4948 0
 1727 1685 4948 1718 0
 5264 4663 4890 4372 0
 4135 4347 5142 5264 0
 4533 5264 4890 5142 0
 2755 4761 5136 2689 0
 5301 2262 4185 4436 0
 5301 4185 2262 4184 0
 4646 2226 2286 2325 0
 5301 4266 4184 4479 0
 4646 5001 4994 2286 0
 959 4640 996 1050 0
 959 996 4640 832 0
 1186 1161 1218 4616 0
 1116 1161 1186 4616 0
 3225 3193 4600 3139 0
 3225 3309 4600 3193 0
 5360 5410 5302 5664 0
 4974 4540 4293 4653 0
 4653 4293 4306 4540 0
 4951 1239 1301 1254 0
 5544 1239 4951 1254 0
 4358 4242 5303 4709 0
 4358 4509 5303 5415 0
 5415 3702 3738 3688 0
 2809 5454 5375 2880 0
 3798 5303 4242 3823 0
 3823 4242 4709 5303 0
 5303 3734 4242 5415 0
 3952 4018 4652 4048 0
 4441 5245 4645 4639 0
 1986 4188 1950 4393 0
 1914 1950 4393 1860 0
 4166 5221 1882 4494 0
 4995 3287 5098 3361 0
 5593 4995 4744 4878 0
 4812 4911 1331 1390 0
 212 4582 267 234 0
 299 261 234 5655 0
 1953 1910 4703 1837 0
 1953 1837 4703 1952 0
 2656 4768 5509 2790 0
 2656 2790 5509 2756 0
 4761 5136 5304 2749 0
 4761 5691 2834 5304 0
 2749 2834 5304 4761 0
 4846 5769 5176 5705 0
 4140 4913 512 619 0
 4140 512 4913 346 0
 394 324 4139 4913 0
 394 4913 4693 531 0
 5412 5390 2893 4631 0
 5305 5144 5093 4779 0
 1151 4859 1189 1168 0
 4953 4859 5374 1151 0
 3999 4466 3947 3973 0
 5396 4603 3947 4466 0
 2570 4655 2490 2474 0
 2570 2490 4655 4964 0
 4526 4454 4176 4579 0
 4526 4176 4365 4579 0
 4526 4454 4579 4360 0
 2321 4901 2406 2306 0
 2306 4901 2356 5668 0
 2368 2406 2321 4901 0
 1379 1405 5056 1530 0
 1673 4948 1685 1697 0
 3861 5306 4244 5002 0
 5306 4244 5002 5064 0
 3389 3392 3413 5354 0
 5306 4467 5002 5252 0
 3389 5354 5191 3316 0
 5252 5306 3861 5002 0
 5306 5064 5002 4467 0
 439 4644 426 365 0
 678 4644 547 439 0
 439 426 4644 547 0
 4559 365 4644 439 0
 4798 4559 365 4644 0
 131 4278 5052 114 0
 5255 4243 5307 4129 0
 1011 1007 4817 851 0
 1011 889 851 4817 0
 3655 4243 5307 3660 0
 3642 4243 5307 4577 0
 5307 4243 5255 4577 0
 2403 2379 2553 4865 0
 2403 2465 4865 2534 0
 2403 4865 2553 2534 0
 2923 4455 2928 4731 0
 2923 3025 2928 4455 0
 3192 3093 4725 4455 0
 5675 5308 4283 2453 0
 2390 2389 4189 5675 0
 5079 2288 5124 4368 0
 5079 2359 2288 2275 0
 5079 2409 2359 2275 0
 2407 5079 2275 2409 0
 4433 90 4671 4698 0
 4315 3760 2153 4316 0
 4340 2153 4316 4315 0
 4316 4340 4315 5046 0
 4171 5046 4316 4315 0
 4955 474 379 483 0
 521 4955 392 342 0
 4955 483 546 474 0
 742 4955 571 585 0
 4955 483 571 585 0
 2405 2422 2365 4727 0
 2422 2469 4727 4715 0
 2422 4715 4727 2405 0
 4000 4049 4034 5137 0
 4023 4049 4000 5137 0
 4057 5137 4034 4049 0
 4876 4430 4967 4411 0
 4876 4411 4967 4362 0
 3090 3025 4617 2994 0
 4750 4684 4196 4523 0
 5236 4750 4196 4523 0
 2534 2684 4768 2656 0
 4390 4177 4314 1745 0
 160 4854 98 149 0
 98 4854 5348 182 0
 182 156 5348 98 0
 114 5348 56 4278 0
 4278 5348 56 4633 0
 98 5348 4854 4633 0
 1673 4173 1661 4948 0
 2544 2505 4726 2564 0
 4726 5136 2564 2540 0
 4726 2540 2564 2505 0
 4923 4267 5078 4841 0
 3905 3955 5137 4034 0
 4923 4267 4841 4320 0
 678 4644 662 547 0
 4190 4350 4471 5001 0
 4190 4330 4471 4350 0
 2411 4901 5668 2356 0
 5458 5001 4471 4646 0
 2458 4285 4901 2510 0
 1536 5092 1608 1516 0
 1468 5046 1536 4462 0
 5046 4462 5092 1536 0
 4315 4434 5436 4340 0
 5046 1608 1666 1536 0
 4711 2700 2692 2731 0
 94 89 5381 4757 0
 94 5381 89 101 0
 94 101 99 4818 0
 2625 2660 2702 4958 0
 5053 2702 4958 2625 0
 2660 4958 2625 2569 0
 1294 1243 1208 4720 0
 3430 5187 5284 5484 0
 3329 3337 3271 5780 0
 3539 5780 5286 3337 0
 4876 4430 4216 4215 0
 4215 4430 5413 4295 0
 4876 4430 4215 4967 0
 4967 4430 4215 4295 0
 990 4289 5316 4547 0
 4922 5316 4547 990 0
 1930 4703 1987 4860 0
 1987 4860 4703 2048 0
 2088 4860 1988 2044 0
 5317 4991 5047 5051 0
 4599 4933 4283 4402 0
 4459 5318 4388 4910 0
 5318 5472 4388 5112 0
 1727 4173 1679 1676 0
 1705 4621 1727 1676 0
 2648 2720 2727 5651 0
 5480 5140 5651 2830 0
 2830 5651 2793 2720 0
 2229 2332 4189 5319 0
 1318 4524 4210 2557 0
 2557 4524 4210 5012 0
 2850 2793 5475 2804 0
 2830 2720 5140 5651 0
 3740 5563 3737 4236 0
 5563 5077 3737 4236 0
 4445 5077 5563 4236 0
 4969 5098 3287 5089 0
 5354 3316 3392 4809 0
 5320 980 1017 781 0
 4714 1017 5320 1087 0
 4239 5396 5680 4491 0
 5090 5680 5558 4491 0
 4727 4636 4541 4620 0
 4727 4541 4715 4620 0
 646 662 4456 4644 0
 4644 646 662 547 0
 4313 4495 4894 5113 0
 4539 4894 4313 4495 0
 5369 3888 5289 4489 0
 5049 3061 3144 3108 0
 2645 2521 4827 2575 0
 2645 4827 2521 4657 0
 4621 4749 4981 4469 0
 4621 4749 4469 4808 0
 2206 2329 2358 4839 0
 2358 4839 2329 4821 0
 5231 5440 4407 4770 0
 5257 5321 2988 5732 0
 4163 4476 4527 4320 0
 4163 4476 1619 4527 0
 4845 4320 4923 4476 0
 3999 4466 4025 4001 0
 4913 4833 4484 4950 0
 5322 4573 4407 2043 0
 5322 4407 5643 2043 0
 5322 5260 4946 5672 0
 2043 4573 5428 5322 0
 3383 4560 3447 3366 0
 1358 5756 4720 1294 0
 1491 1434 1432 4720 0
 2098 2149 5124 4415 0
 5115 4951 1285 1303 0
 1186 4574 1254 1181 0
 5544 1239 1254 1181 0
 5324 5151 4270 3829 0
 3854 4270 3829 5324 0
 5324 3754 3720 3812 0
 4857 4175 5313 5235 0
 1727 4948 4858 1765 0
 1744 1759 5693 1711 0
 1750 1744 1759 5486 0
 160 212 4582 4854 0
 212 267 4854 149 0
 212 4582 4854 267 0
 5445 4477 964 2451 0
 5445 4477 2451 5179 0
 4480 2451 4477 5179 0
 5456 5427 5432 4777 0
 5427 5397 5696 4777 0
 5427 4777 5456 4972 0
 5498 4857 4944 4338 0
 5244 5327 4373 4227 0
 5327 4227 5110 4788 0
 5244 5110 5327 4227 0
 5327 4373 4227 5146 0
 5327 4788 5146 4227 0
 4423 4405 4875 4245 0
 4423 4245 4875 4603 0
 4158 4611 1250 1364 0
 4874 2379 2553 2508 0
 4874 2508 2388 2379 0
 4865 2553 4874 2379 0
 4025 4245 5002 4466 0
 4025 4011 5002 4029 0
 4025 4009 4919 4011 0
 4025 4466 4919 4009 0
 123 4818 139 150 0
 99 119 123 4818 0
 4309 5121 5020 4938 0
 4309 5121 4377 5020 0
 4377 846 4149 5020 0
 5328 5410 4652 4437 0
 338 4931 428 497 0
 2133 4814 2074 2191 0
 5490 4277 5203 5328 0
 5241 4277 5328 5410 0
 5490 5241 5328 4906 0
 4762 4814 2074 5352 0
 5532 5693 5399 5118 0
 1727 4173 1676 4621 0
 1188 1141 1098 4813 0
 4148 4813 1141 1185 0
 4268 4194 5386 5695 0
 2488 4994 2424 2443 0
 5512 5179 4209 5670 0
 4641 5329 5386 4564 0
 5497 4806 5500 5442 0
 4414 4957 4136 5029 0
 5124 4415 2386 2225 0
 5666 2386 4415 2357 0
 5124 2225 2386 5163 0
 3948 3957 5165 3961 0
 5134 3957 5165 3948 0
 4264 3957 5165 5134 0
 2123 4787 2242 2179 0
 2123 2242 4700 2158 0
 4787 4700 2242 4601 0
 4502 4135 5525 5314 0
 246 229 5333 277 0
 277 5314 287 229 0
 4208 2619 5670 5330 0
 730 5202 5609 5323 0
 4208 5670 5512 5330 0
 5555 5330 5416 5021 0
 5555 2718 5330 5021 0
 2734 5012 2670 2787 0
 3866 3850 3920 5130 0
 3866 5265 3850 5130 0
 3882 3866 5265 3856 0
 5130 4650 4965 3920 0
 4236 5265 4979 4830 0
 2916 2777 2723 4660 0
 2946 3045 5331 5476 0
 5370 5691 4292 3045 0
 5612 4779 2738 5305 0
 2838 5331 5476 2946 0
 5510 4214 4364 5376 0
 5510 4214 5480 2974 0
 2497 5332 4549 4364 0
 5332 2974 5480 2915 0
 1426 5056 1530 1379 0
 4974 1928 1929 1696 0
 4974 1928 4653 1929 0
 102 5022 126 104 0
 102 5022 104 89 0
 102 89 4757 5022 0
 4516 3146 5723 3327 0
 4400 4250 4559 4532 0
 4532 4250 4644 4456 0
 4559 4250 4644 4532 0
 3027 2964 2989 4687 0
 2657 5136 2679 2749 0
 2582 5136 2679 2657 0
 2611 5136 2679 2582 0
 1139 988 4645 1170 0
 1139 1170 4645 1249 0
 2358 4821 2506 2433 0
 2601 5379 2433 4821 0
 2472 2492 5498 5386 0
 4000 3905 5137 4034 0
 3814 5137 4680 3905 0
 5770 3345 4672 4828 0
 1986 4393 1940 4188 0
 1860 1895 1950 4393 0
 4669 4420 4545 2802 0
 4492 4373 4545 4228 0
 4669 2802 4545 4492 0
 4545 5041 4373 4420 0
 4545 5041 4228 4373 0
 5336 4815 4820 5727 0
 5472 4388 4834 5336 0
 2875 2878 5703 5140 0
 2878 5140 2875 2763 0
 2875 2763 5140 2830 0
 5319 5505 4281 5133 0
 5344 5505 2065 1991 0
 5305 5144 5148 4570 0
 164 4802 174 169 0
 3821 4489 5679 3895 0
 5448 4489 5679 3821 0
 518 4141 4983 5219 0
 4913 4336 4693 4936 0
 4913 4936 531 619 0
 3849 3979 5757 4650 0
 4121 5747 4107 4119 0
 5780 3337 3271 5023 0
 3272 3337 5023 3271 0
 5286 5780 5023 3337 0
 4011 3966 4009 4919 0
 99 4818 101 119 0
 4289 5414 5337 4364 0
 5316 4289 4292 5337 0
 4922 5107 5337 5316 0
 4599 5338 4283 4933 0
 4946 5672 974 4714 0
 1116 1119 1161 4616 0
 283 239 4698 281 0
 283 281 4698 333 0
 283 4698 413 333 0
 399 4698 413 283 0
 2645 2575 4827 5598 0
 5714 4119 4122 4571 0
 4985 5649 4780 4314 0
 4780 1777 1692 1746 0
 5649 4177 4780 4314 0
 4386 4010 5339 4269 0
 4419 5339 4010 4937 0
 4386 5339 4010 4419 0
 5339 5377 4010 4937 0
 3583 3670 3460 5162 0
 4901 4195 4457 5085 0
 4945 4195 4901 5085 0
 4576 4584 5340 4624 0
 1502 1415 5340 4576 0
 1502 4576 5340 4624 0
 5139 3220 4231 5595 0
 5692 5139 5208 3220 0
 5139 5208 5240 4212 0
 5444 5341 4206 4861 0
 5444 5341 5666 4206 0
 4370 233 5132 4326 0
 4932 4370 233 5132 0
 5132 4932 4929 233 0
 4312 5421 4924 4161 0
 4448 4312 4924 4314 0
 4312 4924 4314 4161 0
 5516 2851 2844 4613 0
 4929 5516 4613 4932 0
 4613 5516 5584 4932 0
 2844 4613 4367 5516 0
 4367 5516 4613 4929 0
 5584 4613 2851 5516 0
 4812 4771 4535 4321 0
 5024 4133 4782 4862 0
 5316 4876 5103 5125 0
 4195 4300 468 5349 0
 4195 4457 5349 4998 0
 4457 5135 5349 4998 0
 4195 4998 5349 468 0
 4195 4300 5349 5085 0
 4195 5085 5349 4457 0
 4891 5365 5622 5526 0
 5365 4891 5044 5526 0
 4403 4498 4183 4539 0
 4403 4375 4183 4498 0
 4493 4375 4498 5298 0
 4814 4493 4498 5298 0
 681 764 5350 988 0
 5350 4258 5355 4936 0
 5355 764 5350 681 0
 988 5245 900 5350 0
 4639 5245 4645 988 0
 764 900 5350 988 0
 988 5350 4639 5245 0
 5352 4814 4486 4498 0
 2148 5352 2133 4486 0
 5352 4814 2133 4486 0
 4313 4486 4498 5352 0
 5357 4869 5535 4148 0
 5357 1972 1059 4869 0
 1972 5326 1059 4869 0
 4168 4436 4808 4357 0
 4168 4720 4357 5227 0
 4357 4436 4808 906 0
 4357 4598 4169 4808 0
 4357 5227 4598 4808 0
 4808 5227 4168 4357 0
 4357 4169 906 4808 0
 4140 5355 764 4513 0
 4513 5355 764 900 0
 4936 5355 681 4140 0
 764 900 5355 5350 0
 5350 5355 681 4936 0
 2255 2376 4605 2237 0
 4884 10 4151 5358 0
 4884 4152 5358 4151 0
 4151 10 4465 5358 0
 4151 5409 5358 4465 0
 4269 5356 4444 4010 0
 4444 5356 4672 4010 0
 4010 5356 5339 4269 0
 5356 5377 4010 5339 0
 4238 3802 5274 3873 0
 1225 5086 4238 5274 0
 5086 4919 4238 5274 0
 4377 4501 5357 5157 0
 846 5157 4377 5357 0
 5357 846 4148 5216 0
 5357 846 5216 4377 0
 4939 4869 5357 4148 0
 4939 1972 5357 4869 0
 4471 5445 2451 5228 0
 4471 2451 5067 5228 0
 5445 5179 2451 5228 0
 5358 4349 4465 5417 0
 5358 5273 4349 5417 0
 4884 4341 5273 5433 0
 4884 5433 5273 5358 0
 4177 4360 4086 4651 0
 4423 4603 4875 4990 0
 3588 3752 5126 3670 0
 2695 5612 2591 5305 0
 5012 5612 2695 5305 0
 2065 5505 5319 5133 0
 2229 4189 5133 5319 0
 5603 5403 4296 5260 0
 5361 4714 5180 5672 0
 5361 4296 5260 5603 0
 5322 5361 5672 4714 0
 5260 5361 5672 5322 0
 4068 5733 4087 5247 0
 4108 4087 5247 4096 0
 557 832 618 4496 0
 4484 5362 4890 4372 0
 4361 5060 3281 3348 0
 5060 3281 3348 3140 0
 5060 3084 3281 3140 0
 5618 4511 4194 4641 0
 5618 4511 5135 2497 0
 4251 5147 5177 5645 0
 5752 4251 5177 5645 0
 4272 4398 4903 5364 0
 4272 4730 5128 5364 0
 4398 5128 5364 4272 0
 5365 5044 5262 5492 0
 3419 5367 3412 3323 0
 3419 5367 3323 3434 0
 5668 4175 4863 4285 0
 5668 5311 4896 4175 0
 5668 4896 4863 4175 0
 5430 4863 4472 4614 0
 4397 5251 4476 5157 0
 4574 4939 5372 5251 0
 4574 4939 4951 5372 0
 5251 4939 5157 5043 0
 4866 10 4316 5582 0
 5369 5289 3958 3969 0
 3941 3911 5434 3973 0
 5434 3983 4245 3969 0
 4603 4245 5369 5434 0
 4875 4245 5369 4603 0
 4875 4245 3969 5369 0
 3969 4875 5369 5289 0
 5550 5370 3205 3244 0
 3244 5370 3045 5550 0
 5370 3205 5125 5103 0
 5550 5331 5370 3045 0
 5371 4679 203 115 0
 5076 4300 5236 4523 0
 5076 4523 5236 5205 0
 4761 4523 5076 5205 0
 5359 4837 4316 4317 0
 5359 4643 4837 4317 0
 5540 4130 4400 5408 0
 4931 4559 355 4798 0
 4581 4931 4130 497 0
 5770 4935 4724 4778 0
 5770 5220 4935 4778 0
 4507 5112 280 5183 0
 4816 5547 4347 5183 0
 409 352 465 5183 0
 5547 4347 4593 4816 0
 5183 4502 4507 5318 0
 5184 4132 4597 4871 0
 4132 4459 5184 4597 0
 4432 4574 4438 5372 0
 4845 4432 5372 4476 0
 4845 4432 4438 5372 0
 4138 424 5024 317 0
 4340 4151 5373 10 0
 4340 10 5373 4316 0
 5582 10 5373 4366 0
 5373 4366 10 4884 0
 5373 10 4151 4884 0
 4316 10 5373 5582 0
 4372 5362 5459 4999 0
 4591 4372 4999 4802 0
 4512 4663 4372 4379 0
 5052 4926 4278 4591 0
 4278 5348 4633 4414 0
 5285 4633 4854 4414 0
 4884 4341 4366 4512 0
 5440 548 629 5643 0
 5185 5440 513 377 0
 5185 548 473 363 0
 2927 2853 5375 2809 0
 2927 2809 5375 2880 0
 2853 4917 5375 2809 0
 5295 1117 4252 5469 0
 5544 4574 1254 4951 0
 5544 1239 5469 4951 0
 2880 5481 5375 4500 0
 2927 2880 5375 4500 0
 4812 1390 1224 4627 0
 2497 4547 5376 4364 0
 5703 5376 5480 5140 0
 5510 5376 5480 4214 0
 5332 5376 4364 2497 0
 5332 5376 5480 5510 0
 2563 4709 3820 3799 0
 4709 3839 3820 3799 0
 4612 4551 4671 4910 0
 5071 5377 5339 4937 0
 5267 4937 4010 5377 0
 4969 5267 5384 5377 0
 4672 5377 5384 4010 0
 4969 5384 5232 5377 0
 5356 5377 5339 5071 0
 4672 5356 5377 4010 0
 4617 3025 4455 2994 0
 5256 4370 4229 4932 0
 4389 4882 4229 4370 0
 4370 4229 4932 4882 0
 5256 5034 4229 4370 0
 4270 5628 5356 5378 0
 5151 5378 4437 5324 0
 5151 5378 5324 4270 0
 5628 5378 4270 5324 0
 3686 4613 5033 4932 0
 3686 4932 5033 4882 0
 4726 5085 4634 4522 0
 4634 5311 4842 5085 0
 5687 4959 4321 5380 0
 5116 5709 5380 5258 0
 1085 5380 4959 5687 0
 1028 5709 1085 5687 0
 4812 4321 5380 5116 0
 5116 4812 5258 5380 0
 4895 5513 5294 5465 0
 4250 5197 4485 4146 0
 4147 4504 4586 5408 0
 4576 4566 4147 4504 0
 4147 4566 4576 5188 0
 4939 4619 4148 846 0
 1204 1084 4148 4619 0
 4465 10 4304 4263 0
 4304 4487 4151 4465 0
 4151 10 4304 4465 0
 5105 5639 5382 4895 0
 4884 5224 4296 4341 0
 1389 4296 4462 5224 0
 5335 1360 4462 1388 0
 1329 4296 1391 1335 0
 4383 5201 4441 4645 0
 4830 3512 5265 5017 0
 4975 1543 4160 5383 0
 5383 1627 1540 1556 0
 5383 1654 1627 4160 0
 5300 1654 5383 4160 0
 5300 5105 4984 5383 0
 5105 5383 4975 4984 0
 4010 4460 5384 4905 0
 4905 4672 5384 4010 0
 5385 4236 4445 5563 0
 5385 4830 4445 4236 0
 5385 4236 5563 5288 0
 5385 5096 4236 5288 0
 5385 4830 4236 5096 0
 4268 4327 5388 5387 0
 5387 5388 4982 4327 0
 5371 122 4679 115 0
 4407 5279 5029 4521 0
 4770 5279 4407 4521 0
 5388 5386 4641 5329 0
 5388 4194 4982 4641 0
 4268 5388 4194 5387 0
 5387 4194 4982 5388 0
 5621 4384 4197 4473 0
 5621 4473 2420 5659 0
 3788 5195 5389 4235 0
 5766 5633 4248 5195 0
 3742 3788 5389 4235 0
 5637 4903 5367 5268 0
 3617 5367 5268 5637 0
 5291 4733 4427 4281 0
 5291 4733 5399 5693 0
 5291 4733 4281 5399 0
 4305 4383 5222 4174 0
 1546 1494 4305 4383 0
 4383 1546 4174 4305 0
 4515 4384 5390 4197 0
 4515 5390 2719 4197 0
 2925 5495 5390 4515 0
 4356 4431 4225 5391 0
 5391 5354 4431 5267 0
 5354 5101 5267 5391 0
 5101 5240 4225 5391 0
 4356 5391 4225 5240 0
 4010 5384 4460 5267 0
 5384 5267 4010 5377 0
 4751 5105 5383 5600 0
 5105 5147 4975 5383 0
 4841 4607 5531 4510 0
 4161 4638 4503 5218 0
 4161 4390 4638 5218 0
 4924 5218 4314 4161 0
 5421 4503 5218 4161 0
 4985 4780 4162 4314 0
 3890 5393 3928 3834 0
 3928 4007 5393 3890 0
 4335 5086 4887 5274 0
 4335 5086 4391 4887 0
 2043 4136 4852 4341 0
 4341 4136 4852 4379 0
 4595 4923 4267 4439 0
 4642 4476 2262 1619 0
 4642 4163 4501 1972 0
 5251 4616 4939 5043 0
 4397 5157 4476 4642 0
 4621 4749 1758 4981 0
 5221 1776 1608 1824 0
 1608 5436 5541 5092 0
 5436 4166 4434 4494 0
 5436 5503 5092 4340 0
 5221 1608 5436 5541 0
 5221 4393 1914 4494 0
 4395 1599 1687 1639 0
 4395 1599 4167 1687 0
 4395 4689 4167 1506 0
 5730 1711 1635 4395 0
 4662 4808 952 4169 0
 4293 3760 4643 5222 0
 5222 4942 4170 4305 0
 4431 4419 5267 4937 0
 4408 4450 5153 4202 0
 5379 4408 5153 4821 0
 5153 4450 4758 4202 0
 4534 2016 4440 4914 0
 4496 4534 4440 4914 0
 5332 5480 5475 2915 0
 5332 5376 2497 5480 0
 623 5219 805 731 0
 623 5219 4513 805 0
 5394 4754 5326 4899 0
 5394 4899 4163 4638 0
 3254 4163 4638 5394 0
 1059 4163 3254 5394 0
 1059 5394 5326 4163 0
 4301 4395 4911 5291 0
 3910 3931 5396 3947 0
 3910 3921 3947 5396 0
 5396 4603 3921 3947 0
 4516 4670 4221 5275 0
 4450 4221 4670 5275 0
 4347 4349 4465 5264 0
 4347 4546 4349 5264 0
 5427 4510 5696 5070 0
 4857 5397 4175 4338 0
 4510 5696 5432 5427 0
 4549 5398 2497 4421 0
 5398 4982 2497 4421 0
 5475 4194 2497 4982 0
 5133 4281 5277 5399 0
 5399 5067 5277 4479 0
 5505 5399 4281 5133 0
 5399 4733 5067 4479 0
 3853 3931 5396 3910 0
 3853 5558 5680 5515 0
 4628 4176 4721 4588 0
 4628 5430 4510 4614 0
 2415 4365 4299 4180 0
 4588 4176 4721 4526 0
 4360 2417 4181 4086 0
 4486 5233 5659 4178 0
 1446 1560 5422 1542 0
 5422 5543 5721 1559 0
 5422 1446 1526 1560 0
 4179 4478 2425 4451 0
 623 591 4983 518 0
 591 4983 437 375 0
 518 437 591 4983 0
 2262 4692 4694 4185 0
 4478 4567 4185 4694 0
 2262 4694 4478 4185 0
 906 4374 4694 4185 0
 2290 2272 4187 4182 0
 4403 4429 4542 4182 0
 2037 4839 4183 1914 0
 4440 5024 4862 5401 0
 4403 5234 4375 4429 0
 4279 4605 5234 4375 0
 4839 4375 5234 4605 0
 4938 4351 4333 4914 0
 2091 4648 5163 4306 0
 4648 2091 5163 2246 0
 4648 2246 5163 4562 0
 4292 5125 4560 4362 0
 3369 3366 4560 4292 0
 4292 5125 3366 4560 0
 4190 4479 4471 4266 0
 4749 4266 5486 4981 0
 4190 4471 4330 4266 0
 4981 4330 4469 4266 0
 4749 4266 4981 4469 0
 4808 4469 4621 952 0
 5402 5123 5114 5081 0
 5716 4275 5402 5779 0
 1590 5449 5108 1730 0
 1640 5108 1770 1908 0
 1770 1640 4624 5108 0
 5449 4624 1590 5108 0
 4283 5675 4468 4402 0
 4283 5308 5675 4402 0
 4948 4786 4683 4191 0
 4861 4206 4545 4958 0
 4590 4861 4545 4958 0
 4563 5260 5403 5603 0
 2628 2644 2594 5404 0
 5520 5404 4943 4799 0
 4790 5524 2835 5442 0
 4943 2644 4977 5404 0
 4900 5585 5405 5195 0
 5288 5405 4900 5585 0
 5241 5293 5405 4525 0
 5195 5293 5405 5241 0
 5090 5558 5461 5297 0
 5250 5558 5461 5090 0
 4964 5501 4210 5012 0
 5012 4964 4524 4210 0
 4583 4210 4524 4964 0
 5699 5226 4303 5641 0
 5641 5774 5226 4303 0
 3632 3736 5775 3599 0
 5044 5492 5526 5775 0
 5044 5775 5526 3379 0
 3736 5492 5262 5775 0
 5262 3632 3736 5775 0
 4628 4721 4520 4527 0
 4313 5233 5113 4894 0
 4313 5619 5113 5233 0
 4313 4486 5619 5233 0
 5289 3965 3969 4875 0
 3990 3965 3969 5289 0
 4465 4829 5409 5417 0
 5409 4829 4487 5768 0
 4151 5768 5409 4487 0
 4151 4152 5358 5409 0
 5358 4465 5409 5417 0
 4437 5241 5410 5378 0
 5410 4277 5203 5580 0
 5071 5580 4277 5410 0
 5071 4277 5378 5410 0
 5328 5241 5410 4437 0
 5203 5328 4277 5410 0
 4276 5659 4486 4262 0
 5659 5233 4486 4262 0
 4551 4910 4957 4671 0
 4319 2415 4299 4199 0
 4929 4613 5677 3686 0
 4367 4613 5411 4929 0
 4262 4201 4384 4473 0
 4384 4385 4488 4297 0
 4384 4385 4297 4392 0
 5390 4508 5412 4197 0
 2823 2779 2719 5390 0
 4631 5463 2768 5412 0
 2719 5390 5412 4197 0
 4631 5463 5412 4443 0
 5412 4508 4443 4197 0
 4417 4203 5443 4567 0
 4376 993 4203 4417 0
 4417 4203 4594 993 0
 4375 4605 4821 5246 0
 4821 4774 5246 4605 0
 4168 4720 5227 1528 0
 1528 4611 4720 5227 0
 1644 4808 1603 5227 0
 5443 2451 4480 4402 0
 700 5038 689 5123 0
 5411 5657 5467 4307 0
 4929 233 3686 4307 0
 4215 4430 4216 5413 0
 5691 4214 5414 5737 0
 4364 5414 4214 4345 0
 5691 5414 4214 5337 0
 5337 5414 4214 4364 0
 3635 4572 3690 5415 0
 4572 3690 5415 4242 0
 4358 5415 5303 4242 0
 3738 3734 5303 5415 0
 4242 4358 5415 4572 0
 3798 3734 4242 5303 0
 5451 5109 3995 5416 0
 5450 5416 4908 4881 0
 5330 5109 5451 5416 0
 4662 4598 4611 1593 0
 5227 4611 4598 1593 0
 1593 4611 1528 5227 0
 4502 4546 4135 5459 0
 4372 4135 4546 5459 0
 4502 5333 5362 4135 0
 5625 5519 930 871 0
 5417 5248 5607 5712 0
 5417 4829 5409 5712 0
 5358 5417 5409 4152 0
 5213 4388 5325 4925 0
 5336 4388 4925 5472 0
 5213 5336 4388 4925 0
 5325 4388 4132 4925 0
 1308 1350 5206 5422 0
 5328 5419 4571 4906 0
 5420 4434 4166 4539 0
 4762 4539 5420 4166 0
 4681 4496 4534 4893 0
 1501 5543 5422 1559 0
 1510 1559 5422 1561 0
 5533 5422 5589 5724 0
 5533 5422 5724 5342 0
 1501 5543 5418 5422 0
 4272 4449 5064 4391 0
 4272 4903 5064 4449 0
 5268 5064 4903 4449 0
 5423 460 464 5706 0
 5423 464 436 485 0
 4234 1735 5424 3663 0
 4269 5424 4525 4234 0
 4234 5424 1735 4269 0
 3814 3673 5424 3739 0
 3814 5137 5514 5151 0
 4471 5228 5067 5215 0
 4190 4471 4479 5215 0
 4703 5254 4177 4682 0
 4860 5254 4177 4703 0
 4602 4615 5426 699 0
 4602 4615 5120 5426 0
 5290 4481 4456 5197 0
 5197 5290 4481 4413 0
 4366 5355 4258 4691 0
 4549 4364 4729 4741 0
 4359 4560 4295 4967 0
 990 4219 2498 4362 0
 4359 4430 4967 4295 0
 4649 4606 4618 4430 0
 4430 4295 4359 4618 0
 4929 5677 4307 3686 0
 5657 5411 4675 5677 0
 5411 4929 5677 4307 0
 5143 4724 4686 4253 0
 5267 4399 4225 4460 0
 4399 4386 4419 5007 0
 4399 4386 4010 4419 0
 3533 5484 3543 5187 0
 3566 5683 4240 5187 0
 5095 4426 4294 5256 0
 5095 5256 4294 4711 0
 2680 2731 2722 4711 0
 5256 4294 4711 2692 0
 5287 4711 4294 2658 0
 4599 4468 4402 4283 0
 5354 5101 5191 4809 0
 5354 5191 5101 5208 0
 4524 5199 4249 5454 0
 4552 4575 5240 5208 0
 4418 4232 4524 2557 0
 4418 4552 4524 4232 0
 4572 4509 4361 4463 0
 4873 5060 4530 5496 0
 4463 4506 4509 4361 0
 4768 2813 2694 4488 0
 4198 4488 4768 2694 0
 5655 267 4846 4582 0
 5655 267 4582 234 0
 5705 299 328 267 0
 5705 328 4846 267 0
 5530 552 4424 522 0
 5099 5530 4144 504 0
 5531 5427 5070 4510 0
 5025 5531 5427 5070 0
 5531 4510 5432 5427 0
 2043 5428 4573 4341 0
 4573 5361 5428 5322 0
 2043 4341 4987 5428 0
 5361 4296 5428 5260 0
 4296 5260 4987 5428 0
 5403 5260 4987 4296 0
 5563 3631 3675 3740 0
 5563 3646 3631 3740 0
 5563 3740 3737 3646 0
 5499 5338 4881 5555 0
 5338 4881 5555 4933 0
 4343 298 4996 4139 0
 4139 272 298 4996 0
 213 4996 272 4139 0
 4139 4679 213 4996 0
 4794 4483 4139 4996 0
 4139 4483 4679 4996 0
 3047 3040 5494 5429 0
 5776 3040 5429 3051 0
 5652 3154 3096 3092 0
 5404 2828 5442 4799 0
 5404 5442 2828 5500 0
 5275 5297 4670 4426 0
 1984 4870 4609 5186 0
 4609 4870 4371 5186 0
 2105 5430 4175 5696 0
 4175 5311 5430 2105 0
 5430 2014 5696 2105 0
 4175 4863 5430 4896 0
 4175 4896 5430 5311 0
 5446 5174 5036 5431 0
 5036 339 4288 5431 0
 339 4697 4288 5431 0
 5433 171 5460 4573 0
 5224 5433 5460 4573 0
 5358 5433 5417 4152 0
 4884 4152 5433 5358 0
 5434 3911 3852 3973 0
 4603 5434 3852 3973 0
 3852 5434 5369 3911 0
 4603 5434 5369 3852 0
 4386 4830 5096 5039 0
 5096 5039 4830 4979 0
 3470 3541 5250 3423 0
 3470 5558 5250 3633 0
 3470 3633 5250 3541 0
 4282 4861 5581 4773 0
 5519 5282 5626 4819 0
 735 803 812 5519 0
 5435 4331 4829 5607 0
 5435 4829 4465 5417 0
 4347 4349 5435 4465 0
 5046 5221 5436 4315 0
 5503 4434 5425 4340 0
 5221 4494 4166 5436 0
 4434 5503 5436 4340 0
 4781 4270 3682 3754 0
 4289 4345 4292 5414 0
 4289 4292 5337 5414 0
 3856 5265 3839 3848 0
 3836 3845 5265 3857 0
 4709 3836 3839 3799 0
 5629 4709 3799 3836 0
 4236 3836 3845 5265 0
 4650 5265 3866 5130 0
 4830 4236 5265 3512 0
 4237 2563 5266 3792 0
 4237 5266 3714 3792 0
 3764 3726 3741 5266 0
 4948 4173 4191 4702 0
 5242 5701 3589 3725 0
 5242 5701 5778 3589 0
 3589 5701 5778 3433 0
 846 4619 4149 5020 0
 5120 5020 4149 4619 0
 680 573 478 5439 0
 602 478 5439 680 0
 602 680 5439 731 0
 5034 4426 4294 4389 0
 5034 4389 4370 4426 0
 5034 4389 4229 4370 0
 5252 4014 3970 3977 0
 3518 5268 4635 3569 0
 3637 5685 3711 5268 0
 3711 5685 3805 5268 0
 5268 4903 5306 4956 0
 5268 4617 4635 4449 0
 4264 3945 3963 3957 0
 4264 5165 5365 5134 0
 4731 4228 5276 4545 0
 5209 4228 5276 4731 0
 5438 494 573 401 0
 494 401 5438 393 0
 5153 4450 4768 4758 0
 4865 4198 4493 5153 0
 2684 4768 4198 2534 0
 2534 5153 4768 4198 0
 2534 4198 4865 5153 0
 5439 5438 4141 4970 0
 4879 4141 4970 5439 0
 5439 4879 4141 5219 0
 518 5439 4141 5219 0
 5498 5235 4285 4944 0
 4944 4285 4863 4175 0
 2901 5442 2835 2896 0
 2835 2896 5442 5524 0
 4977 4790 5442 5524 0
 5643 5320 5440 4407 0
 629 5440 4137 513 0
 5440 377 4770 5231 0
 5440 5643 629 5320 0
 5440 4137 513 377 0
 1244 5177 4145 5441 0
 5513 4807 4251 5441 0
 5441 5147 5177 4251 0
 4495 5113 4313 5108 0
 5655 5470 4582 4846 0
 5655 5470 5185 4582 0
 5548 5226 4846 5699 0
 485 507 452 5519 0
 5282 803 5519 5625 0
 803 5625 871 5519 0
 4870 4929 5467 105 0
 4870 5132 4929 105 0
 4405 5166 4391 5086 0
 4854 4970 309 267 0
 4846 328 4970 267 0
 930 943 5519 5625 0
 4424 5552 5625 507 0
 4424 5625 498 507 0
 4733 4831 4281 5067 0
 5399 4281 5277 5067 0
 5399 4733 4281 5067 0
 5520 5404 2577 2594 0
 2615 2577 5520 5404 0
 5168 5448 5567 4489 0
 5186 5168 4767 4990 0
 2736 2748 2687 4971 0
 1389 1443 5224 4462 0
 5224 1413 1389 1385 0
 1443 5224 4462 5591 0
 1496 1316 4317 5359 0
 1449 1496 1316 4317 0
 5362 4484 4890 4134 0
 5404 4806 5442 5500 0
 4977 5442 4806 5524 0
 4400 4504 4586 4490 0
 4533 4490 4504 4400 0
 5408 4400 4504 4586 0
 4400 5540 5408 4504 0
 4400 4581 5504 4533 0
 4518 5044 5725 5262 0
 4316 4340 5046 5373 0
 4316 5373 5046 4475 0
 4475 5582 5373 5141 0
 1465 5340 5031 1479 0
 4328 3455 5283 4649 0
 2132 2109 5447 2049 0
 2041 5447 2109 2049 0
 2055 1949 5447 5215 0
 2041 5447 1949 5277 0
 4879 4852 5219 4987 0
 2148 4486 1908 5352 0
 1899 5352 4762 2074 0
 1899 5352 2002 1908 0
 5394 5326 4163 4899 0
 5701 4240 5168 5448 0
 4240 5707 5448 3748 0
 4301 4689 4911 4395 0
 1387 4301 1467 4911 0
 4243 3702 3763 5303 0
 5515 4405 4919 5086 0
 5515 4919 4238 5086 0
 5350 5245 900 5355 0
 1659 4173 4948 4702 0
 5614 2293 4173 4702 0
 5614 4173 1659 4702 0
 492 519 5506 570 0
 5640 5494 5713 3464 0
 4530 4233 5455 5094 0
 4233 2883 2987 4530 0
 4530 2883 5455 4233 0
 4566 4353 5449 5539 0
 4312 4353 5449 4448 0
 5539 4566 5188 5449 0
 5484 3456 3476 5640 0
 5640 3476 5484 5517 0
 3104 3060 3079 5640 0
 5640 5517 3104 3060 0
 4480 5450 4460 4271 0
 4271 4480 5450 4881 0
 3995 4480 5450 4460 0
 4480 5416 5450 4881 0
 4480 3995 5450 5416 0
 5330 5670 5512 5451 0
 4480 4249 3995 5451 0
 4480 4209 4249 5451 0
 4480 5451 3995 5416 0
 5512 5451 4480 5416 0
 5512 5670 4209 5451 0
 5621 4473 4197 2420 0
 3060 5517 3104 3068 0
 5640 3476 5517 3464 0
 3787 3936 5393 5360 0
 3890 3936 5393 3787 0
 5393 5203 3834 3787 0
 3079 3104 5484 3133 0
 5690 5484 3513 5517 0
 3079 5484 3104 5640 0
 5495 5390 4515 4392 0
 4216 4876 5390 4392 0
 5479 4876 4631 5390 0
 5418 1501 1505 5543 0
 3075 5453 3163 3243 0
 3163 3272 3243 5453 0
 5453 5182 3163 5023 0
 5105 5147 5465 4975 0
 5600 5147 5105 5383 0
 4163 4320 1972 4476 0
 4160 1681 1653 5456 0
 4291 5456 4160 1600 0
 4160 1681 5456 5432 0
 5457 5717 4513 1081 0
 4190 5001 4471 5458 0
 4190 4471 5215 5458 0
 4502 4135 5362 5459 0
 4372 5362 4135 5459 0
 4817 5045 5120 4659 0
 4659 5120 5020 5045 0
 5224 5460 4152 1343 0
 4152 5417 5248 5460 0
 5433 5417 4152 5460 0
 5224 5433 4152 5460 0
 5442 2960 5497 5573 0
 5442 2896 5573 5524 0
 4918 4414 5348 4278 0
 4918 4278 5348 5052 0
 5004 4372 4926 4591 0
 3327 5461 4516 5250 0
 5542 4739 5723 5193 0
 4739 5542 5723 3371 0
 5723 3327 5461 4516 0
 5461 5723 4516 5297 0
 5406 5461 4516 5297 0
 4583 4210 4637 4548 0
 5212 4548 4637 4210 0
 5501 4637 4210 5212 0
 4964 4210 5501 4637 0
 4964 4210 4637 4583 0
 5462 2712 2565 2693 0
 2624 5462 2565 5670 0
 4209 2587 5462 5464 0
 5462 5670 4209 5464 0
 4715 5149 4197 5463 0
 5463 5149 4197 4443 0
 2683 4197 5463 4715 0
 5463 4197 2683 5412 0
 5463 4197 5412 4443 0
 5445 4655 4209 5464 0
 5290 4413 4921 4481 0
 853 4921 4481 5290 0
 5645 5465 5147 4975 0
 4293 5222 4643 4174 0
 1633 4383 1546 4174 0
 1728 4293 4643 4174 0
 1633 4643 4174 1728 0
 4174 1633 4383 4643 0
 4174 4383 5222 4643 0
 5023 5406 5466 5453 0
 3432 3341 5453 5466 0
 3337 3272 5023 3432 0
 5466 5453 5250 3341 0
 5453 3432 5466 5023 0
 3079 3050 5640 3060 0
 5484 3430 3373 3317 0
 5231 4407 5440 4137 0
 4433 5231 4521 4770 0
 5231 4407 4521 4770 0
 3101 5103 3205 2939 0
 2991 5103 3101 2939 0
 5370 3205 5103 2939 0
 4371 5168 4870 5701 0
 4371 4870 5168 5186 0
 2208 2344 5131 2397 0
 4570 5131 2344 2397 0
 1561 5422 5589 5721 0
 3328 3345 3483 5232 0
 5232 4704 4672 3345 0
 5206 1350 4355 5422 0
 4197 4384 2641 4515 0
 5621 4384 2641 4197 0
 2664 5621 4488 4384 0
 3286 3253 5526 3199 0
 4891 5526 3253 3199 0
 5300 4841 4320 4527 0
 5468 5692 3009 2975 0
 5692 4231 5468 3995 0
 3154 5608 3096 4378 0
 5608 3154 3096 5652 0
 4928 4951 5469 4519 0
 4970 5029 4414 5487 0
 5470 2043 5279 5029 0
 5470 5548 5185 5643 0
 2043 4879 5487 4846 0
 4970 4414 4879 5487 0
 5548 2043 5470 4846 0
 5317 5537 4807 5735 0
 5172 4172 5471 5505 0
 5172 4172 5754 5471 0
 498 452 5282 416 0
 3393 3290 5191 3220 0
 3220 5208 5191 3393 0
 5617 5472 4834 5336 0
 1951 1863 1876 5473 0
 4174 5026 1863 4192 0
 5026 5473 1863 4192 0
 2019 2029 5473 1951 0
 5473 4192 4404 2019 0
 5473 4404 4192 5026 0
 4780 5649 4682 4177 0
 5474 1578 1654 1576 0
 5474 1654 1578 5383 0
 5300 1654 5474 5383 0
 4754 5508 1513 5474 0
 4194 5387 5475 5507 0
 5667 4194 5475 5507 0
 5667 5480 5475 4194 0
 2838 5331 2939 5476 0
 3047 5477 5429 3096 0
 3047 5477 3092 3039 0
 3016 3039 3011 5477 0
 5308 5179 4994 4646 0
 5445 4994 5179 4646 0
 5308 4994 2443 4646 0
 5268 5685 5478 3637 0
 5268 5478 5685 4449 0
 3658 5478 4335 4244 0
 3658 5478 5685 3637 0
 5478 4335 4244 4391 0
 821 683 4615 720 0
 4555 4328 4385 4297 0
 4450 5058 4768 4853 0
 2368 5311 2175 2126 0
 2292 2126 5311 2368 0
 2368 2321 2175 5311 0
 4634 4945 2368 5311 0
 2368 4901 2321 5311 0
 2791 4631 2715 2768 0
 4216 4876 5479 5390 0
 4657 5463 2715 4631 0
 4818 94 5381 4757 0
 4818 5381 94 101 0
 5022 5381 104 89 0
 5022 89 4757 5381 0
 101 5381 89 104 0
 2841 5390 2925 2893 0
 2893 4216 5479 5390 0
 2954 5479 2893 4216 0
 2834 5691 2913 5665 0
 4291 1564 4160 4975 0
 4419 4968 4431 4356 0
 4431 4419 4356 4225 0
 4342 4542 4329 4201 0
 4498 4542 4329 4342 0
 226 262 323 4665 0
 4251 5465 5147 5645 0
 284 331 5314 287 0
 5314 4502 5333 277 0
 116 141 166 5315 0
 5315 141 78 116 0
 4652 4018 4040 4048 0
 4047 4040 4063 4652 0
 4040 4048 4063 4652 0
 150 215 5366 139 0
 123 4818 119 139 0
 4030 4032 4036 5002 0
 2830 2793 5651 5480 0
 5480 5376 2497 5140 0
 1850 1976 4858 1918 0
 1877 4858 1918 1850 0
 1877 1850 1813 4858 0
 1850 1911 4858 1976 0
 2027 4622 4858 1976 0
 2880 5481 2884 2707 0
 2707 4964 5454 5481 0
 2707 5481 5454 2880 0
 2787 5012 5481 2884 0
 5287 4426 4294 5095 0
 4950 247 263 296 0
 4950 194 221 247 0
 5558 4238 418 5515 0
 5193 4238 418 5558 0
 4491 5558 418 5515 0
 5558 5193 5297 418 0
 1746 1804 4177 4780 0
 1746 1804 4780 1777 0
 4177 4682 4780 5554 0
 1235 4869 1251 1262 0
 1262 4872 4869 1251 0
 4558 3679 4238 5482 0
 5558 3747 3708 5482 0
 5482 5193 4238 1225 0
 5482 4238 5193 5558 0
 2306 2356 4901 2452 0
 2452 2356 4901 2411 0
 4558 1225 5482 4238 0
 5482 3679 4238 3747 0
 5482 3747 4238 5558 0
 2756 4849 5509 4464 0
 5509 5153 2621 4464 0
 5509 5153 2553 2621 0
 4643 1529 1612 1574 0
 1529 5359 1496 4643 0
 1529 1612 5359 4643 0
 4294 4973 4408 4774 0
 4821 4408 4774 2583 0
 5326 5483 5115 4320 0
 5639 4751 5300 5483 0
 4958 4773 5341 2519 0
 199 4888 166 5325 0
 135 4888 166 199 0
 4888 166 116 135 0
 4665 5325 4888 249 0
 2282 5647 2345 2271 0
 2282 5647 2271 4648 0
 5647 2421 2341 2282 0
 4648 5446 2282 5647 0
 1873 1929 1751 4974 0
 1660 1751 4974 1873 0
 4828 4672 4704 3345 0
 1536 5046 1608 5092 0
 4787 2123 4700 4860 0
 2088 4860 2158 2123 0
 5484 5187 5690 3543 0
 5484 3133 3151 3091 0
 3192 3025 3093 4455 0
 2923 4725 3093 4455 0
 3091 5284 5609 5484 0
 5484 5187 5284 5609 0
 4892 3475 4739 3401 0
 4997 4839 5234 4188 0
 2096 4839 1950 2087 0
 2096 2237 4839 2087 0
 4953 1088 1151 1115 0
 4953 1115 1114 1061 0
 2645 4657 2723 4660 0
 2645 5598 4827 4657 0
 5322 4573 5320 4407 0
 5322 5320 5643 4407 0
 2306 2289 5668 2356 0
 2424 4994 2480 2412 0
 2464 4994 2456 2387 0
 2480 2424 2488 4994 0
 2464 2412 2480 4994 0
 3930 3943 5263 3900 0
 208 4698 5315 173 0
 281 239 4698 208 0
 1156 4154 5485 889 0
 1156 4611 5485 4154 0
 4611 4938 4333 5485 0
 4038 4060 5353 4069 0
 3946 4650 5353 4020 0
 1502 1647 5031 1479 0
 1583 1770 5031 1647 0
 5486 5301 4479 4266 0
 5486 5301 4587 4479 0
 4479 4190 5118 5486 0
 1759 4479 5118 5486 0
 5486 4266 4479 4190 0
 1741 5693 1779 1711 0
 4714 1087 5320 5005 0
 4714 1198 5005 1236 0
 428 5314 331 409 0
 428 4581 5314 409 0
 277 229 5333 5314 0
 246 5333 229 184 0
 4502 5333 4999 5362 0
 310 341 317 5024 0
 5024 386 341 317 0
 5024 317 310 5676 0
 3445 3439 5429 5494 0
 5429 3439 5743 5494 0
 5776 3051 5429 3073 0
 1760 4777 1840 1797 0
 5334 2181 2177 2253 0
 2101 2177 5334 2181 0
 2043 4136 5487 4852 0
 2043 4852 5487 4879 0
 5029 4136 5487 2043 0
 5470 5029 5487 2043 0
 5470 5487 4846 2043 0
 883 784 4936 681 0
 4936 681 5350 883 0
 619 784 681 4936 0
 883 5350 988 681 0
 4951 1263 5382 1285 0
 5115 5382 1285 4951 0
 2790 4768 5058 2753 0
 2868 2790 5058 2858 0
 4739 5193 5482 3455 0
 4892 3455 4739 5482 0
 400 5213 314 323 0
 4951 1301 1239 1263 0
 2684 4198 2465 2534 0
 2534 4865 4198 2465 0
 4249 5375 4231 4917 0
 4249 4231 3995 5109 0
 5484 3091 3079 3133 0
 1452 5645 1270 1298 0
 1452 5645 1373 1265 0
 170 5333 4802 187 0
 153 5022 126 184 0
 184 5333 5022 170 0
 187 4999 5333 4802 0
 5645 1270 1265 1452 0
 5645 5177 1298 1452 0
 5645 5147 5177 1452 0
 4535 4627 4959 4574 0
 4627 4574 4535 4369 0
 3244 5125 3366 4292 0
 4292 3244 5125 5370 0
 5103 5125 5370 5107 0
 1946 5696 2028 4777 0
 643 5699 573 680 0
 4147 1464 1406 5488 0
 4147 5488 1406 5611 0
 4147 4566 5188 5488 0
 4147 5488 5188 1464 0
 4147 5270 4566 5488 0
 4147 5270 5488 5611 0
 3619 4311 3553 3631 0
 1660 1612 4643 4974 0
 1751 1660 4974 1612 0
 4798 191 5489 5381 0
 1660 4293 4643 1728 0
 153 5489 191 5381 0
 5333 5489 5314 229 0
 5524 2651 2669 4909 0
 5524 2669 4943 4909 0
 2833 5575 5524 4916 0
 5490 4900 5405 4906 0
 5096 4979 5490 4277 0
 3395 4552 3407 3493 0
 5606 4979 5490 5130 0
 5130 5203 5490 5606 0
 3493 4552 4572 3395 0
 5606 5203 5490 4277 0
 4277 5241 5328 5490 0
 5096 5405 5490 4900 0
 3115 4345 5414 5491 0
 4269 5424 1735 5356 0
 4269 5378 4525 5424 0
 5424 5378 5356 4269 0
 618 4681 4640 763 0
 5356 5378 5339 4269 0
 5650 5548 5185 5655 0
 5650 318 5655 5185 0
 4650 3857 3909 3882 0
 4236 3845 4650 5265 0
 4652 4063 4047 5733 0
 3672 3736 3599 5492 0
 3825 3736 3672 5492 0
 5262 3736 3825 5492 0
 4999 4565 100 5063 0
 4999 4553 5459 5063 0
 4999 140 100 4565 0
 4829 4487 1396 1337 0
 3334 3379 5526 3441 0
 5775 5492 3599 3736 0
 3334 5526 3379 3286 0
 3466 5775 3599 3499 0
 3499 5775 3599 3501 0
 5526 3379 3286 5044 0
 3441 3379 5526 3466 0
 1331 4911 1420 1390 0
 3842 3771 5782 3745 0
 3648 5782 3771 3745 0
 3745 5782 3842 5493 0
 3842 5782 3771 5263 0
 5678 5537 4807 5317 0
 399 5346 4698 4482 0
 399 5346 413 4698 0
 399 514 413 5346 0
 399 5346 4482 514 0
 634 4482 558 4712 0
 1518 1469 5092 1523 0
 1471 1469 5092 1518 0
 1727 1679 4948 1685 0
 1661 4173 1679 4948 0
 5019 5175 4746 2849 0
 2888 2817 2849 4746 0
 5019 2849 4746 2929 0
 4746 2888 2817 4885 0
 5175 4746 4728 5019 0
 3474 3538 4630 4764 0
 5608 5494 5671 3445 0
 5494 3096 3068 3047 0
 4183 5234 4997 4839 0
 1950 4839 1914 4997 0
 5640 5517 5494 3464 0
 4250 799 940 837 0
 4250 862 5408 757 0
 5408 862 910 757 0
 2939 5103 5370 5331 0
 4250 837 940 976 0
 201 162 4996 4679 0
 4953 1151 5374 1115 0
 2830 5140 2720 2763 0
 2440 2508 2388 4874 0
 1272 1303 1273 4939 0
 1204 1273 4939 1272 0
 5140 5304 4998 4195 0
 5304 468 4998 4195 0
 4195 5076 5304 468 0
 5304 5076 5136 4761 0
 4216 3023 5167 5495 0
 4216 5167 4392 5495 0
 4392 5167 4555 4297 0
 3889 5302 5324 4044 0
 4610 4625 2918 2984 0
 4260 4625 4610 2984 0
 3392 5354 3389 3316 0
 3503 3413 3392 5354 0
 5070 4175 4472 5430 0
 5430 4175 5696 5070 0
 5397 5696 4175 5070 0
 5354 4809 5191 3316 0
 1750 5486 1769 4749 0
 1769 4749 5486 4981 0
 206 4802 179 175 0
 206 221 4950 175 0
 1712 4587 5486 4749 0
 3109 2987 5496 4233 0
 2987 4530 5496 4233 0
 4873 4530 4233 5496 0
 4788 4873 4233 5496 0
 4487 5425 5061 4304 0
 5591 1469 5092 1471 0
 2855 5497 2914 2921 0
 1760 4777 5456 1809 0
 3664 5415 3734 3688 0
 1760 1809 1840 4777 0
 3738 3734 5415 3688 0
 4250 4456 926 748 0
 5484 5690 3513 3543 0
 5484 5517 3476 3513 0
 5001 2339 2286 2181 0
 5001 2181 2253 2339 0
 5066 4573 171 4407 0
 4859 5084 1209 4673 0
 5295 1106 927 1039 0
 4305 4170 4422 4537 0
 4298 4305 4422 4537 0
 1260 5553 1242 1285 0
 1285 5553 1242 1263 0
 5115 1285 5553 1260 0
 5382 1263 5553 1285 0
 5115 5553 1285 5382 0
 3380 3469 3478 4528 0
 4502 4553 4910 5459 0
 4621 4858 1727 4173 0
 5612 5305 2738 2591 0
 176 215 5366 248 0
 204 5366 4798 248 0
 4798 5366 5040 215 0
 5404 2710 2696 5500 0
 2736 2696 5500 4971 0
 2765 2828 5500 5404 0
 5446 2276 2199 4930 0
 4036 4245 5002 4025 0
 4036 4032 4029 5002 0
 4036 4025 5002 4029 0
 4888 5315 166 5325 0
 4888 166 5315 116 0
 135 124 4888 249 0
 2634 2618 4964 2670 0
 2634 4964 2618 2574 0
 4655 4964 4637 4583 0
 2490 4964 2574 4637 0
 2073 1937 4842 2056 0
 2080 4787 2179 2140 0
 5359 1472 1529 1461 0
 2666 2636 5053 2705 0
 2750 5053 2705 2666 0
 2750 5368 2705 5053 0
 2611 2564 5136 2582 0
 1246 1262 4869 1235 0
 4148 4869 1235 1246 0
 2306 2452 4901 2406 0
 5111 5052 290 4591 0
 4849 5509 4464 4734 0
 4687 3061 5049 3070 0
 4687 2993 3061 3070 0
 3120 3061 5049 4687 0
 2559 4655 2474 2429 0
 2559 2474 4655 2570 0
 2429 4655 2476 2559 0
 4331 1000 1035 972 0
 5599 5570 4925 5656 0
 5533 5653 1594 5518 0
 5653 5518 1674 1594 0
 5380 4959 4321 4535 0
 4812 4321 4535 5380 0
 3007 5634 2963 2959 0
 2549 2552 4973 2602 0
 4916 5575 5524 5400 0
 5733 4063 4072 4652 0
 4091 5733 4083 4072 0
 3545 5049 3634 5171 0
 3648 3545 3634 5782 0
 3545 5171 3634 5782 0
 2708 2742 5524 2669 0
 4818 5366 150 5040 0
 4818 150 5366 139 0
 2330 5647 2345 2392 0
 152 139 5366 176 0
 139 215 5366 176 0
 4562 4648 2271 5647 0
 5375 5481 5199 4500 0
 2880 5481 4500 2884 0
 5375 5454 5199 5481 0
 5251 5372 4432 4476 0
 5372 4939 4476 5251 0
 1006 941 4303 1010 0
 1089 4563 5774 1149 0
 1006 4303 5704 1010 0
 4665 5325 249 304 0
 2750 2814 5368 2776 0
 2814 5368 2776 2825 0
 2750 2764 2705 5368 0
 2750 5053 2776 5368 0
 5206 1277 5736 1245 0
 5418 5736 5342 5206 0
 1727 1679 4173 4948 0
 4340 4151 5092 5373 0
 5373 4340 5046 5092 0
 4043 5278 4902 4066 0
 4413 4146 4666 5421 0
 4043 4902 3927 4031 0
 3648 3600 3545 5502 0
 3545 3451 5502 3600 0
 3648 3545 5782 5502 0
 3545 5171 5782 5502 0
 3545 5502 3451 5171 0
 4552 5240 4418 5139 0
 4552 4418 4524 5139 0
 4524 4212 5199 5139 0
 3474 4764 4630 3437 0
 5503 1591 5541 5092 0
 5503 1591 1656 5541 0
 1756 5503 4166 5031 0
 4434 5503 5031 4166 0
 5541 5436 5503 5092 0
 4166 4434 5503 5436 0
 4581 4533 5142 5504 0
 4581 5504 5142 4816 0
 4581 794 5504 722 0
 4581 5540 5504 794 0
 4581 722 5504 4816 0
 4581 4400 5504 5540 0
 5038 947 5295 927 0
 5295 927 1106 5601 0
 4585 2912 3102 2986 0
 3992 5289 3888 4489 0
 5289 5097 5630 5527 0
 5423 436 452 485 0
 4057 4049 4075 5662 0
 5005 1189 1211 1196 0
 5374 4859 1189 1151 0
 4057 4084 5662 4075 0
 893 4953 5374 1012 0
 139 119 152 5366 0
 4057 5137 5662 5419 0
 4818 5366 119 139 0
 5374 1012 1114 1073 0
 5374 1196 1189 5005 0
 5374 4859 5005 1189 0
 5662 4057 4049 5137 0
 5005 4859 1211 1189 0
 1196 1236 1211 5005 0
 1573 1658 1665 4305 0
 4174 5546 4305 1665 0
 5546 2293 5614 4702 0
 5546 4702 5614 1722 0
 1500 4475 5710 5046 0
 1577 5710 1500 4475 0
 1500 5046 5710 1614 0
 1577 5710 1614 1500 0
 3545 3529 5049 3488 0
 5521 1268 4869 4753 0
 5049 3529 3418 3488 0
 3970 4032 4014 5002 0
 4892 3550 5482 4739 0
 4892 3628 5482 3550 0
 4892 3401 4739 4649 0
 4649 4739 4892 3455 0
 153 5022 184 5333 0
 170 5022 4802 5333 0
 104 153 5022 126 0
 2132 4646 5447 2327 0
 2132 4646 2221 2226 0
 2132 5001 4646 2226 0
 2327 4646 5447 4189 0
 3997 4030 5002 4014 0
 4030 4026 3993 5214 0
 3997 5002 4030 4467 0
 3997 3993 3998 4467 0
 2695 5305 2545 5501 0
 5139 3257 3169 4500 0
 3326 3407 4552 3257 0
 3326 4552 3407 3395 0
 2489 4901 2406 2368 0
 2489 2368 2441 4945 0
 4945 4901 2368 5311 0
 1930 4703 1837 1952 0
 5387 4327 5646 5587 0
 4593 4829 5061 4465 0
 5387 5587 5646 5507 0
 3703 3655 4243 4335 0
 4129 4243 4335 5266 0
 4335 3703 5266 4243 0
 4129 4243 5307 4335 0
 3655 5307 4243 4335 0
 2814 2825 2861 5368 0
 2594 5404 4943 5520 0
 208 141 5315 166 0
 4607 1737 4899 5508 0
 1737 5508 4607 1654 0
 5508 1654 5300 4607 0
 2534 4768 5153 5509 0
 2534 5153 2553 5509 0
 2662 2656 2534 5509 0
 2534 5509 2553 2662 0
 2534 4768 5509 2656 0
 5418 1510 5342 1466 0
 2080 2179 4787 2123 0
 2073 2140 4787 2080 0
 2123 4787 4700 2242 0
 2735 2825 2776 5368 0
 2601 2576 2433 5379 0
 2506 2601 2433 4821 0
 2631 5379 5594 2647 0
 2601 5594 5379 4408 0
 5510 5376 4364 5332 0
 5510 4214 4337 4345 0
 2884 4500 2962 3001 0
 5510 5480 5332 2974 0
 2974 4214 4337 5510 0
 4364 4345 4214 5510 0
 4607 4841 4160 5300 0
 4726 4945 2540 2505 0
 4841 5105 4984 5300 0
 2505 4945 2540 2441 0
 4945 2540 5136 4726 0
 4320 5300 5105 4841 0
 5511 896 843 892 0
 5511 5656 774 5599 0
 101 104 120 5381 0
 5511 896 892 972 0
 120 153 5381 104 0
 104 153 5381 5022 0
 699 604 642 4602 0
 4602 604 4615 699 0
 699 4602 642 732 0
 4615 604 605 699 0
 152 5366 119 127 0
 4818 5381 101 119 0
 101 5381 127 119 0
 4480 5179 4209 5512 0
 5555 5512 5416 5330 0
 5330 5512 5416 5451 0
 4480 5512 4209 5451 0
 5341 4206 4861 4958 0
 3949 5389 3875 3902 0
 2928 2812 4731 2930 0
 2930 2874 2812 4731 0
 2735 2825 5368 4731 0
 4731 2874 2812 2825 0
 3700 5620 4235 3694 0
 3989 5389 3949 3902 0
 4590 4958 4731 2806 0
 4503 4638 4578 5394 0
 5394 4578 4503 5521 0
 4392 4385 4297 4555 0
 101 127 5381 120 0
 1984 4870 5529 4609 0
 4818 5381 119 5366 0
 119 5381 127 5366 0
 1984 4711 5106 5529 0
 1213 1138 1182 5513 0
 5710 5046 4475 4316 0
 1004 5426 821 683 0
 683 699 1004 5426 0
 4757 4833 4134 4818 0
 4679 4833 4757 4818 0
 4833 4483 4818 4679 0
 5103 4215 5479 2954 0
 5479 4876 4215 5103 0
 3013 2954 4215 5103 0
 5479 4876 5103 4631 0
 5479 5103 2954 4631 0
 5278 3927 5151 3829 0
 4902 5514 5151 3927 0
 3927 5514 5151 3829 0
 3927 3915 5514 3829 0
 3739 5514 3915 3829 0
 3739 3829 5151 5514 0
 5515 4919 3926 4238 0
 4272 5209 5128 4730 0
 2994 4455 5128 5209 0
 2844 5516 5767 2851 0
 3104 3068 5517 3149 0
 3149 4378 5517 3214 0
 3040 5494 3060 3068 0
 1638 1669 5518 5561 0
 1594 1637 5589 5518 0
 3399 3222 3233 5413 0
 3399 3222 5413 3308 0
 5167 4430 3399 5413 0
 3399 5413 3233 5167 0
 3458 3580 5146 4577 0
 3458 4788 4577 5146 0
 3580 5307 5146 4577 0
 2551 5520 2572 2603 0
 5113 5280 5649 4985 0
 5113 4651 5649 4086 0
 4985 5280 5649 4314 0
 5649 4086 4651 4177 0
 5607 1271 1157 4829 0
 3948 5165 3938 3961 0
 3938 5165 3948 5572 0
 3923 3948 5572 3938 0
 5134 5165 5572 3948 0
 5134 3948 5572 3923 0
 1341 5521 1368 4578 0
 4578 4503 5521 1368 0
 2976 5573 2908 2921 0
 5064 4405 4272 4391 0
 5481 5012 4524 4232 0
 2942 2879 2884 5012 0
 2942 4500 2884 3001 0
 5481 4524 4500 4232 0
 1933 4780 1868 5522 0
 4162 1730 1828 5108 0
 4162 1761 5522 1828 0
 1426 5056 4369 1530 0
 3940 4264 5523 5661 0
 4307 4264 5523 4875 0
 5519 928 918 943 0
 5519 943 5552 5625 0
 4268 5329 5388 5310 0
 4268 5386 4194 5388 0
 872 734 4946 965 0
 872 5644 4946 734 0
 4378 5494 3096 5517 0
 5640 3060 5494 5517 0
 2779 2925 5390 2823 0
 2841 5390 2779 2925 0
 2893 2925 4216 5390 0
 2823 4515 2925 5390 0
 4918 5052 5348 4983 0
 5618 5140 5651 2497 0
 5667 5480 4194 5651 0
 5480 5140 2497 5651 0
 629 5643 715 5562 0
 5440 5185 548 5643 0
 3054 3091 3079 5484 0
 4875 5289 5097 4489 0
 4875 5523 5097 5289 0
 4307 5523 5097 4875 0
 4402 5308 5228 5179 0
 5732 3010 5497 5740 0
 5740 3217 4371 3160 0
 3217 3160 5740 3121 0
 5024 5676 4862 5401 0
 5525 5183 4347 4502 0
 5314 5183 5525 4502 0
 5525 4347 5142 4135 0
 3286 3253 3334 5526 0
 3286 3199 5526 5044 0
 5636 583 570 5506 0
 570 5506 583 519 0
 5520 4790 4909 5400 0
 2616 5404 2615 5520 0
 3910 3896 3921 5396 0
 5631 3852 3896 3921 0
 5631 4603 3852 3921 0
 5132 4870 5529 1984 0
 5529 5132 4367 4870 0
 5215 5228 5067 4189 0
 5277 5067 4189 5215 0
 5454 5462 4209 2587 0
 5451 4209 4249 5454 0
 5451 4209 5454 5462 0
 5451 5670 4209 5462 0
 2904 4230 2889 5528 0
 4230 2904 2943 5528 0
 4230 5528 3157 5467 0
 5528 5467 4230 5411 0
 3151 5690 3198 3133 0
 3151 3198 5690 3216 0
 5484 5187 5609 5690 0
 5484 3133 5690 3151 0
 5404 2687 2644 4977 0
 5500 4971 2696 5404 0
 5372 4574 4438 4951 0
 4845 5372 4438 4951 0
 4438 4574 5544 4951 0
 4711 2743 5715 5529 0
 4711 2731 2743 5529 0
 4711 5715 5106 5529 0
 4711 2700 2731 5529 0
 5517 3104 3149 3133 0
 5484 3133 3104 5517 0
 4355 1401 5422 1350 0
 5418 5152 5206 5422 0
 5677 5082 4518 3686 0
 942 5530 921 933 0
 921 933 5530 887 0
 915 5530 895 921 0
 5530 887 895 921 0
 5456 4160 5432 4291 0
 5078 4992 5531 4841 0
 4291 4160 5531 4841 0
 5025 4291 5427 5531 0
 5456 4291 5432 5427 0
 5078 4992 5025 5531 0
 1810 5532 5545 5118 0
 5532 5291 5399 5693 0
 5532 5277 5399 5133 0
 5532 5277 5133 5545 0
 2587 2693 5462 2565 0
 5454 5462 2587 2693 0
 2693 5454 2673 2587 0
 5543 1542 1450 1446 0
 5422 1446 1542 5543 0
 1409 5533 1362 4355 0
 1401 1519 5533 1526 0
 1409 1534 5653 5604 0
 3634 3571 4246 5534 0
 5367 5658 5534 5637 0
 3571 5658 4246 5534 0
 5637 4387 5534 5367 0
 494 5438 5176 393 0
 2884 5012 5481 2942 0
 2884 5481 4500 2942 0
 4612 4507 4910 4388 0
 5605 4467 4903 4956 0
 4903 4467 5306 4956 0
 4903 5064 5306 4467 0
 2628 2687 2644 5404 0
 4413 4813 4921 5535 0
 1059 5357 5535 5216 0
 4413 4921 5216 5535 0
 5357 4869 1059 5535 0
 5535 5521 4813 4869 0
 4962 5694 5015 5400 0
 2336 5313 2278 5498 0
 4857 5313 2336 5498 0
 3207 5413 3239 3376 0
 3308 3239 5413 3376 0
 3207 5413 3376 4215 0
 3345 5232 4686 4672 0
 3328 5232 3398 3245 0
 3245 3270 5232 3398 0
 3015 3039 5536 3011 0
 3066 5536 3015 3039 0
 3066 3103 5536 3039 0
 791 756 5051 5537 0
 4551 4128 4671 4957 0
 4551 24 2 5063 0
 4671 4957 4128 4661 0
 5678 5051 5537 5317 0
 5678 756 5537 5051 0
 5538 792 868 852 0
 918 868 852 5538 0
 918 5538 5549 868 0
 5538 792 5654 868 0
 5285 4128 4957 4661 0
 5765 4960 730 5761 0
 4269 4234 4525 5225 0
 4269 4525 5405 5225 0
 5488 5539 5188 4312 0
 5270 4353 5539 4312 0
 5488 5270 5539 4312 0
 5539 4353 5449 4312 0
 4312 5539 5188 5449 0
 4313 1770 5420 5108 0
 4313 5420 4495 5108 0
 3368 5208 3220 3387 0
 3220 3387 5208 3393 0
 714 5540 4581 794 0
 4581 5540 714 4130 0
 4581 4130 4400 5540 0
 5541 4166 1748 1656 0
 5221 5436 4166 5541 0
 5221 1814 5541 4166 0
 5503 1656 4166 5541 0
 4166 5436 5503 5541 0
 5482 5542 3550 3614 0
 5542 5723 5461 5193 0
 4739 5482 5193 5542 0
 4739 3473 3550 5542 0
 5146 5255 5307 4129 0
 5307 5255 5146 4577 0
 4863 4614 5430 4896 0
 5543 1450 1580 1489 0
 5543 1450 1542 1580 0
 1181 1254 5544 4574 0
 2041 5277 1949 5545 0
 2041 5133 5277 5545 0
 1968 5545 2041 1949 0
 5532 5545 5133 1896 0
 1968 1896 5545 1949 0
 3449 1735 3246 3604 0
 5143 4966 1735 3246 0
 1665 1796 1699 5546 0
 4174 5026 5546 1863 0
 5473 1951 1863 4192 0
 5026 5546 1863 5473 0
 4305 2293 5614 5546 0
 4305 5546 5614 1658 0
 3733 5162 3667 3593 0
 3583 5162 3593 3667 0
 5588 5162 3733 3593 0
 5423 419 436 464 0
 2976 2977 5573 5497 0
 5279 2043 5643 4407 0
 5470 2043 5548 5643 0
 5549 485 507 490 0
 507 5549 5519 485 0
 5519 5538 5706 5549 0
 2939 5370 3205 5550 0
 5550 5331 3045 5476 0
 5608 5494 3096 4378 0
 5429 3047 3096 5494 0
 5494 5608 3096 5429 0
 5136 4726 5076 4195 0
 5136 4195 5304 2657 0
 5304 5076 4195 5136 0
 5511 931 896 972 0
 5511 972 5292 931 0
 5464 2587 5462 2565 0
 5462 5670 5464 2565 0
 2646 2661 5575 2746 0
 4503 4413 5521 4666 0
 4503 1059 5521 4413 0
 5408 5540 913 4504 0
 5408 4559 757 663 0
 5408 757 4559 4250 0
 5408 783 903 790 0
 714 790 5540 913 0
 5408 5540 783 790 0
 2509 2507 5551 2556 0
 913 5540 794 4504 0
 5551 2556 2507 2560 0
 5551 2515 5520 2604 0
 918 868 5549 5552 0
 5353 4060 5648 4095 0
 4123 5353 4115 4125 0
 5353 5648 4110 4095 0
 4113 4110 5353 4123 0
 1098 4813 1141 4921 0
 1263 4895 5553 1202 0
 1263 1242 1202 5553 0
 1263 4895 5382 5553 0
 5375 5199 5595 4500 0
 4500 5139 5199 5595 0
 2927 5375 5595 4500 0
 4533 4465 5142 4593 0
 4573 5361 5296 5428 0
 5417 5607 5435 4829 0
 4884 5358 5273 4512 0
 5554 4682 4674 4703 0
 1837 5554 1910 4703 0
 1910 4703 5554 4674 0
 4177 4682 5554 4703 0
 4703 4177 1837 5554 0
 5429 3040 5494 3051 0
 4496 5045 4615 4817 0
 832 4640 618 4496 0
 4208 2640 5330 5555 0
 4640 4496 832 996 0
 3031 5556 3021 3015 0
 4336 4325 4155 2024 0
 4534 4693 4336 5201 0
 5556 3055 3015 3031 0
 4639 5201 4336 4693 0
 4512 4366 4663 4379 0
 5350 4258 4639 5245 0
 805 877 979 4513 0
 850 5704 5219 1016 0
 2339 5190 4994 2456 0
 2029 2205 5557 2139 0
 2029 2139 5557 1982 0
 2029 1982 5557 4683 0
 5557 2029 4683 4404 0
 5588 5775 5262 4723 0
 5208 3220 3250 3368 0
 5208 4552 3407 3257 0
 5680 5396 5515 4491 0
 3853 5515 5680 5396 0
 4879 4970 5176 5439 0
 4131 765 5547 5207 0
 698 5547 795 4816 0
 698 5547 4131 765 0
 5370 5103 5107 5331 0
 4523 5107 4922 5316 0
 5691 5107 5331 5370 0
 3693 5571 3687 3596 0
 5594 4450 5379 4408 0
 5547 4331 4593 5435 0
 5547 4459 4331 5435 0
 4459 4597 4331 5435 0
 4676 4327 5646 4797 0
 5646 4952 3172 3097 0
 3097 4797 5646 4952 0
 2572 5520 2594 4943 0
 5183 5472 5112 5617 0
 5183 5472 5318 5112 0
 5547 5027 4347 5183 0
 5472 5027 5547 5183 0
 5734 5590 5772 4143 0
 1752 1702 1638 5561 0
 1702 5561 1669 1638 0
 206 4950 4802 175 0
 5409 5712 4829 5768 0
 5417 5248 5712 4152 0
 5417 5712 5409 4152 0
 4623 4460 5384 5267 0
 4355 1401 5533 5422 0
 4355 1409 5533 1401 0
 4355 5422 5533 5342 0
 715 965 1017 5562 0
 5562 5320 1017 629 0
 965 715 4946 5562 0
 5562 5320 629 5643 0
 5562 5643 715 4946 0
 5396 4466 3931 5515 0
 3926 5515 3931 4466 0
 3740 4236 3806 5563 0
 3806 4236 5288 5563 0
 5284 3091 3054 5484 0
 4425 868 5552 834 0
 5552 868 5654 834 0
 933 5552 4425 868 0
 5393 5733 4061 4068 0
 5393 4007 3968 3890 0
 5393 4061 4033 4046 0
 4874 4493 5153 4865 0
 4865 5153 4874 2553 0
 4975 5147 1452 1511 0
 5600 5383 1511 5147 0
 5421 1455 4146 1366 0
 5611 1455 1398 4146 0
 5421 4146 1338 1366 0
 5421 4666 1348 1338 0
 4312 5728 5449 1539 0
 4147 5188 4576 1463 0
 1539 1646 1515 4312 0
 4576 1531 1463 5188 0
 5449 1531 5188 1497 0
 3923 5572 3903 3938 0
 5134 5572 3879 3923 0
 3903 5572 3923 3879 0
 3879 5564 3903 5572 0
 3879 5134 5564 5572 0
 5134 3825 5564 5262 0
 5713 3464 5494 3400 0
 1263 5469 1239 4951 0
 4148 1246 1272 4939 0
 4148 5535 4813 4869 0
 1059 5218 4536 4413 0
 5449 4566 4576 4624 0
 5565 3312 3175 3253 0
 3175 5565 4891 4687 0
 3253 5565 5622 4891 0
 3253 5565 4891 3175 0
 5565 5622 3312 3253 0
 5661 3956 3951 3940 0
 1410 5425 1470 1441 0
 1441 1377 1384 5425 0
 5661 3951 3956 3971 0
 4304 4487 5425 4151 0
 3956 3971 3950 5661 0
 5721 5543 1542 1580 0
 5422 5543 1542 5721 0
 4248 5195 4906 5662 0
 5766 5137 5195 5662 0
 5766 5195 4248 5662 0
 4537 4309 4351 4333 0
 4611 4333 4309 4537 0
 4169 4537 4309 2151 0
 4459 5435 4349 4597 0
 4459 5292 4597 4132 0
 4459 4331 4597 5292 0
 3214 5671 3285 4378 0
 3214 5517 5671 4378 0
 4378 5494 5671 5608 0
 5156 4913 4950 307 0
 5156 4591 307 4950 0
 4913 4950 307 296 0
 1846 1892 1937 4454 0
 4787 4454 1937 1892 0
 5431 5566 339 4697 0
 4298 1370 4383 4305 0
 4298 4305 1439 1370 0
 1361 1370 4383 4298 0
 4603 5369 5567 3852 0
 4239 4990 5028 5631 0
 4239 4603 4990 5631 0
 4875 5369 5567 4603 0
 4875 4603 5567 4990 0
 2779 2768 2683 5412 0
 2584 5463 2610 4715 0
 5463 2683 2768 5412 0
 452 5282 5626 5519 0
 3092 5477 3096 5652 0
 5429 5652 3096 5477 0
 5429 3472 5608 5652 0
 5652 5568 3154 3092 0
 3218 3209 3154 5568 0
 3154 5568 3209 3103 0
 3154 3103 3092 5568 0
 5518 5561 1637 5721 0
 5518 5561 1674 1637 0
 5589 5721 5518 1637 0
 5487 4879 4970 4846 0
 4970 5487 4846 5470 0
 5151 5241 4437 5378 0
 5151 4525 5241 5378 0
 3056 5559 3122 3073 0
 1092 4153 5269 1110 0
 5269 1110 4153 1145 0
 1145 1192 4153 5269 0
 4728 4610 4881 5499 0
 639 5570 565 4132 0
 5570 704 4132 639 0
 5325 4132 565 5570 0
 4132 5570 813 704 0
 4925 5292 4132 5570 0
 5325 4925 4132 5570 0
 813 4132 5292 5570 0
 5225 4234 5571 4528 0
 5225 4234 4525 5571 0
 4378 5671 3285 5608 0
 4378 5517 5671 5494 0
 3278 5671 3285 3214 0
 3133 5517 3198 3149 0
 5640 5484 3104 5517 0
 3133 5484 5690 5517 0
 5165 3961 3962 3938 0
 666 583 5636 4143 0
 2799 2742 5573 5524 0
 5442 5573 5497 4806 0
 5442 5573 4806 5524 0
 5721 1698 1638 5561 0
 3037 5692 4980 3183 0
 4728 5468 5574 2949 0
 5575 4909 2651 5524 0
 5456 1681 1809 5432 0
 4510 4607 5432 1772 0
 4160 5432 1710 1681 0
 5531 5432 4510 4607 0
 5078 5531 5025 5070 0
 1713 1766 4390 1791 0
 5619 1903 1828 1993 0
 5522 1933 4178 1828 0
 1933 5522 1868 1847 0
 5522 4178 5619 1828 0
 1806 1908 5619 5108 0
 4196 4660 5452 4949 0
 3927 5278 3959 3854 0
 3854 5278 3959 3886 0
 3854 3886 5324 5278 0
 5477 3103 3092 3039 0
 5477 3092 3103 5568 0
 2823 4515 2872 2944 0
 2925 2944 4515 2823 0
 4323 4474 4164 4181 0
 498 522 5625 4424 0
 4181 4164 4538 2272 0
 4165 4538 2290 4539 0
 4926 5459 4278 4565 0
 5761 5186 730 5576 0
 5230 5576 5627 5182 0
 5576 5780 730 5765 0
 5576 5186 730 4767 0
 5576 4767 730 5780 0
 5551 2560 5400 4909 0
 5551 5520 4909 5400 0
 5577 4687 3035 5583 0
 4617 3171 3090 5577 0
 5577 4387 4687 5583 0
 4617 3323 5577 5367 0
 3686 5578 4585 5033 0
 4585 5578 2912 5033 0
 3686 5082 4585 5578 0
 4585 5082 3102 5578 0
 5497 2856 2914 5257 0
 672 1687 4733 4395 0
 4436 4692 4642 2262 0
 4587 4436 5301 4749 0
 4436 4469 4749 4808 0
 4436 4469 4808 906 0
 4808 952 906 4469 0
 2290 4170 5437 2272 0
 2290 4540 5437 4170 0
 4707 4188 4653 2010 0
 4707 4188 4393 4315 0
 4707 4188 4315 4332 0
 1738 1887 4393 4171 0
 1801 1830 1895 4393 0
 1738 1887 1830 4393 0
 4707 1887 4188 2010 0
 4643 3760 4293 4837 0
 5477 3039 3011 5536 0
 4653 4974 4540 4707 0
 5123 5579 700 5038 0
 5716 5579 5402 5755 0
 5579 5123 5114 5402 0
 712 728 5579 787 0
 5716 4275 5755 5402 0
 5130 5602 5203 5606 0
 4419 5580 4937 4968 0
 5580 5688 4937 4241 0
 5360 5580 5203 5602 0
 5688 4241 5580 5360 0
 3995 5101 5692 4212 0
 2573 2581 2510 5618 0
 5519 5552 918 5549 0
 5519 5552 507 5625 0
 5581 4211 2588 4590 0
 5359 4317 5582 4156 0
 4475 5582 5141 5615 0
 5149 4473 2420 4197 0
 4715 4197 5149 2420 0
 5433 5417 171 5273 0
 5417 171 5084 5460 0
 5433 171 5417 5460 0
 4617 2994 5583 3090 0
 5577 5583 3090 4617 0
 5577 5367 5583 4617 0
 5756 1165 4153 4154 0
 5756 4154 4153 5121 0
 5756 4154 5121 4720 0
 4154 5756 1208 4720 0
 5012 2695 5612 2879 0
 2771 2844 4367 5516 0
 5105 4519 5382 4320 0
 4320 5382 5105 5639 0
 4310 5457 5335 4366 0
 4310 4366 4341 5272 0
 4310 4366 5335 4341 0
 5574 4980 5692 4623 0
 3037 5468 2949 5574 0
 965 4946 974 4714 0
 974 965 872 4946 0
 1428 1353 5177 1244 0
 1428 1244 5177 1298 0
 5549 868 5654 5552 0
 5519 5552 5549 507 0
 3341 3541 5250 3573 0
 3341 5466 3573 5250 0
 5250 5466 5406 5453 0
 3432 5466 3573 3341 0
 3020 3011 5477 3016 0
 3396 5429 5559 5477 0
 5625 522 5530 4424 0
 2851 2857 5584 4229 0
 5584 4229 2857 2792 0
 4932 5584 5033 4229 0
 5033 5584 2792 4229 0
 5584 5516 4229 4932 0
 4229 5584 2851 5516 0
 4970 5029 5487 5470 0
 4854 5285 4414 5029 0
 274 4770 282 377 0
 5185 377 282 4770 0
 3844 3750 3806 5585 0
 3806 5784 5585 4900 0
 3844 5585 3806 5784 0
 3750 5585 5288 3806 0
 5288 3806 5585 4900 0
 1141 861 777 4921 0
 1098 4921 1141 853 0
 777 853 1141 4921 0
 5356 5071 5339 5378 0
 5497 4806 5257 5674 0
 5500 5674 4971 4806 0
 5056 5756 4720 1358 0
 4720 5056 5121 5756 0
 5269 1192 4153 1255 0
 339 5174 4211 5431 0
 5174 339 2455 5036 0
 5174 339 5036 5431 0
 2472 5498 4285 5386 0
 2411 2400 2342 4285 0
 4285 2326 2472 2400 0
 4472 4564 4863 4944 0
 5498 4944 4564 4452 0
 4268 5587 5507 2797 0
 5311 5085 4579 4842 0
 2938 5507 4213 5003 0
 5085 4522 4319 4579 0
 4634 5311 5085 4945 0
 5507 5587 5003 2867 0
 4601 5261 4522 4700 0
 5713 3400 5743 3347 0
 5743 5494 3400 5713 0
 5429 5743 3073 3051 0
 4651 4541 4836 4667 0
 4620 4827 4700 5261 0
 4656 5588 5162 3733 0
 3676 4656 5588 3719 0
 5262 3632 5588 3719 0
 4656 3733 3676 5588 0
 5588 5262 5775 3632 0
 5262 5588 4458 4656 0
 5044 5262 4723 5725 0
 5287 2658 2716 4711 0
 2688 2658 2716 5287 0
 4199 2415 4299 4514 0
 4199 922 4594 4299 0
 4262 5233 4498 4342 0
 1401 1526 5533 5422 0
 4262 4342 4329 4201 0
 1526 5589 5518 5533 0
 4202 4375 4874 4821 0
 5506 5590 5718 4823 0
 4865 4493 5298 4874 0
 4478 5443 4184 4185 0
 2425 4417 4567 4514 0
 1864 5696 1934 1858 0
 1989 5430 5696 1936 0
 4279 4543 4401 4429 0
 4188 5079 5444 5124 0
 4279 5444 5234 4605 0
 4279 5234 5444 4543 0
 5163 5341 5124 5444 0
 5591 4152 4884 4151 0
 1413 5591 1417 4152 0
 2215 4605 4188 5079 0
 5079 4605 4188 5444 0
 5591 4152 5224 4884 0
 4152 5591 1417 1433 0
 4152 4151 5591 1433 0
 5317 5592 5735 5294 0
 5159 5592 5047 939 0
 4294 2601 5594 2658 0
 4294 2658 5594 5287 0
 5379 2601 2631 5594 0
 3094 3022 5595 3169 0
 3094 3250 3169 5595 0
 5139 3250 5595 3169 0
 4500 5595 3022 3169 0
 4500 3169 5139 5595 0
 5308 2389 4646 2443 0
 4302 4468 4402 4599 0
 2453 2501 5308 4208 0
 5228 4189 4646 5308 0
 5308 4646 2389 4189 0
 4655 2339 5445 5001 0
 4646 5001 5445 4994 0
 4471 5001 5445 4646 0
 4350 4330 5445 4658 0
 4272 5364 4903 4449 0
 4272 4730 5364 4449 0
 4556 2316 5446 2418 0
 5036 2199 4556 4404 0
 5776 5429 3016 3020 0
 2341 2361 2414 5446 0
 4648 5446 5647 4282 0
 5559 3056 3020 3073 0
 5429 3016 3020 5477 0
 1769 4749 4981 1758 0
 1769 4749 1758 1729 0
 5477 5536 3103 3039 0
 5477 5568 3103 5536 0
 5596 2495 2432 2470 0
 4918 4852 4796 4379 0
 5219 4918 4141 4983 0
 5597 2739 4229 2792 0
 4229 2739 5597 2686 0
 5597 4229 2686 4832 0
 5597 4882 4229 4832 0
 4882 4229 5033 5597 0
 5033 4229 2792 5597 0
 4057 4059 5419 4084 0
 4057 4084 5419 5662 0
 5598 4196 5205 4889 0
 4660 4949 5598 4657 0
 2575 5205 4889 5598 0
 2645 2575 5598 4660 0
 2645 4660 5598 4657 0
 5313 5169 4857 2336 0
 5321 2988 3156 2951 0
 2951 2988 5257 5321 0
 3094 3022 2985 5595 0
 5595 3022 2985 2927 0
 4500 5595 2927 3022 0
 2556 2509 5520 5551 0
 2551 2603 2556 5520 0
 623 602 5219 731 0
 731 5439 602 5219 0
 5429 3020 5559 5477 0
 412 438 410 5718 0
 938 5599 5292 931 0
 938 813 5599 774 0
 938 5599 931 774 0
 938 813 5292 5599 0
 5542 3614 3554 3371 0
 3470 3554 3371 5542 0
 3371 3351 5542 5723 0
 4387 5365 4891 4398 0
 4891 4398 5365 5117 0
 5168 5707 4767 5028 0
 4767 3713 5028 5707 0
 5168 4767 4990 5028 0
 1428 5600 1478 1511 0
 1511 5177 1428 5600 0
 5600 5147 1511 5177 0
 1478 1511 5600 1540 0
 2985 2853 5375 2927 0
 2985 5375 2853 4917 0
 5313 5169 5397 4857 0
 4972 5169 4857 5397 0
 4972 4777 5169 5397 0
 4321 4959 5601 5544 0
 18 9 16 4633 0
 478 401 5438 573 0
 5439 573 478 5438 0
 4893 4496 4534 4907 0
 4334 4233 4725 5244 0
 4334 4725 5041 5244 0
 4725 4233 4334 2842 0
 2923 4334 5041 4731 0
 4334 2842 2923 4725 0
 4334 2923 5041 4725 0
 2961 2852 2963 5106 0
 2961 5106 2903 2852 0
 2961 5627 4960 3033 0
 2963 2961 5106 4960 0
 3566 3534 5683 5690 0
 5690 5683 3566 5187 0
 3244 4292 5491 3045 0
 5491 5414 4292 4345 0
 5602 4241 5360 5580 0
 5580 4968 5602 4241 0
 4968 5569 5602 4241 0
 5646 5387 5398 4327 0
 5691 468 4922 5376 0
 5691 4523 5076 4761 0
 4523 4684 4196 5452 0
 4631 4876 5452 4443 0
 2823 5390 2719 4515 0
 2841 2768 5412 2893 0
 2841 5412 2779 5390 0
 2893 5479 4631 5390 0
 2872 4297 4515 2815 0
 5495 4392 4515 4297 0
 5445 5464 5179 4994 0
 5445 4209 5179 5464 0
 5551 2495 2560 2507 0
 5551 2507 5741 2495 0
 990 4200 2498 4219 0
 5603 1321 4296 1332 0
 1307 4714 5180 5361 0
 5361 4296 5603 1321 0
 3988 3963 3993 5214 0
 5214 3945 3963 4264 0
 3997 4467 4030 3993 0
 5509 4768 5153 4734 0
 4853 4488 4768 4758 0
 4260 5016 7 4259 0
 5414 5737 4214 3115 0
 3115 5414 3045 5491 0
 5491 3045 4292 5414 0
 5736 1150 1240 1319 0
 1401 5533 1519 5604 0
 1409 5653 5533 5604 0
 4590 4773 4861 4958 0
 5276 4206 4832 5053 0
 4408 4973 4294 4389 0
 5534 5605 4387 5637 0
 5534 5263 4387 5605 0
 4246 5605 5637 4956 0
 5519 5610 5706 5538 0
 5549 5538 5654 868 0
 2809 5454 2673 2693 0
 5451 5462 5454 4917 0
 4232 4524 2557 5012 0
 5606 5580 5203 4277 0
 5580 5039 5606 4968 0
 4277 5039 4979 5606 0
 4277 5039 5606 5580 0
 5490 5328 5203 4965 0
 4277 4979 5490 5606 0
 5130 4965 5490 5203 0
 4334 2757 5455 2659 0
 2751 2795 5455 2747 0
 2659 2757 5455 2751 0
 4334 4211 5455 5068 0
 5607 1271 4829 1333 0
 5712 5607 4829 1333 0
 5607 1160 1271 1305 0
 5608 3472 3510 5726 0
 5726 5608 3472 5652 0
 3151 3141 3216 5609 0
 3100 5202 3141 5609 0
 5634 5609 3100 3091 0
 5634 5202 3100 5609 0
 878 856 812 5610 0
 878 5519 5610 812 0
 424 386 5024 317 0
 424 4615 5024 386 0
 2575 4660 2637 5205 0
 5205 4660 2637 4761 0
 5598 4196 4660 5205 0
 2575 4660 5205 5598 0
 4907 4794 4440 4534 0
 4907 4534 4440 4496 0
 1526 5589 5533 5422 0
 3583 5162 3667 3670 0
 4043 4058 4902 4031 0
 4902 4058 4059 4031 0
 5419 4902 4059 4041 0
 5625 5613 803 871 0
 5613 743 803 796 0
 5613 803 871 796 0
 5613 743 5673 5282 0
 5773 5624 3420 5697 0
 5773 3420 5624 3459 0
 5624 3209 3147 3213 0
 3213 3276 5624 3209 0
 1182 4895 5513 1177 0
 1182 1108 5513 1138 0
 1177 1108 5513 1182 0
 5533 1519 5518 1526 0
 4891 4518 5117 5365 0
 3927 4043 3959 5278 0
 4043 3927 4902 5278 0
 5250 3541 3341 3423 0
 1343 5224 1317 1356 0
 1343 5460 1261 1317 0
 5224 5460 1343 1317 0
 5508 1576 1654 1737 0
 1589 1576 5508 1737 0
 1589 5508 4899 1737 0
 1170 1057 5245 1231 0
 1170 5245 1316 1231 0
 1242 1202 5553 1177 0
 5553 1202 4895 1177 0
 5690 3198 3133 5517 0
 5690 5517 3278 3198 0
 643 5699 570 573 0
 3539 3639 4767 3626 0
 3626 4767 3713 3639 0
 933 4425 5530 887 0
 4425 834 5530 887 0
 5530 834 844 887 0
 3331 3350 4234 4217 0
 3604 4234 1735 3331 0
 5359 5582 5615 4156 0
 3156 3264 3417 5467 0
 3156 5321 5467 3417 0
 4445 4560 4311 5563 0
 4886 5105 4895 5465 0
 4359 4618 4295 5629 0
 5047 5592 4991 5317 0
 4344 4558 4618 4237 0
 5360 3936 5393 5664 0
 4344 5266 4558 4237 0
 1513 5474 1576 1525 0
 5508 1513 5474 1576 0
 5474 1525 1578 1576 0
 3648 3634 3771 5782 0
 2496 2410 5616 2487 0
 5559 5429 5743 3073 0
 5743 3122 5559 3073 0
 5609 5323 5202 5778 0
 293 5617 402 352 0
 293 5617 316 402 0
 5617 352 293 5112 0
 5112 5617 352 5183 0
 5617 5336 4834 4912 0
 2588 2414 5581 2421 0
 5581 5647 2421 2414 0
 5446 5581 5647 4282 0
 4572 5569 4575 3630 0
 5415 4358 4509 4572 0
 733 680 5636 643 0
 840 941 5636 4303 0
 5255 4509 4358 4463 0
 5636 643 680 5699 0
 4335 4244 4391 5086 0
 2510 4285 5618 5386 0
 5618 4285 4641 5386 0
 5619 4178 5522 5113 0
 5619 4178 5113 5233 0
 5619 4486 4178 5233 0
 4230 3143 3156 5467 0
 4230 5321 5467 3156 0
 3143 3156 5467 3264 0
 5398 5332 4549 2497 0
 5398 5475 2497 4982 0
 5332 5480 2497 5475 0
 5475 5398 2497 5332 0
 4127 5353 4123 4125 0
 5714 4119 4571 5747 0
 5714 4127 4126 4125 0
 5714 4127 4125 5353 0
 5648 4118 5353 4110 0
 3419 3570 3537 5367 0
 3419 3412 5367 3537 0
 1630 5721 5543 1643 0
 1300 5335 5141 1388 0
 5335 1360 1388 1300 0
 4437 5378 5410 5324 0
 5071 5378 5324 5410 0
 4822 5620 3785 3869 0
 3700 3793 5620 3694 0
 3790 5620 3875 3867 0
 5419 5241 5328 4437 0
 5241 5419 5328 4906 0
 711 813 774 5570 0
 5570 711 813 704 0
 3312 3253 5622 3334 0
 5526 3253 3334 5622 0
 5526 3199 4891 5044 0
 5565 5171 5622 4891 0
 4891 5622 3253 5526 0
 4900 5195 5405 4906 0
 4906 5195 5405 5241 0
 5096 5405 4900 5288 0
 5006 5096 5385 5288 0
 3967 4045 4003 5623 0
 3312 3408 5622 3352 0
 3312 3334 5622 3408 0
 3352 5565 5702 5622 0
 5773 3276 5624 3213 0
 5773 5624 5722 5154 0
 4602 5426 902 699 0
 5426 1004 902 699 0
 3853 3877 5515 3926 0
 3877 5515 3926 4238 0
 3853 3931 3926 5515 0
 488 5626 5282 537 0
 572 537 488 5282 0
 4412 5536 3011 3021 0
 5536 3011 3021 3015 0
 4902 5514 3927 4031 0
 3927 4031 5514 3915 0
 5721 1560 1638 1542 0
 5721 1638 1580 1542 0
 5422 1560 5721 1542 0
 5699 680 5176 573 0
 570 494 573 5699 0
 3149 5517 3198 3214 0
 3198 3278 3214 5517 0
 5689 3163 5765 3058 0
 5627 5761 5106 4960 0
 5689 5182 5765 3163 0
 5627 5761 5765 5576 0
 5761 5576 730 5765 0
 3058 5765 5627 3033 0
 5628 4270 3754 5324 0
 5650 548 5185 5643 0
 5548 4946 649 5643 0
 871 5613 796 886 0
 5625 871 930 886 0
 5625 5613 871 886 0
 5429 5652 5608 3096 0
 3218 3154 5652 5568 0
 3092 5568 5477 5652 0
 3218 5608 5652 3154 0
 5207 1000 945 4331 0
 5207 5292 4459 4925 0
 5207 5292 4925 5511 0
 5207 972 5511 932 0
 5207 4459 4331 5547 0
 5207 4331 945 5547 0
 3310 5194 4630 3397 0
 4630 5194 3450 3397 0
 4844 4630 5194 3450 0
 4261 4630 5194 4844 0
 4672 5377 5232 5384 0
 5589 5422 1526 1560 0
 1526 5518 5589 1560 0
 1560 5721 5518 5589 0
 2673 4964 2587 5454 0
 5633 5195 5720 4248 0
 4017 4005 5289 4012 0
 4012 5289 3990 4005 0
 3849 5757 4900 4650 0
 3992 5289 5630 4017 0
 5289 4489 3992 5630 0
 5028 3828 3852 3794 0
 5631 3921 3896 5396 0
 5631 4603 3921 5396 0
 3843 3896 5631 3852 0
 3920 3946 3866 4650 0
 3843 5631 3828 3852 0
 4990 5631 5567 5028 0
 5631 5028 3828 3852 0
 5576 5239 4767 5023 0
 5129 4962 5596 5694 0
 5164 5632 5616 2596 0
 5170 5632 5596 5164 0
 3844 5633 3878 3788 0
 3788 5633 5389 5195 0
 3788 5784 5585 3844 0
 3844 5633 3788 5784 0
 5584 2911 2912 2792 0
 5033 5584 2912 2792 0
 1395 1362 5533 1367 0
 1362 1409 1437 5533 0
 1395 1437 5533 1362 0
 5028 3794 3776 3713 0
 5028 5707 3713 3776 0
 3293 3209 3218 5568 0
 3298 3293 3218 5745 0
 3218 3293 5568 5745 0
 4941 5568 5745 5652 0
 4802 4950 4757 175 0
 5640 3050 3079 3054 0
 3054 3079 5640 5484 0
 2744 2743 2710 5500 0
 4615 4817 5120 5426 0
 5426 4817 821 4615 0
 3446 5722 3372 3467 0
 5568 5722 4941 5745 0
 5596 2532 2495 2470 0
 4396 5164 5596 5616 0
 5596 2532 2470 5632 0
 5596 5632 5616 5164 0
 5119 1563 5359 1493 0
 5592 5159 1019 939 0
 5592 5735 5294 5708 0
 5159 5592 1019 1069 0
 4962 2532 2495 5596 0
 5551 2495 5596 4962 0
 1156 4611 1187 5485 0
 5485 1187 1156 1050 0
 1156 5485 996 889 0
 1156 996 5485 1050 0
 5691 5414 4292 3045 0
 5331 5691 5370 3045 0
 5691 5107 5337 4922 0
 5691 4292 5414 5337 0
 4523 5107 5691 4922 0
 5691 5107 4523 5331 0
 3949 5620 3875 5389 0
 5620 4235 3694 5389 0
 3867 5620 3875 3949 0
 5588 3457 5162 3593 0
 5588 3593 3502 3457 0
 5302 5360 5071 5410 0
 5302 5071 5324 5410 0
 5705 393 328 404 0
 5769 393 404 494 0
 5705 393 5176 328 0
 5769 393 494 5176 0
 5389 3989 5771 3922 0
 5389 5633 3788 3878 0
 3902 3838 3922 5389 0
 4291 5427 5456 4972 0
 4291 4160 5432 5531 0
 4291 5531 5432 5427 0
 4960 5634 730 5761 0
 5627 5761 4960 5765 0
 844 834 5530 768 0
 5530 844 768 584 0
 2619 2649 5670 5330 0
 2619 5330 2718 2772 0
 2640 2718 5330 5555 0
 4869 4753 4872 5326 0
 5326 4754 4872 5483 0
 4754 4872 5483 4867 0
 4841 4607 4160 5531 0
 4160 5432 5531 4607 0
 2710 2696 2653 5404 0
 2615 2653 5404 2675 0
 4733 4479 1744 4587 0
 4395 4733 5693 1687 0
 1712 4587 1744 5486 0
 4587 4479 1744 5486 0
 2675 2710 5500 2744 0
 2675 5404 5500 2710 0
 4356 4968 4431 5569 0
 4356 5569 4431 5635 0
 5635 5354 5758 4431 0
 5569 5635 3625 4241 0
 3557 5635 5758 3625 0
 5635 3494 5354 3490 0
 5100 2886 5103 4631 0
 4017 4016 5630 3992 0
 5630 4489 3992 3916 0
 5630 3916 3992 4016 0
 666 643 5636 583 0
 643 5699 5636 570 0
 1149 4563 5403 1216 0
 4412 3011 5477 3020 0
 5536 3011 5477 4412 0
 278 334 4141 4983 0
 5348 278 4983 285 0
 4983 5348 4141 278 0
 2601 2583 4408 4821 0
 2601 4294 5594 4408 0
 2599 2676 2729 5256 0
 4229 5767 5516 2851 0
 2676 5516 2729 5256 0
 2676 5767 5516 4229 0
 5575 5694 2782 2762 0
 5575 4909 5524 5400 0
 5638 4373 5146 4635 0
 5638 4455 4373 4635 0
 5638 3289 3458 4788 0
 2872 2956 2944 5495 0
 4515 5495 2872 2944 0
 5495 2944 4515 2925 0
 319 4893 342 294 0
 319 342 4893 414 0
 294 4893 342 4343 0
 4320 5639 5115 5382 0
 5483 5115 4320 5639 0
 4320 5639 5300 5483 0
 4320 5639 5105 5300 0
 5511 932 972 892 0
 5207 4331 972 1000 0
 4822 4800 5620 3869 0
 3693 5571 5013 5620 0
 4822 4800 5571 5620 0
 5343 4208 5338 5555 0
 5338 4868 5555 5499 0
 3602 3660 5307 3580 0
 3655 3660 5307 3602 0
 3050 5640 3051 3059 0
 5455 5566 2503 4211 0
 4285 5618 4901 2510 0
 5641 954 865 961 0
 954 5641 5636 941 0
 865 5641 5636 954 0
 1630 5721 1698 1580 0
 5721 1638 1698 1580 0
 2991 5103 2916 2906 0
 2906 5103 3013 2991 0
 2991 2939 2916 5103 0
 339 5093 4779 2503 0
 5144 339 5093 4779 0
 5455 4779 2503 5566 0
 3649 5250 3633 3541 0
 3712 5558 3633 5680 0
 5680 3633 5250 5558 0
 5718 410 449 407 0
 5506 421 412 5718 0
 4947 449 5590 5718 0
 5506 5590 421 5718 0
 3851 5396 3896 3910 0
 3851 3910 3853 5396 0
 4074 4049 5662 4075 0
 4052 4049 5662 4074 0
 4052 5137 5662 4049 0
 105 4875 5567 4990 0
 105 5168 4990 5567 0
 4956 5268 3805 5306 0
 5252 3970 3944 3977 0
 4956 3977 3944 3982 0
 4956 3977 3982 4002 0
 5168 5028 4990 5567 0
 5568 3103 5624 3209 0
 3209 5624 3147 3103 0
 805 5219 850 731 0
 5643 5279 5470 2043 0
 4024 5623 4045 3967 0
 3967 5623 4965 4024 0
 5623 4965 4024 5247 0
 265 5676 211 218 0
 218 5676 211 178 0
 2874 5368 4731 5209 0
 5209 4626 2919 5368 0
 3391 3396 5663 5536 0
 5536 5663 3391 5556 0
 1325 1364 1250 4611 0
 2712 4917 5462 2649 0
 4720 4611 1243 1208 0
 5330 2772 2649 4917 0
 5330 2649 5462 4917 0
 2827 2649 4917 2712 0
 2649 2772 2827 4917 0
 5451 5330 5462 4917 0
 734 4946 649 5644 0
 5644 4946 649 5548 0
 5644 5407 4946 5226 0
 2838 5691 4761 5331 0
 5613 803 5282 5625 0
 5613 5282 5673 5625 0
 1035 1132 4331 1096 0
 4306 4293 5437 4540 0
 3739 3814 3915 5514 0
 3814 5151 5514 3739 0
 1391 4296 1329 5335 0
 1391 5335 4462 4296 0
 5335 4884 4296 4341 0
 4462 4296 5335 4884 0
 5507 4986 4213 5003 0
 5507 5646 5003 5587 0
 5475 5398 4986 5387 0
 4986 5387 5398 5646 0
 4964 5501 2618 2574 0
 2618 2460 5501 2612 0
 2460 4637 5501 4570 0
 4964 5501 2574 4637 0
 5605 3986 4956 4246 0
 5577 3171 3090 3138 0
 3090 3035 5577 3138 0
 326 4798 248 204 0
 3391 5624 5536 5697 0
 248 5366 4798 215 0
 5568 5536 5624 3103 0
 5302 4018 5664 4652 0
 3925 5302 4018 5664 0
 2421 2504 5647 5581 0
 5647 4562 5581 2504 0
 5446 5581 2414 5647 0
 5596 5694 5632 5129 0
 4234 3604 1735 3663 0
 3475 4739 3371 3473 0
 4962 2532 5596 5694 0
 1447 1550 5119 1493 0
 1493 5359 5615 1393 0
 114 156 5348 165 0
 165 5052 131 183 0
 114 5348 156 98 0
 165 114 5052 5348 0
 4102 4110 5648 4085 0
 4060 5353 5648 4020 0
 5359 1412 1414 1461 0
 4102 5648 4076 4085 0
 5353 5757 5648 4020 0
 5359 1461 1414 1472 0
 3352 3486 3511 5702 0
 3408 3511 5622 3352 0
 5565 5702 5171 3486 0
 1262 4872 5115 4869 0
 1246 5115 1262 1303 0
 1262 1246 4869 5115 0
 4192 2276 2173 4648 0
 2019 2173 4192 2276 0
 2276 4648 4930 5446 0
 3905 3893 5137 4680 0
 5522 5113 5649 4985 0
 5113 4178 5649 4651 0
 5522 4178 5649 5113 0
 5601 785 5038 927 0
 927 5038 809 785 0
 2517 2531 2610 4715 0
 2483 2542 4715 4197 0
 2422 4715 2531 2469 0
 2469 2517 4715 2531 0
 4142 5700 5650 441 0
 4142 5650 649 534 0
 4142 5650 534 441 0
 4142 649 5650 5548 0
 4142 5548 5650 5655 0
 4142 5700 5655 5650 0
 1393 1472 1488 5359 0
 5258 1224 1067 1130 0
 1099 1224 1067 5258 0
 5258 1130 5380 1224 0
 5258 4812 1224 5380 0
 5615 4475 1447 1388 0
 5667 5651 4194 2668 0
 2668 5667 5651 2727 0
 2668 5651 5618 2581 0
 730 5609 5634 5284 0
 730 5202 5634 5609 0
 5038 809 738 875 0
 3627 3518 5268 3613 0
 5418 1501 1487 1505 0
 3385 3298 5745 3293 0
 3298 5608 5726 3218 0
 3298 5745 3218 5726 0
 5652 5568 5745 3218 0
 5286 3432 5023 5466 0
 3337 3539 3432 5286 0
 5286 5023 3432 3337 0
 558 4482 502 588 0
 558 4482 588 4712 0
 1250 5485 4640 1050 0
 4804 4843 4871 4963 0
 284 4931 5314 428 0
 284 5314 331 428 0
 284 338 4931 428 0
 5575 5524 2746 2788 0
 3007 5634 3091 5284 0
 3054 5284 3007 3091 0
 3903 3847 5564 3879 0
 3879 3847 5564 3825 0
 3879 3825 5564 5134 0
 1409 5653 1534 1490 0
 5739 5518 1674 5653 0
 3066 3147 5624 3103 0
 3066 3103 5624 5536 0
 5697 3147 5624 3066 0
 5697 5624 5536 3066 0
 3853 5515 5396 3931 0
 5183 5617 465 4131 0
 465 4131 4816 5183 0
 4816 4131 5547 5183 0
 4154 4720 1208 4611 0
 5654 490 507 509 0
 792 716 5654 801 0
 5538 792 5750 5654 0
 5549 490 507 5654 0
 4293 5026 4306 5437 0
 4996 298 292 237 0
 4996 227 292 256 0
 4996 227 237 292 0
 5497 2976 2921 5573 0
 5497 2914 2988 5257 0
 4952 5646 5398 4797 0
 1903 5619 1908 2004 0
 2004 4486 5619 1908 0
 1806 5619 1908 1903 0
 3634 5171 5534 5263 0
 5534 5263 5171 4387 0
 3949 5137 3937 5620 0
 4000 4023 5137 3937 0
 3937 4000 3869 5137 0
 5620 5137 3937 3869 0
 2712 2803 4917 2827 0
 368 400 5213 5656 0
 372 368 5213 5656 0
 5655 261 288 299 0
 5655 288 261 264 0
 1445 1358 5056 1432 0
 1445 5056 1486 1432 0
 4038 4062 4069 5353 0
 1640 1590 5108 1908 0
 1590 4624 1640 5108 0
 4731 5368 2735 5053 0
 5721 5422 5589 1560 0
 5518 5561 5721 1638 0
 5721 1638 1560 5518 0
 4307 3686 5677 4458 0
 4656 5657 5588 4458 0
 5467 5657 5162 4307 0
 1243 1325 1250 4611 0
 1300 5335 5457 5141 0
 5335 5457 5141 4366 0
 178 5676 185 217 0
 218 5676 178 217 0
 2545 5501 2612 2695 0
 5552 507 509 5654 0
 2545 5501 5305 4570 0
 5549 5654 507 5552 0
 3233 5167 3023 3110 0
 3023 2956 3110 5495 0
 3023 3110 5167 5495 0
 2542 2606 4715 4197 0
 3537 5367 3498 3412 0
 5367 3498 5658 3537 0
 5367 3498 5534 5658 0
 2440 5379 2576 2508 0
 5379 4874 2433 4821 0
 2440 5379 4874 2433 0
 5024 604 386 4615 0
 5024 604 4615 4602 0
 4615 605 386 542 0
 2229 2065 2332 5319 0
 5365 4891 4518 5044 0
 5365 4518 5262 5044 0
 2655 5140 2701 2720 0
 2763 5140 2720 2701 0
 2664 4384 4297 4515 0
 5651 2655 2720 5140 0
 4869 4753 5326 5394 0
 1322 4753 1268 5521 0
 2609 2549 4973 2602 0
 4973 2552 2549 5037 0
 1341 5521 4754 1322 0
 5521 5394 4753 4869 0
 4973 2552 5037 4774 0
 5246 4774 4973 5037 0
 1490 5653 1437 1409 0
 1409 5533 5653 1437 0
 2582 5136 2540 2564 0
 3036 3175 4891 4687 0
 3168 4891 3253 3199 0
 409 5183 5525 5314 0
 308 5183 331 5314 0
 409 331 5183 5314 0
 1465 1377 5340 1479 0
 5324 3886 3812 3889 0
 3889 5324 5302 3812 0
 3889 3858 3812 5302 0
 4037 4023 3937 5137 0
 3520 5690 3513 3364 0
 3364 3444 3365 5671 0
 3278 5671 3365 3285 0
 5575 2788 2661 4446 0
 2762 4446 5575 5783 0
 802 4915 839 869 0
 5387 4194 5475 4982 0
 5475 4982 5398 5387 0
 2822 2958 5058 2934 0
 2822 5058 2858 2934 0
 5571 5225 4528 4844 0
 4768 4488 4853 4976 0
 4269 4234 5225 4528 0
 4261 4269 5225 4528 0
 4528 4844 5225 4261 0
 1249 1316 1170 4645 0
 5281 5272 5219 4513 0
 5281 5457 4513 1081 0
 979 4513 5281 805 0
 805 5219 4513 5281 0
 5281 5457 4366 4513 0
 4513 4366 5281 5272 0
 979 5281 4513 1081 0
 3023 2956 5495 2944 0
 5002 5214 4030 4467 0
 4467 4264 5165 5365 0
 1393 1472 5359 1414 0
 5393 5664 3972 4047 0
 5393 5733 4047 4061 0
 2065 2229 2041 5133 0
 2065 2229 5133 5319 0
 251 4798 326 204 0
 5660 3671 3433 5701 0
 1795 4948 1720 1781 0
 1832 4786 1795 1781 0
 1781 1795 4948 4786 0
 1921 1902 4193 4786 0
 1795 4786 4683 4948 0
 4250 4532 4400 4485 0
 4250 4532 4485 5197 0
 3417 5660 5701 3588 0
 3588 3671 5660 5701 0
 5642 3433 5701 5660 0
 309 393 5438 322 0
 2764 5597 2714 2705 0
 393 322 401 5438 0
 5176 393 5438 309 0
 2339 2456 2476 5190 0
 5491 3346 3115 4345 0
 1079 1152 4593 1167 0
 1167 1241 1311 5061 0
 1152 1167 1311 5061 0
 1152 4593 987 1079 0
 5358 5433 5273 5417 0
 1614 5046 1666 1468 0
 1500 1468 5046 1614 0
 1500 4475 5046 1468 0
 4000 3893 5137 3905 0
 1833 4702 1722 1792 0
 4585 5578 3102 2912 0
 4645 988 5245 1170 0
 2074 1844 4762 1867 0
 1756 1754 5031 4762 0
 4762 5420 5031 4166 0
 5661 3978 5527 4008 0
 4012 4008 5661 5527 0
 5661 3978 3918 5527 0
 1246 4939 5115 1303 0
 1272 1303 4939 1246 0
 4868 5555 5499 5048 0
 1929 2033 1928 4653 0
 2091 2033 1929 4653 0
 3965 3951 5661 4012 0
 5679 4489 5701 5126 0
 5289 3965 5523 5661 0
 5523 3940 5661 3965 0
 4955 546 574 474 0
 5334 2181 2253 5001 0
 5334 5001 2253 4350 0
 4969 3270 3215 3333 0
 2084 2101 1976 5334 0
 4622 2101 5334 1976 0
 4858 4622 5334 1976 0
 933 4425 5552 5530 0
 2169 4814 2354 2191 0
 2354 4814 2182 2285 0
 2169 4814 2182 2354 0
 4865 4814 4569 2354 0
 2354 4865 4814 2285 0
 4335 5307 3623 3655 0
 2091 4648 2071 2246 0
 4838 5307 4635 4335 0
 3623 4635 4335 5478 0
 4653 4306 1873 2091 0
 4838 4373 4887 4391 0
 4653 5163 4306 2091 0
 4635 4335 5478 4391 0
 3623 4635 5307 4335 0
 3658 4335 5478 3623 0
 4444 5345 4672 5356 0
 4092 4084 4075 5662 0
 4092 5662 4103 4084 0
 5419 4084 4103 5662 0
 5419 4098 4571 4103 0
 1480 5744 1437 5653 0
 5533 5744 5653 1437 0
 2411 4901 2481 2458 0
 4901 4457 4195 5618 0
 3956 3950 3923 4656 0
 2452 4901 2481 2411 0
 2790 4768 4734 5058 0
 5134 3825 5262 4656 0
 2902 2868 5058 2858 0
 4458 5134 5262 4656 0
 483 427 4955 482 0
 4264 4656 5523 5661 0
 483 4955 571 482 0
 5695 4268 5329 5386 0
 152 176 5366 204 0
 3997 5002 5252 4014 0
 5252 5002 3861 3914 0
 5252 4467 5002 3997 0
 4014 5252 3997 3977 0
 4014 3970 5002 5252 0
 5268 5064 5306 4903 0
 5302 5628 3720 5324 0
 5302 3858 3812 3720 0
 1614 5710 1738 5046 0
 1738 5710 1614 1577 0
 5397 5427 5696 5070 0
 5427 5696 5432 4777 0
 5579 5687 5038 5402 0
 4936 784 4693 531 0
 4936 784 4639 4693 0
 4412 3042 5663 3021 0
 3042 3020 5663 3056 0
 5536 5663 3021 4412 0
 3042 4412 5663 3020 0
 153 5333 184 229 0
 2475 2445 5596 2578 0
 2642 2599 4294 2585 0
 2632 2622 4294 2583 0
 2445 2375 5616 5596 0
 2489 2368 4945 4901 0
 2540 4945 5136 2582 0
 4945 2582 4195 5136 0
 2582 4195 2555 4945 0
 2489 4945 2441 2540 0
 3822 3846 5126 4489 0
 5162 5126 5527 3807 0
 3822 3752 5126 3846 0
 5527 3807 5126 5630 0
 3187 3216 3141 5609 0
 3141 5609 5202 3187 0
 5690 5671 3278 5517 0
 3278 5517 5671 3214 0
 836 842 5636 882 0
 3842 3769 3745 5493 0
 3842 5493 3900 3769 0
 3842 5263 3900 5493 0
 5140 5703 5376 5665 0
 5140 5665 5376 4998 0
 5140 5665 4998 5304 0
 5665 5703 2878 5140 0
 3965 5661 5289 4012 0
 4012 3965 3990 5289 0
 1085 1028 5687 1005 0
 1085 5380 5687 5709 0
 1085 1129 5380 5709 0
 5367 4387 5583 4903 0
 4387 4398 5583 4903 0
 5577 4387 5583 5367 0
 5429 5743 3051 5494 0
 5663 4412 5477 3020 0
 3056 5663 5559 3020 0
 2793 2727 5667 2804 0
 2793 5475 2804 5667 0
 2793 5480 5475 5667 0
 2830 2793 5480 2850 0
 3421 3539 4767 3524 0
 3524 4767 5707 3626 0
 3524 4767 3626 3539 0
 5666 2386 2357 2479 0
 322 5348 4141 4970 0
 5348 4141 4970 4414 0
 1540 1525 1578 5474 0
 5383 5474 1540 1578 0
 5388 5329 4268 5386 0
 5388 4194 4641 5386 0
 5311 5668 2175 4175 0
 2342 4175 5668 4285 0
 2234 5668 2289 4175 0
 2342 5668 4175 2289 0
 2419 2482 2473 5741 0
 2523 2484 2473 5520 0
 5551 2473 5520 2482 0
 5551 2515 2482 5520 0
 5419 5241 4437 5151 0
 4437 5419 5151 4902 0
 4902 5419 5151 5514 0
 5712 5607 1305 1287 0
 4459 4546 4349 4347 0
 4502 5459 4999 4553 0
 4512 4546 4379 4372 0
 498 5282 5751 416 0
 5264 4546 4349 4512 0
 498 5751 5282 5673 0
 4140 591 4513 705 0
 4513 4983 623 591 0
 5111 489 320 4983 0
 5052 285 4983 320 0
 4983 5052 5348 285 0
 5672 5361 5260 5603 0
 4144 5673 515 5751 0
 470 5751 522 4144 0
 5613 5673 522 5625 0
 5673 488 515 5751 0
 498 5673 5282 5625 0
 5108 1828 5522 5619 0
 1590 1806 5108 1908 0
 1806 5108 5619 1828 0
 5108 1908 5619 4313 0
 5529 5715 4223 5674 0
 5529 2766 2732 5674 0
 2736 2732 2766 5674 0
 4223 5674 5715 5500 0
 5500 5674 2743 2732 0
 5551 5741 2482 2515 0
 5551 2495 5741 5596 0
 4151 5092 1469 1459 0
 1438 1471 5591 1482 0
 5591 5092 4462 1482 0
 4151 1459 1410 5425 0
 4487 5061 1337 4829 0
 4487 1410 1384 5425 0
 4465 4829 5061 4487 0
 4304 4487 4465 5061 0
 4189 5675 2332 2390 0
 4468 4189 5675 2332 0
 4189 5308 5675 2389 0
 1018 4513 5717 1081 0
 1388 4462 4475 1421 0
 1081 4310 5457 1222 0
 1222 4310 5457 1300 0
 3725 3752 3846 5126 0
 3725 5126 5701 3671 0
 4458 5677 4518 3686 0
 5657 4307 5677 4458 0
 3686 5677 5578 4613 0
 5411 4613 5677 4929 0
 5657 5411 5677 4307 0
 5536 3396 5663 5477 0
 3773 3828 5028 3794 0
 3773 5028 3828 5631 0
 3773 3794 5028 3713 0
 756 811 780 5678 0
 5105 5147 4895 5465 0
 1329 5335 4296 1256 0
 4987 4341 4310 4296 0
 5403 4296 4310 1256 0
 4310 4296 4341 5335 0
 4310 4296 5335 1256 0
 5403 4987 4310 4296 0
 5698 5498 2336 2278 0
 3499 5775 3402 3379 0
 4723 3381 5588 3501 0
 5548 5470 5655 4846 0
 5548 5470 5185 5655 0
 5679 5701 5242 3725 0
 5448 5679 3757 3821 0
 3846 3860 3697 5679 0
 3855 3821 5679 3895 0
 3725 5679 3846 3697 0
 3904 3895 3855 5679 0
 5448 5679 5701 5242 0
 5242 5448 5679 3757 0
 3797 3853 5558 5680 0
 3851 5396 3853 5680 0
 3851 3796 5680 3853 0
 3797 5680 3796 3853 0
 4491 5558 5515 5680 0
 1984 5106 4609 5529 0
 5106 4223 4609 5529 0
 2777 4761 5331 2838 0
 2838 2939 5331 2777 0
 3793 3902 5389 3838 0
 3054 5640 5284 5484 0
 5526 5775 5492 3466 0
 3441 3466 5526 3567 0
 3242 4617 3192 4455 0
 3192 3025 4455 4617 0
 3242 5638 4617 4455 0
 5596 2432 2495 5741 0
 2516 5741 2450 5596 0
 5551 5596 5741 2516 0
 2450 2432 5596 5741 0
 5097 5630 5126 4489 0
 3822 4489 5630 3916 0
 5289 4489 5630 5097 0
 5676 265 211 243 0
 5676 243 211 241 0
 5676 241 211 181 0
 4371 5701 5778 5323 0
 3160 5642 5701 3417 0
 4371 3217 5701 3160 0
 3822 3752 3670 5126 0
 886 5625 942 930 0
 5530 5625 942 886 0
 5625 5530 5613 886 0
 3938 3930 5165 5572 0
 3930 3962 5165 5263 0
 5263 3930 5681 5165 0
 5165 5572 3930 5681 0
 3930 5165 3962 3938 0
 3648 3600 5502 3683 0
 3648 3683 5502 5782 0
 3745 5782 3683 3648 0
 3683 5682 5782 3745 0
 3683 5502 5782 5682 0
 3745 5782 5493 5682 0
 5683 3579 4240 3565 0
 4240 5683 5778 5609 0
 3432 3561 5286 3539 0
 3539 3639 3561 5286 0
 5286 3639 4767 3539 0
 900 5717 1057 966 0
 900 4513 5717 966 0
 5245 5717 900 5355 0
 4513 900 5717 5355 0
 5245 900 5717 1057 0
 3018 3146 4221 4516 0
 1447 5615 1388 1327 0
 5723 3181 3146 4221 0
 1359 1327 5615 1447 0
 2902 2982 4221 5275 0
 2982 3018 4221 4516 0
 1493 5359 5119 5615 0
 4626 4882 5597 5368 0
 5368 5209 4626 4882 0
 2705 4832 5597 2674 0
 409 4581 5525 4816 0
 4931 4581 4883 5314 0
 4581 4931 428 5314 0
 4832 4389 4229 4973 0
 5314 4581 5525 409 0
 5314 4883 5525 4581 0
 796 724 4144 5684 0
 4144 673 5684 724 0
 2863 2767 5597 2792 0
 2912 2863 5597 2792 0
 3861 5685 4244 5306 0
 5685 4244 5306 5064 0
 3658 4244 3729 5685 0
 3729 4244 3861 5685 0
 5685 4244 5478 3658 0
 5686 3641 3782 3841 0
 5402 5038 5116 5687 0
 3808 5558 3877 4238 0
 5558 3681 3614 3708 0
 3747 5558 3808 4238 0
 3853 5558 3877 3826 0
 5558 3554 3681 3633 0
 3708 5482 3614 5558 0
 5687 5709 5380 5116 0
 5542 3614 5482 5558 0
 4466 4919 3926 5515 0
 5116 5687 5038 4321 0
 5116 5687 4321 5380 0
 1028 5709 5687 5755 0
 5002 4466 4919 4025 0
 5002 4245 4405 4466 0
 4405 5002 4466 4919 0
 5002 4405 5214 4467 0
 5688 5580 5071 5360 0
 5071 5688 4937 5580 0
 3652 3607 5688 5758 0
 3607 5688 5758 3503 0
 5354 5758 4937 5688 0
 4241 5360 5688 3652 0
 3545 3529 3634 5049 0
 1385 5224 1413 1356 0
 5224 1413 5591 1443 0
 3163 3075 2931 5689 0
 3058 2931 5689 3163 0
 3163 5453 3075 5182 0
 5689 3075 5182 3163 0
 3483 3611 3720 5628 0
 4769 4704 5628 4672 0
 608 372 467 5656 0
 5325 5656 372 5213 0
 608 5656 368 372 0
 5599 5292 4925 5570 0
 3995 5574 5468 5692 0
 3220 4231 3164 5692 0
 4366 5717 5355 4513 0
 5457 5717 4366 4513 0
 5730 4395 5693 1711 0
 4733 1744 5693 1687 0
 4395 5693 1711 1687 0
 5730 5291 5693 4395 0
 5291 4395 4733 5693 0
 2961 3005 3033 4960 0
 3005 3007 4960 2963 0
 2730 2665 5783 5760 0
 4895 1202 5708 1177 0
 1177 5708 1108 1122 0
 1202 1122 5708 1177 0
 1327 1300 5141 1388 0
 1327 5457 5141 1300 0
 1222 1300 5457 1327 0
 5556 5536 3021 3015 0
 3066 5556 3015 5536 0
 1327 5141 5615 1388 0
 1327 5615 5141 5457 0
 588 4712 4137 727 0
 727 4953 4712 4137 0
 588 4712 4482 4137 0
 5066 4685 4482 4871 0
 2115 2134 5397 2062 0
 2014 1989 5430 5696 0
 5696 2105 2028 5397 0
 3114 3066 3147 5697 0
 5556 5697 5731 3374 0
 5556 5697 3374 3391 0
 3328 3398 5232 3483 0
 3580 3642 3660 5307 0
 3580 3642 5307 4577 0
 4846 5769 5699 5176 0
 5700 441 415 318 0
 5700 5655 318 332 0
 5700 332 318 415 0
 5700 318 5650 441 0
 5700 318 5655 5650 0
 5224 1354 1317 1356 0
 5224 4296 5296 1365 0
 1345 4296 5296 1321 0
 4296 1345 5296 1365 0
 5296 5361 4296 5428 0
 5428 4573 5224 5296 0
 4825 1122 5735 1069 0
 1122 4825 5735 5158 0
 5317 5592 4991 5735 0
 5592 5159 5735 1069 0
 231 5348 278 220 0
 231 285 278 5348 0
 3226 2987 2947 4530 0
 2987 2883 2947 4530 0
 3046 5556 3021 3031 0
 5636 840 836 901 0
 2771 5529 4367 2800 0
 5529 2771 2766 2800 0
 18 9 4633 22 0
 5694 2762 5783 2730 0
 5694 5575 5015 5400 0
 3486 5702 3610 3511 0
 5502 3486 3610 3600 0
 5502 5702 3610 3486 0
 5622 3352 3511 5702 0
 5622 5702 5171 5565 0
 5502 5702 3486 5171 0
 5642 5660 5701 3417 0
 2899 4214 5480 5703 0
 2933 2878 4214 5703 0
 2899 4214 5703 2933 0
 5703 4214 5376 5665 0
 5665 4214 2878 5703 0
 4144 593 515 5673 0
 522 5751 5673 4144 0
 4857 5313 4175 5397 0
 3231 5577 3323 3212 0
 3231 3171 5577 3212 0
 1153 5704 1162 5403 0
 1153 5704 1075 1162 0
 5704 4310 1162 5403 0
 5704 4310 1128 1162 0
 5705 328 299 354 0
 5705 5769 393 404 0
 5705 354 404 328 0
 5705 328 5176 4846 0
 5705 5769 5176 393 0
 5768 1396 1410 1424 0
 5712 1424 1333 1396 0
 5768 1410 1396 4487 0
 5768 4829 1396 5712 0
 3066 5556 3055 3015 0
 4808 906 952 4169 0
 490 5750 485 484 0
 5750 5538 554 627 0
 2056 4842 1963 1937 0
 1816 1891 1879 4588 0
 485 5750 5706 484 0
 1816 1891 4588 1855 0
 1855 4454 4588 4390 0
 5706 554 5750 5538 0
 5549 490 5750 485 0
 4858 4286 4191 4469 0
 3776 3713 3680 5707 0
 4621 4469 4858 4191 0
 3626 3713 5707 3680 0
 3626 5707 3713 4767 0
 5168 5028 5448 5707 0
 4668 4637 4775 4286 0
 5448 5707 5028 3776 0
 1015 4659 5426 1004 0
 4895 1177 5708 5513 0
 1202 1136 5708 1122 0
 5469 1136 4252 5708 0
 1177 1108 5708 5513 0
 5263 5365 5171 4387 0
 5171 5365 4891 4387 0
 3055 5731 3066 3114 0
 3066 5731 3055 5556 0
 2637 5205 4726 4889 0
 4601 4522 5236 4726 0
 4199 922 4200 4594 0
 4199 4200 993 4594 0
 3462 4557 4594 4204 0
 5562 5320 5643 5322 0
 5562 5322 5643 4946 0
 5694 2685 2730 5760 0
 5694 5760 5632 2685 0
 5596 2532 5632 5694 0
 1031 5709 1130 1129 0
 1031 1028 5709 1129 0
 1028 1129 1085 5709 0
 1129 1130 5380 5709 0
 5583 5128 5364 4398 0
 4398 5583 4903 5364 0
 4232 4552 4500 3142 0
 3257 4500 3085 3169 0
 4232 4500 3001 3142 0
 4232 4500 2942 3001 0
 4232 4552 4524 4500 0
 3142 3257 4552 4500 0
 2942 5481 4500 4232 0
 5073 5023 5576 5182 0
 5073 5239 5576 5023 0
 5406 5073 5182 5023 0
 1533 4171 5710 5119 0
 4171 5046 5710 4316 0
 1577 1533 4171 5710 0
 5711 1557 5008 5754 0
 5711 5008 5471 5754 0
 5729 4445 5563 5385 0
 4236 3845 3827 4650 0
 4236 3849 4900 4650 0
 3675 5288 5563 3750 0
 4236 3806 3849 3784 0
 3675 5729 5563 5288 0
 3675 5563 5729 3631 0
 5096 5490 4650 4900 0
 5569 4241 3625 3662 0
 3772 5569 5130 3765 0
 3765 3704 3772 5569 0
 3704 5569 3723 3772 0
 5130 5569 3772 5602 0
 5163 2386 5341 4562 0
 5341 2413 2386 2479 0
 5124 5163 2386 5341 0
 3007 4960 5634 5284 0
 2475 5616 5596 2445 0
 2475 2394 2487 5616 0
 872 5644 734 786 0
 872 786 923 5407 0
 5407 872 5764 923 0
 5275 2868 2940 2931 0
 3075 5275 2940 2931 0
 5712 1305 1333 1374 0
 5712 1374 1333 1424 0
 5712 1424 1396 5768 0
 3059 5640 3051 3083 0
 3134 3083 5713 3148 0
 5640 5713 3051 3083 0
 5714 5747 4126 4119 0
 5714 4124 4122 4126 0
 5714 4126 4127 4124 0
 4371 4870 5321 5701 0
 5663 3384 3263 5559 0
 5559 3197 3194 3263 0
 5712 1374 1287 1305 0
 5712 5248 5607 1287 0
 5302 5071 5628 5324 0
 5324 3720 5302 3812 0
 2866 5106 5715 4223 0
 5715 4223 5106 5529 0
 2375 5616 2470 2404 0
 3323 3307 3212 5577 0
 3323 5577 3412 3307 0
 3323 3412 5577 5367 0
 5187 5690 3543 3566 0
 5683 5609 4240 5187 0
 5690 5609 5683 5187 0
 5778 3313 5642 3217 0
 3160 3217 5701 5642 0
 5518 1669 5763 5561 0
 5518 1669 1650 5763 0
 5751 488 406 5282 0
 3843 5396 3896 3851 0
 3843 3896 5396 5631 0
 1771 5561 1749 5721 0
 1784 5561 1763 1637 0
 5579 712 656 728 0
 682 641 5081 5716 0
 5114 5716 5402 5081 0
 641 5579 5716 712 0
 5114 5716 5579 5402 0
 5457 1134 5717 1081 0
 1018 5717 1134 1081 0
 4448 4985 4162 4314 0
 4448 4314 5728 4312 0
 4448 4495 5108 4985 0
 4624 4495 5108 4448 0
 5449 4448 5728 4312 0
 449 430 410 5718 0
 5321 3160 5701 3417 0
 4371 3160 5701 5321 0
 5082 4518 5044 5725 0
 5082 3230 3125 5719 0
 3125 5719 3166 3065 0
 5082 5719 5578 5677 0
 5536 5663 5556 3021 0
 682 5716 5081 5779 0
 5716 5779 5402 5081 0
 682 676 5779 612 0
 1812 1780 5763 1881 0
 1881 5763 1856 1931 0
 599 5570 467 565 0
 5570 565 599 639 0
 599 5656 467 5570 0
 4925 5570 5325 5656 0
 5570 467 565 5325 0
 853 4921 5290 1098 0
 983 5290 1098 853 0
 5689 5275 3075 2931 0
 3844 5720 3806 4006 0
 5720 3806 4006 3849 0
 3806 5720 5784 4900 0
 3844 5784 3806 5720 0
 3849 5720 4900 5757 0
 3844 5720 5633 5784 0
 5502 3610 3683 3600 0
 5502 3610 3698 3683 0
 5502 3698 3610 5702 0
 5367 3419 3570 3434 0
 5367 3617 3434 3570 0
 5721 1707 1630 1749 0
 5721 1643 1630 1707 0
 2453 2389 5308 2443 0
 5410 5580 5203 5360 0
 5071 5360 5580 5410 0
 309 230 4970 4854 0
 4854 309 230 182 0
 322 230 5348 4970 0
 3930 3900 5263 3891 0
 3891 5263 5493 3900 0
 3891 5493 3769 3900 0
 870 5407 961 971 0
 971 870 5407 831 0
 923 5407 831 971 0
 434 316 5617 402 0
 434 5617 316 4912 0
 5176 5438 494 573 0
 5699 573 5176 494 0
 5663 5477 5559 3020 0
 3446 3355 3372 5722 0
 5568 5624 5722 3209 0
 5568 3293 5722 5745 0
 3467 5722 3372 5745 0
 1383 1343 5248 1261 0
 1383 1287 1261 5248 0
 4152 5248 1383 1343 0
 5248 5460 1261 1343 0
 4152 5248 1343 5460 0
 5690 3198 3268 3216 0
 4755 4600 4952 5332 0
 5332 4600 4952 4549 0
 4986 5332 4952 5398 0
 4986 5398 5475 5332 0
 4986 5646 5398 4952 0
 5332 4952 5398 4549 0
 1920 4683 2029 5473 0
 4683 5473 4404 2029 0
 4702 4683 1833 5473 0
 1951 1920 2029 5473 0
 5773 5624 5697 3213 0
 5508 1654 5474 5300 0
 5508 1654 1576 5474 0
 4670 5193 5297 5723 0
 4221 4670 4516 5723 0
 5461 5723 5297 5193 0
 3146 3247 5723 3327 0
 3146 5723 4221 4516 0
 4893 361 319 414 0
 3879 4656 5134 3923 0
 4656 3919 3923 3879 0
 4656 3919 3950 3923 0
 5697 3147 3114 3170 0
 5697 5624 3147 3213 0
 3170 5697 3147 3213 0
 1395 5533 5744 1367 0
 5669 5744 5724 1367 0
 1395 5744 1475 1367 0
 819 774 931 5511 0
 5511 5599 774 931 0
 5082 5725 5677 4518 0
 5082 5044 4723 5725 0
 5082 4723 5719 5725 0
 5262 5725 4458 5588 0
 5262 5588 4723 5725 0
 3385 3298 3411 5745 0
 5745 5726 3298 3411 0
 3411 5726 3298 3358 0
 5726 5608 3298 3358 0
 3218 5608 5726 5652 0
 1329 1360 5335 1300 0
 4320 4951 4519 5382 0
 5639 4751 5105 5300 0
 4320 5382 5115 4951 0
 5356 5628 5377 5071 0
 4672 5356 5628 5377 0
 1260 5553 1257 1228 0
 5553 1260 1257 4872 0
 4872 1260 5115 5553 0
 2925 4216 5390 5495 0
 4216 5390 5495 4392 0
 3066 5697 5556 5536 0
 406 5282 416 5751 0
 488 5626 406 5282 0
 340 4815 4912 5336 0
 4527 4180 4179 1619 0
 4179 2425 4478 4694 0
 4478 4185 4567 5443 0
 2262 4185 4478 4184 0
 3599 5492 3567 3672 0
 5443 2451 4184 4185 0
 5215 4479 5118 5277 0
 3466 5775 5492 3599 0
 5458 4471 5215 4646 0
 5118 4479 5215 4190 0
 1949 4190 5118 5215 0
 1949 5545 5118 1810 0
 1841 1810 5118 1778 0
 1798 5118 1842 4190 0
 1949 5277 5215 5118 0
 5215 4646 5228 4189 0
 5453 5406 5182 5023 0
 3272 3341 3243 5453 0
 1711 1779 1759 5693 0
 209 255 4756 4582 0
 209 4582 264 255 0
 5185 318 264 255 0
 255 5185 4582 264 0
 255 5185 4756 4582 0
 791 756 5537 804 0
 5678 756 804 5537 0
 5678 804 756 811 0
 2425 4417 5443 4567 0
 4203 4480 4435 4460 0
 5763 1802 1650 1703 0
 1650 5763 1703 1609 0
 3005 3048 5284 3007 0
 5284 3007 4960 3005 0
 2619 2772 2649 5330 0
 5363 4118 4127 5353 0
 5363 4127 5714 5353 0
 5353 4118 4127 4123 0
 5353 4123 4110 4118 0
 465 5617 352 402 0
 5183 352 465 5617 0
 2850 2915 5475 5480 0
 5695 5386 2492 2472 0
 4600 2974 5332 4755 0
 5695 5386 5329 2492 0
 4549 4729 4600 4217 0
 4729 4549 4741 4421 0
 4623 5267 5384 4969 0
 3365 3285 5671 3358 0
 5608 3358 5671 3285 0
 4162 5728 1692 1605 0
 4162 5728 1646 1572 0
 4162 1646 5728 1605 0
 5728 5449 1572 4162 0
 4448 4314 4162 5728 0
 5449 4448 4162 5728 0
 4314 1692 4162 5728 0
 5714 4122 4124 4116 0
 5714 4122 4116 4571 0
 5449 1531 4576 5188 0
 1539 5449 1497 1572 0
 5728 1572 5449 1539 0
 3213 5773 3276 3302 0
 3302 3355 5773 3276 0
 5713 3211 3134 3148 0
 3051 5640 5494 5713 0
 3352 3312 5565 5622 0
 3312 3175 3234 5565 0
 3352 5565 3312 3234 0
 4725 5110 4233 4788 0
 3080 4788 4233 3109 0
 4725 4788 4233 3080 0
 5110 4873 4233 4788 0
 4788 5496 4233 3109 0
 3651 3695 4235 5729 0
 4630 4764 3615 4898 0
 3651 3622 5729 4235 0
 4261 5385 5729 5006 0
 5729 5385 5288 5006 0
 5585 5288 4235 3695 0
 5729 4630 4261 4738 0
 4172 5291 5532 5730 0
 1597 1609 5518 1519 0
 1650 1609 1519 5518 0
 2026 2051 1927 1915 0
 629 5562 715 1017 0
 629 5320 1017 781 0
 4872 5115 5483 5639 0
 4872 5553 5115 5639 0
 5115 5639 5553 5382 0
 5605 3998 3997 4002 0
 5605 4467 3997 3998 0
 3980 4002 3998 5605 0
 3293 3209 5722 3276 0
 3276 5722 5624 3209 0
 5773 5624 3276 5722 0
 3049 3081 5731 3055 0
 5731 3055 5556 3031 0
 5275 5453 5406 5182 0
 905 1106 5601 1014 0
 5601 5544 1106 5295 0
 5108 4162 5522 1828 0
 5113 5522 5108 4985 0
 4495 5113 5108 4985 0
 3278 3198 3268 5690 0
 5732 3121 3160 3052 0
 5740 3010 3121 5732 0
 1321 1291 5296 1317 0
 5361 1307 1252 1291 0
 1321 5361 4296 5296 0
 1181 1239 1155 5544 0
 5544 5469 4928 4951 0
 5295 5544 4928 4438 0
 5636 882 842 4143 0
 1650 1609 5518 5763 0
 1539 1497 5188 1464 0
 5188 5449 1497 1539 0
 5188 4312 5449 1539 0
 5584 2792 2857 2911 0
 5474 5383 1540 5600 0
 1478 5600 1525 1540 0
 5733 4073 4061 4087 0
 5247 5733 5747 5196 0
 4097 4087 4073 5733 0
 4091 4107 5733 5747 0
 3825 5492 3672 3727 0
 3727 5564 3847 3825 0
 3727 5492 5564 3825 0
 5262 5492 3825 5564 0
 5322 2043 5643 4946 0
 5548 4946 5643 2043 0
 5548 5644 4946 5226 0
 865 5734 5636 830 0
 860 5734 881 830 0
 5734 5506 5636 4803 0
 5033 5597 2792 2912 0
 3290 5191 3232 3280 0
 3280 3232 3183 5692 0
 5191 5692 3232 3280 0
 4660 4196 5452 4523 0
 3032 4740 3322 5731 0
 1122 1108 5158 5735 0
 711 704 5570 639 0
 5570 5599 813 774 0
 5530 834 5552 533 0
 5552 533 834 5654 0
 938 813 967 5292 0
 5599 813 5292 5570 0
 1174 1056 5736 1193 0
 1245 5736 1148 1277 0
 1148 1174 1056 5736 0
 5736 5152 1277 5206 0
 1193 1150 5736 1319 0
 5224 5433 4341 4884 0
 4152 5433 5224 4884 0
 3007 5284 3054 3048 0
 2946 3045 2969 5737 0
 5691 2946 5737 3045 0
 3045 3029 5737 3115 0
 3045 2969 5737 3029 0
 5691 5737 5414 3045 0
 5414 3045 5737 3115 0
 2041 5447 2229 2109 0
 2229 5447 2041 5133 0
 2041 5133 5447 5277 0
 3197 5663 3263 5559 0
 3712 5558 5680 3797 0
 3712 5680 3732 3797 0
 3797 3796 5680 3732 0
 4801 4559 4798 4532 0
 4798 4134 4348 5040 0
 4818 4483 4134 5040 0
 4483 4348 4352 4134 0
 608 467 599 5656 0
 4352 4532 4400 4801 0
 1747 1789 5739 1691 0
 5739 1691 4791 4824 0
 5333 5362 4135 4883 0
 5333 4135 5314 4883 0
 5609 3216 3269 3187 0
 5362 4135 4883 4890 0
 5362 5022 5333 4802 0
 4883 5142 5525 4581 0
 5609 5683 3269 3216 0
 5683 3216 5609 5690 0
 408 449 407 5590 0
 4880 4920 5423 5590 0
 5590 449 407 5718 0
 1556 1540 5383 1511 0
 5383 1511 1540 5600 0
 1631 1627 4160 5383 0
 1597 1609 5763 5518 0
 5176 5439 573 680 0
 267 4970 4582 4854 0
 586 584 5530 5738 0
 552 5738 586 5530 0
 5778 5609 3269 3187 0
 5778 3217 3187 3269 0
 5609 5778 5202 3187 0
 5202 3217 3187 5778 0
 1694 4791 4737 5739 0
 1592 4737 4791 5739 0
 4737 1534 1694 5739 0
 2744 2743 5500 5715 0
 5715 2743 2760 2744 0
 5529 2743 5715 5674 0
 5715 5674 2743 5500 0
 1597 1703 5763 1609 0
 1597 1767 1812 5763 0
 5763 1703 1597 1767 0
 923 5764 994 872 0
 872 5764 994 974 0
 974 4946 872 5764 0
 4946 5764 974 5672 0
 5740 3121 3187 3217 0
 5740 4371 3217 5202 0
 5740 3217 3187 5202 0
 5732 3121 5740 3160 0
 5740 5732 3160 4371 0
 5692 4231 3164 2975 0
 3183 5692 3164 3037 0
 5692 4231 2975 5468 0
 5574 3037 5468 5692 0
 886 908 942 5530 0
 1263 5469 5382 4895 0
 1455 4146 5611 5421 0
 5611 1323 1398 1381 0
 5551 2507 2484 5741 0
 5611 1309 1381 1363 0
 5611 1398 1306 4146 0
 5611 1215 4146 1306 0
 5611 4146 1049 4250 0
 4250 997 4146 1049 0
 5611 1131 1049 4146 0
 5611 1131 4146 1215 0
 5611 4485 4924 5421 0
 5611 4146 4250 4485 0
 924 878 5519 5610 0
 2151 4150 2016 3586 0
 937 924 5519 928 0
 924 5610 5519 928 0
 4537 2151 4155 4351 0
 4580 4611 4333 4158 0
 4298 4537 5201 4333 0
 4505 4333 5201 4534 0
 4333 4537 4155 4351 0
 4062 4054 5742 4022 0
 4022 5742 4003 4054 0
 4022 4003 5742 5353 0
 4062 5742 5353 4022 0
 4298 1247 1334 1172 0
 4298 1135 1172 4158 0
 4505 991 1036 4158 0
 4298 4158 1172 1334 0
 5441 5147 5600 5177 0
 5774 1024 961 4563 0
 961 5774 5407 5641 0
 1010 5774 1024 5641 0
 923 831 5407 786 0
 5644 786 872 5407 0
 4815 4989 5727 561 0
 5336 4815 5727 340 0
 3134 3194 5743 3122 0
 5317 5537 5735 4991 0
 1108 5735 1027 953 0
 4613 2920 5528 2983 0
 2920 2983 2955 5528 0
 1365 5296 5224 1354 0
 1385 5224 1356 1354 0
 2852 4222 2840 2805 0
 2866 5106 2852 5715 0
 870 961 5641 865 0
 5407 5641 870 961 0
 3649 3732 3712 5680 0
 3712 3633 3649 5680 0
 5250 5090 5680 5558 0
 2453 2389 2390 5675 0
 2390 5675 2332 2453 0
 2389 5308 5675 2453 0
 4177 1745 1746 4314 0
 4312 1503 4161 1568 0
 4314 4161 1745 1678 0
 4314 1746 1692 1678 0
 4312 1678 1568 4161 0
 4314 1692 5728 4312 0
 3385 3467 3372 5745 0
 2470 2532 2522 5760 0
 4290 5762 5760 2596 0
 5632 2532 2470 5760 0
 2641 2754 4515 2664 0
 4515 4384 2641 2664 0
 4284 5031 4434 5425 0
 4434 4539 4494 4166 0
 2319 2360 2303 5746 0
 2319 5746 2296 2360 0
 5676 243 271 265 0
 5676 265 271 317 0
 5747 4117 5623 5353 0
 5747 4117 4125 4121 0
 4568 2293 4169 4662 0
 5353 4117 4125 5747 0
 5747 4108 4117 4121 0
 4293 4643 4837 4974 0
 5602 3787 5360 3723 0
 5614 4568 4662 2293 0
 5614 4702 1659 1689 0
 5614 1623 1659 4173 0
 5614 1555 1582 1623 0
 5614 4662 4568 1555 0
 4662 4173 1587 1623 0
 3890 3787 5393 3834 0
 5578 3125 3102 2981 0
 5578 2981 3102 2912 0
 1367 5533 5744 5724 0
 1367 5744 1475 5669 0
 1395 1437 1448 5744 0
 1395 1437 5744 5533 0
 5783 2730 5760 5694 0
 1391 1329 1360 5335 0
 4310 1256 5335 1300 0
 4804 5748 4871 4132 0
 4804 4673 4871 4843 0
 3477 4617 5367 3434 0
 488 5626 537 457 0
 397 5626 452 406 0
 5423 452 436 397 0
 5171 3451 3486 5502 0
 3352 3324 3486 5565 0
 5565 3324 3486 3451 0
 3352 5702 5565 3486 0
 3451 5171 3486 5565 0
 5363 5714 4116 5662 0
 4906 5714 5363 5662 0
 5353 5714 5363 4906 0
 4805 4178 4682 4674 0
 5782 5171 3634 5263 0
 5782 5171 5682 5502 0
 5742 4003 4045 5623 0
 5742 4045 4003 4054 0
 5742 4003 5623 5353 0
 4636 4541 4682 4805 0
 5202 4371 3217 5778 0
 5778 3269 3313 3217 0
 4371 5701 3217 5778 0
 5778 5701 3217 5642 0
 3652 3607 5686 5688 0
 3652 3607 3716 5686 0
 4498 4403 4542 4182 0
 4313 5352 4498 4762 0
 4403 4542 4375 4498 0
 2688 5287 2716 2781 0
 4648 5163 4306 4499 0
 4403 4429 4375 4542 0
 4306 4540 4332 4653 0
 4279 5234 4543 4429 0
 4332 4716 4306 4653 0
 5605 5263 5165 3962 0
 5263 5165 5365 5605 0
 3639 5028 3713 3773 0
 3639 3713 5028 4767 0
 5604 1534 5653 5518 0
 5533 5518 1519 5604 0
 5533 5653 5518 5604 0
 5608 5726 3510 5671 0
 3411 3440 5726 3358 0
 5202 5323 730 4371 0
 5761 5186 4371 730 0
 4371 5186 5168 730 0
 5634 4371 730 5761 0
 5634 5202 730 4371 0
 4092 4075 4074 5662 0
 5075 2699 2721 4779 0
 1597 5739 1694 1534 0
 1968 5133 2041 5545 0
 5505 5532 5133 5172 0
 5133 2065 5505 1991 0
 5172 5532 5133 1896 0
 2065 1991 5133 2041 0
 570 494 5699 5749 0
 492 5749 494 570 0
 5636 570 5749 5506 0
 5699 5749 5636 570 0
 1105 999 1030 5752 0
 1105 1107 5752 1030 0
 1105 1179 5752 1107 0
 3894 5263 3900 3842 0
 3832 4246 3894 5263 0
 3894 5263 3943 3900 0
 2616 2675 2615 5404 0
 1513 5474 1525 1457 0
 4754 1375 1436 1403 0
 5091 5474 4754 1513 0
 3754 3854 5324 4270 0
 3854 3886 3754 5324 0
 3754 3886 3812 5324 0
 3066 5731 5697 3114 0
 5511 843 800 892 0
 4443 4473 4541 5149 0
 5038 5579 855 5687 0
 787 728 5579 855 0
 4657 5198 5463 4443 0
 4657 5463 4631 4443 0
 4443 4508 4473 4197 0
 4631 4508 4443 5412 0
 5755 5579 5402 5687 0
 4297 4488 4384 2664 0
 2477 2537 5621 2437 0
 5659 5621 4262 4276 0
 5654 716 792 5750 0
 520 555 5750 614 0
 633 716 5750 614 0
 5549 5750 490 5654 0
 484 5706 554 5750 0
 5706 5750 485 5549 0
 522 5673 5751 498 0
 4201 4544 4542 4329 0
 4329 4544 4542 4202 0
 2539 5386 5618 2668 0
 5618 5386 4641 4194 0
 5360 5302 5686 5664 0
 5686 5360 5071 5302 0
 4543 4861 5444 4279 0
 5360 5071 5688 5686 0
 4542 4279 4401 4429 0
 1260 1242 5553 1228 0
 1228 1177 1242 5553 0
 5645 5752 1270 1298 0
 1298 1270 1179 5752 0
 5752 4145 1244 5177 0
 5752 5177 1298 5645 0
 1489 5543 1504 1569 0
 4610 5574 3030 2949 0
 2949 3037 5574 3030 0
 5151 5424 4525 5378 0
 3334 5526 5753 3441 0
 3334 3408 3441 5753 0
 5622 3334 5753 3408 0
 5526 5622 3334 5753 0
 5605 5263 4387 5365 0
 5354 5688 5377 5593 0
 4961 5593 5688 3503 0
 5593 3392 4809 5354 0
 4809 5354 5377 5593 0
 5354 5688 4937 5377 0
 4840 4848 5718 690 0
 4823 5718 690 4840 0
 5275 2931 5586 2868 0
 4006 3849 4035 5720 0
 5757 3979 3849 4035 0
 3849 4035 5720 5757 0
 5754 1557 1601 1613 0
 5754 1613 1634 5032 0
 5471 5754 1634 5032 0
 5711 5754 5471 5032 0
 1662 1785 5541 1606 0
 5541 1662 1606 1591 0
 5221 1608 5541 1785 0
 5176 328 4970 4846 0
 4879 5176 4970 4846 0
 682 712 641 5716 0
 787 985 5755 854 0
 712 5755 787 5579 0
 5716 5579 5755 712 0
 985 787 5755 5687 0
 787 5579 5755 5687 0
 2954 4631 2893 5479 0
 4295 5413 4215 3376 0
 4359 4344 4430 4618 0
 690 5781 4848 5718 0
 4976 2813 4768 4488 0
 2769 2724 2760 4711 0
 2805 2781 4222 2840 0
 4125 4121 4126 5747 0
 5106 4222 2805 4711 0
 2959 4223 5106 2866 0
 2963 5106 5634 4960 0
 5714 4126 5747 4125 0
 5353 4125 5714 5747 0
 4442 4227 4358 4226 0
 1263 5469 1200 1239 0
 1263 1200 5469 1202 0
 1263 5469 4895 1202 0
 4873 5060 4506 4463 0
 5750 5654 633 555 0
 555 551 5654 633 0
 633 716 5654 5750 0
 3371 3351 3470 5542 0
 5542 3351 5461 5723 0
 3288 3351 5723 3247 0
 2936 2897 4613 2887 0
 2887 2936 2920 4613 0
 3056 3042 3088 5663 0
 2953 4613 2897 5584 0
 4530 4779 5455 2883 0
 3336 4506 3226 3281 0
 4530 5060 3226 5496 0
 3922 5389 3878 5633 0
 5756 1184 4153 1165 0
 1255 4153 5756 1184 0
 4012 5289 4017 5630 0
 2961 2965 5627 3033 0
 3058 5627 2965 3033 0
 5309 2561 4208 5343 0
 4283 2453 4208 5309 0
 4283 5309 4208 5343 0
 4208 2453 2561 5309 0
 5467 5411 5271 5657 0
 3457 5467 3296 5271 0
 5528 5271 3157 5467 0
 5271 5467 5528 5411 0
 3157 5271 3296 5467 0
 5114 5123 5579 700 0
 728 5579 855 746 0
 2939 5331 5370 5550 0
 3800 3753 3779 5629 0
 4344 5629 4618 4359 0
 4295 3685 5077 5629 0
 5550 5331 5476 2939 0
 4295 5629 5077 4359 0
 4558 3714 3705 4237 0
 3696 4558 3669 3679 0
 4558 3669 3714 3696 0
 5286 4767 5239 5023 0
 5567 5369 4489 3833 0
 5567 5448 5028 3833 0
 3702 3688 4509 3654 0
 5303 4509 3702 5415 0
 3803 4243 5303 3823 0
 3823 5303 4709 4243 0
 3803 3763 5303 4243 0
 3658 3689 4244 4335 0
 3655 3703 3659 4335 0
 3703 4335 5266 3731 0
 3722 4335 4244 3689 0
 5606 5602 5203 5580 0
 5580 4968 5606 5602 0
 2797 5587 5507 2867 0
 1991 1854 5172 5133 0
 5172 4172 5505 5532 0
 3324 3352 3234 5565 0
 5112 210 289 293 0
 5112 144 210 228 0
 289 5112 352 5183 0
 1378 5724 5669 1514 0
 3745 3769 3683 5682 0
 5493 3769 3745 5682 0
 5705 347 354 299 0
 5655 5705 299 347 0
 1181 1155 1106 5544 0
 5606 5039 5017 4968 0
 5017 5569 5130 4968 0
 5606 5017 5130 4968 0
 5606 4968 5130 5602 0
 4968 5569 5130 5602 0
 3055 3114 3081 5731 0
 1763 1753 5721 1771 0
 1753 1771 1739 5721 0
 5419 5514 4902 4041 0
 1637 5561 1763 5721 0
 5783 2522 2532 5760 0
 4290 5760 5762 2643 0
 5566 2677 2598 2558 0
 5566 2598 2677 2721 0
 4211 2558 2677 5566 0
 5757 5353 5363 4906 0
 5353 5757 5363 5648 0
 5720 5648 4248 5757 0
 4241 3652 5758 3625 0
 4241 4937 4431 5758 0
 5635 5758 4241 4431 0
 4241 3625 5758 5635 0
 3652 5688 4241 5758 0
 5758 4241 4937 5688 0
 5727 661 578 561 0
 3980 4002 5605 3986 0
 3674 5466 5250 3573 0
 3573 3541 5250 3649 0
 4131 751 5511 5259 0
 5656 4925 5511 5259 0
 5727 723 5259 5656 0
 3444 3519 3514 5671 0
 3365 5671 3440 3358 0
 5748 778 962 4712 0
 838 874 5748 1002 0
 1806 1903 1828 5619 0
 1173 1328 1176 5441 0
 1328 5441 1173 1258 0
 1328 1353 1176 5441 0
 5648 4035 4051 3979 0
 5648 3979 5757 4035 0
 5648 4051 4076 4085 0
 5720 4035 5648 5757 0
 3952 5302 3925 3858 0
 3889 3858 5302 3952 0
 3884 3841 5302 5686 0
 865 5641 816 5636 0
 870 5641 5781 816 0
 870 816 865 5641 0
 816 5641 5781 5636 0
 5781 5641 870 5407 0
 5556 5697 3066 5731 0
 5649 4651 4178 4682 0
 1586 1628 5503 1656 0
 1586 5503 1591 1656 0
 1628 5031 5503 1756 0
 5596 5632 2470 5616 0
 1401 1409 5533 5604 0
 3776 3748 5707 3680 0
 5707 3776 5448 3748 0
 5247 5393 4068 5733 0
 4108 4087 4097 5247 0
 4108 5747 5247 4107 0
 5247 5733 4087 4097 0
 5747 4107 5733 5247 0
 3218 5726 5745 5652 0
 3489 3411 5745 3385 0
 994 5759 1038 974 0
 974 1038 1043 5759 0
 974 4714 5672 5759 0
 1043 4714 974 5759 0
 971 5764 1058 1032 0
 974 5672 5764 5759 0
 5419 4059 4058 4078 0
 5419 4059 4078 4084 0
 5419 4058 4059 4902 0
 780 818 5678 811 0
 1155 5469 1239 1200 0
 1155 1239 5469 5544 0
 5694 2532 5632 5760 0
 4665 5351 4561 5042 0
 4665 4388 5351 4888 0
 1984 5186 4609 5761 0
 1984 5106 5761 4609 0
 1984 5186 5761 5576 0
 5176 5439 5438 573 0
 2833 2896 5524 2885 0
 5763 1857 1702 1669 0
 5763 1669 1856 1857 0
 1702 5763 1669 5561 0
 5763 1669 1650 1856 0
 2616 2530 2592 5520 0
 3170 3221 5697 3213 0
 3221 5697 3213 3302 0
 5424 5345 3706 4988 0
 5424 3673 3706 3739 0
 5345 4988 5054 3706 0
 2462 2404 2470 5762 0
 5387 4986 5475 5507 0
 5507 5387 4986 5646 0
 5628 5071 5356 5378 0
 5071 5378 5628 5324 0
 4016 3996 3991 5630 0
 4017 5630 4016 4012 0
 3996 5630 4016 3916 0
 3991 4016 5630 4019 0
 4012 4016 4019 5630 0
 5600 5177 1428 1353 0
 2166 2216 5746 2303 0
 2166 2319 2303 5746 0
 2166 5746 2296 2319 0
 3132 5697 3114 3170 0
 5697 3132 3114 5731 0
 2496 5762 2596 5616 0
 2454 2410 5762 2496 0
 5762 2404 2470 5616 0
 1314 5603 1332 1330 0
 1332 5603 1314 4296 0
 5663 3046 3042 3088 0
 5663 3021 3042 3046 0
 4252 1069 5708 1136 0
 5708 1122 1136 1069 0
 3073 3134 3083 5713 0
 3073 5743 5713 3051 0
 872 5407 5764 4946 0
 5708 5735 1108 1122 0
 4024 3928 4007 5393 0
 5627 5182 5576 5765 0
 5075 2738 2681 2699 0
 5456 1680 1704 1653 0
 1719 1742 5456 1680 0
 5655 264 318 332 0
 5655 344 299 288 0
 5655 332 344 288 0
 5602 5360 4241 3723 0
 5688 5360 5686 3652 0
 3652 3692 4241 5360 0
 5181 5423 5138 5626 0
 5030 5138 5423 4920 0
 3242 5638 3304 3357 0
 3242 5638 3357 4617 0
 3965 3940 5661 3951 0
 1228 1177 5553 1182 0
 1182 5553 4895 1177 0
 3844 3942 5720 4006 0
 3942 5720 5633 3844 0
 3942 5633 3878 3844 0
 5506 5718 5781 4803 0
 760 816 739 5781 0
 5760 2462 2522 2470 0
 1778 5532 4172 1810 0
 1741 5532 5118 5693 0
 5532 1896 1810 5545 0
 5730 5532 1741 5693 0
 1741 5118 5532 1778 0
 5532 1810 5172 4172 0
 5730 5532 5693 5291 0
 1741 5730 4172 5532 0
 4791 1789 5739 1694 0
 2712 2649 5462 2624 0
 2712 5462 2565 2624 0
 2749 5304 2834 2741 0
 2741 2834 5665 5304 0
 5304 5665 2741 5140 0
 2741 5665 2878 5140 0
 2741 2878 5665 2834 0
 2377 2432 2375 2450 0
 2450 2375 2377 2318 0
 2445 2375 2450 2318 0
 2450 2375 2445 5596 0
 5596 2450 2375 2432 0
 4042 3949 5766 4037 0
 4037 5766 4070 4052 0
 4042 3949 3989 5766 0
 4042 4067 4037 5766 0
 5389 5633 5771 5766 0
 4037 4070 5766 4067 0
 5137 3949 5766 5389 0
 5620 5389 3949 5137 0
 4037 5137 5766 4052 0
 2132 5001 2055 5458 0
 2055 5447 2049 2132 0
 2055 5458 5215 5447 0
 2055 2132 5458 5447 0
 4102 4110 4118 5648 0
 5648 5363 5353 4118 0
 3922 4021 5633 3942 0
 3922 3878 3942 5633 0
 498 522 5673 5625 0
 470 5751 498 522 0
 1597 5763 5739 5518 0
 1812 1747 5739 5763 0
 1534 1597 5739 5518 0
 4143 5506 583 5636 0
 5506 486 5590 4143 0
 3607 3716 5686 3668 0
 3668 3716 5686 3759 0
 4711 2692 4294 2680 0
 195 142 55 4553 0
 114 5052 5348 4278 0
 5052 231 183 165 0
 231 245 5052 183 0
 2489 2452 2406 4901 0
 5468 2898 4231 2975 0
 2985 4231 5375 4917 0
 4917 2985 4231 2926 0
 4231 4917 5109 4249 0
 4231 5109 2898 5468 0
 1263 4951 1301 1285 0
 2898 4231 2926 4917 0
 5768 1459 1410 4151 0
 5768 1410 1459 1424 0
 5768 1410 4487 4151 0
 891 5704 850 1016 0
 891 5704 4303 850 0
 5637 5605 4903 4956 0
 5783 5575 2600 2661 0
 5783 5760 2665 2623 0
 4446 2661 5783 2623 0
 2764 5597 2829 2807 0
 1420 4911 1467 1453 0
 1353 5177 5441 5600 0
 1408 1428 5600 1478 0
 1408 1428 1353 5600 0
 3196 3131 3189 3335 0
 3189 3335 3259 3196 0
 2485 5037 2535 2549 0
 2485 2535 5037 2468 0
 2535 5037 4973 2549 0
 2407 2485 5037 2468 0
 3754 3720 3611 5628 0
 5628 3754 3720 5324 0
 3225 4600 3309 3311 0
 397 419 436 5423 0
 4687 4626 5128 5127 0
 5209 2919 2930 2874 0
 2919 4626 2861 5368 0
 1167 4593 1121 1206 0
 5626 5423 397 452 0
 5368 2825 2861 2874 0
 5368 2919 5209 2874 0
 2919 5368 2861 2874 0
 5618 5651 2573 2581 0
 2648 2573 5651 2581 0
 2648 5651 2573 2655 0
 2169 2074 4814 2191 0
 2079 2074 4814 2169 0
 5511 5259 751 723 0
 5511 723 751 800 0
 4874 5379 2440 2508 0
 2576 5379 2621 2508 0
 3987 3934 3966 4919 0
 4011 4919 3987 3966 0
 3913 3934 4919 3966 0
 4238 4919 3926 3913 0
 2534 4865 2553 5153 0
 4234 3375 4528 4217 0
 1347 1351 5603 1321 0
 5603 1307 1321 1351 0
 3824 5637 3701 4956 0
 3701 5637 3717 3617 0
 3701 5637 3824 3717 0
 657 574 688 4681 0
 4681 546 4955 679 0
 229 216 5314 287 0
 5314 229 5489 216 0
 287 284 216 5314 0
 2738 5305 5075 2591 0
 2366 2399 2383 5741 0
 5333 4135 4502 5314 0
 5670 2619 4208 2554 0
 2586 5670 2649 2624 0
 2619 5670 2649 2586 0
 2366 5741 2484 2399 0
 2507 2399 2484 5741 0
 3617 5367 5637 3570 0
 3617 3570 5637 3717 0
 1016 4310 1128 5704 0
 801 5654 767 707 0
 5552 533 5654 509 0
 3132 3114 5731 3081 0
 2377 5741 2423 2328 0
 2328 5741 2423 2382 0
 2377 5741 2516 2423 0
 2741 2763 5140 2878 0
 5615 5359 4156 1393 0
 4156 5359 1315 1393 0
 1393 5615 1266 4156 0
 5359 1349 4156 1315 0
 3372 3355 3276 5722 0
 3276 5722 3355 5773 0
 4397 4168 4587 1648 0
 1342 5056 1379 1279 0
 1390 4627 4369 1342 0
 560 368 5656 400 0
 400 368 5213 323 0
 5656 773 774 703 0
 5720 5757 5195 4900 0
 4900 5195 4906 5757 0
 4285 4457 4901 5618 0
 1293 5206 1282 5342 0
 5678 4145 811 818 0
 1117 1155 5469 5544 0
 5544 5469 5295 4928 0
 412 410 395 5718 0
 5718 410 395 430 0
 4296 1345 1332 1321 0
 412 395 4142 5718 0
 5506 412 4142 5718 0
 4142 395 430 5718 0
 5762 2462 5760 2470 0
 5762 5760 2462 4339 0
 2460 2545 4570 5501 0
 4964 2618 5501 2670 0
 2055 1949 4190 1977 0
 2055 4190 2030 1977 0
 2670 5501 2612 2618 0
 2055 4190 5215 5458 0
 2055 5001 4190 5458 0
 2055 4190 1949 5215 0
 4190 2030 5001 2055 0
 1152 5061 4593 1167 0
 1167 1206 5061 4593 0
 2619 5330 2640 2718 0
 2350 2259 2402 5659 0
 2222 4589 4178 5659 0
 2259 4276 5659 4486 0
 2346 5659 2259 4276 0
 2346 5621 5659 4276 0
 918 5519 5538 928 0
 5610 5538 5519 928 0
 5519 5538 5549 918 0
 5616 2470 5762 5760 0
 3843 3828 5631 3773 0
 1491 1434 4720 1528 0
 4720 1434 4611 1528 0
 5424 3706 5151 3739 0
 158 142 4999 100 0
 169 4999 174 140 0
 3739 3829 3706 5151 0
 2377 2432 2450 5741 0
 5637 4903 4387 5367 0
 5637 5605 4387 4903 0
 195 4502 4553 214 0
 1682 1634 5754 1613 0
 5754 1634 1682 1693 0
 5471 5754 1693 1634 0
 2079 1844 4762 2074 0
 2074 2079 4814 4762 0
 3903 5572 3930 3938 0
 3880 5572 5564 5681 0
 3880 5572 5681 3930 0
 1629 5543 1565 1602 0
 1602 1629 5543 5721 0
 651 4250 799 771 0
 678 4456 4250 748 0
 4043 4902 4058 4066 0
 4250 678 771 651 0
 4902 4571 4066 4437 0
 3339 5743 3263 3405 0
 3339 3263 5743 3283 0
 604 5024 562 4602 0
 4560 3531 4416 3646 0
 2844 5516 2771 5767 0
 5359 1393 1493 1488 0
 5359 1488 1538 1472 0
 5359 1529 1472 1538 0
 1490 5653 1534 5739 0
 3120 4687 3162 3027 0
 3162 3175 3027 4687 0
 5049 4687 3162 3120 0
 1256 1162 5403 1226 0
 1162 5403 4310 1256 0
 120 127 5381 148 0
 120 148 5381 153 0
 4151 4152 5409 5768 0
 5409 5712 5768 4152 0
 2473 2530 5520 2482 0
 5556 3021 5663 3046 0
 5766 5633 5195 5389 0
 5766 5389 5195 5137 0
 1179 1270 1265 5777 0
 5777 1270 1265 5645 0
 5749 494 5699 5769 0
 5769 494 404 446 0
 492 446 494 5749 0
 5769 5176 494 5699 0
 2473 5551 5520 2484 0
 3170 3221 3132 5697 0
 4509 3636 3609 3485 0
 4964 5501 5012 2670 0
 2670 2695 2612 5501 0
 2670 5012 2695 5501 0
 2734 5012 2695 2670 0
 158 140 4999 169 0
 4659 1080 4154 4153 0
 4802 4999 174 169 0
 4659 1011 4154 1080 0
 5215 1949 5447 5277 0
 5664 4018 4040 4652 0
 5664 4040 3974 3994 0
 3952 4018 5302 4652 0
 5664 3925 3974 4018 0
 3974 4018 4040 5664 0
 5191 3290 3232 3220 0
 1752 1702 5561 5763 0
 5763 1857 1752 1702 0
 1597 1812 1694 5739 0
 5666 4415 5124 2359 0
 1789 5739 1694 1812 0
 5666 4415 2359 2357 0
 1597 5763 1812 5739 0
 5418 1487 1454 1505 0
 2426 2357 2571 5666 0
 2288 5079 5124 2359 0
 5666 5124 5079 2359 0
 2426 2359 5666 5079 0
 5666 2479 2357 2571 0
 5444 5124 5079 5666 0
 5124 2386 4415 5666 0
 206 167 4591 168 0
 222 4591 168 206 0
 4802 167 4999 4591 0
 206 4591 167 4802 0
 3861 3805 5685 5306 0
 3749 5685 3861 3805 0
 5252 3899 3861 5306 0
 3230 5719 3166 3125 0
 3230 4723 5719 5082 0
 5353 5714 4906 5196 0
 5353 5747 5714 5196 0
 4675 4723 5719 3219 0
 4723 3402 3381 3501 0
 2452 2489 2573 4901 0
 1534 5518 5739 5653 0
 1779 5118 1759 5693 0
 2810 2740 2804 5667 0
 2810 2740 5667 2733 0
 2810 2733 5667 4268 0
 2810 5475 5667 2804 0
 2810 5667 5475 5507 0
 4960 730 5634 5284 0
 2705 2714 2674 5597 0
 838 815 755 5748 0
 5346 4482 514 634 0
 595 514 5346 506 0
 617 5346 686 595 0
 4560 3618 4295 3410 0
 4560 3531 3410 3447 0
 5661 4656 3950 3956 0
 3393 3389 5191 3290 0
 3290 3389 5191 3280 0
 2554 5670 2526 2480 0
 2480 4994 2488 5670 0
 4994 5308 2443 2488 0
 5308 2488 5670 2501 0
 5049 3418 3529 3452 0
 1637 1763 1617 5721 0
 5554 4177 1837 4780 0
 4780 4177 1837 1804 0
 4780 1910 4674 1912 0
 5694 2560 2532 5783 0
 5453 5275 3075 5182 0
 5689 5275 5182 3075 0
 5628 4718 4672 4748 0
 4105 4103 5662 4116 0
 4105 5662 4103 4092 0
 3364 5690 3453 3520 0
 5751 406 429 370 0
 5751 429 406 488 0
 5751 488 5282 5673 0
 2590 5053 4958 2625 0
 5735 1122 5708 1069 0
 5513 5708 5735 1108 0
 3380 5194 3382 4528 0
 3678 3759 5686 3782 0
 3678 5686 3759 3668 0
 4665 262 323 304 0
 249 199 5325 4888 0
 5723 3247 3181 3288 0
 3228 3181 3288 5283 0
 5283 3288 3228 4739 0
 3181 3288 5283 5723 0
 3288 4739 5283 5723 0
 1460 1447 1533 4475 0
 1789 4791 5739 1691 0
 5781 690 739 760 0
 5485 4640 996 4496 0
 5485 996 4640 1050 0
 4496 996 5485 889 0
 5242 5448 3757 3748 0
 3860 3757 3697 5679 0
 1314 1281 4296 5603 0
 1281 5603 1314 1330 0
 934 5537 912 835 0
 2977 3052 5497 2976 0
 5732 2976 5497 3052 0
 3010 5497 3052 5732 0
 5497 5257 2988 5732 0
 5672 5361 5603 5180 0
 5759 1125 1043 4714 0
 2080 4860 1988 2088 0
 1930 1988 1958 4860 0
 2080 1988 4860 1958 0
 5738 584 5530 533 0
 2836 2886 4631 2892 0
 5100 4631 2784 2836 0
 5221 1824 1860 1776 0
 5221 1860 1824 1914 0
 5221 1860 1914 4393 0
 2243 4842 4522 4634 0
 2243 4522 4842 4787 0
 1005 985 854 5755 0
 5347 1223 4157 5223 0
 1312 1223 4157 5347 0
 5389 3922 5771 5633 0
 3989 4021 5771 3922 0
 4021 5633 5771 3922 0
 3989 5389 5766 3949 0
 5730 1652 1635 1711 0
 5730 1553 1635 1652 0
 311 258 303 4798 0
 4798 311 365 303 0
 4798 4644 365 311 0
 5578 3125 2981 3065 0
 5578 5719 3125 3065 0
 5082 5719 3125 5578 0
 1298 5752 1179 1107 0
 766 860 5772 856 0
 4823 5590 4880 5772 0
 4880 5772 5590 5423 0
 5423 4993 5772 5610 0
 4252 5592 5294 5708 0
 1307 5361 5603 1321 0
 5361 1321 1307 1291 0
 5576 5023 5765 5182 0
 259 199 236 5325 0
 5325 199 236 166 0
 5576 4767 5780 5023 0
 5765 5023 5780 3271 0
 5576 5023 5780 5765 0
 249 5325 199 259 0
 1779 5693 1741 5118 0
 4700 2158 4860 2123 0
 2080 4787 4860 2123 0
 5257 5321 5299 4367 0
 387 5727 340 5336 0
 12 5063 31 17 0
 17 36 5063 31 0
 31 5063 55 71 0
 314 5336 387 340 0
 340 440 5727 387 0
 2705 5053 4832 2674 0
 2705 5053 2674 2636 0
 994 5764 1032 5759 0
 1056 994 1032 5759 0
 994 1056 1038 5759 0
 2407 2468 5079 2409 0
 2407 5037 5079 2468 0
 2285 2300 4865 5298 0
 2285 2192 4814 2182 0
 2285 4865 4814 5298 0
 5128 2994 2968 3035 0
 4687 4626 2968 5128 0
 3090 2994 5583 3035 0
 5577 5583 3035 3090 0
 1899 4313 5352 1908 0
 1093 1186 1181 4574 0
 4959 1116 4574 4616 0
 1090 4616 1116 4959 0
 148 127 5381 177 0
 5366 5381 127 177 0
 2248 4842 2167 2235 0
 2118 2235 4842 2140 0
 2118 2167 4842 2235 0
 2100 2167 4842 2118 0
 2248 4842 2235 4634 0
 2140 4842 4787 2243 0
 5709 5258 1067 1130 0
 1031 1130 5709 1067 0
 5709 1130 5380 5258 0
 1574 1612 4643 1660 0
 4437 5151 5324 5278 0
 4437 4902 5151 5278 0
 4902 3927 5151 5278 0
 1467 4911 4689 4167 0
 1420 4911 1453 1390 0
 152 204 5366 177 0
 152 5366 127 177 0
 5695 2539 5386 2472 0
 5386 2472 2539 2510 0
 5586 5287 2794 4222 0
 1775 5432 1861 1809 0
 5456 4777 5432 1809 0
 5432 1858 1775 1861 0
 5654 551 707 633 0
 2559 4964 2634 2570 0
 2707 2634 2559 4964 0
 2559 4964 2570 4655 0
 2490 4964 4637 4655 0
 5001 2286 2178 2181 0
 5001 2226 2286 4646 0
 5001 2178 2286 2226 0
 5774 5226 4303 5704 0
 5641 5774 5407 5226 0
 1010 5774 5641 4303 0
 5704 5226 5403 5774 0
 1010 5774 4303 5704 0
 3 1 4128 4551 0
 3931 4466 3976 3926 0
 1 3 2 4551 0
 9 4128 3 1 0
 3369 3366 3471 4560 0
 4311 4560 3369 3471 0
 208 5315 5325 166 0
 236 166 208 5325 0
 717 4456 706 630 0
 717 646 4456 630 0
 4580 4568 4537 4611 0
 4568 4662 4598 4611 0
 3361 5593 4995 3435 0
 5593 3361 4995 4809 0
 5666 5341 2386 2479 0
 5124 5341 2386 5666 0
 4809 5267 5377 5354 0
 4995 5377 4878 5593 0
 2805 2826 5715 2780 0
 2866 2826 5715 2852 0
 4939 4951 5115 1303 0
 1465 5031 1628 1479 0
 1628 1479 5031 1647 0
 2852 2805 5715 5106 0
 5340 5425 1465 5031 0
 5775 3379 4723 3402 0
 5492 3466 3567 5526 0
 5775 5492 5262 5044 0
 5775 5044 5262 4723 0
 4120 4118 4127 5363 0
 5363 5714 4127 4124 0
 4120 4127 4124 5363 0
 2838 5691 2946 2913 0
 2838 2913 2834 5691 0
 370 5751 366 429 0
 2838 5691 2834 4761 0
 5331 4523 5691 4761 0
 382 5751 470 435 0
 311 4644 365 426 0
 5707 3626 3680 3584 0
 3524 5707 3584 3626 0
 2676 2729 5516 5767 0
 3358 5726 5671 3440 0
 5456 1681 1653 1704 0
 492 5749 5506 423 0
 494 446 5769 5749 0
 1500 1460 4475 1421 0
 1577 1533 5710 4475 0
 1421 4462 4475 1468 0
 492 5749 570 5506 0
 3930 5263 5681 3891 0
 3891 5263 5681 5493 0
 3880 3891 3930 5681 0
 3880 3930 3903 5572 0
 1530 5056 1527 1445 0
 1405 1445 5056 1530 0
 1405 5056 1358 1324 0
 4762 1770 1867 1754 0
 5031 1754 1647 1770 0
 1770 5420 5031 4762 0
 5031 4762 4166 1756 0
 5263 3894 3943 4246 0
 800 892 826 5511 0
 1729 4749 1709 1750 0
 5511 932 892 826 0
 5697 5773 3213 3302 0
 5623 4096 4094 4106 0
 4064 4050 5623 4024 0
 5754 1682 1755 1693 0
 1786 1693 5754 1755 0
 642 732 4602 709 0
 1786 5754 1693 5471 0
 1083 4153 1140 1119 0
 1083 4659 1140 4153 0
 4096 5623 4077 5247 0
 4096 4087 5247 4068 0
 3371 3288 3351 5723 0
 5723 3351 3327 3247 0
 3365 3440 5671 3444 0
 5594 2631 2688 2658 0
 5594 2658 2688 5287 0
 3788 3750 5585 3695 0
 3695 3750 5585 5288 0
 3695 5288 4235 5729 0
 3432 3561 5466 5286 0
 3432 3573 5466 3561 0
 3046 3076 3131 5556 0
 3046 5556 3031 3034 0
 621 683 720 4615 0
 621 4615 605 683 0
 5556 3335 3131 3046 0
 5556 3076 3034 3046 0
 1788 1868 4780 5522 0
 1847 1933 5522 1828 0
 4711 2722 2743 2731 0
 2805 4711 2769 5715 0
 3683 3769 3698 5682 0
 3683 5502 5682 3698 0
 3054 3048 5284 3059 0
 3177 5284 3235 3266 0
 4636 4700 4541 4620 0
 4062 5353 4038 4022 0
 5467 5321 5701 3417 0
 5451 5670 5462 5330 0
 2690 2701 5140 2763 0
 2690 2763 5140 2741 0
 2101 2181 5334 2084 0
 3438 5722 5773 3355 0
 3355 3403 3302 5773 0
 3438 3355 5773 3403 0
 1516 5092 1606 1518 0
 1516 1606 5092 1608 0
 3059 3050 5640 3054 0
 1516 1482 5092 1471 0
 3059 3054 5640 5284 0
 5671 5726 3358 5608 0
 3514 3440 5726 3411 0
 3706 4856 5345 4270 0
 1148 1124 1277 5736 0
 1148 5759 1056 1032 0
 1148 1124 5759 1032 0
 4240 3647 5242 3565 0
 4240 5778 5242 5701 0
 3647 5242 3707 4240 0
 3748 5242 4240 3707 0
 4240 3565 5242 5778 0
 4240 5448 5701 5242 0
 4240 5448 5242 3748 0
 2837 2828 5500 2765 0
 4650 3909 4020 3882 0
 5715 2744 2780 2775 0
 2775 2837 5715 5500 0
 3979 5648 5757 4020 0
 693 5644 734 649 0
 693 786 734 5644 0
 406 5626 488 457 0
 1081 1222 5457 1253 0
 1222 1327 5457 1253 0
 3301 3371 3475 4739 0
 3301 3401 4649 4739 0
 5727 661 650 578 0
 481 440 532 5727 0
 5359 1412 1349 1414 0
 1316 1412 1349 5359 0
 4311 3369 3394 3479 0
 4311 3479 3394 3437 0
 1179 5752 1270 5777 0
 1159 1265 5777 1179 0
 1105 5777 1179 1159 0
 5777 5752 1105 1179 0
 372 467 5325 373 0
 5100 5103 2906 2916 0
 5100 2886 2906 5103 0
 3141 3078 3187 5740 0
 5740 3187 3121 3078 0
 3141 5202 5740 3187 0
 2426 2357 5666 2359 0
 5079 2426 2359 2409 0
 1468 4462 4475 5046 0
 1413 5224 1343 1356 0
 4236 3806 4900 3849 0
 3806 5720 4900 3849 0
 5474 5600 1525 1457 0
 5474 1525 5600 1540 0
 1599 1530 1558 4167 0
 4042 5766 3989 5771 0
 3989 5771 4053 4042 0
 3989 5771 4021 4053 0
 4052 5662 4070 4074 0
 4052 5662 5766 4070 0
 4052 5137 5766 5662 0
 2073 1937 4787 4842 0
 3693 3594 5571 3596 0
 294 4343 342 292 0
 5683 3269 3216 3300 0
 5683 3409 3359 3300 0
 5683 3468 5778 3359 0
 4924 4413 4536 5218 0
 2292 2126 2248 5311 0
 4043 5278 4044 3959 0
 2292 4634 5311 2248 0
 2369 2441 2368 4634 0
 3886 3959 4044 5278 0
 4570 5305 2545 2591 0
 5012 5305 2695 5501 0
 5012 5093 5305 5501 0
 4157 1369 5347 1411 0
 4177 1783 1849 1804 0
 4157 1369 1312 5347 0
 4314 4177 4780 1746 0
 1474 1435 4157 5347 0
 3620 5702 3610 3698 0
 3511 5702 3610 3620 0
 5682 5502 5702 3698 0
 1005 1028 5687 5755 0
 5777 5752 1270 5645 0
 1459 1537 5092 1523 0
 5575 5783 2560 5694 0
 5783 4446 5575 2661 0
 5592 4252 1019 1069 0
 5250 5461 4516 5406 0
 1559 5721 1602 5543 0
 3491 3381 5588 3370 0
 3491 3448 3370 5588 0
 5588 3501 3381 3491 0
 3411 3514 3489 5726 0
 3489 5726 5745 3411 0
 5736 1313 1302 1371 0
 5736 1125 1221 1240 0
 1240 5736 1313 1221 0
 1240 1150 5736 1125 0
 1466 1416 5736 1442 0
 1442 5736 1371 1416 0
 4073 5733 4083 4097 0
 4091 4571 5747 5733 0
 2830 2899 5703 2875 0
 2899 2830 5480 2850 0
 2899 5703 5480 2830 0
 4537 4298 5201 4422 0
 5447 2132 5458 4646 0
 4214 5376 5480 5703 0
 966 1018 5717 1063 0
 1057 1063 966 5717 0
 5286 4767 5023 5780 0
 3893 4000 5137 3869 0
 2845 2921 2908 5573 0
 3408 3507 3441 5753 0
 3408 3511 3507 5622 0
 5622 3408 5753 3507 0
 4115 4117 5353 5742 0
 4099 4062 5742 5353 0
 3511 3620 3507 5702 0
 3507 3511 5702 5622 0
 5622 5753 4247 3507 0
 5683 3468 3409 3509 0
 5778 3433 3313 3359 0
 5778 3359 3468 3433 0
 5683 5778 3468 3565 0
 5778 5683 3269 5609 0
 5778 5701 5642 3433 0
 5238 3454 5697 5773 0
 682 5779 752 5716 0
 676 752 682 5779 0
 752 5716 712 682 0
 5716 5755 4275 752 0
 5698 2278 2326 5498 0
 2960 2977 3010 5497 0
 5699 680 4303 5176 0
 4303 5439 5176 680 0
 5538 5750 5549 5654 0
 5706 5750 5549 5538 0
 749 676 5779 752 0
 4656 5162 5588 5657 0
 1203 4157 5603 1330 0
 1281 5603 1330 1203 0
 5756 1208 1165 4154 0
 4154 1208 1165 1112 0
 5756 1227 1165 1208 0
 1466 5342 5418 5736 0
 1378 1462 5724 1514 0
 5724 1462 5342 1476 0
 5724 5342 5422 1510 0
 5507 2877 2810 2797 0
 2797 2867 5507 2877 0
 5364 4730 4617 4449 0
 2804 2727 5667 2740 0
 911 881 5734 919 0
 911 5734 881 860 0
 909 882 5636 919 0
 919 5734 5636 909 0
 954 5641 941 1010 0
 5114 5161 5123 624 0
 5114 5579 655 700 0
 2903 2965 5627 2961 0
 2903 5106 2961 5627 0
 1155 1117 5469 1200 0
 5247 4108 4107 4097 0
 5747 4121 4107 4108 0
 3537 3570 3657 5658 0
 3537 3498 5658 3657 0
 5367 3570 3537 5658 0
 5407 870 5781 831 0
 870 5781 831 816 0
 4872 1286 1257 1237 0
 1228 1237 5553 1257 0
 1237 1257 4872 5553 0
 5511 826 800 751 0
 5762 2404 2396 2462 0
 3489 3385 5745 3467 0
 1032 5759 5764 1058 0
 974 5764 994 5759 0
 3058 5689 2965 5627 0
 3058 5689 2931 2965 0
 992 5687 787 985 0
 985 5755 1005 5687 0
 855 787 992 5687 0
 5687 5579 855 787 0
 5511 723 800 776 0
 5511 800 843 776 0
 5592 5735 5708 1069 0
 4252 5592 5708 1069 0
 2955 2990 5528 2996 0
 2955 5528 2983 2996 0
 4960 5634 5761 5106 0
 3772 5602 5569 3723 0
 3772 3723 3834 5602 0
 5764 5672 4563 5759 0
 3177 3223 3135 5284 0
 5765 4960 5627 3033 0
 5636 836 882 901 0
 1347 1397 5603 1351 0
 1376 5603 1330 1332 0
 5690 3453 3520 3534 0
 2903 2840 2852 4222 0
 2903 5106 5627 4222 0
 2903 5106 4222 2852 0
 2852 4222 2805 5106 0
 2682 2616 5404 2711 0
 1202 5469 1136 1200 0
 1202 1136 5469 5708 0
 4895 5469 5708 1202 0
 5559 3263 3194 5743 0
 3268 5690 3216 3300 0
 3216 3300 5690 5683 0
 856 5772 898 860 0
 1741 1711 1652 5730 0
 1741 1711 5730 5693 0
 2771 5516 2729 5767 0
 4901 2573 2510 5618 0
 4901 2489 2573 4195 0
 2481 2573 2510 4901 0
 4901 4195 2573 5618 0
 2454 2404 2396 5762 0
 2496 2410 5762 5616 0
 4616 1116 4574 1186 0
 1106 1093 1181 5544 0
 4959 1116 1093 4574 0
 4959 1093 5544 4574 0
 5544 1093 5601 1106 0
 4959 1093 5601 5544 0
 796 5684 5613 743 0
 4144 673 593 5673 0
 5613 673 743 5684 0
 5673 673 743 5613 0
 3441 3507 3567 5753 0
 3441 5526 5753 3567 0
 5736 1150 1038 5759 0
 5759 1038 1043 1150 0
 3341 5250 3327 4516 0
 5453 5406 5250 4516 0
 509 5654 510 533 0
 1056 1038 5759 5736 0
 5759 1150 1043 1125 0
 5736 5759 1125 1150 0
 1231 1057 5245 1190 0
 1190 1057 5245 5717 0
 5245 1190 4156 1231 0
 1057 1063 5717 1190 0
 5245 5717 4156 1190 0
 435 4144 453 515 0
 5636 5781 4803 5506 0
 831 816 5781 739 0
 1106 5601 1014 1093 0
 1093 4959 5601 1014 0
 2901 5442 2896 2966 0
 2960 5497 2966 5442 0
 971 5407 5764 923 0
 776 819 843 5511 0
 896 5511 843 819 0
 5529 2766 5674 2783 0
 5674 2783 2766 2736 0
 5736 5759 1056 1148 0
 5655 344 347 299 0
 2462 2550 5762 4339 0
 5760 2462 4339 2494 0
 2604 5520 2671 2706 0
 2616 5520 2682 5404 0
 5238 3427 3386 3374 0
 5636 5641 5781 5699 0
 1149 5403 1153 1216 0
 5403 1281 4563 5603 0
 5403 1283 1281 4296 0
 1281 1216 5403 4563 0
 5403 5774 1149 1071 0
 1153 1226 1216 5403 0
 5690 5671 3513 3364 0
 5671 3547 3564 3540 0
 5671 3540 3513 3444 0
 5749 446 4142 412 0
 412 395 385 4142 0
 412 446 4142 385 0
 4003 5623 5353 4965 0
 5777 1105 5752 999 0
 3073 3134 5713 5743 0
 3134 3122 5743 3073 0
 3051 5494 5743 5713 0
 5759 1124 1058 1032 0
 5736 1124 5759 1148 0
 1572 5728 1646 1539 0
 5529 2783 2800 2766 0
 5674 2748 2783 2736 0
 5500 4971 5674 2736 0
 505 455 5706 484 0
 505 5706 554 484 0
 484 455 5706 485 0
 2845 2799 5524 2746 0
 2824 5573 2865 5524 0
 2824 5524 5575 2788 0
 5769 354 446 404 0
 5769 354 404 5705 0
 2961 5627 5106 4960 0
 455 485 464 5706 0
 5423 5706 464 485 0
 5519 5706 485 5549 0
 5623 4106 4094 4104 0
 5742 4045 4079 5623 0
 5761 5186 4609 4371 0
 4609 5761 4371 5634 0
 5761 5106 5634 4609 0
 5529 4367 5257 5299 0
 5713 3083 5640 3148 0
 3235 3159 3211 5640 0
 5724 1514 5744 5669 0
 1100 4154 1165 1112 0
 3384 5663 3349 3367 0
 3384 5663 3263 3349 0
 5627 5689 5765 3058 0
 5627 5182 5765 5689 0
 872 5407 4946 5644 0
 3223 3329 5765 5284 0
 1006 5704 1071 1010 0
 1006 1075 1071 5704 0
 1071 5704 5403 5774 0
 1010 5774 5704 1071 0
 3349 3367 5663 3137 0
 3329 5284 5780 5765 0
 2865 2824 2908 5573 0
 2885 5524 5575 2865 0
 5538 590 4143 505 0
 4143 505 5706 5538 0
 772 5538 4143 852 0
 772 708 684 5538 0
 5176 5438 4970 309 0
 5439 5438 4970 5176 0
 5764 4563 1058 5759 0
 4089 4074 5662 4092 0
 4089 4092 5662 4105 0
 1433 1459 4151 1469 0
 5768 1459 4151 1433 0
 5768 1433 1424 1459 0
 3571 3498 3724 5658 0
 3657 3498 5658 3724 0
 3571 3498 5658 5534 0
 5782 5263 3842 5493 0
 5782 3634 3771 5263 0
 5782 5171 5263 5682 0
 5782 5263 5493 5682 0
 3157 5528 3077 3167 0
 3077 5528 2996 3167 0
 5713 5640 3373 3306 0
 5713 3211 3148 5640 0
 1028 5755 854 824 0
 1028 854 5755 1005 0
 824 5755 854 712 0
 5658 3570 3657 3717 0
 5367 3570 5658 5637 0
 5602 3723 3834 3787 0
 3787 5203 3834 5602 0
 5393 5203 3787 5360 0
 5360 5203 3787 5602 0
 5783 2600 2620 2661 0
 2532 2560 2566 5783 0
 5732 2976 3052 3071 0
 5732 3071 3052 3160 0
 3010 5497 2977 3052 0
 1789 4791 5560 1651 0
 1789 5560 4791 1671 0
 1006 5704 891 1075 0
 928 5610 898 924 0
 5610 856 5772 898 0
 4767 5780 3421 730 0
 5284 5780 3421 3329 0
 3100 5202 3019 3141 0
 5740 3078 3019 3141 0
 3019 5740 3141 5202 0
 5308 4208 4283 2453 0
 4283 4208 5338 5343 0
 4283 5338 4208 4933 0
 5742 4090 4054 4062 0
 4099 4115 5742 4090 0
 4115 5742 5353 4099 0
 3163 5023 3272 5453 0
 5023 3432 3272 5453 0
 291 286 4138 5145 0
 4138 294 291 5145 0
 5497 5674 5500 4806 0
 4223 5497 5740 5732 0
 5429 3073 3020 5776 0
 3020 5429 5559 3073 0
 2623 5783 5760 2580 0
 5694 5760 5783 2532 0
 5784 5195 5585 4900 0
 3788 5585 5784 5195 0
 3788 5195 5784 5633 0
 5784 5720 5195 4900 0
 5633 5195 5784 5720 0
 3639 5028 3773 4239 0
 5286 5239 4767 3639 0
 4990 4767 5239 5028 0
 5239 3639 5028 4767 0
 3524 4767 730 5707 0
 5168 730 4767 5707 0
 5168 5707 5448 4240 0
 5186 5168 730 4767 0
 3230 5044 5082 3199 0
 3286 5044 3230 3199 0
 1378 5724 1367 5669 0
 2793 5480 5667 5651 0
 5760 2494 4339 2623 0
 3928 3834 5393 4965 0
 4270 3829 3706 3682 0
 3829 3682 4270 3854 0
 5278 5151 5324 3829 0
 3706 3829 4270 5151 0
 3854 5324 3829 5278 0
 5648 4035 4055 4076 0
 4088 4055 4076 5648 0
 4088 5648 4076 4102 0
 3010 3052 3121 5732 0
 5771 4067 4053 4042 0
 4042 5766 5771 4067 0
 1549 4824 1610 5744 0
 786 5781 739 831 0
 5407 831 5781 786 0
 End
