MeshVersionFormatted 1
Dimension 3
Vertices
1388
-0.026663463599999999 -0.99075305499999999 -0.021832667300000001 1
-0.121392615 1.0281213499999999 -0.087365880600000001 1
0.0065786065500000003 1.0018440500000001 -0.0045231138399999997 1
-0.22586536400000001 1.00425005 -0.034509964300000001 1
0.017644677300000002 1.0330491100000001 -0.106703989 1
-0.151656017 1.0452545900000001 -0.165132523 1
0.216140375 0.97338789699999995 0.046711515600000003 1
0.19977279000000001 1.0056196500000001 -0.042344003900000003 1
0.164148182 1.02998722 -0.146947458 1
-0.122933313 0.96403163700000005 0.071727179000000002 1
0.33378195799999999 0.91803014299999997 0.13323259400000001 1
-0.35040491800000001 0.95815962600000004 0.030882954600000002 1
-0.23129264999999999 0.91036009799999995 0.140050799 1
0.108530849 0.94804584999999997 0.107442074 1
-0.025289170400000002 1.0487961800000001 -0.207271859 1
-0.26153385600000001 1.0289638000000001 -0.119955018 1
-0.0135328993 0.90131950400000005 0.17826162300000001 1
0.38737261299999998 0.98752188699999999 -0.087103098599999998 1
-0.13358613799999999 0.83934748199999998 0.24497018800000001 1
0.42192584300000002 0.94861555099999995 0.037739612200000001 1
0.55585461899999999 0.934405029 -0.0152917672 1
0.111609638 1.0377984 -0.25790291999999998 1
-0.43231412800000002 0.997639477 -0.089514806899999994 1
-0.53695231700000001 0.93710547700000002 -0.0061408909999999999 1
0.42916077400000002 0.83858019100000003 0.23803558899999999 1
0.29629153000000003 1.0126215199999999 -0.18318775300000001 1
-0.37130612099999999 1.03387797 -0.20549941099999999 1
-0.039301425199999997 1.03250408 -0.36253148299999999 1
-0.12626504899999999 1.04768324 -0.30264684600000002 1
-0.20278015699999999 1.04922903 -0.246291384 1
0.20467317099999999 0.88132846399999998 0.20891609799999999 1
0.58667904100000001 0.85794258099999998 0.15884129699999999 1
-0.550702095 1.00914156 -0.26828175799999998 1
-0.61287349499999999 0.95595437299999997 -0.090920999599999996 1
-0.31047883599999998 0.84692502000000003 0.204425618 1
-0.59138923899999996 0.98768335600000001 -0.17825107300000001 1
-0.63128173399999998 0.87835115200000002 0.047981336700000002 1
-0.45946234499999999 0.88631176899999997 0.109348528 1
0.064704053100000006 0.82474982699999999 0.28024432100000002 1
0.59447801099999997 0.93434619900000004 -0.093106649799999996 1
0.46507099299999999 0.97475701599999998 -0.17703933999999999 1
0.321898609 1.0019491899999999 -0.26003193899999999 1
0.15964146000000001 1.01228988 -0.34839263599999998 1
-0.70636630099999997 0.90290874200000004 -0.034535746999999999 1
0.63059002200000003 0.89025056400000002 0.063546083899999994 1
-0.248393103 1.03020906 -0.38807615600000001 1
-0.37018525600000002 1.03536355 -0.31901606900000001 1
-0.78235870600000001 0.92113697500000002 -0.14356708500000001 1
-0.452790886 0.79413211299999997 0.22504047999999999 1
-0.26893782599999999 0.75371485900000001 0.310636193 1
-0.063631445199999997 0.75148022199999998 0.344831049 1
0.27456775300000003 0.79692470999999998 0.30833894000000001 1
0.49859166100000002 0.74066758200000005 0.34414258599999997 1
0.80439436399999997 0.80417978800000001 0.12873134 1
0.879559278 0.81507259600000004 -0.0254376885 1
-0.45262357600000003 1.0065870299999999 -0.41374117100000002 1
0.130703449 0.73410201100000005 0.37471738500000001 1
0.35212406499999999 0.693686366 0.40687903800000003 1
0.76314294299999996 0.87234967900000004 -0.10129163400000001 1
-0.16304144300000001 1.00777578 -0.44983917499999998 1
-0.744906187 0.95916026799999998 -0.267493486 1
-0.64687550100000002 0.80118012400000005 0.14643625900000001 1
-0.42759588399999998 0.70388782000000005 0.31731146599999999 1
-0.14188157000000001 0.65911775800000005 0.41347709300000002 1
0.62919652500000001 0.91824686499999997 -0.18600897499999999 1
0.50534456999999999 0.95085889099999998 -0.26272034599999999 1
0.011840209399999999 1.00585938 -0.42390319700000001 1
-0.60310387600000004 0.994678795 -0.35124826399999998 1
-0.775069177 0.82529592500000004 0.047768931799999997 1
0.71781909499999996 0.64904439400000002 0.387904733 1
0.65042680500000005 0.76356661299999995 0.27880439200000001 1
0.76998591400000005 0.76816081999999997 0.21970529899999999 1
0.740530252 0.86990547200000001 0.0050736833400000002 1
0.63006150699999997 0.90518677199999997 -0.25309109699999999 1
-0.33002409300000002 1.0005953299999999 -0.45853334699999998 1
-0.66079628499999998 0.95755928800000001 -0.44619447000000001 1
-0.73974061000000002 0.69058877200000002 0.220572039 1
-0.57378506699999998 0.71256661399999999 0.26517602800000001 1
-0.49585232099999998 0.61539667799999997 0.37000018400000001 1
-0.32434743599999999 0.63434237199999999 0.40053835500000001 1
0.018346905699999999 0.67231118700000003 0.42133474300000001 1
0.44289302800000002 0.57027870400000003 0.50125485700000005 1
0.20936656000000001 0.61867040399999995 0.47384363400000001 1
0.57618856399999996 0.61842381999999996 0.44761973599999999 1
0.356898665 0.96851527699999995 -0.34981557699999999 1
0.16215977100000001 0.96838665000000002 -0.44999128599999999 1
-0.47642147499999998 0.96747577200000001 -0.498326987 1
-0.76568841899999995 0.94768488399999995 -0.36410683399999999 1
-0.87875294699999995 0.83947062500000003 -0.045498084299999998 1
-0.93941205699999997 0.749541342 0.042941238700000002 1
0.87015664599999998 0.66566443399999997 0.311388373 1
-0.070155561000000005 0.96985238799999995 -0.50444686400000005 1
-0.90587037800000003 0.892647564 -0.23071227999999999 1
-0.98123848400000002 0.83474814900000005 -0.146847054 1
0.0038058310700000001 0.57785546799999998 0.49023506 1
-0.85748410200000003 0.90157079699999998 -0.42175769800000001 1
0.16871766699999999 0.50051748799999995 0.55230879799999999 1
1.0312960099999999 0.62521982200000004 0.261994004 1
0.90398514299999999 0.71789765400000005 0.217472583 1
0.93605500500000005 0.77175754299999999 0.062108397500000002 1
0.92119300400000004 0.79334753800000002 -0.107495807 1
0.93930965700000002 0.75529223700000003 -0.206325218 1
0.76476448799999996 0.85416585199999995 -0.216953382 1
0.58495312899999996 0.89793497300000003 -0.32844683499999999 1
0.0387223363 0.91837501499999996 -0.54910671700000002 1
-0.61986863599999997 0.91547757399999996 -0.54385286600000005 1
-0.79266113000000005 0.88767790800000002 -0.51053786300000004 1
-0.90606433200000003 0.89892065499999996 -0.32445988100000001 1
-0.84431630400000002 0.72886866299999997 0.129646182 1
1.0315736499999999 0.72748684900000005 -0.0073315883099999996 1
0.77605527600000002 0.80350863900000002 -0.316767097 1
0.39019513099999997 0.91181671600000003 -0.43142625699999998 1
-1.1386425499999999 0.740862668 -0.14770045900000001 1
-1.0466297899999999 0.74879807200000004 -0.045437689900000001 1
-0.89202910700000004 0.62061649600000002 0.20619125699999999 1
-0.78940677599999998 0.59701353300000004 0.27578240599999998 1
1.1114363700000001 0.65982824600000001 0.090902544599999996 1
0.22984600099999999 0.90808653800000005 -0.50740331400000005 1
-1.02364838 0.8347947 -0.381552428 1
-1.06587744 0.81841784699999998 -0.26287299400000003 1
-1.1987885199999999 0.63695406899999996 -0.044638469799999997 1
-1.11338341 0.54222142699999998 0.13282838499999999 1
-0.65485548999999998 0.61365544800000005 0.31771859499999999 1
-0.19313179 0.54785376799999996 0.48492685000000002 1
-0.0423490703 0.44826924800000001 0.56662803900000003 1
1.04327166 0.53830635500000001 0.362027824 1
1.1666444499999999 0.51054167699999997 0.303713232 1
1.00383019 0.69971352799999997 0.16108956899999999 1
0.58707296799999997 0.82852375499999997 -0.42734989499999998 1
-0.14895388500000001 0.91749978099999996 -0.57786524299999997 1
-0.28770816300000002 0.95832043899999997 -0.53485870400000002 1
-1.08389807 0.653390527 0.045948278199999998 1
-0.37942785000000001 0.51880061600000005 0.46524906199999999 1
-0.24604126800000001 0.447133899 0.53490728099999996 1
0.33895760800000002 0.51332843299999997 0.54478204299999999 1
0.49028426400000003 0.442497313 0.58145332299999997 1
0.63635301600000005 0.47851470099999999 0.54265135499999995 1
0.77834665800000002 0.51106602000000001 0.49045696900000002 1
0.913267732 0.53925544000000003 0.42404919899999999 1
1.0758268799999999 0.69203102599999999 -0.096375092900000001 1
-0.46042642 0.91823756700000003 -0.57460117300000002 1
-1.1891090900000001 0.55790495900000003 0.058169383599999999 1
-0.86813700199999999 0.51455366599999997 0.298903435 1
-0.73264008800000002 0.52773672299999996 0.34920868300000002 1
-0.57115876700000001 0.49044990500000002 0.43007999699999999 1
0.149189711 0.396608293 0.61007833499999997 1
1.05823815 0.44520765499999998 0.44097199999999998 1
1.26954579 0.476146191 0.23617993300000001 1
1.1519652600000001 0.59112107800000002 0.197771892 1
-0.58058512200000001 0.84737741899999997 -0.62855267500000001 1
-0.96985399699999997 0.830058992 -0.48056489200000002 1
-1.2222092200000001 0.70424073899999995 -0.23136341599999999 1
0.32138973500000001 0.41616231199999998 0.60322922499999998 1
1.1867249 0.61453413999999995 0.0119510759 1
0.93763661399999998 0.70148116400000005 -0.29997628900000001 1
0.49689391300000002 0.77306544799999999 -0.52485889200000002 1
0.164723814 0.86095744399999996 -0.57333725700000004 1
-0.73872131100000005 0.852224231 -0.58251088900000003 1
-0.91863924299999999 0.78983247300000003 -0.57079696700000004 1
-1.24840331 0.650335789 -0.14413063200000001 1
-1.00653803 0.52634078299999998 0.21710379399999999 1
-0.38558378799999998 0.40085077299999999 0.52979749399999998 1
0.0291145742 0.295114249 0.64788323599999997 1
0.80414605100000003 0.37256050099999999 0.57768344900000002 1
0.96869474600000005 0.39519900099999999 0.51561701299999996 1
0.29819276900000002 0.80976885600000004 -0.57155388600000001 1
-1.1362458499999999 0.75100344399999996 -0.43167635799999998 1
-1.1810388599999999 0.74332755800000005 -0.334814787 1
-0.94056117500000003 0.41106957199999999 0.32683330799999999 1
-0.53291440000000001 0.34339922699999997 0.51845914100000001 1
0.47284224600000002 0.31900900599999998 0.64918953199999996 1
1.20680761 0.57988810499999999 -0.083790734399999997 1
1.07823968 0.65161353300000002 -0.192096293 1
0.30935901399999999 0.74829989699999999 -0.60914123099999995 1
-0.077842354799999999 0.84863561399999998 -0.63090270800000003 1
-0.32572320100000002 0.87351310299999996 -0.62729007000000003 1
-0.74469017999999998 0.40842872899999999 0.41552138300000002 1
1.2842481100000001 0.38652133900000002 0.33594337099999999 1
1.34570265 0.42472466800000003 0.18505765499999999 1
1.26213336 0.53059732900000001 0.122535728 1
1.1857065 0.54600137500000001 -0.18623541299999999 1
1.06052697 0.60846012800000004 -0.27166882199999998 1
0.77461564500000002 0.72373878999999997 -0.41038584700000003 1
0.11795380699999999 0.79271280799999999 -0.63476413499999995 1
-0.264781237 0.79605525700000002 -0.680619478 1
-1.09709239 0.72882247 -0.51576614399999998 1
-1.2962951700000001 0.49931499400000001 0.0084927026200000005 1
-0.189142585 0.34837383 0.59452021099999997 1
0.26241976 0.30850636999999997 0.65723925800000005 1
0.64876771 0.33810073099999999 0.62286144499999996 1
1.1763689500000001 0.414315343 0.39957752800000002 1
0.94877833099999997 0.62163293399999997 -0.36440214500000001 1
0.48334083 0.67999559600000004 -0.58678752199999995 1
0.32134774300000002 0.66971921899999998 -0.643198669 1
-0.45941162099999999 0.78388893599999998 -0.68717330700000001 1
-0.78751927600000005 0.77684736300000001 -0.636356115 1
-1.3133734500000001 0.631079257 -0.28943094600000002 1
-1.330881 0.59255379399999997 -0.19301626099999999 1
-1.3993081999999999 0.49230426500000002 -0.14698708099999999 1
-1.3232101199999999 0.55449879199999996 -0.098014697400000003 1
-1.228194 0.44625312099999997 0.11823405300000001 1
-1.1082177200000001 0.407149553 0.23360119800000001 1
-1.00730944 0.29551431500000003 0.34983354799999999 1
-0.84071963999999999 0.28794112799999999 0.432190984 1
-0.65670436600000004 0.262374461 0.51440906500000005 1
-0.14030420800000001 0.238440126 0.64900249200000004 1
0.19566826500000001 0.18530806899999999 0.70346802500000005 1
0.81671738599999999 0.24804910999999999 0.63894015599999998 1
0.93335962299999997 0.29300296300000001 0.58812230799999998 1
1.3076762 0.496040553 0.020295143099999999 1
-0.111964077 0.74141067299999996 -0.69768351299999998 1
-0.35295626499999999 0.71770250800000002 -0.72486442299999998 1
-0.65860998599999998 0.74026227 -0.68795049200000002 1
-1.24708259 0.64287084299999997 -0.46456596300000003 1
-0.462658077 0.210629597 0.59057611200000004 1
-0.32680445899999999 0.28161203899999998 0.59692096699999997 1
-0.25187343400000001 0.15779098899999999 0.65734565300000003 1
0.58309447800000003 0.071141630400000003 0.73701101499999999 1
1.0582511400000001 0.26059991100000002 0.56450504099999999 1
1.13692153 0.33188736400000002 0.48717307999999998 1
1.37217784 0.27426263699999998 0.35161161400000002 1
1.37199545 0.352363288 0.26672616599999999 1
1.44251084 0.29319357899999998 0.196012303 1
0.95355689499999996 0.53202486000000004 -0.41530871400000002 1
0.83292937300000003 0.61955690399999996 -0.44688293299999998 1
-0.935873866 0.70837861300000005 -0.63036394100000004 1
-1.0697329 0.675313473 -0.58775639499999999 1
-1.2813823200000001 0.65026515699999998 -0.38030788300000001 1
-1.39941621 0.42668515400000001 -0.0588515997 1
-1.2420597099999999 0.316096932 0.18840201200000001 1
-1.1313788899999999 0.28226003100000002 0.28228503500000002 1
0.42023506799999999 0.198620349 0.70189189900000004 1
0.65858483300000004 0.192540139 0.68792355100000002 1
1.2822440900000001 0.270029515 0.439351141 1
1.3799489700000001 0.40735068899999999 0.10701527399999999 1
1.3897139999999999 0.38044732799999997 0.0085978461400000004 1
0.67292320699999997 0.66947865500000003 -0.50822061299999999 1
0.125115275 0.69607627400000005 -0.68207514300000005 1
-0.68476510000000002 0.62402546400000003 -0.73851531699999995 1
-0.83946120700000004 0.67773824900000001 -0.68251079299999995 1
-1.1941193299999999 0.63079422699999999 -0.53375220300000004 1
0.364497185 0.074237853300000003 0.74383681999999995 1
0.79955053300000001 0.052433162899999997 0.71561640500000001 1
0.885840297 0.137286037 0.67087549000000002 1
0.968755484 0.207504153 0.62077635499999995 1
1.30381083 0.46689981200000003 -0.0843543187 1
1.2550255100000001 0.444385588 -0.189749584 1
1.1088582300000001 0.51686298799999997 -0.29910689600000001 1
0.44467565399999998 0.57951450299999996 -0.63914912899999998 1
-0.53185552400000002 0.69929891799999999 -0.72414863100000004 1
-1.3718451300000001 0.53297901199999997 -0.40566664899999999 1
-1.4230009299999999 0.49088570500000001 -0.235122725 1
-0.58451735999999999 0.14267280700000001 0.57749074700000003 1
-0.019732117699999999 0.134927511 0.70102500899999998 1
1.0534579799999999 0.149881929 0.61869490100000002 1
1.1816654200000001 0.20011532300000001 0.54204839500000002 1
1.1893084 0.42298764 -0.27740472599999999 1
-0.067903608099999999 0.64747035500000005 -0.73144453799999998 1
-0.25539278999999998 0.64020800600000005 -0.75028801000000001 1
-1.0235719700000001 0.60538864100000001 -0.65426152900000001 1
-1.3824793099999999 0.54780948200000001 -0.33101287499999998 1
0.17151474999999999 0.063694298299999993 0.73969858899999996 1
0.99553787699999996 0.049019724100000002 0.671758831 1
1.16385293 0.081720918399999995 0.60355538099999995 1
1.45762467 0.28355857699999998 0.091934010400000002 1
1.3588472599999999 0.36478704200000001 -0.098560459899999994 1
0.62467306899999997 0.56246417800000004 -0.57813155699999996 1
-0.46554905200000002 0.62608098999999995 -0.75606817000000004 1
-1.31785464 0.52316618000000004 -0.50132769300000002 1
-1.4354052500000001 0.409851611 -0.42196318500000002 1
-1.49875045 0.34804707800000001 -0.212204173 1
-1.46623719 0.37778142100000001 -0.136619359 1
-1.3620934499999999 0.33892595800000003 0.064011745199999998 1
-1.0677564100000001 0.173968241 0.36336249100000001 1
1.2966679299999999 0.12726751 0.513299167 1
1.39614737 0.161348239 0.41327652300000001 1
1.4396585200000001 0.27026966200000002 -0.011416771399999999 1
1.2871749400000001 0.356985897 -0.208131224 1
1.1802851000000001 0.34969720199999998 -0.31519109000000001 1
1.0730928200000001 0.43488204499999999 -0.37027818000000001 1
0.92409998199999999 0.43972069000000003 -0.468340009 1
0.79965966899999996 0.54423624299999995 -0.50157821199999997 1
0.260667592 0.588389516 -0.68867486700000002 1
-1.1866741199999999 0.56576907600000004 -0.58787798899999999 1
-1.20768619 0.18395346400000001 0.27198165699999999 1
-0.414927512 0.060712635500000001 0.64901381700000005 1
-0.183542341 0.028140813099999998 0.70650953100000002 1
1.3851592500000001 0.26692977499999998 -0.122312844 1
0.061771124599999998 0.57432770700000002 -0.73375344300000001 1
-0.16127164699999999 0.53395938899999995 -0.77152603900000005 1
-0.88717257999999999 0.56985950500000004 -0.71448820800000001 1
-1.0292979499999999 0.50816732600000003 -0.68688207899999998 1
-1.15618789 0.48640054500000002 -0.63790482299999995 1
-1.47134995 0.41032975900000002 -0.31786662300000001 1
-0.91620397600000003 0.172070429 0.44285422600000002 1
-0.746172905 0.157710671 0.51905089599999998 1
1.11657691 -0.027810737499999998 0.65517473199999998 1
1.4540195499999999 0.20330478299999999 0.303484857 1
1.4962259499999999 0.182973951 0.066901423000000002 1
0.38145220299999999 0.487489432 -0.680480003 1
-0.37245520900000001 0.53934800599999999 -0.77913546600000005 1
-0.95143443299999997 0.46713882699999998 -0.72181451299999999 1
-1.3841717200000001 0.403358102 -0.49771174800000001 1
-1.46407139 0.28000861399999999 -0.0347407572 1
-0.82205724700000005 0.066530421399999998 0.51152509499999999 1
-0.29914486400000001 -0.050496578200000003 0.69764828700000003 1
0.034838408199999997 -0.0203540623 0.748210967 1
0.28527432699999999 -0.071159362800000001 0.77622032200000002 1
0.72114062300000004 -0.053676128400000002 0.75377923300000005 1
1.48964775 0.184096396 0.23762324500000001 1
1.2937550499999999 0.26358601500000001 -0.236739799 1
0.76162511099999997 0.44005769500000003 -0.55139386700000004 1
-0.57083904699999999 0.52651590100000001 -0.77613455099999995 1
-1.2879726899999999 0.45079889899999998 -0.56893569200000005 1
-1.3306949100000001 0.19863851399999999 0.16778138300000001 1
-1.1253658499999999 0.025612547999999999 0.36815139699999999 1
-0.64343023300000002 0.019956007599999999 0.59107524199999995 1
0.51463651700000002 -0.050421237899999999 0.77129793199999996 1
0.94098395099999999 -0.065129145999999999 0.71673440899999996 1
1.26598513 -0.00064250826799999998 0.57908541000000002 1
1.38888681 0.032805010699999998 0.48513475099999998 1
1.4560983199999999 -0.06325683 0.44887256599999997 1
1.4718924799999999 0.063651949200000002 0.37995114899999999 1
0.56924581500000004 0.43394654999999999 -0.63180321500000003 1
0.38971990299999998 0.37153989100000001 -0.69325303999999999 1
0.21444681299999999 0.46781697900000002 -0.72587555599999998 1
0.0083983838600000006 0.437084794 -0.76621335700000004 1
-0.639401793 0.42690783700000001 -0.78462898700000006 1
-1.24647307 0.38792610199999999 -0.61320072400000003 1
-1.2766159800000001 0.061632133999999998 0.25317236799999998 1
-0.96519803999999998 0.049874663399999998 0.45145183799999999 1
-0.27225229099999998 -0.160216734 0.71888560099999999 1
-0.12412855 -0.10282822 0.73936784300000002 1
0.82690250899999995 -0.16401708100000001 0.75563424800000001 1
0.99208605299999997 -0.19726781500000001 0.72277474399999997 1
1.5140969799999999 0.15686053 0.17202086699999999 1
1.53305972 0.063379093999999997 0.105107583 1
1.3970179599999999 0.15429048200000001 -0.144595996 1
-0.48367714899999997 0.43492424499999999 -0.79428434400000003 1
-0.77850484799999997 0.483145565 -0.75809359600000004 1
-1.5326682300000001 0.254374504 -0.24479405600000001 1
-1.49696779 0.124775909 -0.0137877287 1
-1.4270465400000001 0.17707009600000001 0.0729675293 1
-1.3719221399999999 0.083755783700000003 0.162746161 1
-0.95783174000000004 -0.077667862200000007 0.47616720200000001 1
-0.81527781499999996 -0.043039962600000002 0.53718179499999996 1
-0.46184900400000001 -0.098583161799999999 0.66552442300000003 1
0.098996639299999994 -0.16784679899999999 0.77782231599999996 1
0.462862194 -0.16289363800000001 0.79028987900000003 1
1.1099289699999999 -0.143345952 0.68054562799999996 1
1.4319583199999999 -0.16759355400000001 0.49105534000000001 1
1.5132175699999999 0.091675683899999999 0.27661868899999997 1
1.18203759 0.23946329999999999 -0.33901953699999998 1
1.0370661000000001 0.32863610999999998 -0.425870627 1
0.88124513599999998 0.35174128399999999 -0.51007407900000001 1
-0.31433755200000002 0.44722837199999999 -0.79264307000000001 1
-1.1148355000000001 0.38010412500000001 -0.68106979099999998 1
-1.36710358 0.32051929800000001 -0.54061317399999997 1
-1.4585005 0.29815834800000002 -0.44549852600000001 1
-1.5093350400000001 0.279172331 -0.34865775700000001 1
-1.5478818400000001 0.14340272500000001 -0.27020070000000002 1
-1.54928255 0.13893857600000001 -0.18464751500000001 1
-1.52531898 0.22465591100000001 -0.13188055200000001 1
-0.65177941299999997 -0.13167208399999999 0.61040550500000001 1
-0.39294162399999999 -0.213837743 0.69400829100000005 1
0.15576374500000001 -0.32016313099999999 0.79075807300000001 1
0.32494914499999999 -0.23603290299999999 0.79749214599999996 1
1.1128320700000001 -0.24414364999999999 0.68715327999999998 1
1.22355652 -0.104801148 0.62561857700000001 1
1.35314369 -0.112808824 0.55207896199999995 1
1.5464072200000001 0.010447435099999999 0.21622486399999999 1
1.06082594 0.194293946 -0.42399153099999998 1
0.90735655999999998 0.24874930100000001 -0.50665628900000004 1
0.18172365400000001 0.32413575100000003 -0.74466109300000005 1
-0.385499537 0.320617706 -0.80085146399999996 1
-0.76306271599999997 0.36953324100000001 -0.77368992599999997 1
-1.27547002 0.28360539699999998 -0.60971081299999996 1
-1.5375068199999999 0.062361448999999999 -0.093906536700000001 1
-1.06146479 -0.13580784200000001 0.42317730199999998 1
-0.80243956999999999 -0.14685490700000001 0.55290669199999998 1
0.63772231300000004 -0.16354544500000001 0.78077340100000003 1
1.47985005 0.14075359700000001 -0.018070554400000001 1
1.30278015 0.13242304299999999 -0.249276623 1
1.19117403 0.104764774 -0.33912137199999998 1
-0.0417679548 0.29510194099999998 -0.77878034100000004 1
-1.4357937599999999 0.035363934899999998 0.098928980499999999 1
-1.34251666 -0.0302050076 0.20956651900000001 1
-1.2140349100000001 -0.077046521000000007 0.31943386800000001 1
-0.89153099099999999 -0.20278775700000001 0.51519030300000002 1
-0.064277976799999997 -0.241699308 0.76336580499999995 1
0.55422955799999996 -0.290233672 0.79596626800000003 1
0.73776155700000001 -0.25223538299999998 0.77707743600000001 1
1.2447916299999999 -0.22558064799999999 0.62814408499999996 1
1.3931713100000001 0.0172808133 -0.157257065 1
-0.189206928 0.38617342700000001 -0.79124975200000003 1
-0.92451274400000005 0.37197458700000002 -0.74227565500000003 1
-1.0313544299999999 0.26048311600000001 -0.71638387400000003 1
-1.4460806799999999 0.206935182 -0.47504574100000002 1
-1.51190639 0.147221297 -0.380679667 1
-0.23703733099999999 -0.29072788399999999 0.73318022500000002 1
0.89151465900000004 -0.28311696600000003 0.75215041599999999 1
1.0317101500000001 -0.32023647399999999 0.71459519900000001 1
1.5271821000000001 -0.049814931999999999 0.33528581299999999 1
1.51863134 -0.015777017899999999 0.040859494400000002 1
0.74752259300000001 0.317810178 -0.57540887600000001 1
0.381733239 0.24521717400000001 -0.69914126399999998 1
-0.21838121099999999 0.26651698400000001 -0.79330307200000005 1
-0.62025630499999995 0.31418299700000002 -0.79155772899999999 1
-1.18970132 0.22360360600000001 -0.65526586799999997 1
-1.3008012799999999 0.16480356500000001 -0.592707753 1
-1.40586996 -0.091612823299999993 0.142951772 1
-1.2851389600000001 -0.14944762 0.26194548600000001 1
-0.67901819900000004 -0.25786173299999998 0.60638439700000002 1
-0.53127479600000005 -0.20896747700000001 0.65423077299999999 1
-0.032968729699999998 -0.40106555799999999 0.76635950799999997 1
1.1606591900000001 -0.34223523700000003 0.66466778500000001 1
1.49179554 -0.16565345200000001 0.41313752500000001 1
1.5300020000000001 -0.17774572999999999 0.33199855700000003 1
1.55136728 -0.126248047 0.24736774 1
1.5482004899999999 -0.073990210900000006 0.14316694399999999 1
1.49009371 -0.080160692300000003 -0.0098352972400000006 1
1.4673532199999999 0.031043859199999999 -0.062907911799999994 1
0.753391743 0.18618673099999999 -0.57578533899999995 1
0.57455635100000002 0.27913391599999998 -0.64294195200000004 1
0.24931117899999999 0.22479222700000001 -0.72651857099999995 1
-1.3792574399999999 0.18562553800000001 -0.53888416299999997 1
-1.51665866 -0.098298981800000004 -0.060198713100000002 1
-1.49042213 -0.023396275899999999 0.020961815500000001 1
-1.3444077999999999 -0.21221026800000001 0.19535803800000001 1
-1.2195081699999999 -0.274081409 0.303342581 1
-1.1441133000000001 -0.213363677 0.36938938500000001 1
-0.98971378799999998 -0.27298656100000002 0.46134373499999998 1
-0.44518032699999999 -0.318937898 0.68265873200000005 1
1.36854005 -0.249346972 0.54700314999999999 1
1.4449501 -0.073247432700000004 -0.0785698965 1
1.0712425699999999 0.080835543600000004 -0.41315576399999998 1
0.112580657 0.197088391 -0.75299793500000001 1
-0.33169859600000001 0.178697616 -0.79080408800000002 1
-0.52651834500000005 0.19402146300000001 -0.79236590900000003 1
-1.5395599600000001 0.019581213600000001 -0.27754917699999998 1
-1.5516560100000001 0.024929106199999999 -0.17898130400000001 1
-0.81061530100000001 -0.33562782400000002 0.54617643400000004 1
-0.260815293 -0.40761560200000002 0.72272151699999998 1
0.55969899899999997 -0.45752438899999998 0.78891259400000002 1
0.74453067799999995 -0.36234062900000003 0.777244508 1
1.2840769299999999 -0.34985807499999999 0.59727638999999999 1
1.44578469 -0.27099967000000003 0.46763148900000001 1
0.930988908 0.122963138 -0.49360629900000003 1
-0.72238910199999995 0.17430321900000001 -0.77311873399999997 1
-1.09407616 0.13127085599999999 -0.68268388499999999 1
-1.44941974 0.079005062599999995 -0.45992061499999998 1
-1.44382823 -0.15616017600000001 0.077117003500000003 1
-1.07705224 -0.36447465400000001 0.39119499899999999 1
0.17557102399999999 -0.46258369100000002 0.78281736400000002 1
0.36327505100000002 -0.383571208 0.79899019000000004 1
0.74775362000000001 -0.47565978799999997 0.76403826500000005 1
1.5180749899999999 -0.15049548400000001 0.068709753499999998 1
1.1613262900000001 -0.021979957800000002 -0.345419168 1
0.32514929799999998 0.12582273799999999 -0.70464098500000005 1
-0.91897737999999995 0.15324801199999999 -0.73665821600000003 1
-0.41493803299999998 -0.411078691 0.68112814399999999 1
0.90128815200000001 -0.409955442 0.74397724899999995 1
1.4986033400000001 -0.28192591700000003 0.37585961800000001 1
1.4647918900000001 -0.177418202 -0.020686624599999998 1
1.29461205 -0.0188559443 -0.24651145899999999 1
-1.2402210199999999 0.060244336699999998 -0.60929536799999995 1
-1.3622229100000001 0.050247803299999998 -0.53080552800000003 1
-1.4968982900000001 -0.017518892899999999 -0.36467316700000002 1
-1.5149717300000001 -0.095488734500000005 -0.27262556599999999 1
-1.5308084500000001 -0.100279018 -0.18040434999999999 1
-0.58438324900000005 -0.404803574 0.629214406 1
1.0412521400000001 -0.44122195199999997 0.69908899099999999 1
1.2946776200000001 -0.44560876500000002 0.56462836299999997 1
1.37606096 -0.36743378599999998 0.520186543 1
1.52842093 -0.264774442 0.27614307399999999 1
1.53680313 -0.215218887 0.169353753 1
1.38146949 -0.144030556 -0.136092201 1
0.98185783599999998 -0.022353187199999999 -0.44954642700000003 1
0.11734673399999999 0.041444540000000002 -0.73188775800000005 1
-0.262434632 0.0498691499 -0.77115082700000004 1
-0.61804819099999997 0.086344316599999998 -0.77056759600000002 1
-1.37724757 -0.26894402499999998 0.13726861800000001 1
-1.2650332500000001 -0.35198524599999997 0.235379964 1
-0.91145777699999997 -0.41157335 0.483269691 1
-0.37189966400000002 -0.49985611400000002 0.68191063399999996 1
-0.15902951400000001 -0.50153148199999997 0.73095244199999998 1
0.467230916 -0.57412284599999996 0.77085405600000001 1
1.4076106500000001 -0.27106720200000001 -0.0489154272 1
1.24638844 -0.15672127899999999 -0.25208896400000003 1
-0.97988796199999995 0.0320723355 -0.70040124699999995 1
-1.1679728 -0.116702393 -0.58820706599999995 1
-1.4423015100000001 -0.24537771899999999 0.0345749557 1
0.34599965799999999 -0.51873016400000005 0.78307586900000004 1
0.63702231600000003 -0.58939051600000003 0.75500631299999998 1
1.1796963199999999 -0.46723610199999999 0.63373577599999997 1
1.2399807 -0.55260300600000001 0.55549818299999998 1
1.1355191499999999 -0.205715865 -0.31127014800000002 1
1.1079800099999999 -0.11612202200000001 -0.35699424099999999 1
0.33238866900000003 -0.0052646100500000001 -0.68059557699999995 1
-0.083630353199999993 0.0121948123 -0.75081270899999997 1
-0.45713040199999999 0.073389708999999997 -0.77666526999999996 1
-0.78113281700000003 0.024913489800000001 -0.73971110600000001 1
-1.1177210799999999 0.016368925600000001 -0.65227592000000001 1
-1.4131596099999999 -0.085643798100000001 -0.44100665999999999 1
-1.4021855599999999 -0.347298563 0.014891821 1
-1.1707534799999999 -0.36671185499999998 0.31909093300000002 1
-0.83352410799999999 -0.50747597200000005 0.49701332999999998 1
-0.54077386900000002 -0.522590518 0.62167233200000005 1
1.47882724 -0.29017189100000002 0.070392362799999997 1
1.40352619 -0.36372724200000001 0.0071040540899999999 1
0.80209684400000003 -0.101325601 -0.51200693799999997 1
0.52473050399999999 0.019345730500000002 -0.63594949199999995 1
-0.190118015 -0.080106437200000005 -0.73661798199999995 1
-0.58491587599999995 -0.0292196274 -0.74826437199999996 1
-1.31078994 -0.081320896700000006 -0.52336364999999996 1
-1.42989922 -0.31111675500000002 -0.20182831600000001 1
-1.48862779 -0.21102425499999999 -0.19433088600000001 1
-1.48403072 -0.22537684399999999 -0.081143177999999996 1
-0.93735134600000003 -0.50704717600000004 0.436652869 1
-0.72386062100000004 -0.48822546 0.55756264899999997 1
-0.410954714 -0.592377245 0.64517688799999995 1
0.0047473609399999997 -0.54660886500000005 0.75156951000000005 1
0.18103507199999999 -0.59065383699999996 0.75898170499999995 1
0.86877381799999998 -0.54564833599999996 0.72615057199999999 1
1.02841592 -0.54462790500000002 0.67504310599999995 1
1.4390738000000001 -0.39255482000000003 0.43056297300000002 1
1.4768240500000001 -0.39627140799999999 0.32463893300000002 1
1.48670733 -0.37274384500000002 0.19944061299999999 1
1.3189246699999999 -0.26406776900000001 -0.14730446 1
1.0700582300000001 -0.29816102999999999 -0.31362310100000002 1
0.97913074499999997 -0.18054392899999999 -0.409575939 1
0.64183974300000002 -0.063929989899999998 -0.58058834100000001 1
-0.39000061200000002 -0.055208057200000001 -0.74862891399999998 1
-1.0348168600000001 -0.062408506900000001 -0.65611737999999997 1
-1.45960128 -0.18031112799999999 -0.315350503 1
-1.3461928400000001 -0.36324435500000002 0.12202360499999999 1
-1.1012147699999999 -0.47632622699999999 0.32998809200000001 1
-0.55069380999999995 -0.60969412300000003 0.58944046500000002 1
1.3505132200000001 -0.48640197499999999 0.49108353300000002 1
1.20996284 -0.28512972599999997 -0.22874668200000001 1
0.78010749800000001 -0.230818406 -0.48008567099999999 1
0.62449348000000005 -0.17282913599999999 -0.55570370000000002 1
0.44994387000000002 -0.11351826800000001 -0.62536364799999999 1
0.011479526800000001 -0.090926438600000006 -0.71497195999999996 1
-1.3291611699999999 -0.18878001 -0.45170018099999998 1
-1.3912077 -0.31224501100000002 -0.28615531300000002 1
-1.43083882 -0.33050522199999999 -0.090704552800000005 1
-0.194539189 -0.61388826399999996 0.69731605100000005 1
0.0218383074 -0.66403573800000004 0.71872866199999996 1
0.237923563 -0.70333784799999999 0.72711259100000003 1
0.32891851700000002 -0.61628484699999997 0.76048833100000002 1
1.2940703600000001 -0.59657943199999997 0.45886173800000002 1
1.41799104 -0.42877447600000002 0.095047488799999996 1
1.3381370299999999 -0.36148887899999999 -0.072929166300000001 1
0.22223791500000001 -0.098947495199999999 -0.68098241100000001 1
-0.097809821399999997 -0.20028802800000001 -0.69157546800000003 1
-0.88644874100000004 -0.086780279900000007 -0.68747156899999995 1
-0.98389840100000003 -0.172668338 -0.63023209599999996 1
-1.2619516799999999 -0.200536519 -0.49634867900000001 1
-1.3730921700000001 -0.23903912299999999 -0.38083869199999998 1
-1.3095411100000001 -0.44694209099999999 0.094552814999999998 1
-0.12448865200000001 -0.71447634699999996 0.67338156699999996 1
0.44094359900000002 -0.66628253500000001 0.74421507099999995 1
0.751659513 -0.65534222099999995 0.71233123499999995 1
0.920665383 -0.657894015 0.66748642899999999 1
1.10303748 -0.60251021400000004 0.61783832299999997 1
1.39591014 -0.505425334 0.38857838500000003 1
1.4215159399999999 -0.498810947 0.27625361100000001 1
1.4107992600000001 -0.49170243699999999 0.180180117 1
0.28765252200000002 -0.195056796 -0.63698929500000001 1
-0.70547521099999999 -0.12635797300000001 -0.70557063799999997 1
-1.1658761500000001 -0.279402971 -0.50617086899999997 1
-1.3190761799999999 -0.34808242299999997 -0.33773687499999999 1
-1.3643082399999999 -0.39909267399999998 -0.198310658 1
-1.3613042799999999 -0.43071404099999999 -0.10299404700000001 1
-0.73815500700000003 -0.607662916 0.50760197600000001 1
0.87281578800000004 -0.77691882800000001 0.60564160300000003 1
1.0166144399999999 -0.70088177900000004 0.59695845800000003 1
-0.33297500000000002 -0.69526654499999996 0.62936145099999996 1
0.061910748500000001 -0.776097178 0.67621576800000005 1
0.29711863399999999 -0.80176454799999997 0.67835825699999996 1
0.58308041099999997 -0.71387124099999999 0.71536177400000001 1
1.1546064599999999 -0.67512768499999998 0.52743822299999998 1
1.33770788 -0.45963108499999999 0.0050510936399999996 1
1.25156176 -0.45268499899999998 -0.0941444263 1
1.2595024100000001 -0.352520734 -0.15238347599999999 1
0.988186538 -0.39598277199999998 -0.309568554 1
0.90439271899999996 -0.31587320600000002 -0.392016947 1
0.61485493199999997 -0.28703177000000002 -0.51677876700000003 1
0.22040036299999999 -0.27752712400000001 -0.62032097600000002 1
-0.30491322300000001 -0.18438080000000001 -0.70745313200000004 1
-0.51079452000000003 -0.16041329500000001 -0.71247392899999995 1
-0.81311392800000004 -0.21746665200000001 -0.65303677299999996 1
-1.05568135 -0.25166720199999998 -0.56999552200000003 1
-1.3081008199999999 -0.42585879599999998 -0.25801882100000001 1
-1.3423930399999999 -0.448201925 0.0075531425000000003 1
-1.2133905899999999 -0.49273407499999999 0.20518098800000001 1
-1.1023945799999999 -0.60504823900000004 0.227111325 1
-1.06184363 -0.57907772099999999 0.29811036600000002 1
-0.89959710800000003 -0.624344766 0.39975848800000002 1
-0.51484131799999999 -0.71205866299999998 0.55592888600000001 1
1.0108566299999999 -0.77252250899999997 0.53402286799999998 1
1.33402467 -0.60238814399999996 0.34590694300000002 1
1.2216340299999999 -0.56699496500000002 -0.014828944599999999 1
0.108076453 -0.203312874 -0.66690087300000001 1
-1.2697315199999999 -0.30650180599999999 -0.42172536300000002 1
-1.2069664 -0.56711107500000002 0.115088992 1
-0.33672574199999999 -0.77810847800000005 0.58156639300000001 1
-0.16230413299999999 -0.78878533799999995 0.62634301199999998 1
0.41267016499999998 -0.74637252099999996 0.70894700300000002 1
0.73854255700000004 -0.74484372099999996 0.67061585199999996 1
1.2257108699999999 -0.688215256 0.413338184 1
1.34380579 -0.59075635699999995 0.230379537 1
1.1359099100000001 -0.41065895600000002 -0.213337258 1
0.428117156 -0.26537233599999999 -0.58113670299999998 1
-0.62836933100000003 -0.250693887 -0.66712206600000001 1
-0.88841742300000004 -0.32011926200000002 -0.58682739699999997 1
-1.2077817900000001 -0.44751587500000001 -0.34434282799999999 1
-1.2509604700000001 -0.555253208 -0.011790607099999999 1
-0.67008626500000001 -0.72410970900000005 0.47427317499999999 1
0.71157443499999995 -0.81713652599999997 0.62400817900000005 1
1.11048865 -0.75454723800000001 0.45981842299999998 1
1.2567186400000001 -0.68383806899999999 0.299276441 1
1.3200772999999999 -0.56570631299999996 0.108301356 1
1.1223304300000001 -0.53721809399999998 -0.13211289000000001 1
0.72517466500000005 -0.36351191999999999 -0.445698977 1
0.034425914299999999 -0.31928136899999998 -0.63000065100000002 1
-0.72550916700000001 -0.31792151899999999 -0.622233331 1
-0.93531328400000002 -0.68991261699999995 0.31371775299999999 1
0.37758612600000002 -0.87374579900000005 0.62598532399999995 1
1.0151302799999999 -0.59034919699999999 -0.15940772 1
0.84716373700000003 -0.44425311699999998 -0.35235652299999998 1
0.505729914 -0.41277149299999999 -0.493014544 1
0.265457481 -0.37536409500000001 -0.56815677899999995 1
-0.20292442999999999 -0.304564893 -0.65719646200000004 1
-0.55028796199999996 -0.35952356499999999 -0.62278681999999996 1
-1.1477206900000001 -0.39086401500000001 -0.43690308900000002 1
-1.2659455500000001 -0.52390384700000003 -0.14087425200000001 1
-1.1547411700000001 -0.63758283900000001 -0.043956339400000002 1
-0.77323836099999999 -0.73400849099999999 0.40182304400000002 1
-0.45403114 -0.80731886600000002 0.51568168400000003 1
0.012142628399999999 -0.85861277599999997 0.61271256200000002 1
0.53363442400000005 -0.80860745899999997 0.66397756299999999 1
1.23565948 -0.681457639 0.18788902499999999 1
-0.41991335200000002 -0.28238180299999999 -0.66808515800000001 1
-1.01906586 -0.38985651700000001 -0.50133049500000004 1
-1.0899342299999999 -0.68370395900000003 0.074914194599999998 1
-1.0362093400000001 -0.68713492200000004 0.19711986200000001 1
-0.76814043499999995 -0.78326845199999995 0.34985241299999997 1
-0.60728180399999998 -0.82466077800000004 0.41961583499999999 1
-0.21476367099999999 -0.86623567300000004 0.55493909100000005 1
0.19004695099999999 -0.84776604200000005 0.64250361899999997 1
0.86046814900000002 -0.85130351800000004 0.526229799 1
0.97611069699999997 -0.51758563499999999 -0.24131684 1
0.67394679800000001 -0.49848634000000003 -0.389390707 1
0.102650255 -0.45261922500000001 -0.55546069099999995 1
-0.33475104 -0.393043578 -0.61544579300000002 1
-0.69121927000000005 -0.41625326899999998 -0.57212907099999999 1
-0.86819756000000003 -0.77685594599999996 0.26288935499999999 1
0.19828119899999999 -0.91084057100000004 0.58792132100000005 1
0.58448797500000005 -0.87857562300000003 0.59691852300000003 1
0.75159323200000006 -0.85326820599999997 0.57569664700000001 1
0.97836279900000001 -0.842629552 0.44109621599999999 1
1.13248181 -0.77518963799999996 0.354408801 1
1.16884875 -0.74970591099999995 0.25401949899999998 1
1.05830169 -0.65048724400000002 -0.074195355199999993 1
-0.26052865400000003 -0.50782531500000005 -0.54995530800000003 1
-0.82855033899999997 -0.46553483600000001 -0.51073247200000005 1
-1.049582 -0.495727062 -0.40070539700000002 1
-1.05941153 -0.58109223799999998 -0.30236387300000001 1
-1.18471229 -0.54758536800000002 -0.23595642999999999 1
-0.95421040099999999 -0.75834059700000001 0.17069459000000001 1
0.65936815699999995 -0.920333505 0.52227282500000005 1
1.07854044 -0.78689092400000005 0.16810904400000001 1
1.15519214 -0.68858689100000003 0.066118262699999999 1
0.31198012800000002 -0.50713050400000004 -0.48874911700000001 1
-0.115290582 -0.42040577499999998 -0.59447950100000002 1
-0.92207920600000004 -0.51465582799999998 -0.44255873600000001 1
0.00022688508 -0.93168848800000004 0.542226553 1
0.17114172899999999 -0.97435867799999998 0.50948923800000001 1
0.833411872 -0.92128598699999997 0.39068409799999998 1
1.0666778100000001 -0.81606054299999997 0.26178762300000002 1
0.79263061300000004 -0.57406479099999996 -0.29237595199999999 1
0.49818211800000001 -0.56639409100000004 -0.40437552300000001 1
-0.48108729700000002 -0.468618333 -0.56662517800000001 1
-1.10530734 -0.65320068600000003 -0.126829267 1
-0.511929572 -0.91123783599999997 0.35742151700000002 1
0.40290048699999997 -0.94408547899999995 0.548918664 1
0.80858200800000002 -0.90456008899999996 0.464645058 1
0.97508728499999997 -0.86760395800000001 0.32805937499999999 1
0.88851159800000001 -0.74523490699999995 -0.083465419700000001 1
0.63563990599999998 -0.60730683799999996 -0.32891327100000001 1
-0.77981030900000003 -0.58503067499999994 -0.42923498199999999 1
-0.92733180500000001 -0.67872732899999999 -0.26147812599999998 1
-1.0164045100000001 -0.66930246400000004 -0.203614354 1
-0.697656214 -0.85153967100000005 0.30995121599999997 1
-0.37898135199999999 -0.89435964800000001 0.46236428600000001 1
1.0093227600000001 -0.73821795000000001 -0.0029897093799999999 1
0.154158249 -0.56264299200000001 -0.48209580800000001 1
-0.037140190599999998 -0.54083222200000003 -0.51958167600000005 1
-0.62096047399999998 -0.54778528199999998 -0.49541041299999999 1
-1.02602613 -0.73020696600000001 -0.0143704144 1
-0.93633127199999999 -0.78489845999999996 0.099635332800000004 1
-0.81121403000000003 -0.83245921099999998 0.20390430100000001 1
-0.181161299 -0.93661165199999996 0.48758420299999999 1
1.0156755399999999 -0.78075915600000001 0.071390174299999998 1
0.88611739899999997 -0.65239286399999996 -0.183052614 1
-0.280946374 -0.96852064100000002 0.39554080400000002 1
0.30756652400000001 -0.99719560100000004 0.47053405599999998 1
0.66738194200000001 -0.95940530300000004 0.43218383199999999 1
-0.49004307400000002 -0.64838910100000002 -0.43347144100000001 1
-0.84057772200000003 -0.76186174200000001 -0.18280904000000001 1
-0.92090213300000001 -0.771641672 -0.085322081999999994 1
-0.88882654900000002 -0.80988216400000002 0.029468793399999998 1
0.91358590100000003 -0.88814473199999999 0.21777634300000001 1
0.71475809800000001 -0.76478803200000001 -0.155628353 1
0.68002659099999996 -0.68795597600000002 -0.24771991400000001 1
0.50251495800000001 -0.68308353399999999 -0.31446081399999998 1
0.30201971500000002 -0.647147417 -0.39478445099999998 1
-0.74819755600000004 -0.67497056700000002 -0.35027888400000001 1
-0.90222746099999995 -0.61609375499999997 -0.35237824899999998 1
-0.77385240799999999 -0.86608612500000004 0.124926709 1
0.48722648600000001 -0.98428249400000001 0.46377274400000001 1
0.51982921400000004 -1.00831246 0.36678823799999999 1
0.901555777 -0.85773569299999997 0.10893539300000001 1
0.88934499 -0.81474250599999998 0.0107565718 1
0.73096346899999998 -0.83514475799999999 -0.062388647300000002 1
0.060268700100000003 -0.65675878499999996 -0.42713457300000002 1
-0.17489479499999999 -0.629979014 -0.46378412800000002 1
-0.39886251099999998 -0.58313024000000002 -0.49505329100000001 1
-0.62646818199999998 -0.66360342500000002 -0.395696461 1
-0.61251962199999999 -0.91871881499999997 0.23952852199999999 1
-0.038574710499999998 -0.988051295 0.45483002099999997 1
0.72152429799999995 -0.96289855199999996 0.23618431400000001 1
0.83019947999999999 -0.92872738799999999 0.30443498499999999 1
0.35264626100000002 -0.74700725099999998 -0.29759079199999999 1
-0.089609391999999996 -0.75673157000000002 -0.35275188099999999 1
-0.62899833900000002 -0.75551164199999998 -0.29604998199999999 1
-0.78516274699999999 -0.72785168899999997 -0.27064058200000002 1
-0.75437730599999997 -0.87016326200000005 0.024008017 1
-0.42842155700000001 -0.96250391000000002 0.30685722799999998 1
-0.094278410100000001 -1.0184910300000001 0.35895380399999999 1
0.337468773 -1.02596748 0.38587608899999998 1
0.68726628999999995 -0.97481971999999995 0.339211553 1
0.73436588000000003 -0.89253419599999995 0.034471239899999999 1
-0.31795975599999998 -0.69682312000000002 -0.406483382 1
-0.45865696700000003 -0.75301915399999997 -0.33668026299999998 1
-0.71790063400000004 -0.85586130599999999 -0.082454211999999999 1
-0.40917024000000002 -0.98429661999999996 0.23641343400000001 1
0.57712125800000003 -0.84428376000000005 -0.122214578 1
-0.63214468999999995 -0.83277356599999997 -0.184363887 1
-0.27708154899999998 -1.0004024499999999 0.31152343799999999 1
0.031758815099999997 -1.0425087200000001 0.31391370299999999 1
0.13334333900000001 -1.02556896 0.404320717 1
0.54744279399999995 -1.0099041499999999 0.26282745600000001 1
0.74119526099999999 -0.93295455000000005 0.13427417 1
0.27028146400000003 -0.83041381800000003 -0.232137486 1
0.163228706 -0.75558555100000002 -0.32797440900000002 1
-0.57079839700000001 -0.94517600499999999 0.13242295400000001 1
-0.368957072 -0.99773299699999995 0.17362682500000001 1
-0.49570241599999998 -0.82636123900000003 -0.23906593000000001 1
-0.16736823300000001 -1.0316071499999999 0.24898920999999999 1
0.40805074600000002 -1.02443087 0.183484748 1
0.57657885600000003 -0.98688948200000004 0.159812555 1
0.057506196199999998 -0.847944319 -0.24593313 1
-0.27294158899999998 -0.78645992300000001 -0.31964325900000001 1
-0.33362719400000002 -0.85044419800000004 -0.23884580999999999 1
-0.499805212 -0.92128706000000005 -0.069502331299999998 1
-0.43454545700000002 -0.97846347099999997 0.100738645 1
0.373458654 -1.03611243 0.28404712700000001 1
0.57101178200000002 -0.955319166 0.061931755400000003 1
0.55817723299999999 -0.90685963599999997 -0.038346272000000001 1
-0.57007467700000003 -0.93117559000000005 0.022059498399999999 1
0.19578635699999999 -1.04693568 0.30491924300000001 1
0.442214787 -0.99752420200000003 0.099414847799999997 1
0.374090433 -0.89709198499999998 -0.12323548600000001 1
-0.14381884 -0.85794055499999999 -0.24140434 1
-0.26131075599999998 -1.01710927 0.13805261299999999 1
0.049397081099999997 -1.0491476099999999 0.23005114500000001 1
-0.40337809899999999 -0.89687520300000001 -0.150729105 1
0.22685506899999999 -1.04673624 0.20382618899999999 1
0.36659279500000003 -0.974018991 0.0050777713800000002 1
0.17042812700000001 -0.90060395000000004 -0.16315703100000001 1
-0.086869247299999994 -1.0387975 0.166003451 1
-0.36728787400000001 -0.98152828199999997 0.035727687199999997 1
-0.26811623600000001 -0.968473315 -0.043884228900000002 1
0.27955353300000002 -1.02261281 0.104227208 1
-0.15231686799999999 -1.0183041100000001 0.068274572500000005 1
0.067624680699999995 -1.03663135 0.114784911 1
0.17349830299999999 -0.96090334700000002 -0.068783082100000004 1
0.0038141235699999999 -0.92811280500000004 -0.14151369 1
-0.194297463 -0.93024021400000001 -0.136164218 1
0.17126466300000001 -1.0060133899999999 0.027495702699999999 1
0.63707542399999995 0.75266295699999997 -0.46508079800000002 1
0.49953663300000001 -0.78929686499999996 -0.215392262 1
-0.99623501299999995 0.64470261299999998 0.12327262 1
0.37191951299999998 0.85489028700000003 -0.50712585399999999 1
-0.83687710800000004 0.27310526400000001 -0.76242697199999998 1
0.56144893200000001 0.146009162 -0.64062911300000003 1
0.75634694099999999 0.038735657899999998 -0.56059020800000003 1
-0.10666769700000001 0.15172535200000001 -0.77607530400000002 1
-0.72856670649999999 0.29364413050000004 -0.77699235050000004 1
0.47949624049999995 0.84170702099999994 -0.46723787449999998 1
0.48757412999999994 0.90487584450000003 -0.37993654599999999 1
0.47993490347423184 0.93043693833381291 -0.33828706056365287 1
0.48073084904738911 0.87351383667474525 -0.42955171202167874 1
-0.035894891077314854 -1.0280052943598814 0.092893957002466568 1
-0.39265748570903719 -0.9431089870624062 -0.057654890513481709 1
-0.54252105853747967 -0.85788659262473232 -0.17118682607902744 1
-0.60885292300000005 -0.88857418300000002 -0.075978271649999998 1
-0.63193116582142772 -0.89966098146382911 -0.021673356710442723 1
-0.66258785149999999 -0.90766963350000007 0.078215485500000015 1
-0.6760369719458249 -0.90418540243644707 0.12853780966150788 1
-0.71186682600000006 -0.87558901299999992 0.22171641149999999 1
-0.052343017710821109 -1.0409148900143477 0.23893983926543438 1
-0.057385204123437998 -1.0376283696160702 0.28484868994784313 1
-0.33491527854925146 -0.99882520735520941 0.24027532817399355 1
-0.352751553 -0.98145317999999993 0.30919033299999998 1
-0.36158214870853578 -0.96523084162136241 0.34705082277595017 1
-0.37117804954432604 -0.94614358708532997 0.38064981986631841 1
-0.34367860560669167 -0.99228214186394803 0.27365414616095196 1
0.039017709122756532 -1.0226358913977387 0.38552083227355799 1
0.0686209985386389 -0.98105236925336337 0.48276885848828294 1
0.069879860236590888 -0.94907788271745452 0.52888510566815905 1
0.81755509950000005 -0.92552164199999998 0.22698032849999999 1
-0.14590013090437109 -0.97940285969591867 0.42857596123046349 1
-0.85806126878968325 -0.82400852418772175 0.11181880114556481 1
-0.84229735001762018 -0.83262749840495043 0.068099917849067382 1
-0.92255859586175726 -0.71870511847996332 -0.1925097109960956 1
0.54677521787739902 -0.93076095795195923 0.53397072566871828 1
0.48103705050000001 -0.87616071100000004 0.61145192349999999 1
0.47167138319803908 -0.83447233334289095 0.64889175504511376 1
0.48909866141648933 -0.91298845763756398 0.57170382537658615 1
0.55783306290066925 -0.95805282408150272 0.48776745977002345 1
1.15709996 -0.73417428150000008 0.17799903449999999 1
0.89347240350000001 -0.87359482049999992 0.45287063699999996 1
0.77845179593227265 -0.87945661601729197 0.52461599199067988 1
-0.78292688700000002 -0.81419780850000001 0.28642028549999998 1
0.96289589516100438 -0.65154313121076235 -0.13451220082796878 1
-0.1163417997460823 -0.89619972653144619 0.54911933872269092 1
-0.11659238878315559 -0.9348591490135949 0.50703528802564479 1
-0.11495612100194279 -0.86288264721151664 0.58035146875522869 1
-0.32201348722702777 -0.83982666407855211 0.5373422580335443 1
0.78139207390979426 -0.7997222295772507 0.61605543643539695 1
0.42856355491051712 -0.80556753254996472 0.67036610905305594 1
-1.1215878699999999 -0.62712299849999997 0.15610442699999999 1
0.63608849050000005 -0.77672558999999997 0.66729670750000003 1
0.63826151896823169 -0.81362247219452766 0.64047593168005079 1
-1.032962906172658 -0.64031416016484577 0.26310116589905064 1
-0.781223825121794 -0.67579986792329827 0.43819043312091954 1
-0.068998991740819221 -0.78350526669875997 0.64709714086260472 1
-0.065601759880291599 -0.73394346555129475 0.67427694159930063 1
0.82842531185925516 -0.70193158702354663 0.66907139342477495 1
-0.62649816250000001 -0.65986078949999993 0.53176543099999996 1
-0.62305032812048144 -0.60891011506420334 0.55785233792599376 1
-0.073433866447969703 -0.64195553585119403 0.70930057436763494 1
-0.079959224703597828 -0.57520591871566273 0.72850912146585889 1
-0.41176008612479892 -0.66430077480688876 0.61491539408743057 1
-1.0122645707197968 -0.54162942717903251 0.36076957496382234 1
0.53342544631790445 -0.63001589642788303 0.74930483296031791 1
0.77256970046043971 -0.56380648293687119 0.73812909673402782 1
-0.26546458900000003 -0.50069379800000002 0.70643153799999991 1
-0.80339069205526992 -0.45572951024884084 0.52606683981701763 1
0.45284932849999998 -0.48812727649999998 0.78599423150000003 1
-1.1402316751428569 -0.32438510378029428 0.35223230966039748 1
0.20782318923397816 0.16515742874189343 -0.731331341341381 1
-0.52879372798044277 -0.29709889548593038 0.65538532028818108 1
-0.14689201135000002 -0.40434058 0.74454051249999997 1
-0.79163010343262097 -0.22867767653135945 0.55806005613703935 1
0.25727988597718043 0.29432322820954987 -0.72746538330695909 1
-0.341108829 -0.30483289099999999 0.70791947850000003 1
-0.16826513389999997 -0.20095802099999999 0.74112570300000002 1
1.43250465 0.20384168599999999 -0.070191699200000013 1
-1.3760421560520555 0.46707550294933009 -0.46204228577656248 1
-0.56902216116028037 0.62511075233665248 -0.74778297240103886 1
1.4858608250000001 0.22020955349999999 0.1319774387 1
1.4773092660968927 0.22692131553963527 0.18434993075022746 1
-0.93151658850000008 0.64156344500000007 -0.66838616099999992 1
1.4130075 0.27783403549999997 0.28510551149999996 1
1.1719551098508936 0.48557624722118031 -0.25189998911850991 1
-1.3094638600000001 0.58792492750000003 -0.43511630600000001 1
1.0240173780177337 0.57239008125969792 -0.3337127683809803 1
1.0233351718515491 0.52521249549583304 -0.3630981993443641 1
0.0065755990000000014 0.71874347350000001 -0.68987932799999996 1
0.011286217385999969 0.6674118974096227 -0.71118976441717952 1
0.002075096376673813 0.76685651029666946 -0.66647552808093868 1
-0.00018998015013202733 0.82645673856617174 -0.63243414239243412 1
-1.17208749 0.68584665649999998 -0.49016605349999998 1
-1.1839645466809874 0.70444896406450885 -0.4458363656378328 1
-1.1599757431625888 0.6652901703677836 -0.52742294467927697 1
-0.99990046828326795 0.72824183813824295 -0.57991809045909637 1
-1.011628478921059 0.75804108317087293 -0.54212123743790364 1
-1.0251334643592145 0.7860761902566662 -0.49585828273731841 1
0.86169698800000005 0.67268586200000002 -0.38739399600000002 1
-1.208814085 0.70063430049999997 -0.4059921205 1
1.0077963360592581 0.67659764452743287 -0.24614509775759938 1
1.0045652093006761 0.70659425980799817 -0.19964187958638802 1
-0.18957285708175672 0.85984896260716182 -0.62927433749663131 1
0.064586878211019771 0.85587070702585055 -0.59710160921353383 1
0.26926745506621191 0.8578961705915189 -0.53992931859620952 1
0.66384042538114363 0.85895561921784258 -0.32362541897865038 1
0.6582950430752641 0.8800823126931957 -0.28297060204476998 1
0.66856212928000813 0.81773723829515521 -0.37966659831269017 1
0.66977400627692296 0.78231653678208446 -0.41986922763712792 1
-0.18858999403367463 0.96357445875883074 -0.52100290145852157 1
0.27617745100000002 0.94010168299999997 -0.44070877149999999 1
0.26694800131813406 0.9684558636810694 -0.3960871323337356 1
0.25814925206983991 0.99042938831218663 -0.34910323501794538 1
0.20395058400000002 1.02520996 -0.22054533649999999 1
0.24812142678344326 1.0066510288716723 -0.30020892524392173 1
0.21058051552715107 1.020926246622279 -0.25890492632348888 1
-0.38280385900797703 0.96293395966048101 -0.51644977980878315 1
-0.37988175108912292 0.93692963644484772 -0.55606784558629296 1
-0.38642005767674986 0.98783684075954636 -0.47386286099226044 1
0.76029172550000002 0.71461552350000002 0.29509638250000003 1
-0.5451836400615091 0.98478777032705633 -0.42817091757378029 1
-0.54121316096083405 0.9995765070527034 -0.37695083569281362 1
0.90411227699999996 0.75194665800000005 0.14491045450000001 1
0.83847141672910619 0.82074176083546202 0.033643193077838911 1
-0.50628919436824937 1.0115897727594887 -0.3378506674608418 1
-0.35862185531656726 1.0174596066210004 -0.4019282640624241 1
0.67833247750000003 0.81305170049999997 0.18927329799999998 1
0.717492193 0.84721517599999996 0.096138711949999997 1
0.6891509496636069 0.8326380873250353 0.14466946600044683 1
-0.68014911710110304 0.95675354947951807 -0.16213045123097072 1
-0.67279381707859442 0.97255857678579483 -0.22557315093097 1
-0.64676055083451889 0.98441949734575795 -0.26789185791953418 1
-0.14518142860522282 1.0313419260205983 -0.37546681401213322 1
-0.2209730875028339 1.0428998163992527 -0.30900260070032903 1
-0.49316272642662778 1.0083007294456683 -0.19041242930703167 1
-0.50322785886062704 0.9932011605306823 -0.1290723445451718 1
0.51036739587150393 0.95594215869372556 -0.090668459442511493 1
0.49960957668423933 0.952137248581302 -0.039264839869517662 1
0.52397271739925033 0.95636337056662379 -0.13883600093342743 1
-0.032123176281271627 1.0437711913458909 -0.28493887950910474 1
0.51845480908771124 0.92161565155471614 0.049677799403529448 1
0.4602304995 0.88798636199999992 0.14603694550000001 1
0.25936019237858715 1.0118744636667734 -0.12142201823174856 1
-0.10736251738526167 1.0030234410745011 -0.0192222924704737 1
0.111359490775 0.98761597350000008 0.021094200880000004 1
-0.87352128673836538 0.41075451804619534 -0.30417520217279753 1
1.1243286740101059 0.027709464417813495 0.11374488057138693 1
-0.094600213249880008 0.24839699911460528 -0.083710522093184872 1
0.09437234389365573 0.30725965334203709 0.26476889540658261 1
-0.76948836368790474 -0.23434292997703784 0.035584062592876005 1
-0.60703674700909016 -0.27736532995958907 -0.36582440417819545 1
0.54914285187290379 -0.56803730097043892 0.27153954020711635 1
1.0930747941478098 0.16912004865177055 -0.067374672411132 1
-0.13052611899293068 0.71127767911808071 -0.26367211464426038 1
-0.069397490922568167 -0.37172821036085274 -0.025173493512276417 1
0.21250768780080859 0.6204372581211528 -0.16332088967304725 1
-0.93145698210840455 0.060757585111110651 0.15938068030593253 1
0.1943748665506996 -0.088544228699141386 0.27176482307394839 1
-0.35720966597855458 0.68310025942059083 -0.48928785783658851 1
-0.32948626602060976 0.60955822184023545 -0.045737431451739544 1
-0.87964746508672353 -0.20363239166859778 0.30962394954690525 1
1.3124868321985856 -0.19739863141396521 0.28635129864584652 1
0.81541569895931854 -0.10083996701009781 0.41412867036511869 1
0.013309825544109786 -0.63995803537233198 0.26778558344896758 1
0.74460296116510705 -0.67087521965252428 0.089475001481707853 1
0.38133420356012226 0.76985286686743759 -0.30948778368830876 1
0.93259920989384237 -0.56509389757050488 0.13931752760032051 1
-0.25932269721756396 -0.63226238303997273 0.071834534339350942 1
-0.19866470696036689 -0.24372491372753283 -0.39507019602873233 1
-0.15613871260661216 0.74525975227399543 -0.54573951926411213 1
0.86839232017072521 -0.486955900588456 0.34747939697465535 1
0.38492590633065044 0.70436019640003811 -0.48181007408630083 1
-0.82456882151115884 -0.50471343482741626 0.1285033052283755 1
-0.3003407206523892 0.82628008266300701 -0.23101211874507185 1
1.1704484945430511 -0.47924456747598554 0.35961887997931835 1
0.55420614919084654 -0.29688531289058034 -0.0077765220057561301 1
1.3924817731647947 0.0061784037423705642 0.10016522418092756 1
-0.076061622955565941 -0.60261211587866748 0.47674775278409731 1
-0.8182758248143972 0.59965357106567241 -0.46271346321910989 1
1.2813929476851948 -0.23171725857816969 -0.018759227431439113 1
0.30384217897301447 -0.50789413676330375 -0.028634842209032386 1
-0.28944389060598635 0.1612468623424371 -0.44576116698333024 1
-0.40936883930875878 -0.71561691226560253 0.30264709724565775 1
0.16717411189161549 -0.51686202324410013 -0.28644584610682494 1
0.23981342934784541 -0.13034425411915465 -0.29408995666066334 1
-0.24279660674074421 0.054873708810425095 0.28379200545154337 1
-0.25727058102922212 -0.88044978589382794 0.095782194106496299 1
0.9924654239452283 -0.6582652998233226 0.45011329411675094 1
-0.99655685096136282 -0.37074827980299602 0.26136957524080556 1
0.3511317936511662 -0.74721168724359099 0.33280788822948365 1
-0.70827618391825797 -0.47352273045029758 0.32096473031636102 1
-1.164514463742355 0.11763007475134311 -0.20948811660741451 1
0.081262343036417994 0.68241666937433476 0.097158131617460369 1
-1.1216261925078672 -0.13915039723171688 -0.017132665733268618 1
0.84176527092001052 -0.33143171133043892 0.63284022881303592 1
-1.2414015692355722 0.33229869172693322 -0.34040097008661752 1
-0.47662225344208264 -0.30380230494553789 0.3265343826992671 1
-0.19306022113020338 0.16143626852254825 0.52136821134590561 1
0.7273259085115138 0.46463318097499567 -0.06651892352374035 1
-1.0347488563859626 0.65959202768038594 -0.37207561243775011 1
0.019503204355341881 0.81848863620420098 -0.15690738491039766 1
0.036612915569708533 0.021829590681943362 0.56913290155022811 1
0.91704398281489941 -0.021221555422840949 0.6121169893055306 1
-0.62053145593450809 -0.67785597701115174 0.33440106649641871 1
-0.19110466593474756 -0.78614734190663005 0.28493222680130531 1
-0.12367930681330917 -0.78621669626038115 0.46205276843939314 1
1.0689203097007836 0.22130233382693523 0.41419615163095008 1
-0.4869784570408614 0.78589002306749456 -0.3025303189219602 1
1.0968495118541526 0.1836057133298096 -0.27469129282773735 1
0.52490157975662266 -0.75429753823244505 0.47215896309084965 1
-0.82101052331470969 0.42989973517001379 -0.58602771940111564 1
0.89732949436768583 0.52961376062661991 -0.12003508838724293 1
-0.31194760543556904 0.087647735076648081 -0.6664102861011385 1
-0.60169693697425164 0.29887907236051597 -0.014915676506824306 1
1.2419579824452736 0.33433040441664474 -5.0992885409661945e-05 1
1.0588748099854877 0.37910150602412207 -0.13834885674438843 1
-1.1352828914150039 0.40845346731967563 -0.16256806388303402 1
0.19013731895000971 0.82430098045521227 -0.2868006905336023 1
-0.72717582480190668 -0.18810855184975708 0.4335384814928871 1
0.80805694483238188 0.32431132363975806 0.2092465927443859 1
-1.2542729712914968 -0.32048440517340221 -0.014560280946789383 1
-0.40003788969927906 -0.669025927174702 0.4883303371854848 1
0.50875271632763408 -0.45973459247703885 -0.3031114604618324 1
-0.27003917327895982 0.87663492505622875 -0.40333789239703283 1
-0.58539888168370169 -0.79184054599143405 0.24476921587482925 1
-0.29430482330953533 0.56525997518896653 -0.64224882016253493 1
1.0395531619313629 -0.23538213803338084 0.47041656255413361 1
0.041554788857769961 0.46736916828993746 -0.4633139167842491 1
-0.016985628014532191 -0.90151446543912028 0.33732169890131025 1
-0.46178283772171658 -0.46549373153075208 -0.37392350253393331 1
0.50881925931122174 0.032761511142167521 0.3888467547836672 1
-0.65334553462488854 0.34825770000517109 -0.68889537153494274 1
-0.42877674537854144 0.41372462116241115 0.27849216094319051 1
1.1523138533466333 0.35170592838658143 0.24949815284834109 1
0.46606345365880558 -0.3212241703367113 0.45920100929335123 1
-0.18533336916487428 -0.57126764698987997 -0.28734368969170643 1
1.0387859367778569 0.46689041353403526 0.094647929828247684 1
-0.5296375362225747 -0.55870429491876061 -0.085614430323203775 1
0.5711775069768642 0.12061787353640362 -0.26912932004345014 1
-1.4312844025623404 0.073427909264097757 -0.20277511174426102 1
0.087214447213797855 -0.37550198645099836 0.55539520441602408 1
0.054805313969883557 0.71102703082885521 -0.42855296403623983 1
0.040345792684544746 0.13414315282206307 -0.57041236142565888 1
1.4460235588471455 0.14340333367838246 0.15328451640357788 1
0.98645674091586077 -0.59461986732620009 -0.034068615709507089 1
0.47525908860344418 0.64287340998938258 -0.00029693562537042522 1
0.58163645171305056 0.32592305901953417 0.46461513629594481 1
0.19977060968438337 0.6862802434554246 -0.54488188473686694 1
-0.56783288725478387 0.63639699353489276 -0.5332700861254428 1
-0.76526149171970381 0.76623507663900048 -0.31782771832601792 1
-0.67014943721863751 0.88476640477065349 -0.3592924970764908 1
1.271421179886101 -0.36206064501443624 0.47934930423805655 1
-0.45870382408197446 0.19982920165756579 0.4493281696528828 1
-0.9945112349090105 0.52399792360155351 -0.52305070449376689 1
-0.16843024233978821 -0.3688803721378961 0.54015840450400365 1
0.69872528176105897 0.63382566787100858 0.012660474869124047 1
0.54408601596543094 0.54361141100010135 0.28302578414841822 1
0.29552925428368809 0.29855047327687761 -0.45059438897680198 1
0.12696667001427342 -0.76594071663654839 0.46633106098515431 1
0.93352131579199082 0.44109946388821619 0.34837847719305221 1
-0.028012884365275464 -0.73277444866977315 -0.11219606380558574 1
-0.093311854088925783 0.38022440228982912 0.42115411597032082 1
1.1750292385868641 0.49822793227068524 0.0057889955337576508 1
-0.97228728095656947 0.098468778227469828 -0.49441712493261725 1
0.20321727765096473 -0.89628100179195147 0.24229199538080043 1
-0.0023541379363027993 -0.87242019068988241 0.10607472200235758 1
1.3431303813399262 0.18453411836284683 0.28973828409252073 1
-0.32299843169101344 -0.8052806420171329 0.41226285527083562 1
1.3582427934110335 -0.39031434529870074 0.23121158463371019 1
-0.11852675797073761 -0.95778371154167175 0.21898032892385874 1
-0.45224763851013156 0.85230034519816344 -0.067946260253144833 1
0.76169956956411811 0.34036738756567608 -0.3872526032149044 1
-0.4053315512946985 0.92839549924986331 -0.30715810196805349 1
-0.62157306328209616 0.042370772102158061 -0.47255857168994947 1
-0.8964394149177356 -0.65631452871173124 0.17241981600750939 1
-0.66506462776634445 0.54943028905876024 -0.63770137124932891 1
0.49055487334930858 -0.73966520488494736 0.13548602944296659 1
1.0404006304501516 -0.23687049704861574 -0.18693864906302923 1
-0.0052095942978291829 -0.90867064916498164 0.44560320192184427 1
0.18129659053947622 0.87458979368175804 -0.049479851632816006 1
0.99213797990321706 -0.017285060621144415 -0.25119126892656946 1
1.3827681204293809 -0.14742500742771975 0.42053332360745305 1
-1.3465193675860825 -0.11566129108191939 -0.091120975644239571 1
-0.49008052524120521 0.67765045385859846 0.1540784710563752 1
-1.0658410194718502 -0.13605846747848849 0.257139509141731 1
0.72337959505826332 -0.70023397818137401 0.34828077671250318 1
-0.66979278883319526 -0.72670062728679119 0.027459162456037845 1
-1.394485790064447 0.26675898881757309 -0.17716461997533015 1
-1.2835966182301706 0.26816791003715168 -0.0060240901552450913 1
1.087444811977641 -0.38107062279238524 0.079876858878139723 1
-1.1491845939669225 0.5544183153826866 -0.30579218648256762 1
-0.37063821148032916 -0.84103963967181228 0.23813976374167042 1
1.036759349020288 0.5184443819859702 -0.23896082996510121 1
-1.2550060395138252 0.36948958200539145 -0.49800298045017999 1
0.91707542468641301 0.60874195539976184 -0.26078031421401521 1
-1.0968930320737051 0.6258591588782102 -0.49922451152708941 1
0.87352167410675963 0.2429523410462438 -0.1421690280292173 1
0.43155638276825792 -0.80697245100229342 -0.022235709558962671 1
0.39427865290601843 0.79188954078554918 -0.1461702364025233 1
-0.76845711918088888 -0.4987397615516122 -0.14595209563803457 1
0.20109441082724311 0.91548085896197839 -0.37277908304100749 1
0.53550008656486925 0.66923767652599941 -0.43391271145079502 1
-1.2824195903778184 0.46459718969114011 -0.15919193326876527 1
1.0619340106305621 -0.64780988757561409 0.085096363199806319 1
0.6721072373423691 -0.80189727756279827 0.51200793780577691 1
1.070506271870572 0.56370362890223691 -0.075406703331567335 1
-0.17802695618137465 0.59036296028047786 0.23789638310595082 1
-0.55213165312688484 -0.56922304340760921 0.43442983150240366 1
-1.3125508314031593 -0.28099621535872321 -0.1629695233526145 1
-0.11623857443922311 -0.052002113850152611 -0.55179337245101079 1
-1.0509309318681033 -0.37200449804064512 -0.21735930307692811 1
0.65204524713270329 -0.27879805446145667 0.66559835795959843 1
-1.3882367854208819 0.24487236069793331 -0.36908406798338639 1
-1.102457410935104 -0.029411142662883038 -0.52254547528135831 1
0.50865373635791344 -0.12257272456618706 0.66159337786160377 1
-0.93965372853541151 0.62236775966490299 -0.078783261790446951 1
-1.1584637695642737 -0.29774545762802773 0.19190243918833114 1
-0.52277976388396152 0.92991277827760332 -0.31190844465406203 1
0.11078206101008552 -0.85670620678051324 -0.066371951272824539 1
0.0055320567309118645 0.6535664713108631 -0.55337154471646599 1
-0.79788944917605054 0.57177904752395492 0.1311017241578884 1
-0.42295027433192739 0.8702360606747529 -0.44393386010339675 1
0.097645581069253057 -0.95670711052519941 0.30671461550076001 1
0.68060592196902459 0.6625084001136653 -0.37884063472617885 1
0.91446698430677931 -0.75153755348640294 0.46482688341480222 1
-1.2924531979110243 -0.16499455101686439 0.099691237851386033 1
0.47568127962239493 -0.7123553023548016 0.6180938023632927 1
-0.83443378187063377 -0.072130522300839717 -0.56336403062481499 1
-0.82116622044569598 -0.70134237684379797 0.0088162891467896427 1
0.11717417773123735 -0.59718774309595257 0.58685030176242703 1
0.5337923203803695 0.8559087556344126 -0.063845055693139044 1
1.4005730740027555 0.0022199061266394045 0.29703683960580751 1
0.91517276695008154 0.60583371403307895 0.096337433102774289 1
-0.97195447218714903 -0.59833640266155286 -0.038924571698605033 1
-0.30877233912902652 0.94682143907186467 -0.39232020292380587 1
0.80867400143750845 0.2265410852133774 0.50435012066564922 1
-0.067269940447799215 -0.72284776699118258 0.5891966619080059 1
0.62245617340965731 -0.65345307227692506 0.58294597455579344 1
0.77636218838149129 -0.82773444484404024 0.14807710867090765 1
-1.4698254273494999 -0.020388375129637912 -0.12545461391710339 1
-1.1870105146162055 0.073536563042036707 0.16821590873941342 1
-0.54292580948986702 0.91270516204234209 -0.18376015692204975 1
-0.43924311679412847 0.36582209807780092 -0.64522315187071566 1
-0.16432885579205925 0.92418331056641356 -0.13148746383545465 1
1.1509955193612249 0.0013692544058034745 0.48629434623382944 1
0.25768272055271807 0.91208836444019981 -0.18140376379340359 1
-0.43233624079178945 -0.44831270819311336 0.53706901335717572 1
-0.29658053755289571 -0.10875970091233012 0.5385450138397706 1
0.78234269044631499 -0.81854210079505041 0.4804318407000952 1
-0.67264210545604031 0.25730389330170533 0.33459663253365463 1
-0.93190068432832251 0.75439584472324639 -0.29700873783621062 1
-1.2926264759030046 0.50849343921806345 -0.35683798353046109 1
-1.3550689447109088 0.41724236663033687 -0.40464160827584333 1
-0.69381428162119529 0.87988235906830603 -0.19438219727477557 1
0.29825461510604651 -0.7099776118338802 0.60697239037030515 1
-0.24987528527488598 -0.9309580332032904 0.23937150082208467 1
1.2281128464373359 0.30003398160821487 -0.17288152248435146 1
-0.78250716529524611 -0.77748502481508353 0.13362399615728773 1
-0.094625786733782566 -0.48107277253099656 0.64544075774112719 1
1.0353250964250893 -0.4941935450304436 0.56811022128938593 1
-0.99563536990774371 0.33801127214437748 0.074082242958400629 1
0.28350446961206816 0.35123229231233682 0.43028220593367089 1
0.92905595885681036 0.20584056321944819 -0.37719679430480485 1
-0.48750417353711128 0.62523809059519508 -0.66285755656898593 1
-0.024133254546665549 -0.83358869174029915 0.53204161602424793 1
-0.35449114218641176 0.93538351521505436 -0.46653838489157134 1
0.64644686856731071 0.81032967537840339 -0.07632784940656541 1
0.52863563364493726 -0.51466748065753798 0.65638276946608698 1
-0.31043722448162153 -0.91647777446399181 0.3255087835028877 1
-1.1542030216068639 -0.1311748216481837 -0.29984605390869024 1
0.87703547269573479 -0.77869589484416846 0.27974461314704535 1
0.34763535177184801 -0.26567752877722295 -0.48352039518753476 1
1.3028554162215091 -0.021390643024504722 -0.091205910847298635 1
-1.0691339075222783 -0.49351587794386248 0.20552602049697974 1
-0.65349157865216334 0.7333456663137079 -0.074371322045047844 1
1.2042039177208319 -0.57873720187231437 0.19003433704304323 1
0.92642012467207735 -0.72714614564831515 0.091741099153119385 1
-1.0403638530003652 -0.57435828914228271 0.11887008037343727 1
0.45491139850232093 -0.89655928942391783 0.45360006269616904 1
-0.91813205246420149 -0.55391333721517788 0.27768148619682625 1
-1.0372508726939988 0.37907279887827955 -0.61185284068272627 1
-0.78129041804126043 -0.63394002302302987 -0.25984289092698437 1
0.58797425867337894 -0.77481546413596181 0.59209712596327047 1
0.47183476494883381 -0.33928332240704101 0.68733465802895011 1
0.56707261190461833 -0.63320035190542223 -0.078707590200300243 1
0.91187186985243951 0.44009533980877719 -0.31875961553145266 1
-0.55761993162014178 -0.78991024496446671 -0.095554566142958985 1
-0.017727444319218889 0.57412923147762873 -0.64886640665779272 1
0.56361247573755768 0.72241400265207256 0.16523582297343178 1
-0.25034295329052525 -0.58002986243310706 0.56654360308313889 1
0.37964086812956677 -0.90051058799790429 0.13821127739087893 1
0.16719389906405427 0.8247685210394845 -0.48581657873237555 1
0.96777143170903324 0.64871179977070526 -0.15023010385643035 1
0.30233958507105185 0.081387367650480186 0.59899572110860855 1
0.779535492647912 0.63153412409553256 0.21255826936628258 1
-0.035125109679836751 0.79869597250482571 -0.56362444517493027 1
0.41822910618264536 0.095101089439841746 -0.54334849733170365 1
-0.10761549021241616 0.90321611831873327 -0.42762023554861162 1
0.78498588485385545 -0.33480095264559295 -0.26801448242472853 1
0.28643180365620696 -0.721429621414446 -0.17254397626330439 1
-0.92662434294963314 0.71445687642326883 -0.47745396326158207 1
-0.38815037537864766 -0.16982340656207451 -0.55221814621115206 1
1.0773377503864119 0.36949296254928682 -0.26790634158376353 1
0.41853479760511592 0.48276828486326023 0.4630586846502322 1
0.41807374379484186 0.27529042362822509 0.039859069333930415 1
0.96470528459577443 0.17800609074111576 0.53926601335478386 1
0.43700542887058763 -0.91864477958385604 0.27123802449102768 1
0.61430479443357622 -0.19447485448499086 -0.38276112063227108 1
0.68935623757838094 0.021881920279264794 0.62008306378015954 1
-0.8611701682279016 0.071012387270459859 0.37414955714754433 1
0.031372523938981559 0.89649506614569197 -0.37280105567949834 1
-1.340161529554347 -0.12728232965209396 -0.30406727994201449 1
-0.78571169482993108 0.74358568629195576 -0.52643596790298064 1
-1.1539563178579988 0.45252097108012301 -0.50602543163614544 1
-0.3327460333156726 -0.9455065085413582 0.2361778973661037 1
-0.22921946652894112 -0.72959056051792492 0.53436592782375181 1
0.34051592935767522 -0.49738629879567897 0.6745675166471935 1
0.064173420765408842 0.7784653220443648 -0.56735668745801249 1
0.28811635078881465 0.81634009194399137 -0.4471593147515025 1
-0.44553750064163661 -0.89697410126204191 0.19188429489149403 1
0.57917412754632724 -0.85406137846715879 0.34547594742872267 1
0.79302431483196678 0.5785836603761082 -0.32656505044135403 1
0.49664811392795899 0.81247192735097495 -0.30223135091453385 1
1.0344373533998616 -0.69240913120948611 0.27463212971456158 1
0.53021098402985123 0.87515882248569166 -0.19849766843790598 1
-0.10006926005219849 -0.14488954584160393 0.50588736011571578 1
-0.048490661389585146 0.94110220693611135 -0.23857584450280236 1
-0.86869306135823432 -0.41128563359713632 0.391945005156839 1
-1.2070596925273169 -0.4322208456999001 0.065222790091892496 1
-1.2355480277327795 -0.14785769939233279 -0.43964407826190999 1
-0.0077206111213798034 -0.40208138566093432 -0.43314221649909629 1
0.71136327007874411 -0.75259243624688044 0.60501906955137541 1
-0.36699023457119179 -0.74110016617741503 -0.15942691746546556 1
1.4345616237896164 -0.20789385279201184 0.13188169439251612 1
0.44889389672537255 0.9048698528435235 -0.078273534642541873 1
-1.3185719284366761 0.063852344456764409 -0.4207652671142123 1
-1.1783080374724217 0.21534895477354427 -0.52833117240769156 1
1.350627020196228 0.15178727413649787 -0.024227840041420864 1
0.26557056541122614 -0.89200167462393798 0.45446250876128175 1
0.5988832504584759 0.76114098589432855 -0.21982367404783479 1
-0.27600801157606597 -0.24041531491664508 0.61961217759031573 1
-0.1901890688523806 -0.90495446223151865 0.39013693200077171 1
0.13878552374050102 0.30973015185654601 -0.65141391171863183 1
-0.28546296682367067 0.37458465888203429 0.39903464411390266 1
-0.71925594760082179 -0.76591610777786912 0.28374357832832087 1
0.28905177669461335 0.62277102850568367 0.25008098758612624 1
-1.4338611931632863 -0.15128705260405345 -0.18907775121359127 1
0.72288181114439198 0.74982362849863182 0.13739029427794439 1
-0.10183751964244063 0.66600684391706932 -0.6500710916110588 1
0.6182633002255814 -0.86895578551457198 0.17995985515428209 1
0.27513159922462793 -0.013632235828413261 -0.55819543513143366 1
-0.82232434732574766 -0.4337368989931914 -0.36053622691908283 1
1.3563352180286317 0.2620262365291729 0.13589374417380026 1
0.22098666047096915 0.96350081466612225 -0.26993029664404533 1
0.15040985110882382 -0.33630693617519869 -0.50191659555984669 1
-0.27602608585665761 -0.4070196786423117 0.63751141551722501 1
0.062833795386947291 0.56965999338260276 0.35783487077887355 1
0.30055603601440495 0.90544169879581471 -0.33384240627651857 1
-1.0248988731330577 0.71983810987399743 -0.49387949265861925 1
1.4194049415595131 -0.10361133582649323 -0.0015535349686078078 1
1.2501787881213644 0.4279829688329127 0.15138932603275607 1
-0.57834352698488467 0.45942505458731681 -0.39434199716969581 1
-0.72624452941555173 -0.2912660983059045 -0.50554600144640394 1
0.81736667373000593 -0.62531161509982802 0.57653458766431465 1
0.3128555033505237 0.91159738147102143 -0.042933413181312455 1
0.91692590484383851 -0.4168806691267084 -0.10346872754996328 1
0.52771581588818972 0.55179607167574862 -0.27691641928874294 1
-1.0021614529982812 -0.33280881906332344 0.04852328993767499 1
0.61415827073629592 0.79738354208996187 0.065262960620359481 1
0.41435493573754878 0.82253058993197525 -0.41011951356231491 1
-0.13308330654424985 0.80886623696187465 0.071348306795978061 1
-0.093751439233735537 -0.21142012492647522 0.65722554011245626 1
0.098777654666142051 0.95092534596971801 -0.19017119182018027 1
-1.1541595615129594 0.60962898387533104 -0.46531165017824494 1
-0.28942509374785691 0.80560258921582384 0.045509164056144497 1
0.79546186314154033 -0.55283671123201406 -0.13454109351286853 1
-0.90756767817098416 -0.61056764658165075 -0.18578703631936594 1
-0.40213672605529638 0.91394051200899018 -0.50143161065452524 1
0.13289590336333168 0.51626581751884315 -0.59321201403285251 1
0.7853185681583309 -0.079601226126840147 -0.030803659201101286 1
-0.37627688416705563 -0.9194344450143711 0.31169905743632687 1
0.85347723062084735 0.71129977908680242 0.015580829415359298 1
0.10558516675745426 0.22489947704185698 0.52848229355794707 1
0.65607870617566066 0.49296343987477242 -0.46063525564344138 1
-0.43455610793192312 -0.85593850807911132 0.033858191742616256 1
-0.28599800249629759 0.86257188602085755 -0.52886945521356687 1
0.76485767610437705 0.041140734170156464 -0.38308832655995495 1
-0.56280470563841856 0.070955678762037386 -0.66097187831091542 1
-0.61624772537488204 0.9306164598035318 -0.25189539620672169 1
0.59943753244813824 0.75146562091565494 -0.36009616475456918 1
0.4477940013765504 0.2386324042250938 0.57607810019417971 1
-1.0266192138658738 0.31643923902254006 -0.47411351654029571 1
0.50496686325104501 0.80233098166028771 -0.39414103454677929 1
0.25016177052464161 0.38569823023845634 -0.63438083872667916 1
-0.87380481781528208 0.5847257328720783 -0.61839921797367869 1
-0.28038137270655011 0.91484424786059515 -0.061970209830206097 1
-0.44758089157856001 0.94672806928132569 -0.39645392474340757 1
-0.4413409536158821 -0.25432673555669605 0.5726820691881912 1
0.72870754627505196 -0.86944194256771212 0.34824990734784272 1
-0.40079641109357611 -0.3282427334886201 0.61989299297214062 1
0.66573852681564627 0.78877057692120767 0.15790541130558292 1
-0.052712561587353213 -0.62816710448459601 0.64583920808357564 1
-1.2835633427396025 -0.29827177852933456 0.13666137918105206 1
-0.42204555496308099 0.79984313078501645 -0.57842064120953085 1
0.24261322754119716 -0.17150612165509566 0.63477504099383564 1
-0.18370012571353825 0.95135536415271404 -0.30076233669321967 1
-1.0145930229484383 -0.20886830132704004 -0.45412706584676266 1
-0.82477767750275166 0.3703701499579678 0.25474145423724104 1
0.69199399428972375 0.76400829482919086 -0.32052540352062892 1
1.2166127677805958 -0.18597970857936794 0.53660443443342187 1
0.78316054909519395 0.69297371707215205 -0.20041397550652487 1
0.62457605323510235 -0.80438893149235269 0.012494496373892796 1
-0.58177090854985347 0.0061008108646005126 0.26938356500099564 1
0.087341666342417523 0.41757859758273508 0.4754580562700802 1
-0.13689995372368199 0.58112005474136719 -0.54004906360318194 1
-0.13452937414730268 0.368499514661003 -0.63870885643617314 1
-0.58894933061044141 -0.8398490664296564 0.010425357715213355 1
-0.0090298735284731532 -0.99116707922160863 0.22809058953198233 1
0.38796908120671819 0.90939193683900232 -0.21958689673558379 1
0.52019163726424533 -0.83135918223572203 0.5774183431663118 1
0.20304400215260029 -0.69470602577155816 0.048121748377412954 1
-1.3431814329028571 0.023212687750428944 0.034056455596073322 1
-0.58968931625134358 -0.84912965637034665 0.12039436716026926 1
-0.84268213650362256 0.30133192303900663 -0.67099246057921469 1
1.1627263281027105 -0.060132002471608138 -0.19943146711403445 1
-1.3972196881413295 0.38692792595731923 -0.25273774021399714 1
-0.51403843373912217 -0.68335347126580082 0.14932363260629378 1
0.3774531919485839 0.79337004761609076 0.074241584409494396 1
-0.29752586536327336 -0.33226911084331073 0.4870452873366396 1
-0.1523687127944402 -0.31346887204351859 0.29883193041219636 1
-0.57663989648116187 0.80495563826325256 -0.51723912353424717 1
-0.099067245765039211 0.98692838506681668 -0.28437565921000463 1
0.39679233634382444 0.50978016316888863 -0.53784420973313485 1
-0.75087846367342259 0.22519536553069466 -0.57738814323143661 1
-0.98447965083795863 0.72779190970841512 -0.53713909703949303 1
-0.86941769218754594 -0.76458776682654794 0.1160457053005426 1
-0.73093257191282823 0.71161634013420783 0.090241721465637414 1
0.4708125708334982 -0.84606349928735558 0.5604067928948796 1
-0.9716798819930319 0.64480458236134197 -0.54535830300297294 1
-0.2890993959091131 0.48240386880471581 -0.36872136146674445 1
-0.0032414264338945062 0.70528530978641935 -0.64303297123308356 1
0.019380897111319281 0.90466243925870027 0.001681153154104898 1
-0.71591432395078136 -0.69317485428022418 -0.1719508159710523 1
-1.1169722476521819 -0.51969687298153422 -0.086032665304567504 1
-0.04826408513063548 0.9484179777676649 -0.088548808465265041 1
-0.94686143869020978 -0.69860358260434574 0.07584011022285321 1
-0.67428164158156356 -0.81569661936604065 0.11338511789109704 1
0.60070628243510693 0.82624164053656146 -0.31149287053203401 1
0.11241713048740799 -0.16458688441051839 -0.55617675459239146 1
0.24877936660494526 0.64038675423539027 -0.40945685876537241 1
-1.1340490708694344 0.47790297661240844 0.045834686473333948 1
0.24246887947553394 0.17674618357764585 -0.64422540063328115 1
-0.28017838227452629 -0.53624692789554751 0.30850492487233272 1
-0.72341926729686157 -0.66027346437005863 0.18121891588632064 1
-0.40544824615077668 0.93181204613094792 -0.19085579903715977 1
0.10377443488421197 -0.91005617574801312 0.46272033735547324 1
-0.27594233564518805 0.96642632345700885 -0.25098968829852036 1
-1.1743057247569675 0.65337113545840875 -0.41269363810358478 1
-0.76379335733679676 -0.63816114217057374 0.35998415326548905 1
-0.86818050278478376 -0.0746910917507871 -0.21857477726403776 1
0.24337981294688607 -0.8694047390546068 -0.014641761687198069 1
1.1579317453830371 -0.63710027773062761 0.39257041732204601 1
-0.46055317337947771 -0.5998686870268749 0.54711757070137723 1
0.36429925718452988 -0.79678627059790308 0.52769877753504435 1
0.58493512804732006 0.2177339504065964 -0.50098588875209082 1
0.70913804650379264 -0.37390124706915839 0.18920450456501919 1
-1.2412630113262275 -0.41948501622406414 -0.15256239633653429 1
-1.2279660120204194 -0.29130302446876194 -0.3361065826034017 1
0.71780168826421509 -0.49194516225825452 0.67847075763197628 1
-1.0552435958802626 -0.27879012513506796 0.33167531530579608 1
-0.58218911837978604 -0.64242398813904167 0.48532835610759972 1
-1.2410907339524153 0.54822682302411696 -0.44393758651681686 1
-0.52717465459972879 -0.72713716891557034 0.41681205590743459 1
0.65142851701528537 -0.44405508842530522 0.49080339585717203 1
-0.55172719937792081 0.91593204629525582 -0.40871852413446325 1
-1.2021217755914058 0.65165511315302782 -0.308099648286279 1
0.38968197113706671 -0.58883260312138452 0.48796192533186894 1
0.86757346251543899 -0.16202262160537792 -0.33263750796838332 1
0.9437578096167768 0.58248361557031392 -0.32299372684383926 1
-0.66740082113616384 0.057189665303075427 0.46536707530018673 1
-0.39976441855771372 -0.17979032662969496 -0.082448412747422123 1
-0.66191484502690667 -0.38049584218316679 0.49786683824235523 1
-0.4908774458084576 -0.029350166514728143 0.49932095767513102 1
-0.28737213270424911 -0.84539237122196098 -0.091097891312187429 1
0.50559736888167983 -0.07174036435035315 -0.48192381259610134 1
0.58179038555299734 -0.86297647131618016 0.49091000127552131 1
0.43686067191110556 0.87525822453102509 -0.33305527627659381 1
0.76843259433423838 0.78116354382919961 -0.0068195829523748424 1
-0.55678832371554166 -0.2495217620651578 0.55188491606323442 1
-0.66131940243177434 0.5219590451025351 0.25118660221442973 1
1.1729600239206348 0.44025762584627587 -0.16083579302144252 1
-0.085677067562311221 -0.24293803652156309 -0.5775809472916773 1
0.27001978906519086 -0.48457786590267782 0.25807075408126756 1
Triangles
1876
8 3 5 1
5 3 2 1
7 14 940 1
10 3 14 1
1 793 790 1
1 790 791 1
1 791 792 1
1 792 786 1
8 5 9 1
2 6 5 1
2 16 6 1
5 6 15 1
2 4 16 1
10 14 17 1
7 8 20 1
4 10 12 1
14 7 11 1
5 15 9 1
23 16 4 1
10 17 13 1
31 14 11 1
14 31 17 1
31 11 25 1
6 16 27 1
4 12 23 1
10 13 12 1
21 45 936 1
18 20 8 1
9 15 22 1
12 24 23 1
17 31 39 1
20 11 7 1
14 3 940 1
3 10 939 1
909 22 911 1
27 16 23 1
17 19 13 1
17 39 19 1
18 26 41 1
6 30 15 1
6 27 30 1
12 38 24 1
38 12 13 1
52 31 25 1
25 53 52 1
10 4 939 1
32 25 937 1
43 908 910 1
26 18 938 1
24 34 23 1
34 24 44 1
19 35 13 1
9 26 938 1
28 22 935 1
18 932 933 1
42 41 26 1
20 21 936 1
29 15 30 1
30 27 47 1
27 33 47 1
932 21 933 1
930 23 931 1
37 24 38 1
13 35 38 1
52 39 31 1
21 73 45 1
40 73 21 1
29 28 935 1
40 932 934 1
24 37 44 1
37 38 62 1
35 19 50 1
39 51 19 1
51 39 57 1
39 52 57 1
32 71 25 1
131 75 912 1
22 28 43 1
36 930 931 1
27 23 930 1
37 69 44 1
37 62 69 1
38 49 62 1
49 38 35 1
50 49 35 1
19 51 50 1
66 41 42 1
71 72 915 1
29 46 928 1
61 68 927 1
48 34 44 1
57 52 58 1
52 53 58 1
36 34 925 1
922 32 924 1
40 59 73 1
25 11 937 1
42 85 66 1
28 60 67 1
47 46 929 1
34 48 925 1
71 32 922 1
56 75 921 1
46 60 928 1
89 48 44 1
49 78 62 1
51 64 50 1
51 57 81 1
25 71 53 1
45 73 923 1
923 54 924 1
59 55 73 1
908 42 910 1
67 43 28 1
46 75 60 1
68 61 88 1
36 925 926 1
62 78 77 1
63 78 49 1
50 64 80 1
81 57 83 1
51 81 64 1
83 57 58 1
84 58 53 1
70 53 71 1
72 54 99 1
47 56 921 1
65 59 40 1
41 66 65 1
66 104 74 1
43 67 86 1
60 75 131 1
72 71 922 1
93 61 48 1
44 69 89 1
63 79 78 1
63 49 50 1
63 50 80 1
58 82 83 1
82 58 84 1
70 84 53 1
47 33 920 1
101 55 59 1
103 59 65 1
74 65 66 1
65 74 103 1
804 112 806 1
55 100 919 1
94 93 48 1
109 69 62 1
69 109 90 1
62 77 109 1
99 54 918 1
76 87 916 1
73 55 919 1
68 917 920 1
72 91 915 1
916 56 917 1
68 916 917 1
68 88 76 1
48 89 94 1
90 89 69 1
124 80 64 1
81 95 64 1
81 83 95 1
99 91 72 1
103 101 59 1
111 901 903 1
87 912 914 1
92 86 67 1
92 67 60 1
907 85 908 1
912 141 913 1
108 88 61 1
88 108 96 1
61 93 108 1
123 78 79 1
78 123 77 1
64 95 124 1
83 97 95 1
99 98 91 1
55 101 110 1
112 803 806 1
86 906 907 1
105 86 92 1
87 106 141 1
106 87 76 1
96 76 88 1
120 108 93 1
120 93 94 1
89 90 114 1
79 63 80 1
125 124 95 1
95 97 125 1
83 82 135 1
82 84 137 1
84 70 138 1
99 128 98 1
55 110 100 1
101 103 102 1
804 104 805 1
86 105 118 1
76 107 106 1
107 76 96 1
96 151 107 1
114 94 89 1
94 114 113 1
90 109 796 1
77 116 115 1
123 116 77 1
79 80 133 1
83 135 97 1
82 136 135 1
84 138 137 1
139 138 70 1
139 70 91 1
91 126 139 1
126 91 98 1
100 110 117 1
103 111 102 1
183 111 903 1
104 901 902 1
92 130 105 1
86 118 906 1
119 96 108 1
96 119 151 1
108 120 119 1
120 94 113 1
109 115 796 1
77 115 109 1
80 124 133 1
82 137 136 1
127 98 149 1
149 98 128 1
100 117 128 1
110 101 140 1
119 120 168 1
121 113 114 1
116 123 144 1
145 123 79 1
79 133 145 1
124 125 134 1
153 97 135 1
153 136 171 1
139 126 147 1
101 102 140 1
111 155 102 1
797 112 118 1
74 104 902 1
150 141 106 1
106 158 150 1
158 106 107 1
152 120 113 1
114 132 121 1
161 796 115 1
796 161 122 1
123 145 144 1
124 134 133 1
97 146 125 1
97 153 146 1
139 147 165 1
126 191 147 1
191 126 127 1
98 127 126 1
128 117 149 1
154 117 110 1
110 140 154 1
111 183 155 1
903 129 904 1
157 118 105 1
157 166 900 1
175 105 130 1
118 157 900 1
176 130 131 1
87 56 916 1
158 107 159 1
167 151 119 1
119 168 167 1
142 121 132 1
122 132 796 1
115 143 161 1
143 115 116 1
116 144 143 1
133 162 145 1
162 133 134 1
153 135 136 1
164 137 138 1
139 165 138 1
149 148 127 1
117 154 180 1
105 175 899 1
150 176 141 1
151 159 107 1
120 152 168 1
132 122 142 1
144 177 143 1
144 145 177 1
163 125 146 1
190 136 137 1
136 190 171 1
137 164 190 1
165 164 138 1
117 180 149 1
172 140 173 1
183 903 904 1
129 156 794 1
118 112 906 1
195 176 150 1
197 168 152 1
113 160 152 1
113 121 160 1
169 161 143 1
145 170 177 1
145 162 170 1
188 162 134 1
134 125 188 1
146 189 163 1
153 189 146 1
189 153 171 1
220 147 191 1
180 148 149 1
172 154 140 1
156 237 794 1
797 166 156 1
184 166 157 1
888 241 890 1
196 150 158 1
892 151 893 1
168 228 895 1
155 182 896 1
168 197 228 1
198 197 152 1
198 152 160 1
200 160 121 1
160 200 198 1
121 187 200 1
121 142 187 1
161 202 122 1
177 169 143 1
188 163 206 1
163 188 125 1
209 164 165 1
165 219 209 1
178 191 127 1
127 148 178 1
154 172 210 1
172 173 181 1
102 155 896 1
174 156 166 1
174 166 184 1
159 196 158 1
151 167 893 1
226 159 891 1
225 192 894 1
201 142 122 1
142 201 187 1
202 161 169 1
205 177 170 1
216 170 162 1
207 163 189 1
232 189 171 1
220 165 147 1
165 220 219 1
220 191 234 1
222 178 148 1
148 179 222 1
180 179 148 1
210 180 154 1
180 210 235 1
172 246 210 1
172 181 246 1
173 182 181 1
102 896 897 1
193 237 156 1
193 156 174 1
174 194 193 1
175 886 887 1
175 185 211 1
175 887 899 1
176 195 185 1
122 202 201 1
203 202 169 1
162 188 216 1
171 233 232 1
171 190 233 1
208 190 164 1
164 209 208 1
180 235 179 1
192 182 155 1
889 167 895 1
183 237 225 1
238 174 184 1
175 211 886 1
185 212 211 1
185 195 212 1
213 195 150 1
150 196 213 1
228 197 261 1
198 200 199 1
200 187 229 1
204 169 177 1
169 204 203 1
177 205 204 1
215 170 216 1
170 215 205 1
188 206 216 1
206 163 254 1
189 232 207 1
208 233 190 1
208 209 245 1
191 178 234 1
179 235 223 1
194 174 238 1
240 213 196 1
196 226 240 1
226 196 159 1
183 225 894 1
888 167 889 1
252 198 199 1
198 252 197 1
200 229 199 1
187 201 273 1
231 202 203 1
295 203 204 1
216 206 217 1
218 232 233 1
244 208 245 1
209 219 245 1
234 178 221 1
179 223 222 1
248 181 182 1
238 884 885 1
192 225 224 1
884 258 885 1
259 211 212 1
211 259 258 1
250 212 195 1
213 250 195 1
250 213 239 1
239 213 240 1
891 159 892 1
197 252 261 1
230 273 201 1
230 201 202 1
202 231 230 1
296 295 204 1
296 204 205 1
253 205 215 1
205 253 296 1
215 286 253 1
217 215 216 1
215 217 286 1
242 232 218 1
233 208 244 1
219 256 255 1
256 219 220 1
256 220 234 1
178 222 221 1
210 246 236 1
882 224 883 1
249 194 283 1
194 238 283 1
239 240 291 1
260 226 227 1
227 284 260 1
227 241 284 1
269 241 214 1
211 884 886 1
187 273 229 1
231 285 230 1
274 231 203 1
231 274 285 1
203 295 274 1
287 286 217 1
254 217 206 1
262 254 207 1
242 207 232 1
207 242 262 1
233 243 218 1
233 244 243 1
219 255 245 1
256 234 275 1
236 235 210 1
247 246 181 1
248 882 883 1
282 224 225 1
282 237 267 1
237 282 225 1
267 237 193 1
193 249 267 1
249 193 194 1
289 283 238 1
284 241 269 1
192 224 882 1
228 261 251 1
272 252 199 1
272 199 229 1
230 285 315 1
217 254 287 1
254 262 307 1
245 255 244 1
255 256 264 1
234 276 275 1
276 234 221 1
221 298 276 1
211 258 884 1
248 257 880 1
235 265 223 1
266 236 246 1
266 246 247 1
247 257 278 1
251 269 881 1
227 226 891 1
166 797 900 1
268 259 212 1
212 250 268 1
269 214 881 1
222 223 879 1
294 261 252 1
252 271 294 1
252 272 271 1
230 315 273 1
253 317 296 1
253 286 317 1
254 307 287 1
308 262 242 1
309 218 243 1
244 263 243 1
263 244 255 1
255 264 263 1
256 275 264 1
257 247 880 1
223 298 879 1
236 265 235 1
278 266 247 1
248 280 257 1
281 280 224 1
224 282 281 1
283 289 326 1
290 289 258 1
290 258 259 1
226 260 878 1
876 336 877 1
239 313 875 1
294 251 261 1
304 272 229 1
229 273 304 1
262 308 307 1
242 318 308 1
242 218 318 1
319 243 263 1
263 297 319 1
263 264 297 1
264 275 320 1
275 276 321 1
310 298 223 1
257 279 278 1
257 280 279 1
312 282 267 1
301 259 268 1
259 301 290 1
265 299 876 1
292 291 260 1
284 269 314 1
251 294 270 1
272 363 271 1
343 273 315 1
273 343 304 1
319 309 243 1
264 320 297 1
323 321 276 1
276 298 323 1
277 236 266 1
236 277 265 1
288 277 266 1
299 336 876 1
288 266 278 1
278 279 311 1
354 280 281 1
280 354 279 1
281 355 354 1
282 312 281 1
324 267 249 1
267 324 312 1
249 300 324 1
300 249 283 1
283 326 300 1
313 301 268 1
293 292 260 1
293 260 284 1
269 303 314 1
294 271 341 1
272 304 363 1
316 285 274 1
274 331 316 1
274 295 331 1
306 286 287 1
218 309 318 1
275 321 320 1
322 321 323 1
223 876 877 1
265 277 299 1
277 382 299 1
311 288 278 1
312 355 281 1
327 289 290 1
289 327 326 1
339 301 313 1
313 328 339 1
340 313 239 1
239 291 340 1
302 291 292 1
292 357 302 1
357 292 293 1
314 293 284 1
294 360 270 1
285 330 315 1
285 316 330 1
305 331 295 1
305 295 296 1
296 317 305 1
286 347 317 1
286 306 347 1
333 306 287 1
287 307 333 1
318 349 308 1
350 319 297 1
297 320 369 1
298 352 323 1
298 310 352 1
269 251 874 1
288 311 338 1
353 311 279 1
353 279 354 1
300 325 324 1
356 290 301 1
301 339 356 1
291 302 340 1
329 357 293 1
293 314 329 1
303 358 314 1
303 359 358 1
359 303 270 1
270 360 359 1
341 360 294 1
271 363 341 1
343 315 344 1
305 346 331 1
305 317 346 1
317 347 364 1
332 347 306 1
307 348 333 1
308 348 307 1
381 318 309 1
309 334 381 1
309 319 334 1
297 369 350 1
320 321 370 1
323 352 403 1
310 336 352 1
337 336 299 1
311 383 338 1
311 353 383 1
405 355 312 1
312 324 405 1
326 325 300 1
313 340 328 1
396 340 302 1
302 357 396 1
315 330 344 1
331 346 345 1
317 364 346 1
333 332 306 1
367 308 349 1
308 367 348 1
318 381 349 1
319 335 334 1
320 370 369 1
321 322 370 1
403 322 323 1
352 336 371 1
299 382 337 1
382 338 422 1
290 356 395 1
329 377 357 1
358 329 314 1
329 358 377 1
342 363 304 1
304 343 342 1
388 330 316 1
331 345 316 1
346 364 380 1
365 347 332 1
313 268 875 1
333 348 390 1
348 367 366 1
401 334 335 1
319 350 335 1
351 370 322 1
417 322 403 1
336 337 371 1
324 424 405 1
374 326 327 1
326 374 325 1
327 385 374 1
327 395 385 1
290 395 327 1
376 328 340 1
340 396 376 1
358 359 398 1
361 360 341 1
341 362 361 1
341 363 362 1
363 342 378 1
386 342 343 1
386 343 344 1
387 344 330 1
330 388 387 1
346 380 345 1
347 365 414 1
400 365 332 1
288 338 873 1
348 366 390 1
391 367 349 1
392 381 334 1
334 401 392 1
402 335 368 1
352 371 403 1
394 422 338 1
338 383 394 1
384 383 353 1
372 353 354 1
353 372 384 1
354 373 372 1
373 354 355 1
324 325 424 1
375 395 356 1
356 339 375 1
408 328 376 1
397 396 357 1
357 409 397 1
357 377 409 1
399 359 360 1
399 360 361 1
363 378 362 1
428 378 342 1
428 342 386 1
344 387 386 1
379 388 316 1
316 345 379 1
413 380 364 1
414 364 347 1
364 414 413 1
365 433 414 1
251 270 874 1
381 391 349 1
335 350 368 1
393 350 369 1
369 370 393 1
322 417 351 1
420 371 337 1
371 420 419 1
337 382 404 1
372 436 384 1
355 405 373 1
338 382 873 1
376 396 798 1
359 399 398 1
386 387 411 1
431 388 379 1
345 389 379 1
389 345 380 1
400 332 872 1
455 366 367 1
367 391 455 1
381 392 391 1
402 401 335 1
350 393 368 1
419 403 371 1
337 404 420 1
448 436 372 1
372 373 448 1
373 405 423 1
406 424 325 1
408 375 339 1
408 339 328 1
410 409 377 1
426 377 358 1
377 426 410 1
358 398 426 1
440 399 361 1
441 361 362 1
362 378 441 1
386 411 428 1
432 431 379 1
432 379 389 1
374 425 870 1
444 455 391 1
445 391 392 1
392 401 445 1
416 368 393 1
368 416 402 1
393 446 416 1
417 403 418 1
422 404 382 1
373 423 448 1
407 385 395 1
385 407 801 1
395 375 407 1
375 408 439 1
397 798 396 1
399 440 468 1
441 440 361 1
378 427 441 1
378 428 427 1
387 412 411 1
412 387 388 1
388 431 412 1
389 442 432 1
390 400 872 1
443 433 871 1
415 400 390 1
390 366 415 1
391 445 444 1
401 462 445 1
401 402 462 1
434 393 370 1
393 434 446 1
434 370 351 1
351 447 434 1
351 417 447 1
403 419 418 1
404 422 421 1
383 465 394 1
383 384 465 1
405 424 423 1
400 443 871 1
437 374 385 1
385 801 437 1
375 439 438 1
408 449 439 1
450 397 409 1
397 450 460 1
451 426 398 1
451 398 399 1
399 468 451 1
441 470 440 1
452 428 411 1
411 429 452 1
429 411 412 1
412 430 429 1
412 431 430 1
425 406 870 1
402 472 462 1
402 416 472 1
446 434 474 1
463 417 418 1
417 463 447 1
476 419 420 1
420 457 476 1
457 404 421 1
404 457 420 1
435 421 422 1
435 422 394 1
384 436 458 1
424 799 423 1
424 406 799 1
425 459 406 1
437 425 374 1
442 389 869 1
407 438 801 1
375 438 407 1
397 460 798 1
466 450 409 1
466 409 410 1
467 410 426 1
410 467 466 1
452 427 428 1
482 452 429 1
486 443 868 1
471 442 413 1
415 486 868 1
433 461 471 1
461 433 443 1
366 454 415 1
366 455 454 1
495 472 416 1
416 446 495 1
434 447 474 1
418 475 463 1
475 418 419 1
419 476 475 1
435 464 421 1
394 465 477 1
478 458 436 1
436 448 478 1
800 448 423 1
459 799 406 1
480 801 438 1
501 438 439 1
460 449 798 1
503 450 466 1
451 467 426 1
469 468 440 1
441 427 470 1
431 432 453 1
445 456 444 1
474 447 526 1
464 457 421 1
477 464 435 1
394 477 435 1
458 465 384 1
799 459 512 1
438 501 480 1
449 481 439 1
490 460 450 1
450 503 490 1
492 427 452 1
429 483 482 1
429 430 483 1
484 453 432 1
432 442 484 1
522 415 454 1
493 454 455 1
454 493 523 1
471 413 867 1
445 462 456 1
525 472 495 1
473 495 446 1
447 463 526 1
463 475 527 1
509 476 457 1
457 464 509 1
489 465 458 1
458 498 489 1
458 478 498 1
433 471 867 1
439 481 501 1
502 481 449 1
502 449 460 1
504 467 451 1
451 468 504 1
470 469 440 1
452 482 492 1
506 483 430 1
437 479 866 1
479 459 866 1
442 471 520 1
485 471 461 1
443 485 461 1
506 430 865 1
413 442 869 1
415 522 486 1
453 506 865 1
444 494 487 1
444 456 494 1
524 456 462 1
462 472 524 1
446 474 473 1
463 527 526 1
489 477 465 1
499 512 459 1
459 479 499 1
460 490 502 1
491 503 466 1
535 504 468 1
535 468 469 1
517 469 470 1
470 518 517 1
518 470 427 1
444 487 864 1
508 520 471 1
471 485 508 1
454 523 522 1
487 493 864 1
525 524 472 1
496 495 473 1
539 473 474 1
539 474 526 1
528 475 476 1
476 509 528 1
488 477 529 1
477 488 464 1
531 498 478 1
478 511 531 1
500 801 480 1
514 501 481 1
534 490 503 1
515 491 466 1
515 466 467 1
467 504 515 1
469 517 535 1
492 518 427 1
482 536 492 1
551 493 487 1
495 496 566 1
496 473 539 1
528 527 475 1
488 509 464 1
488 529 554 1
529 489 540 1
489 529 477 1
489 497 540 1
489 498 497 1
532 511 800 1
532 800 512 1
555 499 479 1
480 501 533 1
502 514 481 1
503 491 534 1
492 505 518 1
482 483 536 1
537 506 453 1
519 453 484 1
453 519 537 1
484 507 519 1
521 508 485 1
485 548 521 1
520 507 863 1
582 563 860 1
551 523 493 1
495 566 525 1
488 554 510 1
543 512 499 1
499 555 543 1
513 500 480 1
480 533 513 1
514 533 501 1
504 535 560 1
535 517 516 1
547 505 596 1
492 536 505 1
506 537 483 1
563 551 487 1
507 484 863 1
524 525 565 1
510 509 488 1
497 530 540 1
531 497 498 1
497 531 530 1
541 531 511 1
543 532 512 1
479 544 555 1
544 479 500 1
557 502 490 1
490 534 557 1
515 559 491 1
505 536 561 1
536 483 597 1
548 485 862 1
576 507 520 1
538 520 508 1
601 538 858 1
538 508 521 1
564 494 861 1
599 537 859 1
549 523 550 1
523 549 522 1
524 564 861 1
486 548 862 1
494 564 582 1
524 565 564 1
525 566 565 1
567 526 527 1
526 567 539 1
527 568 567 1
568 527 528 1
528 569 568 1
553 528 509 1
528 553 569 1
509 510 553 1
586 529 540 1
542 541 511 1
542 511 532 1
532 543 542 1
513 544 500 1
592 533 514 1
534 558 557 1
534 491 558 1
545 515 504 1
515 545 559 1
504 560 545 1
546 560 535 1
546 535 516 1
517 547 516 1
518 547 517 1
505 547 518 1
536 597 561 1
597 483 537 1
537 599 597 1
494 582 860 1
576 519 507 1
856 548 857 1
600 599 859 1
521 548 579 1
522 856 857 1
523 551 550 1
552 496 539 1
539 567 552 1
588 531 541 1
531 588 530 1
541 626 588 1
542 589 541 1
615 542 543 1
542 615 589 1
605 555 544 1
544 556 605 1
556 544 513 1
591 513 533 1
533 592 591 1
571 592 514 1
571 514 502 1
502 557 571 1
491 559 572 1
606 545 560 1
545 606 559 1
505 561 596 1
519 576 600 1
548 562 579 1
854 576 855 1
580 549 550 1
551 563 550 1
496 583 566 1
496 552 583 1
584 553 510 1
584 554 585 1
554 584 510 1
586 554 529 1
554 586 585 1
540 614 586 1
540 530 614 1
589 626 541 1
570 543 555 1
543 570 615 1
555 605 570 1
593 571 557 1
593 558 617 1
594 558 491 1
558 594 617 1
491 572 594 1
560 573 606 1
560 546 573 1
546 516 574 1
575 516 547 1
547 596 575 1
561 597 607 1
597 599 598 1
610 550 563 1
611 582 564 1
562 548 856 1
601 620 854 1
578 565 566 1
565 578 577 1
567 603 552 1
603 567 568 1
568 613 603 1
613 568 569 1
569 624 613 1
624 569 553 1
530 587 614 1
530 588 587 1
605 590 570 1
513 591 556 1
616 592 571 1
571 593 616 1
558 593 557 1
559 606 572 1
546 595 573 1
546 574 595 1
516 575 574 1
609 579 562 1
620 576 854 1
581 580 550 1
550 610 581 1
563 582 610 1
566 583 578 1
552 603 612 1
584 624 553 1
615 570 590 1
627 556 635 1
556 591 635 1
591 592 645 1
617 594 646 1
618 606 573 1
573 595 618 1
575 638 574 1
575 619 638 1
575 596 619 1
577 611 853 1
580 642 851 1
602 577 578 1
602 578 583 1
612 583 552 1
603 613 623 1
585 586 614 1
587 654 614 1
632 587 588 1
592 616 645 1
628 616 593 1
593 617 628 1
646 594 572 1
572 637 646 1
572 606 637 1
574 638 595 1
596 607 619 1
607 596 561 1
607 597 598 1
629 599 600 1
851 562 852 1
600 640 629 1
538 854 855 1
601 641 620 1
608 601 579 1
601 608 641 1
579 609 608 1
643 610 582 1
576 620 850 1
604 584 585 1
584 604 624 1
585 614 625 1
587 632 654 1
588 626 632 1
589 633 626 1
589 615 633 1
590 634 615 1
605 627 590 1
556 627 605 1
591 645 635 1
606 618 637 1
618 595 671 1
648 598 849 1
652 580 581 1
648 647 846 1
847 621 848 1
598 648 846 1
622 602 583 1
612 622 583 1
612 664 622 1
623 612 603 1
612 623 664 1
613 644 623 1
613 624 644 1
625 604 585 1
614 654 625 1
657 635 645 1
616 636 645 1
616 628 636 1
637 669 646 1
595 638 671 1
639 638 619 1
600 576 850 1
640 649 629 1
651 608 609 1
630 652 581 1
675 674 835 1
643 832 845 1
622 663 602 1
622 664 663 1
675 624 604 1
624 675 644 1
666 675 604 1
666 625 631 1
625 666 604 1
655 632 626 1
634 633 615 1
634 627 656 1
627 634 590 1
627 635 677 1
628 658 636 1
658 617 668 1
619 647 639 1
647 619 607 1
611 621 847 1
629 659 648 1
610 643 845 1
580 851 852 1
651 697 843 1
580 652 642 1
642 609 851 1
621 662 661 1
653 662 577 1
653 577 602 1
602 663 653 1
665 664 623 1
623 644 665 1
625 654 631 1
683 654 632 1
633 655 626 1
676 633 634 1
636 658 685 1
646 668 617 1
618 669 637 1
686 671 638 1
649 659 629 1
640 650 649 1
650 640 620 1
650 620 641 1
723 830 834 1
661 662 673 1
631 654 707 1
655 683 632 1
633 676 684 1
634 656 676 1
627 677 656 1
635 657 677 1
636 657 645 1
657 636 685 1
646 678 668 1
646 669 678 1
638 639 686 1
702 639 647 1
647 703 702 1
672 647 648 1
648 659 672 1
697 650 641 1
577 662 844 1
609 642 842 1
660 642 652 1
642 660 679 1
662 621 844 1
654 683 707 1
692 683 655 1
655 684 692 1
684 655 633 1
699 676 656 1
667 677 657 1
657 685 667 1
685 658 701 1
617 658 628 1
658 668 701 1
618 670 669 1
618 671 670 1
647 672 703 1
705 840 841 1
649 650 696 1
840 679 841 1
714 703 827 1
660 652 630 1
643 831 832 1
705 651 840 1
691 666 839 1
690 663 664 1
682 664 665 1
664 682 690 1
704 659 838 1
663 681 836 1
698 675 666 1
700 699 656 1
656 677 700 1
700 677 667 1
685 701 730 1
669 721 678 1
669 670 721 1
651 705 697 1
688 660 630 1
660 688 680 1
696 704 838 1
653 689 837 1
682 665 674 1
706 674 675 1
668 693 701 1
678 693 668 1
671 686 695 1
707 691 839 1
650 687 696 1
688 831 833 1
830 673 834 1
663 690 681 1
698 666 691 1
717 683 692 1
730 667 685 1
694 721 670 1
695 670 671 1
732 696 687 1
650 697 687 1
608 651 843 1
742 708 826 1
709 680 688 1
682 674 715 1
675 698 706 1
840 651 842 1
683 717 707 1
676 699 719 1
667 729 700 1
667 730 729 1
678 721 693 1
694 670 695 1
831 630 832 1
713 695 686 1
686 702 713 1
639 702 686 1
702 703 714 1
704 703 672 1
704 672 659 1
661 673 830 1
760 749 817 1
710 673 689 1
689 681 710 1
725 706 726 1
706 698 726 1
726 698 691 1
718 717 692 1
718 692 684 1
676 719 684 1
701 711 730 1
701 731 711 1
731 701 693 1
693 720 731 1
693 721 720 1
702 714 713 1
827 722 828 1
779 784 815 1
732 687 741 1
818 752 821 1
708 697 705 1
689 673 837 1
690 735 681 1
715 690 682 1
690 715 735 1
716 707 717 1
707 716 691 1
719 718 684 1
699 700 728 1
739 721 694 1
694 712 739 1
688 630 831 1
708 819 820 1
694 695 829 1
688 723 709 1
724 723 710 1
710 744 724 1
710 681 744 1
727 726 691 1
691 716 727 1
719 758 736 1
728 719 699 1
700 729 728 1
751 739 712 1
681 689 836 1
713 714 740 1
680 823 824 1
754 680 709 1
681 735 744 1
714 827 828 1
725 715 674 1
706 725 674 1
718 795 717 1
719 736 718 1
719 728 758 1
729 730 746 1
746 730 711 1
738 731 720 1
720 721 739 1
748 712 713 1
687 697 820 1
723 743 709 1
744 735 734 1
725 756 715 1
745 725 726 1
750 727 716 1
795 716 717 1
716 795 750 1
736 795 718 1
728 737 758 1
737 728 729 1
747 746 711 1
747 711 731 1
731 738 747 1
720 739 738 1
712 748 751 1
740 748 713 1
784 762 815 1
815 762 816 1
708 742 752 1
709 743 754 1
724 743 723 1
733 742 826 1
745 756 725 1
736 757 795 1
757 736 758 1
746 737 729 1
722 704 814 1
812 722 813 1
749 759 732 1
741 749 732 1
818 741 819 1
712 694 829 1
756 734 825 1
726 727 745 1
766 746 747 1
751 738 739 1
749 818 821 1
762 752 742 1
680 754 823 1
744 755 724 1
744 734 755 1
766 737 746 1
766 747 767 1
749 760 759 1
724 770 743 1
770 724 755 1
764 755 734 1
734 756 764 1
756 745 771 1
772 727 750 1
727 772 745 1
765 758 737 1
738 761 747 1
738 751 761 1
759 812 813 1
759 769 773 1
697 708 820 1
774 754 743 1
754 774 753 1
743 770 774 1
755 763 770 1
745 772 771 1
783 776 757 1
758 765 757 1
766 767 777 1
767 747 761 1
773 810 811 1
773 769 785 1
760 769 759 1
754 753 822 1
760 762 778 1
749 741 818 1
763 755 764 1
771 764 756 1
750 776 772 1
783 757 765 1
777 737 766 1
737 777 765 1
773 740 812 1
759 773 812 1
778 769 760 1
769 778 785 1
753 774 779 1
770 781 774 1
763 764 775 1
771 775 764 1
772 782 771 1
772 776 782 1
762 784 778 1
774 781 779 1
787 763 775 1
777 767 792 1
780 767 761 1
785 768 773 1
753 815 816 1
781 770 763 1
782 775 771 1
776 790 782 1
776 783 790 1
767 780 792 1
810 748 811 1
778 784 788 1
779 789 784 1
782 787 775 1
782 790 793 1
791 783 765 1
788 785 778 1
779 781 789 1
787 781 763 1
791 790 783 1
791 765 777 1
791 777 792 1
792 780 786 1
751 768 809 1
782 793 787 1
788 786 785 1
781 787 789 1
773 768 810 1
787 793 789 1
786 788 1 1
768 785 808 1
789 793 1 1
906 85 907 1
794 237 183 1
776 750 795 1
795 757 776 1
132 90 796 1
90 132 114 1
66 85 805 1
789 1 807 1
1 788 807 1
797 156 803 1
800 423 799 1
799 512 800 1
207 254 163 1
478 448 800 1
800 511 478 1
479 437 801 1
801 500 479 1
129 104 804 1
798 449 802 1
449 408 802 1
156 129 803 1
376 798 802 1
408 376 802 1
112 797 803 1
768 780 809 1
785 786 808 1
129 804 806 1
104 66 805 1
85 112 805 1
112 804 805 1
803 129 806 1
784 789 807 1
788 784 807 1
780 768 808 1
786 780 808 1
761 751 809 1
780 761 809 1
751 748 810 1
768 751 810 1
740 773 811 1
748 740 811 1
732 722 814 1
740 722 812 1
722 732 813 1
732 759 813 1
696 732 814 1
704 696 814 1
753 779 815 1
762 760 817 1
742 753 816 1
762 742 816 1
752 762 817 1
823 679 824 1
752 817 821 1
753 742 822 1
754 733 823 1
752 818 819 1
708 752 819 1
819 741 820 1
741 687 820 1
817 749 821 1
733 754 822 1
742 733 822 1
715 756 825 1
733 679 823 1
660 680 824 1
679 660 824 1
735 715 825 1
734 735 825 1
705 733 826 1
708 705 826 1
704 722 827 1
703 704 827 1
722 740 828 1
740 714 828 1
713 712 829 1
695 713 829 1
723 688 830 1
644 675 835 1
643 661 831 1
831 661 833 1
647 607 846 1
643 847 848 1
661 830 833 1
830 688 833 1
673 710 834 1
710 723 834 1
665 644 835 1
674 665 835 1
653 663 836 1
689 653 836 1
662 653 837 1
673 662 837 1
649 696 838 1
659 649 838 1
631 707 839 1
666 631 839 1
629 648 849 1
697 641 843 1
679 733 841 1
733 705 841 1
651 609 842 1
679 840 842 1
642 679 842 1
641 608 843 1
611 577 844 1
621 611 844 1
581 610 845 1
832 630 845 1
630 581 845 1
607 598 846 1
582 611 847 1
643 582 847 1
621 661 848 1
661 643 848 1
599 629 849 1
598 599 849 1
640 600 850 1
620 640 850 1
565 577 853 1
609 562 851 1
549 580 852 1
562 549 852 1
564 565 853 1
611 564 853 1
538 601 854 1
549 562 856 1
520 538 855 1
576 520 855 1
522 549 856 1
579 601 858 1
486 522 857 1
548 486 857 1
521 579 858 1
538 521 858 1
519 600 859 1
537 519 859 1
487 494 860 1
563 487 860 1
456 524 861 1
494 456 861 1
443 486 862 1
485 443 862 1
442 520 863 1
484 442 863 1
455 444 864 1
493 455 864 1
431 453 865 1
430 431 865 1
425 437 866 1
459 425 866 1
414 433 867 1
413 414 867 1
400 415 868 1
443 400 868 1
380 413 869 1
389 380 869 1
325 374 870 1
406 325 870 1
365 400 871 1
433 365 871 1
333 390 872 1
332 333 872 1
277 288 873 1
382 277 873 1
303 269 874 1
270 303 874 1
250 239 875 1
268 250 875 1
223 265 876 1
240 226 878 1
310 223 877 1
336 310 877 1
291 240 878 1
260 291 878 1
221 222 879 1
298 221 879 1
181 248 880 1
247 181 880 1
228 251 881 1
214 228 881 1
182 192 882 1
248 182 882 1
224 280 883 1
280 248 883 1
886 184 887 1
214 888 889 1
258 289 885 1
289 238 885 1
214 241 888 1
884 238 886 1
238 184 886 1
131 130 905 1
186 888 890 1
186 167 888 1
182 173 896 1
185 175 898 1
227 186 890 1
241 227 890 1
896 173 897 1
186 892 893 1
159 151 892 1
227 891 892 1
186 227 892 1
167 186 893 1
155 183 894 1
192 155 894 1
167 168 895 1
228 214 895 1
214 889 895 1
176 185 898 1
140 102 897 1
173 140 897 1
130 176 898 1
175 130 898 1
157 105 899 1
887 184 899 1
184 157 899 1
797 118 900 1
130 92 905 1
129 794 904 1
103 74 902 1
901 111 902 1
111 103 902 1
901 104 903 1
104 129 903 1
794 183 904 1
60 131 905 1
92 60 905 1
43 907 908 1
112 85 906 1
43 86 907 1
912 75 914 1
910 42 911 1
85 42 908 1
9 22 909 1
26 9 909 1
87 141 912 1
131 912 913 1
43 910 911 1
22 43 911 1
26 909 911 1
42 26 911 1
141 176 913 1
176 131 913 1
75 56 914 1
56 87 914 1
70 71 915 1
91 70 915 1
68 76 916 1
128 99 918 1
75 46 921 1
73 54 923 1
100 128 918 1
54 100 918 1
54 73 919 1
100 54 919 1
33 68 920 1
56 47 920 1
917 56 920 1
46 47 921 1
46 29 929 1
926 61 927 1
48 61 925 1
925 61 926 1
32 45 924 1
45 923 924 1
72 922 924 1
54 72 924 1
18 41 932 1
60 28 928 1
68 33 927 1
33 36 927 1
36 926 927 1
28 29 928 1
30 47 929 1
29 30 929 1
33 27 930 1
36 33 930 1
23 34 931 1
34 36 931 1
932 41 934 1
40 21 932 1
20 18 933 1
21 20 933 1
41 65 934 1
65 40 934 1
15 29 935 1
22 15 935 1
32 20 936 1
45 32 936 1
20 32 937 1
11 20 937 1
8 9 938 1
18 8 938 1
2 3 939 1
4 2 939 1
8 7 940 1
3 8 940 1
Tetrahedra
5605
582 1122 1133 1178 1
1247 946 1258 1355 1
1213 886 1191 887 1
846 607 1169 1173 1
8 1268 940 9 1
1111 113 94 1146 1
1048 286 215 1378 1
1111 1009 941 1170 1
704 696 1240 838 1
26 42 1141 1249 1
785 778 788 786 1
113 121 1086 1111 1
487 444 860 1163 1
67 28 1193 1206 1
1350 1113 1137 930 1
1050 1324 1325 1348 1
137 1052 1199 84 1
1043 238 1115 1213 1
18 7 8 1260 1
1097 237 1119 1279 1
1061 1024 1065 1313 1
256 219 220 1002 1
390 333 348 1267 1
1101 1007 1128 1188 1
653 689 837 1144 1
586 975 1073 1085 1
533 513 480 1008 1
28 1193 1206 1327 1
24 12 38 1066 1
160 121 1012 1086 1
579 608 1017 1211 1
1180 795 716 750 1
924 32 1264 1296 1
1075 11 1323 1260 1
1002 958 1140 1201 1
764 1186 1202 1245 1
1034 1092 1200 1275 1
1042 1026 1131 1204 1
649 629 640 659 1
938 1075 1141 1260 1
1017 601 1358 1366 1
184 238 1043 1213 1
286 993 1143 1378 1
1005 1333 1381 1315 1
966 962 970 1219 1
1129 829 1272 713 1
388 379 431 1080 1
360 1083 341 1108 1
495 970 1047 496 1
652 1054 1150 1234 1
749 1210 1215 1276 1
113 121 160 1086 1
520 576 986 1103 1
43 1096 1249 1268 1
1100 621 661 673 1
170 1028 1048 1145 1
1082 968 1124 1349 1
1003 969 1068 1350 1
1054 1060 1234 1351 1
750 716 1180 1307 1
892 151 893 1330 1
99 91 915 1190 1
988 57 52 39 1
87 912 914 1273 1
1028 1308 981 1048 1
573 546 1104 1363 1
506 430 865 1112 1
971 947 1180 1361 1
358 1232 426 377 1
1143 1221 1324 1325 1
76 107 88 96 1
767 780 792 1379 1
189 1157 1189 1278 1
674 1166 1219 1172 1
1366 999 1103 1368 1
942 972 1062 1127 1
362 341 363 1083 1
1280 963 1087 982 1
75 56 914 921 1
1235 902 1304 1343 1
377 329 358 1089 1
889 167 895 1353 1
505 596 575 1016 1
335 402 990 1022 1
601 538 858 1358 1
1366 1354 576 1103 1
185 212 176 195 1
43 908 910 1249 1
5 1222 1268 1340 1
985 1054 1060 1234 1
752 762 817 1151 1
380 346 364 1014 1
771 1072 1245 1307 1
1037 1043 1115 1213 1
195 250 150 213 1
1133 564 1259 1364 1
994 1007 1032 1092 1
375 395 1138 407 1
238 884 885 1336 1
1041 994 1200 1262 1
1138 1027 1283 1329 1
372 436 1004 1158 1
954 212 1021 1159 1
839 1271 707 691 1
1141 1013 1249 1253 1
388 1121 1136 1080 1
261 251 881 1147 1
89 93 94 48 1
1087 1151 1164 1210 1
1203 1373 1275 1194 1
774 743 1060 1234 1
445 392 990 1107 1
203 274 952 1205 1
165 164 1055 1131 1
1311 356 1021 395 1
530 588 1073 1373 1
270 359 294 360 1
1109 1231 515 1225 1
786 785 982 1379 1
522 857 1154 1297 1
607 597 846 1169 1
1069 616 592 1197 1
183 903 904 1304 1
385 801 1038 1311 1
1175 968 1349 1070 1
1088 1181 883 280 1
309 318 218 1204 1
960 726 1172 1134 1
119 995 168 167 1
455 391 864 1179 1
628 636 616 1258 1
1258 1123 1302 1355 1
953 1026 1189 1300 1
1052 1042 1157 1200 1
357 377 1232 329 1
1218 1285 1288 1343 1
460 502 449 1329 1
615 570 590 1167 1
416 1305 446 1047 1
987 1109 1165 1231 1
6 1139 1301 1327 1
159 151 892 1330 1
131 1130 905 75 1
648 849 1070 1173 1
730 1031 746 729 1
619 561 596 607 1
966 958 1022 1361 1
464 975 488 1229 1
165 1131 1002 1201 1
1141 961 1253 1314 1
327 385 1238 1311 1
564 611 1133 1227 1
168 152 228 1371 1
1176 1049 293 1209 1
332 872 1236 1267 1
12 38 1066 1270 1
992 986 1033 1322 1
1045 61 1046 88 1
445 401 462 990 1
941 1045 1170 1257 1
958 998 1022 1140 1
365 433 1293 1295 1
187 1012 1346 1084 1
621 1100 848 1227 1
422 394 1168 1233 1
1007 1011 1032 1092 1
288 1010 1152 1233 1
666 604 1040 1099 1
1040 962 1261 1271 1
439 501 438 1008 1
268 250 875 1159 1
769 749 760 1215 1
1181 224 1217 1374 1
841 705 1001 1237 1
753 754 774 1118 1
673 662 837 1100 1
91 98 126 139 1
817 1151 760 1210 1
963 1228 1280 1322 1
543 570 1167 1246 1
949 943 955 1335 1
961 967 1097 1262 1
275 234 276 1062 1
46 47 921 1130 1
12 13 1270 1291 1
1166 682 674 1219 1
985 1174 1202 1216 1
1217 1067 1262 1279 1
400 365 1236 871 1
511 478 448 1282 1
1206 28 22 67 1
976 1056 1316 950 1
823 822 1074 1351 1
733 754 822 823 1
248 882 883 1088 1
1076 1158 436 478 1
135 153 1157 1199 1
723 688 830 833 1
857 548 1154 1297 1
950 963 1031 1056 1
1095 1355 1247 1106 1
1280 982 769 785 1
867 1142 1295 471 1
1100 848 1178 661 1
966 958 990 1022 1
761 751 809 1182 1
1034 980 1192 1380 1
485 862 1185 1251 1
9 3 1337 940 1
266 236 246 1010 1
52 25 53 58 1
1013 1075 1141 1268 1
958 1107 1204 1110 1
670 671 695 686 1
1027 376 408 802 1
185 1244 211 965 1
996 1268 1206 1222 1
449 439 1027 1283 1
952 203 1205 1303 1
995 113 1111 1146 1
223 877 879 1062 1
1095 1355 1106 945 1
335 998 334 319 1
1238 870 1289 1347 1
725 706 726 1172 1
1069 1008 1197 1283 1
1193 928 1301 1327 1
510 509 488 1229 1
607 1339 619 1224 1
7 20 11 1260 1
830 834 1174 1381 1
996 951 1013 1075 1
73 54 1383 919 1
1060 1061 1316 1356 1
715 725 1134 1166 1
237 193 267 1097 1
576 986 1103 1354 1
1243 1051 1264 1383 1
545 1363 560 606 1
632 1261 1194 1271 1
469 535 468 1207 1
941 1355 987 1059 1
284 1049 260 1091 1
491 594 1109 1302 1
797 112 1214 1265 1
611 847 1133 1227 1
2 5 3 939 1
205 215 1048 170 1
77 1079 1332 78 1
1308 1028 1145 1048 1
1117 141 1299 1326 1
251 270 874 1148 1
872 400 1236 1267 1
406 1360 1053 1192 1
1136 230 315 285 1
731 693 1177 1247 1
128 117 1032 1128 1
1034 1092 1275 1282 1
319 309 998 334 1
164 208 190 1131 1
1089 358 1108 1148 1
1121 387 1136 1317 1
215 217 286 993 1
1321 294 261 1148 1
942 1029 1062 1248 1
910 42 911 1249 1
1257 1071 974 1044 1
173 182 1088 1188 1
732 1020 1215 1318 1
1138 1069 1257 1329 1
402 401 335 990 1
50 63 49 1079 1
969 955 949 1270 1
1217 1007 994 1181 1
167 186 893 1254 1
1344 1226 1387 1250 1
748 1312 740 811 1
942 972 975 1168 1
946 1247 658 701 1
1021 954 1044 1138 1
518 547 516 1104 1
893 1196 1330 151 1
995 1334 974 1049 1
45 923 924 1264 1
1003 1370 1046 1113 1
959 1036 1125 1388 1
234 191 178 1029 1
710 724 723 834 1
353 1198 354 1004 1
527 567 526 1064 1
600 629 859 1175 1
953 976 971 1388 1
804 104 1218 1288 1
1 793 790 1114 1
660 1054 1234 1351 1
471 1295 867 433 1
586 585 975 1085 1
46 47 1130 1352 1
1101 1386 172 1058 1
216 993 1048 1239 1
686 713 695 702 1
381 349 318 1110 1
596 547 505 575 1
191 127 178 1029 1
1033 738 1182 1338 1
136 190 171 1042 1
980 979 1226 1250 1
954 1003 1117 1326 1
426 358 398 1108 1
258 289 885 1183 1
614 625 1085 1261 1
1266 10 1337 1340 1
734 1134 1245 1294 1
983 970 1155 1357 1
1206 1213 1187 1037 1
765 758 783 757 1
301 356 290 259 1
495 446 473 1047 1
396 340 1006 1319 1
888 890 1091 1269 1
370 320 321 1077 1
1290 260 878 291 1
931 1066 1137 1350 1
11 14 1075 31 1
234 1002 191 1029 1
643 582 847 1178 1
941 1059 1069 1355 1
1014 1308 1375 1378 1
714 702 703 1341 1
541 626 1194 1203 1
1132 973 1185 1297 1
783 765 1114 1195 1
86 118 1096 1187 1
491 594 558 1109 1
695 670 686 1339 1
630 688 1234 1359 1
653 662 577 844 1
400 1050 1236 1267 1
986 992 1014 1377 1
1003 955 1066 1170 1
899 105 1191 1213 1
1386 181 246 247 1
527 463 475 1064 1
952 1009 1308 945 1
1093 1186 1316 1356 1
465 489 1168 1320 1
1144 1100 710 673 1
1157 944 1278 1309 1
138 1052 84 70 1
423 373 1067 1158 1
1227 662 1144 844 1
548 579 862 1185 1
363 304 342 1083 1
737 766 729 746 1
776 750 795 1093 1
496 583 1155 1357 1
292 260 293 1049 1
792 1061 1 1056 1
1081 1361 960 947 1
775 771 772 1093 1
936 20 1230 1323 1
1024 959 1054 1060 1
90 109 1111 1332 1
981 953 943 944 1
338 288 311 1152 1
955 1066 1079 1270 1
1158 1076 436 1004 1
1026 218 1110 1204 1
1183 1336 238 885 1
971 947 976 1180 1
793 790 1114 1356 1
1324 992 1325 1348 1
730 1025 701 711 1
657 636 1197 645 1
215 205 1048 253 1
198 160 1086 1371 1
1352 1019 1301 969 1
1035 1078 1135 1242 1
168 113 152 1371 1
977 1009 1069 1376 1
459 1246 499 1192 1
791 765 1056 1114 1
510 553 509 1229 1
1021 301 1138 1159 1
915 72 1190 1243 1
1157 83 1199 1241 1
545 515 504 1225 1
353 279 1004 1152 1
221 222 879 1062 1
1175 986 968 1223 1
121 1012 1086 1111 1
1035 987 1084 1317 1
522 1036 454 1125 1
63 1028 79 1079 1
155 1374 192 896 1
789 1060 793 1061 1
52 31 11 1323 1
1027 449 1283 1329 1
315 343 273 1084 1
546 517 535 516 1
352 310 336 1039 1
517 518 547 516 1
992 1103 1142 1377 1
547 574 575 516 1
1265 1218 1288 1382 1
1292 87 914 1273 1
513 591 556 1105 1
166 900 1187 1214 1
30 929 1301 1352 1
957 1047 1077 1305 1
574 547 575 1104 1
1052 1051 1041 1184 1
948 383 1004 1152 1
261 270 251 1148 1
939 1266 10 1139 1
22 43 911 1249 1
1214 1013 1187 1345 1
452 492 1078 1121 1
871 1236 1251 1295 1
962 1081 960 1166 1
205 296 1145 1375 1
553 510 1064 1229 1
981 943 1028 1239 1
760 1151 982 1210 1
1007 1011 1088 1101 1
1048 1145 1308 1375 1
496 970 539 552 1
1362 619 596 638 1
759 812 813 1318 1
157 166 900 1187 1
1211 973 1185 1132 1
952 987 1136 1156 1
1023 1183 1274 1311 1
859 1223 984 519 1
691 698 839 1040 1
988 51 1252 39 1
818 819 1164 1276 1
212 1244 185 965 1
780 786 792 1379 1
949 988 996 1266 1
436 458 1004 1076 1
51 988 1252 1102 1
431 453 865 1365 1
960 1134 1245 1307 1
1312 748 810 811 1
354 280 1181 1198 1
372 354 373 1158 1
1216 710 1294 1381 1
313 1138 1159 1071 1
282 267 312 1279 1
983 1120 1166 1219 1
967 797 1214 1265 1
1078 1035 1207 1242 1
160 198 1086 1098 1
545 504 1207 1225 1
688 630 1333 1359 1
1165 1109 1225 1231 1
1036 1050 1154 1267 1
68 61 1046 927 1
1122 1005 1333 1359 1
585 614 625 1085 1
1183 1023 1310 1311 1
502 1069 571 1283 1
930 33 1113 1137 1
987 1035 1108 1231 1
617 658 1258 668 1
1033 1280 1322 1182 1
489 1073 497 540 1
1218 1094 1220 1314 1
970 962 1085 1171 1
957 447 463 1077 1
66 104 74 1220 1
1088 1007 1101 1188 1
709 774 754 1234 1
251 874 1147 1148 1
987 1012 1083 1084 1
1061 1000 963 982 1
617 593 1123 1258 1
1003 1370 1326 1046 1
208 1201 244 1131 1
1066 12 1270 1291 1
211 212 1244 185 1
1218 804 1288 1382 1
399 359 360 398 1
441 440 1035 1135 1
80 64 124 1102 1
1016 1112 1224 1263 1
198 152 160 197 1
984 506 1112 1169 1
952 987 1156 1355 1
1081 1216 1245 1294 1
1128 110 1188 1277 1
1063 1017 1348 978 1
636 628 658 1258 1
297 1022 1140 350 1
1200 971 953 980 1
755 1245 764 1202 1
65 40 934 1220 1
626 589 1018 1203 1
167 995 1091 1254 1
850 1223 507 1354 1
579 608 858 1017 1
574 595 1104 1362 1
568 528 569 1064 1
992 1143 1324 1325 1
543 570 615 1167 1
358 359 1108 1148 1
1106 1165 1302 1363 1
1133 1163 1364 1369 1
1012 991 1083 1098 1
1196 1045 96 1146 1
158 213 196 150 1
812 1312 740 1342 1
515 504 1225 1231 1
955 969 1003 1066 1
1143 1236 1293 1324 1
1140 1077 957 1127 1
655 633 684 1018 1
1385 143 1116 1303 1
1127 276 275 321 1
419 957 1127 1229 1
1302 1106 637 646 1
428 427 378 1135 1
316 274 952 1136 1
286 287 1143 217 1
192 155 894 1090 1
1033 1082 1182 1322 1
376 802 1027 1319 1
66 805 1218 1382 1
602 653 577 1120 1
391 349 1110 1179 1
533 514 592 1283 1
464 975 1229 1255 1
1023 1310 1311 1335 1
800 512 1360 799 1
789 1060 781 793 1
228 214 895 1353 1
989 987 1078 1317 1
414 347 1293 1384 1
1163 1107 1364 1369 1
379 431 1080 1365 1
1006 1049 1176 1287 1
140 154 110 117 1
533 592 1197 1283 1
963 1280 1087 1322 1
213 239 875 1071 1
1026 1015 1042 1131 1
182 882 1088 1374 1
801 438 1008 407 1
921 47 1068 1130 1
660 680 824 1351 1
1029 1062 222 178 1
307 254 262 997 1
152 160 197 1371 1
1112 412 1121 1298 1
22 1222 935 1206 1
208 233 190 1131 1
338 383 1168 1233 1
947 960 1072 1180 1
776 782 772 1093 1
995 113 1086 1111 1
361 1083 1035 1108 1
98 128 117 1032 1
618 671 1106 1362 1
328 340 239 313 1
716 727 960 1307 1
951 1041 1094 1323 1
962 966 1085 1361 1
259 268 1021 212 1
1291 1266 13 1270 1
1044 195 250 1326 1
926 925 1149 1284 1
328 340 1027 1071 1
777 737 766 1031 1
268 195 212 250 1
391 392 445 1107 1
1379 1280 963 1228 1
979 980 1018 1167 1
954 1003 1044 1257 1
43 86 1096 1206 1
477 435 1168 1255 1
79 80 133 1028 1
1066 23 1291 1350 1
313 339 301 268 1
326 1238 1289 1274 1
564 861 1259 1364 1
1059 503 534 1109 1
1366 999 1354 1103 1
194 238 283 1043 1
466 1231 410 467 1
50 51 64 1102 1
338 288 1152 1233 1
1153 659 1240 1349 1
533 591 513 1008 1
1059 987 1109 1165 1
203 952 1156 1303 1
42 26 1141 1314 1
97 125 95 1309 1
964 635 1197 1387 1
981 993 1057 1239 1
334 1107 958 990 1
865 453 984 1365 1
210 180 1058 1256 1
1129 829 713 695 1
15 935 1222 1327 1
107 196 159 158 1
316 379 388 1080 1
6 15 29 30 1
1034 1067 1282 1360 1
418 1229 419 475 1
215 253 1048 1378 1
174 194 967 1043 1
954 1138 1257 1044 1
1083 229 1084 1098 1
991 1321 1147 1148 1
949 951 1023 1037 1
1211 562 579 609 1
44 48 925 1149 1
197 198 261 1147 1
773 810 811 1312 1
27 6 1352 30 1
561 1016 536 1224 1
182 192 882 896 1
969 1019 1068 1130 1
162 216 1048 1239 1
150 176 1299 195 1
18 932 933 1230 1
382 972 404 337 1
478 1076 1282 1373 1
604 1085 1099 1171 1
948 942 1168 1233 1
987 1109 1231 1232 1
778 785 760 982 1
735 681 1166 1294 1
1016 1106 1339 1362 1
298 877 223 310 1
944 1157 1252 1309 1
334 309 998 1204 1
752 817 821 1210 1
543 1192 1246 1380 1
957 463 418 1077 1
20 933 936 1230 1
383 1320 384 465 1
988 951 996 1075 1
1105 964 1197 1387 1
30 6 1301 1327 1
346 1014 1205 1375 1
442 863 1223 1377 1
1115 1183 1244 1336 1
919 55 1277 1383 1
192 182 155 896 1
725 726 1134 1172 1
681 1144 1166 1294 1
371 352 336 1039 1
496 495 473 1047 1
732 813 814 1318 1
1141 909 1249 1268 1
998 958 1131 1201 1
432 984 956 1223 1
193 156 967 1097 1
106 76 107 158 1
108 151 119 96 1
377 1232 426 410 1
366 1212 454 1036 1
658 617 1258 628 1
591 513 1008 1197 1
1078 547 1104 492 1
929 46 1301 1352 1
462 456 990 1364 1
151 96 1146 1196 1
738 1177 720 1338 1
17 19 10 1266 1
753 774 779 1118 1
1078 547 518 1104 1
913 176 1281 1299 1
704 814 1153 1240 1
840 841 1001 1160 1
734 825 1134 1294 1
584 585 604 1085 1
151 107 96 159 1
991 1012 1086 1098 1
675 604 666 1099 1
715 690 682 1166 1
569 553 624 1064 1
863 986 1223 1377 1
577 653 844 1144 1
89 1045 1111 1146 1
616 645 592 1197 1
1110 308 1189 1300 1
754 822 823 1351 1
946 658 636 685 1
288 338 873 1233 1
1081 1005 1100 1133 1
274 316 952 1205 1
403 418 417 1077 1
1002 165 219 220 1
1041 1126 1162 1235 1
120 168 113 152 1
698 706 1099 1172 1
239 250 213 875 1
1010 948 1152 1233 1
462 525 524 1155 1
1012 941 1086 1111 1
1322 968 986 1033 1
956 945 968 984 1
975 584 1064 1085 1
398 1231 1108 451 1
276 1127 275 1062 1
585 586 614 1085 1
1040 698 1099 1172 1
197 168 152 228 1
522 1036 1125 1154 1
1196 893 119 151 1
1041 988 1241 1323 1
988 31 1241 1323 1
228 261 881 1147 1
1342 1349 1322 1082 1
939 1266 1139 1340 1
1012 1083 1084 1098 1
1057 206 1278 163 1
1078 547 492 518 1
536 483 561 1298 1
978 963 1322 1348 1
359 360 398 1108 1
1280 1182 768 1312 1
84 82 1052 1199 1
432 984 453 1365 1
371 403 352 1127 1
470 440 441 469 1
1009 1116 1156 1303 1
1112 1121 1016 1298 1
172 154 140 1101 1
1322 968 1033 1349 1
1157 83 1241 1252 1
962 966 970 1085 1
942 948 1076 1275 1
1015 994 1032 1092 1
370 1140 320 1077 1
71 1052 53 1184 1
398 1231 426 1108 1
877 298 223 879 1
959 1060 1061 1316 1
1052 137 1199 1042 1
1018 971 1180 1271 1
1100 1216 1294 1381 1
796 1111 1156 1346 1
1099 835 1171 1219 1
54 72 924 1243 1
275 256 1002 1140 1
1007 1032 1101 1128 1
664 665 1219 1357 1
1028 1009 1145 1385 1
972 1039 382 1233 1
526 567 1047 1064 1
68 917 1113 1370 1
263 243 244 998 1
1081 1294 1134 1166 1
96 1046 88 1045 1
1044 213 1071 1208 1
1387 964 1344 1105 1
207 262 997 1189 1
1218 104 1220 1343 1
741 687 820 1276 1
457 476 420 1229 1
1000 1211 973 1348 1
500 544 1038 1105 1
1041 1323 1264 1126 1
1050 1221 1236 1267 1
1141 42 1253 1249 1
677 964 1226 1387 1
506 453 537 984 1
359 270 1108 1148 1
1092 1076 1275 1282 1
836 681 1144 1166 1
1293 347 1378 1384 1
418 1127 1077 403 1
973 1001 1054 1160 1
981 1278 944 993 1
343 1317 315 344 1
613 970 1171 603 1
1082 968 1095 1124 1
598 537 599 1169 1
244 1131 1204 208 1
381 392 391 1107 1
21 20 933 936 1
1030 1107 1110 1179 1
1271 631 839 707 1
624 644 613 1171 1
1007 1088 1090 1188 1
28 1193 60 92 1
1051 1184 1190 1243 1
1230 1094 1260 1314 1
1045 1196 96 1208 1
197 198 252 261 1
709 743 774 1234 1
1013 951 1037 1345 1
432 379 956 1365 1
366 390 348 1036 1
981 943 1009 1028 1
313 1138 339 1159 1
1017 858 1185 1358 1
325 300 1289 1328 1
776 782 1093 1356 1
1261 1085 1275 1361 1
1031 1376 1033 950 1
898 185 965 1281 1
227 186 1091 1254 1
987 989 1165 1355 1
241 1091 284 890 1
298 1127 1062 352 1
1297 1185 562 548 1
1023 1238 1274 1289 1
613 970 1064 1171 1
969 955 1270 1066 1
985 947 1005 1216 1
462 401 402 990 1
1275 1373 1282 1076 1
13 12 10 4 1
1003 1044 1045 1326 1
361 399 360 1108 1
645 591 592 1197 1
1075 951 1094 1323 1
635 657 964 1197 1
976 979 980 1018 1
909 26 938 1141 1
1044 954 1299 1326 1
261 270 294 251 1
1320 1073 498 497 1
787 793 781 1060 1
360 271 294 341 1
76 68 1046 1370 1
949 996 1037 1206 1
1006 1027 1257 1329 1
519 600 859 1175 1
1174 688 1333 1359 1
399 361 1035 1108 1
966 1081 1259 1369 1
415 390 1036 1267 1
1045 1003 1149 1170 1
1055 91 1128 1190 1
34 24 1066 1137 1
536 561 1224 1298 1
361 362 441 440 1
255 1002 219 256 1
792 786 788 982 1
531 1073 1076 1373 1
72 1296 1243 71 1
1109 1165 1225 1302 1
110 140 117 1101 1
24 931 1066 1137 1
130 965 1191 1193 1
608 1063 641 1017 1
844 1259 1227 853 1
280 248 1088 1198 1
900 797 906 1214 1
406 1360 424 1053 1
690 681 836 1166 1
1032 1010 1058 1256 1
349 367 1110 1179 1
1009 952 1308 1145 1
1169 598 849 599 1
1161 1117 1019 1130 1
1026 1042 1157 1286 1
958 966 990 1369 1
148 178 1029 1256 1
961 951 1013 1345 1
52 11 25 1323 1
268 259 1021 301 1
1225 1302 491 1109 1
212 965 185 954 1
1071 1044 1138 1159 1
1013 1096 1206 1268 1
584 510 975 1064 1
629 1354 1175 600 1
185 212 954 1299 1
987 1059 1109 1232 1
1124 1082 740 748 1
226 878 1290 1334 1
797 112 906 1214 1
792 788 1 982 1
1261 632 587 654 1
785 786 808 1379 1
1151 752 1164 1210 1
190 233 1042 1131 1
655 626 633 1018 1
680 660 709 1234 1
1016 989 1078 1121 1
505 518 492 547 1
1011 1007 1032 1101 1
1194 971 1261 1275 1
1060 770 1186 1202 1
439 408 1027 1138 1
698 675 666 1099 1
1173 1341 968 1070 1
118 157 900 1187 1
314 1089 1209 1367 1
419 371 420 1127 1
449 502 481 1283 1
479 555 1246 1344 1
1009 1116 1303 1385 1
366 1212 1300 455 1
1091 284 1209 1269 1
268 1021 1159 301 1
1069 502 1123 1329 1
316 952 1080 1136 1
162 188 1239 134 1
504 1207 1225 1231 1
818 1210 1164 821 1
379 345 956 1080 1
950 943 964 1376 1
302 1006 1049 1176 1
155 1374 1090 192 1
332 347 1143 365 1
15 22 5 1268 1
1286 136 153 171 1
290 327 1183 1311 1
663 690 1120 1219 1
1357 1171 665 1219 1
1165 572 1225 1302 1
1362 596 1016 575 1
769 759 749 1215 1
943 955 1009 1028 1
1093 1307 771 772 1
1117 1113 1370 1003 1
513 1008 500 480 1
859 599 1169 1175 1
1185 1142 1324 1348 1
124 125 134 1057 1
265 235 236 1248 1
1060 985 1186 1316 1
1042 1052 1157 1199 1
775 772 782 1093 1
825 735 1166 1294 1
1013 1094 951 961 1
980 943 1038 1105 1
984 859 1169 1175 1
1056 1114 1195 1316 1
313 1027 328 339 1
973 1054 1125 1132 1
745 756 725 1134 1
296 204 1145 1205 1
164 138 1055 1131 1
444 1364 445 456 1
92 67 1193 1206 1
818 741 819 1276 1
587 1073 1194 1261 1
226 159 1196 1208 1
290 1183 1310 1311 1
347 286 1143 1378 1
1005 1133 947 1372 1
255 263 998 1140 1
174 194 193 967 1
192 224 882 1374 1
954 1335 969 1003 1
649 999 650 1240 1
798 460 449 1319 1
1385 78 79 1079 1
1093 976 1180 1195 1
66 74 65 1220 1
1015 1042 1052 1200 1
13 17 19 10 1
147 139 126 1055 1
961 1013 1141 1253 1
1376 1355 945 1009 1
1046 68 1113 1370 1
974 941 1006 1257 1
258 259 290 1244 1
1007 994 1051 1306 1
795 776 1093 1195 1
4 16 12 23 1
312 405 355 1067 1
1264 1041 1051 1184 1
1134 825 1166 1294 1
958 942 1002 1140 1
964 1344 1105 980 1
671 670 1106 1339 1
12 13 38 35 1
1218 1262 1235 961 1
154 180 149 1058 1
175 899 1191 887 1
659 704 1153 1240 1
1138 977 1311 1335 1
679 840 842 1160 1
24 34 37 44 1
961 1214 1253 1265 1
1236 1324 1221 1050 1
814 696 1020 1240 1
761 747 1033 1228 1
712 739 1177 1338 1
211 886 1191 1336 1
1056 963 1228 1379 1
43 22 1206 1268 1
60 1130 46 905 1
1106 1104 1165 1363 1
378 427 441 1135 1
1032 117 1058 1101 1
284 1049 1209 293 1
318 308 242 1110 1
752 762 1151 1237 1
403 322 323 1127 1
474 446 434 1047 1
418 1229 475 957 1
998 335 334 990 1
206 1057 1278 993 1
229 200 187 1098 1
605 1387 544 556 1
240 1208 213 196 1
1082 1033 1182 1338 1
500 801 1008 1105 1
1002 942 1029 1062 1
1140 321 1127 275 1
1050 1185 1251 1324 1
1251 1142 1295 1324 1
1310 1021 1311 1335 1
626 1018 1194 1203 1
371 352 1039 1127 1
121 160 1012 1098 1
270 294 1108 1148 1
1162 1220 40 65 1
1268 996 1206 1013 1
1183 885 1244 1336 1
381 309 334 1107 1
1142 992 1377 1384 1
664 983 622 1357 1
441 470 469 1135 1
1087 1000 963 978 1
999 978 1103 1368 1
969 949 1139 1270 1
352 403 323 1127 1
534 491 558 1109 1
1167 543 1246 1380 1
224 282 1181 1217 1
725 756 825 1134 1
452 1317 1078 428 1
1366 999 1368 620 1
578 1259 577 565 1
576 520 855 1103 1
867 1142 1293 1295 1
516 574 546 1104 1
939 3 1337 1340 1
958 1107 1030 1369 1
51 50 19 1102 1
674 682 665 1219 1
28 928 1193 1327 1
574 595 546 1104 1
663 1166 1120 690 1
595 573 546 1104 1
1075 1094 1141 1260 1
198 200 199 1098 1
24 23 12 1066 1
460 397 450 1059 1
611 1259 853 1227 1
631 1261 1040 625 1
353 1198 1004 279 1
436 478 458 1076 1
715 725 1166 1172 1
791 1061 1056 1 1
354 355 1158 1181 1
674 665 835 1219 1
625 631 666 1040 1
1006 941 1287 1329 1
996 1266 1337 1340 1
193 1328 967 249 1
962 1099 1171 1219 1
1351 1024 1118 1074 1
987 991 1012 1287 1
219 255 245 1201 1
254 217 993 287 1
1244 1021 965 259 1
833 830 1174 1333 1
414 1378 1384 364 1
468 535 504 1207 1
511 532 1203 1282 1
930 931 1137 1350 1
143 1116 161 115 1
9 1337 5 1268 1
311 1004 353 383 1
1005 985 1174 1359 1
223 222 179 1248 1
1035 342 1135 1317 1
463 957 418 475 1
447 434 351 1077 1
850 519 1223 600 1
248 880 1088 1198 1
238 194 174 1043 1
1181 280 224 883 1
478 498 458 1076 1
570 1167 1246 1344 1
191 1002 147 1029 1
90 1116 109 796 1
1103 1017 1358 1366 1
290 1183 1244 1310 1
972 975 1168 1255 1
660 688 709 1234 1
338 382 873 1233 1
619 1362 596 1224 1
980 1038 1053 1246 1
91 98 1055 1128 1
1217 1007 1181 1090 1
252 198 199 1098 1
216 170 1048 215 1
63 1028 80 79 1
1156 202 230 231 1
949 965 1019 1193 1
999 1020 1240 1349 1
948 1015 1032 1092 1
1075 9 1141 1268 1
1142 1377 508 471 1
152 113 160 1086 1
562 1211 579 548 1
948 1004 1076 1092 1
72 1296 922 1243 1
1106 1095 1129 1272 1
618 595 1362 1363 1
1307 1093 771 1072 1
1210 982 760 1215 1
713 712 829 1272 1
589 633 1018 1203 1
759 732 1215 1318 1
1012 991 1086 1287 1
1020 999 1322 1349 1
418 1127 403 419 1
1248 876 299 265 1
990 1155 524 1259 1
8 1268 9 1075 1
750 776 772 1093 1
140 173 1101 1188 1
77 1079 1385 1332 1
1198 1092 1004 1011 1
1038 1008 977 801 1
1116 143 161 1303 1
316 345 1080 331 1
951 949 988 996 1
662 621 844 1227 1
284 314 1209 1367 1
947 966 1361 1369 1
1019 46 1130 1301 1
567 539 526 1047 1
1345 961 1262 967 1
43 86 907 1096 1
1000 982 1065 1151 1
518 470 427 1242 1
601 650 620 1368 1
418 1127 957 1077 1
492 427 452 518 1
71 1190 1184 1243 1
985 1005 1174 1216 1
706 674 675 1099 1
1017 1142 1185 1348 1
759 773 812 1318 1
595 573 1104 1363 1
308 242 1110 1189 1
1145 296 1205 1375 1
1037 1310 1115 1023 1
991 1083 1098 1321 1
973 1036 1050 1154 1
946 616 1069 1197 1
345 380 1014 346 1
1057 944 1252 1309 1
952 1145 1205 1308 1
336 299 337 1039 1
411 387 1121 1317 1
1278 993 254 206 1
490 557 502 1123 1
1168 422 972 1255 1
1258 1069 1123 946 1
672 629 648 659 1
8 7 1075 1260 1
247 278 1152 1386 1
1162 1126 1220 1235 1
1015 1055 1128 1190 1
716 727 691 960 1
1081 983 1120 1166 1
532 1203 1282 1380 1
1070 672 1331 659 1
1007 1051 1277 1306 1
737 777 765 1056 1
1129 695 713 702 1
551 610 550 1150 1
353 1198 279 354 1
231 952 274 1136 1
442 1223 432 389 1
643 661 831 1315 1
389 379 956 432 1
533 591 1008 1197 1
728 1056 737 758 1
176 150 1299 141 1
650 641 697 687 1
1015 1029 1032 1055 1
200 121 187 1098 1
239 328 313 1071 1
460 1123 490 502 1
503 1059 450 1109 1
1107 990 1364 1369 1
1134 960 1166 1172 1
1035 987 1078 1207 1
994 1217 1262 1306 1
1111 1156 1009 1116 1
777 792 791 1056 1
609 608 579 1211 1
609 1160 1001 1132 1
1048 286 993 215 1
1037 1310 1023 949 1
638 619 596 575 1
537 483 1169 597 1
1106 1302 637 1363 1
486 415 857 1154 1
381 1204 1107 1110 1
1112 1169 1224 1263 1
239 313 875 1071 1
518 517 470 1242 1
78 62 1079 1332 1
1129 639 1173 1339 1
304 342 1083 1084 1
506 483 430 1112 1
27 930 1068 1350 1
1348 992 1142 1324 1
740 713 714 748 1
1323 1041 1264 1184 1
1118 1054 1351 1060 1
576 519 850 600 1
825 715 1134 1166 1
773 759 1280 1318 1
276 234 221 1062 1
740 1312 1082 1342 1
131 176 898 1281 1
539 496 473 1047 1
1210 1087 1215 1276 1
1052 1041 1200 1241 1
597 536 483 561 1
741 749 1215 1276 1
1026 958 1131 1204 1
639 647 607 619 1
1274 1053 1289 1328 1
1010 942 1233 1248 1
680 660 1234 1351 1
956 986 1014 1223 1
1031 728 1056 737 1
988 955 1102 1266 1
558 1109 1123 534 1
614 586 1073 1085 1
167 168 895 1353 1
579 1017 1185 1211 1
1190 139 138 1055 1
72 54 918 1190 1
156 174 193 967 1
1036 1030 1372 1388 1
657 635 645 1197 1
748 1082 1182 1338 1
1000 1063 1164 1237 1
463 527 526 1064 1
561 505 1016 596 1
985 947 1072 1388 1
1151 1000 1164 1237 1
1049 974 1290 1334 1
661 830 833 1315 1
1037 1191 1206 1213 1
1312 748 740 1082 1
58 135 83 1199 1
1033 1177 731 1338 1
824 1351 1160 642 1
1018 971 1194 1203 1
578 1155 525 566 1
876 1248 223 265 1
1066 38 1079 1270 1
698 666 1040 1099 1
468 1035 1207 1231 1
238 1115 1213 1336 1
1041 994 1052 1200 1
536 505 492 482 1
949 996 1139 1266 1
700 729 728 1031 1
1069 946 1197 1376 1
658 946 636 1258 1
985 1054 1234 1359 1
862 486 1154 1251 1
944 1157 1200 1241 1
1287 941 987 1059 1
538 1103 1358 1366 1
1026 944 953 1157 1
1317 343 315 1084 1
298 221 879 1062 1
98 1032 1055 1128 1
567 603 552 970 1
958 998 1140 1201 1
791 1061 1 1114 1
944 988 1102 1252 1
1067 994 1092 1181 1
422 1168 435 1255 1
198 197 1086 1147 1
786 792 788 1 1
1095 1376 1033 946 1
1037 996 951 1013 1
526 463 957 447 1
479 459 1347 499 1
642 580 1054 1160 1
1029 1010 1032 1256 1
785 778 760 769 1
145 1028 1145 1385 1
597 598 537 599 1
94 89 1111 1146 1
117 149 1032 1058 1
482 492 452 1121 1
941 974 1045 1257 1
193 194 249 967 1
850 1223 1354 600 1
1070 1124 1153 1331 1
1155 583 983 1357 1
629 648 849 1070 1
617 646 1247 1302 1
768 773 1280 1312 1
965 1310 1037 949 1
1118 1054 1024 1351 1
1034 971 1200 980 1
1097 129 1285 794 1
1130 131 1019 1161 1
63 1102 50 80 1
547 1016 492 505 1
778 1065 784 788 1
277 288 873 1233 1
1085 962 1099 1171 1
1162 1051 1235 1306 1
621 611 844 1227 1
140 101 897 1188 1
137 164 190 1042 1
1102 1028 63 1079 1
254 207 997 1278 1
793 789 787 781 1
773 769 785 768 1
520 538 1103 508 1
994 1034 1067 1092 1
933 21 936 1126 1
519 576 850 507 1
101 102 1188 1306 1
127 147 126 1029 1
1131 165 1002 1055 1
539 970 567 552 1
1107 1163 1179 1369 1
1190 71 70 915 1
667 964 1025 1031 1
703 704 1331 672 1
16 6 1139 1352 1
210 235 1010 236 1
528 553 569 1064 1
813 722 814 1342 1
536 482 483 1298 1
165 209 1131 1201 1
329 314 358 1089 1
162 1048 1028 1239 1
318 309 1110 1204 1
428 1317 342 386 1
1294 1081 1134 1245 1
287 254 307 997 1
994 1034 1200 1262 1
688 833 1174 1333 1
792 1061 1056 982 1
229 199 1098 1321 1
271 360 294 1321 1
1142 992 1293 1324 1
981 1278 993 997 1
759 769 749 760 1
934 41 1220 1230 1
157 1043 1187 184 1
906 1096 1214 1253 1
547 1016 505 575 1
162 1028 133 1239 1
1006 1027 1071 1257 1
284 227 890 1091 1
80 50 64 1102 1
751 768 809 810 1
503 1059 534 490 1
553 584 624 1064 1
650 687 1020 1368 1
784 1313 779 807 1
1084 229 304 273 1
597 598 846 1169 1
568 970 603 567 1
86 118 906 1096 1
1069 502 571 1123 1
42 1141 1253 1314 1
397 1287 1319 1176 1
958 1002 1015 1131 1
939 1266 1340 10 1
567 970 1047 1064 1
706 698 726 1172 1
352 310 1039 1062 1
766 729 746 1031 1
255 1002 256 1140 1
1085 624 1064 1171 1
691 698 1040 1172 1
809 751 810 1182 1
453 519 537 859 1
580 642 1132 1160 1
433 867 1293 1295 1
745 756 1134 1245 1
1209 329 1232 1089 1
732 687 650 696 1
1076 1092 1158 1282 1
674 1166 1172 715 1
1129 1173 1263 1339 1
640 620 650 649 1
1003 1046 1149 1284 1
470 517 469 1242 1
650 732 696 1020 1
601 650 641 620 1
968 984 1169 1175 1
962 1040 1085 1099 1
684 719 718 1018 1
652 1125 1054 580 1
345 1014 389 956 1
456 445 462 990 1
1133 564 1227 1259 1
1319 1059 460 1329 1
943 988 955 1102 1
964 943 980 1105 1
1087 982 1215 1280 1
193 1328 1097 967 1
539 474 526 1047 1
728 1056 758 979 1
969 949 1019 1301 1
303 358 1089 1148 1
233 190 1042 1286 1
1 790 791 1114 1
1081 1361 947 966 1
1008 513 1105 1197 1
1106 1129 1263 1339 1
896 1374 192 882 1
537 506 984 1169 1
437 385 1038 1238 1
32 20 1323 937 1
103 1162 1235 1306 1
313 339 268 1159 1
1118 754 1234 1351 1
1356 1060 787 1186 1
1033 1082 1095 1338 1
479 1038 1246 1347 1
954 1335 1138 1021 1
801 977 1038 1311 1
601 538 1358 1366 1
40 21 932 1126 1
362 378 441 1035 1
646 1106 1247 1302 1
1021 290 1310 1311 1
448 372 373 1158 1
578 1155 566 983 1
111 103 902 1304 1
216 188 206 993 1
784 762 815 1065 1
48 89 1045 1149 1
930 23 931 1350 1
416 402 368 1022 1
333 1221 1143 287 1
628 616 593 1258 1
270 303 874 1148 1
1120 836 1144 1166 1
953 944 997 1278 1
1059 1069 1123 1329 1
728 700 1031 1226 1
966 970 1022 1155 1
672 629 659 1070 1
332 1143 333 1267 1
113 1111 94 114 1
729 737 728 1031 1
277 1010 1233 1248 1
165 1002 219 1201 1
1157 1052 1200 1241 1
985 1060 1202 1234 1
1090 182 1088 1374 1
642 660 679 824 1
920 47 1068 1292 1
947 976 1072 1388 1
442 471 520 413 1
235 1010 1248 1256 1
119 151 1146 1196 1
1384 1142 867 471 1
1078 1035 1135 1317 1
347 1143 1293 1378 1
813 814 1318 1342 1
941 1009 1069 1257 1
1153 1240 1342 1349 1
521 1142 1185 1358 1
1269 888 214 1353 1
743 770 1060 1202 1
1001 1074 1237 1024 1
950 964 980 1226 1
471 485 1142 461 1
714 1124 740 748 1
89 90 1111 1332 1
1351 1024 1074 1054 1
147 165 139 1055 1
964 946 1025 1376 1
67 105 86 1206 1
244 998 1131 1201 1
102 896 897 1188 1
789 1 807 1061 1
922 1243 924 72 1
977 1283 1138 1008 1
1107 958 1030 1110 1
803 967 1265 797 1
75 46 921 1130 1
1030 947 1369 1372 1
471 1142 1377 1384 1
391 444 864 1179 1
384 436 458 1004 1
1074 1054 1001 1160 1
298 276 221 1062 1
392 334 990 1107 1
380 413 1014 364 1
38 49 1079 1270 1
1085 554 975 584 1
860 494 1133 1163 1
1073 614 1085 1261 1
1313 1060 789 1061 1
13 12 4 1291 1
167 119 995 1254 1
550 580 1125 1150 1
1044 1021 1138 1159 1
624 1085 604 1171 1
529 554 488 975 1
619 561 607 1224 1
219 209 165 1201 1
770 763 1186 1202 1
686 639 1129 1339 1
374 437 425 1238 1
899 175 1191 105 1
1099 1172 674 1219 1
987 989 1078 1165 1
891 892 1254 1330 1
605 627 1344 1387 1
702 713 1129 1341 1
488 1255 464 477 1
237 794 1097 1119 1
836 653 1120 1144 1
1037 1013 1187 1206 1
643 831 832 1315 1
941 995 1086 1111 1
444 391 445 1107 1
248 181 182 1088 1
1036 953 1221 1300 1
798 449 802 1319 1
1005 1174 1216 1381 1
698 706 675 1099 1
485 1185 1142 1251 1
1359 845 581 630 1
451 398 399 1108 1
726 745 960 727 1
1217 1067 282 1181 1
1034 1053 1200 1262 1
830 833 1315 1333 1
260 227 284 1091 1
1205 1014 1308 1375 1
427 470 1135 1242 1
684 676 719 1018 1
630 581 660 652 1
340 1006 1027 1071 1
36 33 1137 1284 1
342 304 343 1084 1
632 1261 1271 654 1
322 403 417 1077 1
314 269 874 1089 1
170 145 1028 1145 1
1095 731 1177 1247 1
398 1231 451 426 1
449 408 802 1027 1
551 610 563 550 1
166 967 797 1214 1
310 298 877 1062 1
256 234 275 1002 1
131 1130 1019 905 1
697 687 1063 1276 1
615 590 634 1167 1
1291 969 1350 1352 1
257 880 1198 1386 1
943 1028 1102 955 1
740 1082 1153 1342 1
1202 1072 1216 1245 1
521 548 579 862 1
549 1132 852 1297 1
636 645 616 1197 1
1052 1157 1199 1241 1
1038 1023 1053 1238 1
284 1209 1269 1367 1
216 206 217 993 1
621 1100 661 848 1
1063 820 708 697 1
991 987 1231 1232 1
1134 745 1245 1307 1
885 258 1183 1244 1
1123 1059 1302 1355 1
335 990 998 1022 1
135 58 82 1199 1
578 602 577 1120 1
1071 1257 974 1006 1
617 1247 1258 1302 1
488 1255 975 464 1
795 736 776 1195 1
491 559 572 1225 1
166 184 174 1043 1
188 206 993 1057 1
581 580 1150 652 1
184 157 899 1213 1
701 946 1247 1025 1
660 688 680 709 1
587 654 614 1261 1
468 399 1035 1231 1
670 721 1247 1272 1
31 988 1075 1323 1
102 1090 896 1188 1
562 1297 548 856 1
1038 1008 801 1105 1
1095 1376 946 945 1
434 447 1047 1077 1
541 531 511 1373 1
235 265 223 1248 1
519 600 1175 1223 1
515 491 1109 1225 1
988 955 1266 949 1
447 474 434 1047 1
1068 1019 1117 1130 1
446 495 416 1047 1
948 942 1015 1092 1
72 99 915 1190 1
301 356 259 1021 1
1093 750 1180 1307 1
867 414 1293 1384 1
661 621 662 673 1
348 333 307 1267 1
86 906 907 1096 1
1049 941 1086 1287 1
534 1059 1123 490 1
1060 1356 787 793 1
1353 168 995 167 1
1186 1245 771 1072 1
743 709 774 754 1
41 66 1220 1314 1
90 69 109 1332 1
1024 959 1060 1061 1
1023 977 943 1335 1
1031 1376 964 1025 1
18 41 1230 1314 1
33 1113 1137 1284 1
779 1060 781 789 1
136 137 1042 1199 1
989 1104 1106 1016 1
942 957 1127 1140 1
633 676 1018 1167 1
971 980 1034 1203 1
979 699 1226 1250 1
138 164 137 1042 1
1277 1383 54 919 1
823 679 824 1074 1
1056 1228 777 1379 1
933 932 1126 1230 1
769 785 768 808 1
1261 971 1271 1361 1
989 1016 1106 1263 1
440 468 399 1035 1
10 939 1337 1340 1
1104 1078 1207 1242 1
1036 1030 1212 1372 1
616 636 946 1258 1
1108 991 1148 1321 1
953 981 950 1325 1
333 1143 306 287 1
95 1057 1252 1309 1
280 257 248 1198 1
185 954 965 1281 1
1074 826 1237 1024 1
327 289 258 1183 1
125 163 1057 1309 1
840 651 842 1001 1
993 981 1143 1378 1
376 1006 1027 340 1
1009 941 1170 1257 1
161 796 1156 1346 1
342 1035 1083 1084 1
792 982 1056 1379 1
1334 995 974 1196 1
918 1243 1277 1190 1
548 521 485 862 1
964 657 1025 1197 1
1067 1282 1092 1034 1
630 845 1333 1359 1
1245 1186 1202 1072 1
415 400 1267 868 1
1165 1106 1302 1355 1
695 686 702 1129 1
629 849 859 1175 1
941 974 1006 1049 1
803 129 806 1288 1
471 520 413 1377 1
183 111 903 1304 1
1117 1113 1292 1370 1
993 944 1057 1278 1
971 1034 1200 1275 1
525 462 472 1155 1
64 95 1057 1252 1
627 1250 1344 1387 1
1093 782 1186 1356 1
996 1139 1266 1340 1
188 134 1057 1239 1
952 987 989 1136 1
183 225 894 1217 1
704 1331 1153 827 1
974 1196 1290 1334 1
1010 246 1152 1386 1
855 576 1103 1366 1
963 1031 1056 1228 1
131 1130 75 1161 1
1157 1189 1026 1286 1
1072 985 1202 1216 1
674 725 715 1172 1
106 1046 1326 76 1
785 778 786 982 1
858 579 1017 1185 1
639 647 1129 1173 1
339 301 268 1159 1
1087 982 1151 1210 1
1218 1262 961 1097 1
42 26 911 1249 1
1241 951 988 1041 1
1277 101 1306 1383 1
506 1365 865 984 1
186 167 888 1091 1
514 1069 592 1283 1
511 478 1282 1373 1
946 1123 1258 1355 1
876 336 877 1039 1
1080 984 1112 1263 1
987 1317 1136 1084 1
1046 61 1149 1284 1
1021 1244 290 259 1
1056 1061 1114 1316 1
948 383 1152 1233 1
48 1170 89 1149 1
89 1111 1170 1332 1
87 1117 1273 1292 1
14 940 1075 1337 1
642 851 1132 1160 1
195 1044 1299 1326 1
1335 1009 977 943 1
250 1044 875 1159 1
110 140 1101 1188 1
988 14 39 31 1
768 780 809 1182 1
967 1097 1262 1328 1
696 732 814 1020 1
925 1137 1149 1284 1
164 138 165 1055 1
920 1113 930 33 1
1 788 807 1061 1
315 1084 1136 1317 1
340 302 396 1006 1
1094 1141 1260 1314 1
125 124 95 1057 1
495 416 1047 1155 1
440 469 1035 1135 1
1035 341 362 1083 1
125 188 134 1057 1
1050 973 1185 1348 1
946 701 685 1025 1
974 1044 1045 1257 1
973 1125 1154 1297 1
1276 1215 687 1087 1
491 515 559 1225 1
731 747 711 1033 1
59 1306 1383 1162 1
968 956 984 1223 1
1137 1149 1003 1170 1
712 1124 748 1338 1
1061 793 1114 1356 1
979 728 1031 1226 1
758 979 1056 1195 1
641 601 858 1017 1
1040 604 1085 1099 1
976 979 1018 1195 1
583 602 578 622 1
215 216 993 1048 1
345 1014 956 346 1
894 1374 1217 192 1
778 982 1065 788 1
1050 1036 1221 1267 1
562 549 1297 856 1
380 345 1014 389 1
146 125 97 1309 1
150 1044 213 250 1
956 968 986 1223 1
146 97 1157 1309 1
687 978 1020 1368 1
691 698 666 839 1
1099 962 1172 1219 1
309 334 1107 1204 1
359 358 303 1148 1
472 990 402 1155 1
515 545 559 1225 1
427 470 441 1135 1
847 582 1133 1178 1
149 1029 1032 1256 1
1351 1160 642 1054 1
788 807 1061 1065 1
1191 105 1193 1206 1
490 1123 534 557 1
1027 1138 1257 1329 1
746 730 711 1025 1
513 556 544 1105 1
667 657 685 1025 1
650 641 687 1368 1
159 226 1196 1330 1
1364 444 445 1107 1
432 453 431 1365 1
987 1165 1207 1231 1
981 1028 1048 1239 1
705 708 843 1237 1
565 1155 578 983 1
690 681 663 836 1
959 963 1000 1348 1
261 251 1147 1148 1
1051 1243 1277 1383 1
992 1014 1377 1384 1
280 248 883 1088 1
510 975 1064 1229 1
299 1248 1233 1039 1
795 1093 1180 1195 1
237 282 1119 1279 1
1113 1003 1137 1284 1
137 1052 84 138 1
474 447 526 1047 1
1091 1353 1269 995 1
374 325 1289 870 1
1355 1376 946 1069 1
428 1078 1135 1317 1
520 442 413 1377 1
951 1013 1075 1141 1
705 840 841 1001 1
587 614 1073 1261 1
328 340 376 1027 1
566 578 565 525 1
796 132 1111 1346 1
448 478 1158 1282 1
1025 730 701 685 1
1014 413 1377 1384 1
147 126 1029 1055 1
710 673 689 837 1
779 789 807 1313 1
10 1139 1266 1291 1
1023 949 1310 1335 1
790 783 791 1114 1
524 462 990 1364 1
462 525 472 524 1
995 119 168 120 1
390 400 872 1267 1
1035 987 1207 1231 1
948 1010 1011 1032 1
443 433 1295 461 1
967 961 1097 1288 1
1280 780 1182 1228 1
1111 109 1116 1332 1
258 290 1183 1244 1
944 981 993 1057 1
941 995 1049 1086 1
1197 685 657 1025 1
311 288 278 1152 1
1117 87 1326 1370 1
1036 1050 1221 1325 1
26 909 911 1249 1
1336 258 884 885 1
1139 30 6 1301 1
5 2 15 1340 1
29 30 1301 1327 1
303 314 874 1089 1
1043 1037 1115 1274 1
928 29 929 1301 1
268 195 250 1159 1
705 651 840 1001 1
995 1049 1091 1334 1
681 690 735 1166 1
971 976 980 1018 1
750 772 727 1307 1
483 1169 1112 506 1
1221 1143 1236 1267 1
1176 1209 1232 1287 1
648 647 1173 1341 1
180 1032 1058 1256 1
629 672 648 1070 1
986 520 1103 1377 1
701 731 711 1025 1
768 769 808 1280 1
652 1125 1150 1054 1
164 209 208 1131 1
439 1008 1138 1283 1
1043 967 166 1214 1
194 249 967 1328 1
979 719 1018 1195 1
1034 1053 980 1200 1
437 801 479 1038 1
438 439 1008 1138 1
1349 1342 1322 1020 1
152 197 228 1371 1
648 647 846 1173 1
985 1060 1186 1202 1
263 1201 255 998 1
943 950 964 980 1
41 1220 1230 1314 1
742 733 822 1024 1
965 1037 1115 1191 1
1070 1124 1331 1341 1
1190 994 1128 1015 1
1275 1373 1073 1194 1
562 1297 852 1132 1
969 1335 949 955 1
682 1166 674 715 1
958 1015 1026 1131 1
736 1018 1195 718 1
641 601 1017 1368 1
1022 957 1047 970 1
486 1185 548 862 1
692 684 718 1018 1
279 353 311 1152 1
849 1169 1175 1173 1
25 1241 58 52 1
138 1190 1055 1015 1
117 154 149 1058 1
942 1085 957 1022 1
963 1033 1228 1322 1
189 232 1189 1286 1
266 1152 247 278 1
951 1075 1094 1141 1
675 624 604 1171 1
336 310 877 1039 1
471 1295 461 1142 1
397 396 1176 1319 1
557 558 593 1123 1
225 282 224 1217 1
1127 418 957 419 1
837 673 1100 1144 1
62 69 37 1332 1
478 1076 1158 1282 1
1088 1011 1181 1198 1
185 954 1281 1299 1
186 888 890 1091 1
1324 1236 1221 1143 1
978 687 1020 1087 1
988 944 1200 1241 1
244 233 1204 243 1
272 229 304 1083 1
138 1052 1015 1042 1
518 427 1078 1242 1
954 212 1159 1299 1
289 238 885 1183 1
154 210 180 1058 1
976 979 1195 1316 1
234 256 220 1002 1
528 475 476 1229 1
32 45 924 1264 1
583 578 566 983 1
313 268 875 1159 1
1322 1342 1318 1020 1
438 501 480 1008 1
1069 592 1283 1197 1
1219 966 1166 983 1
1048 253 1375 1378 1
946 1025 1095 1247 1
321 1140 320 275 1
588 541 1194 1373 1
230 231 1136 1156 1
987 1012 1084 1156 1
760 749 817 1210 1
942 972 1233 1248 1
1011 1032 1058 1101 1
1341 968 1124 1129 1
255 244 1201 263 1
1118 1054 1060 1024 1
960 962 1271 1361 1
999 986 1322 1349 1
307 308 1300 262 1
1119 282 1217 1279 1
104 1218 1288 1343 1
874 303 1089 1148 1
309 319 998 243 1
450 1287 397 1232 1
1002 255 219 1201 1
1063 1001 651 1237 1
853 564 861 1259 1
108 88 61 1045 1
676 699 719 979 1
483 1169 597 1112 1
866 1038 479 1347 1
1341 714 1124 1331 1
261 1321 1147 252 1
145 79 1028 1385 1
1190 994 1015 1051 1
943 1057 1102 1239 1
997 207 1189 1278 1
120 93 94 1146 1
1045 974 1146 1196 1
609 642 1160 851 1
1253 961 1265 1382 1
483 1224 1112 597 1
925 1137 34 1149 1
958 1026 1275 1361 1
1350 1113 930 1068 1
24 38 37 1066 1
571 514 502 1283 1
986 863 520 1377 1
423 448 373 1158 1
440 469 468 1035 1
1276 978 1087 687 1
947 985 1005 1372 1
43 910 911 1249 1
713 714 748 1124 1
751 748 1182 1338 1
984 968 1169 1263 1
58 135 82 83 1
1198 1004 1152 1011 1
104 74 1220 1343 1
1361 1180 1271 960 1
374 425 870 1238 1
1081 1361 966 960 1
769 785 808 1280 1
1104 1078 1165 1207 1
45 1126 1162 1264 1
652 1359 1150 581 1
366 1212 455 454 1
1186 1060 1316 1356 1
362 363 1035 1083 1
18 8 938 1260 1
14 11 1075 7 1
156 1097 237 794 1
273 229 187 1084 1
53 84 82 1052 1
1004 354 1158 1198 1
151 108 119 1146 1
149 98 128 117 1
589 1167 615 633 1
353 384 383 1004 1
105 86 157 118 1
217 1143 286 993 1
261 251 228 881 1
24 34 931 1137 1
655 1271 1194 1018 1
177 145 1145 1385 1
993 1278 254 997 1
20 32 1323 936 1
282 237 267 1279 1
896 173 897 1188 1
1236 365 1293 1295 1
974 995 1146 1196 1
943 944 951 988 1
211 258 884 1244 1
1138 313 1027 1071 1
117 154 180 149 1
674 706 725 1172 1
675 674 835 1099 1
621 662 1100 1227 1
1117 1273 1281 1299 1
489 975 1168 1320 1
214 889 895 1353 1
62 37 1170 1332 1
327 1238 1274 1311 1
91 98 139 1055 1
998 350 335 1022 1
731 711 1025 1033 1
1203 1034 1275 1282 1
507 986 520 576 1
675 604 1099 1171 1
1258 571 616 593 1
212 1244 965 259 1
1013 996 1075 1268 1
657 667 964 1025 1
1230 20 1260 1323 1
526 957 1064 1047 1
679 1074 841 1160 1
1000 1087 963 982 1
968 1095 1124 1129 1
90 1116 796 1111 1
772 750 1093 1307 1
31 52 11 25 1
370 1140 1077 1305 1
509 553 1064 1229 1
1033 1177 1338 1095 1
114 90 132 1111 1
1362 619 638 1339 1
1169 968 1173 1263 1
608 609 651 1211 1
31 17 14 39 1
144 177 1303 1385 1
175 92 105 130 1
105 92 67 86 1
978 999 1103 1322 1
206 1278 163 254 1
84 58 53 82 1
25 32 71 53 1
222 178 179 1256 1
1252 64 51 1102 1
392 381 334 1107 1
460 1123 1059 490 1
53 84 71 70 1
424 325 406 1053 1
267 324 312 1279 1
617 558 1123 593 1
25 937 1184 1323 1
1051 1041 1235 1262 1
1126 936 1230 1323 1
882 224 883 1374 1
1186 771 764 775 1
1100 1081 1133 1259 1
875 1044 213 1071 1
773 811 812 1312 1
991 1089 1147 1209 1
655 1271 683 1194 1
938 1075 1260 8 1
124 64 1057 1102 1
491 503 466 1109 1
429 411 412 1121 1
478 531 1076 1373 1
960 1040 1271 962 1
129 104 804 1288 1
147 191 127 126 1
1012 941 1111 1156 1
428 378 342 1135 1
222 1029 178 1256 1
1235 1051 1262 1306 1
962 1261 1271 1361 1
842 840 1001 1160 1
400 868 1050 1267 1
1005 1174 1333 1359 1
230 1136 315 1084 1
270 359 303 1148 1
648 598 849 1173 1
178 222 179 148 1
1124 713 1129 1272 1
1002 942 1015 1029 1
977 1283 1008 1069 1
1016 1078 492 1121 1
975 540 489 529 1
663 1166 690 836 1
824 823 1074 1351 1
1033 1082 1322 1349 1
358 314 303 1089 1
1066 37 1079 38 1
1000 1061 963 959 1
1097 1218 1285 1288 1
801 500 479 1038 1
402 990 1022 1155 1
371 336 337 1039 1
359 294 360 1108 1
942 1015 1092 1275 1
313 1138 1027 339 1
1036 522 415 1154 1
992 1142 1293 1384 1
984 1080 1112 1365 1
1019 949 1193 1301 1
870 406 1289 1347 1
1029 126 1032 1055 1
322 370 321 1077 1
969 1003 1066 1350 1
141 150 1299 1326 1
98 149 127 1032 1
281 1067 355 1181 1
760 749 1210 1215 1
788 784 807 1065 1
181 1386 246 172 1
201 230 273 1084 1
505 561 1016 536 1
993 188 1057 1239 1
782 775 1093 1186 1
745 726 960 1134 1
333 1221 997 1267 1
1313 1060 1061 1118 1
710 744 1216 1294 1
633 676 684 1018 1
185 211 898 965 1
974 941 995 1049 1
918 1243 54 1277 1
1285 1262 1097 1119 1
415 366 454 1036 1
987 1059 1232 1287 1
262 997 1189 1300 1
204 177 1145 1303 1
985 1234 1174 1359 1
1088 1011 1386 1101 1
7 20 18 8 1
1049 284 260 293 1
1009 1116 1079 1170 1
78 77 62 1332 1
1114 783 1195 1356 1
1112 984 1169 1263 1
609 562 1132 1211 1
999 649 650 620 1
429 482 1121 1298 1
970 496 1155 1357 1
816 753 1024 742 1
826 1074 733 1024 1
812 813 1318 1342 1
975 477 489 1168 1
735 715 825 1166 1
728 758 719 979 1
1037 1193 965 949 1
240 239 1071 1290 1
941 1287 987 1012 1
160 198 197 1371 1
364 413 1014 1384 1
942 972 1168 1233 1
1078 989 1104 1165 1
969 1139 1301 1352 1
676 979 1018 1167 1
1152 266 247 246 1
102 155 1090 1306 1
1211 1017 1348 1063 1
1317 987 1136 989 1
1117 1161 1019 1281 1
1011 1007 1088 1181 1
561 1016 1224 596 1
991 987 1083 1108 1
1027 439 1138 1283 1
21 45 40 73 1
743 770 774 1060 1
28 29 928 1327 1
370 322 351 1077 1
1209 1086 1269 1367 1
181 248 880 1088 1
1102 35 1270 50 1
1042 1026 1204 1286 1
121 200 160 1098 1
778 762 1065 1151 1
1163 864 1179 1212 1
145 79 133 1028 1
650 999 620 1368 1
991 987 1232 1287 1
955 1009 1079 1170 1
2 6 5 15 1
1051 1184 1243 1264 1
655 626 1018 1194 1
170 216 1048 162 1
869 442 1014 1377 1
957 1085 970 1022 1
100 110 1128 1277 1
61 93 1045 1149 1
680 823 824 1351 1
994 1007 1051 1128 1
117 128 110 1128 1
60 92 67 28 1
995 1269 1049 1086 1
10 17 3 14 1
1355 941 987 1156 1
1167 980 1246 1344 1
682 664 665 1219 1
1003 1066 1137 1170 1
961 1345 1262 951 1
23 12 1066 1291 1
1181 1088 883 1374 1
371 972 420 1127 1
9 15 22 5 1
289 290 327 258 1
994 1015 1032 1128 1
128 117 110 100 1
1035 987 1083 1084 1
713 1124 1129 1341 1
715 725 825 1134 1
460 1123 502 1059 1
458 1004 1076 1320 1
530 587 614 1073 1
754 753 822 1118 1
697 641 843 1063 1
604 625 666 1040 1
263 319 243 998 1
909 26 1141 1249 1
513 591 1105 1197 1
1240 1020 1342 1349 1
130 965 175 1191 1
1026 971 1275 1361 1
607 1169 1173 1224 1
587 530 588 1073 1
1103 1348 1017 978 1
326 283 1274 1289 1
1120 966 1259 983 1
110 1277 55 101 1
959 985 1054 1060 1
25 32 53 1184 1
1218 1235 1285 1343 1
774 770 781 1060 1
1222 1193 1301 1327 1
893 1196 1254 1330 1
209 219 245 1201 1
108 96 1045 1146 1
1001 609 1132 1211 1
1019 1068 1003 969 1
105 92 1193 1206 1
1030 1163 1179 1212 1
1063 708 843 697 1
974 941 1146 995 1
601 858 1017 1358 1
1168 1320 383 465 1
92 105 67 1206 1
415 1036 1154 1267 1
1041 1264 1051 1162 1
1052 1190 138 1015 1
936 933 1126 1230 1
1004 948 1076 1320 1
1216 734 1245 1294 1
941 1012 1086 1287 1
698 666 839 1040 1
182 1090 1088 1188 1
362 363 378 1035 1
1220 1218 1314 1382 1
207 189 1189 1278 1
1078 427 1135 1242 1
212 195 1159 1299 1
429 1112 1298 412 1
859 1223 519 1175 1
54 100 918 919 1
277 236 1010 1248 1
1095 945 1106 1263 1
140 101 102 897 1
1125 1036 1372 1388 1
271 1083 360 1321 1
1005 947 1081 1216 1
1004 948 1011 1092 1
106 87 916 1370 1
32 1323 1264 1184 1
24 1170 37 34 1
597 1112 1169 1224 1
1211 1000 973 1001 1
991 987 1012 1083 1
1143 332 365 1236 1
131 1019 1161 1281 1
1005 1100 1133 1178 1
1013 1094 1141 951 1
860 582 1122 1133 1
1228 1056 777 1031 1
227 1049 260 1334 1
994 1034 1092 1200 1
75 1130 905 46 1
372 353 354 1004 1
413 471 1377 1384 1
744 734 1216 1294 1
975 1229 972 957 1
523 550 1125 1150 1
1223 432 453 484 1
378 441 1035 1135 1
1054 985 1150 1359 1
52 988 31 1241 1
956 379 1080 1365 1
679 1351 824 1074 1
797 156 174 166 1
279 257 280 1198 1
994 1041 1051 1262 1
1005 985 1359 1372 1
992 1293 1378 1384 1
941 1045 1111 1170 1
516 1242 518 1104 1
12 13 35 1270 1
459 1246 1192 1347 1
30 27 929 1352 1
418 463 417 1077 1
299 336 876 1039 1
633 634 676 1167 1
1037 1193 949 1206 1
580 581 1150 550 1
1284 68 33 1113 1
554 529 586 975 1
981 1048 1308 1378 1
86 105 157 1187 1
28 22 67 43 1
1079 62 1170 1332 1
575 574 1104 1362 1
1016 1106 1263 1339 1
967 156 1265 1288 1
399 451 1108 1231 1
862 1154 1185 1251 1
383 1004 1320 948 1
1016 1104 1106 1362 1
74 103 65 902 1
624 1085 584 604 1
333 997 307 1267 1
71 1190 1052 1184 1
363 342 1035 1083 1
1080 989 1112 1121 1
107 1045 1208 1046 1
301 339 1138 1159 1
385 374 327 1238 1
971 1261 1275 1361 1
1034 971 1203 1275 1
647 639 607 1173 1
1067 1092 1158 1181 1
502 1059 1123 1329 1
397 1176 1232 1287 1
127 1256 1029 149 1
656 699 676 1250 1
982 788 1061 1065 1
540 586 975 1073 1
275 1062 1127 1140 1
267 237 1097 1279 1
280 1088 1181 1198 1
233 244 1204 208 1
1007 1306 1217 994 1
1317 428 342 1135 1
7 14 940 1075 1
769 982 760 785 1
104 66 1218 1220 1
608 641 858 1017 1
1142 1017 1185 1358 1
1095 946 1355 945 1
1060 743 1202 1234 1
1046 1003 1113 1284 1
71 72 915 1243 1
1259 577 565 853 1
358 1232 377 1089 1
1069 941 1257 1329 1
568 970 567 1064 1
9 909 1141 1268 1
991 1089 1108 1148 1
333 390 872 1267 1
591 1105 1197 1387 1
982 778 1065 1151 1
1014 442 1223 1377 1
963 950 1031 1033 1
893 1196 119 1254 1
18 41 932 1230 1
642 679 842 1160 1
111 901 903 1304 1
208 1201 209 245 1
283 194 1043 1328 1
847 848 1178 1227 1
490 460 450 1059 1
283 1328 249 194 1
1025 731 1033 1095 1
62 77 109 1332 1
644 624 675 1171 1
502 1059 1329 460 1
423 448 1158 1282 1
1079 1116 1385 1332 1
1074 822 1118 1351 1
924 923 1243 1296 1
305 346 1205 1375 1
254 287 993 997 1
636 946 1025 1197 1
782 787 775 1186 1
213 158 196 1208 1
1067 994 1217 1262 1
980 1018 1167 1203 1
276 298 323 1062 1
1068 1003 1113 1292 1
1182 768 810 809 1
1185 1142 1251 1324 1
1051 1041 1162 1235 1
538 1103 508 1358 1
422 1168 972 1233 1
960 1081 1134 1166 1
948 1015 1029 1032 1
1304 103 1306 111 1
143 177 169 1303 1
71 1052 70 84 1
1172 1099 674 706 1
1193 28 60 928 1
1300 1212 1030 1179 1
49 78 62 1079 1
636 657 1197 685 1
358 359 398 1108 1
469 468 1035 1207 1
796 1111 1116 1156 1
77 1079 78 1385 1
994 1015 1051 1052 1
835 675 1099 1171 1
776 1093 1195 1356 1
1035 469 1207 1242 1
1133 1122 1163 1372 1
1106 618 1362 1363 1
1097 961 1218 1288 1
942 948 1015 1029 1
360 1083 1108 1321 1
780 1228 1280 1379 1
953 981 943 950 1
49 35 1079 1270 1
975 540 1073 1320 1
605 627 590 1250 1
1064 957 1085 970 1
1048 162 1028 170 1
107 1045 1046 96 1
901 903 1304 1343 1
409 397 1176 1232 1
972 457 404 420 1
959 973 1054 1125 1
1142 1293 1295 1324 1
1190 994 1051 1128 1
1019 954 1117 1281 1
689 653 836 1144 1
1276 978 1063 1087 1
949 996 1206 1222 1
334 958 1204 998 1
763 775 1186 1202 1
343 342 1084 1317 1
266 288 1010 1152 1
901 111 902 1304 1
173 1088 1101 1188 1
384 353 372 1004 1
708 752 819 1164 1
632 587 588 1194 1
1054 580 1132 1160 1
580 652 642 1054 1
952 989 1080 1136 1
478 531 498 1076 1
1090 1181 1217 1374 1
1000 959 1024 1061 1
73 45 1162 1264 1
1062 1029 222 1248 1
1331 672 704 659 1
1264 1041 1126 1162 1
543 555 1246 499 1
1136 344 387 330 1
1378 992 981 1143 1
521 485 862 1185 1
658 668 1247 1258 1
425 870 1238 1347 1
918 100 1128 1277 1
424 325 1053 1328 1
765 777 791 1056 1
510 488 975 1229 1
634 627 1250 590 1
947 960 1180 1361 1
990 966 1022 1155 1
158 1046 76 107 1
400 1251 868 443 1
1027 1006 1319 1329 1
1080 431 1112 1365 1
724 723 834 1174 1
218 1189 1026 1110 1
162 1028 170 145 1
792 1 791 1056 1
1042 1026 1157 1200 1
196 107 159 1208 1
98 126 139 1055 1
583 1155 983 566 1
653 577 1120 1144 1
1132 562 1185 1211 1
1267 415 868 1154 1
953 944 981 997 1
733 742 826 1024 1
1020 814 1240 1342 1
1026 1030 1110 1300 1
383 338 1152 1233 1
745 725 726 1134 1
65 1162 1220 1235 1
252 198 1098 1147 1
413 414 867 1384 1
788 1 982 1061 1
968 945 1033 1095 1
1133 847 1178 1227 1
1126 934 1220 1230 1
1051 994 1262 1306 1
659 1070 1153 1331 1
762 742 816 1065 1
470 469 1135 1242 1
222 179 1248 1256 1
1368 1063 687 978 1
1386 1088 1101 181 1
572 637 1302 1363 1
800 511 478 448 1
284 1049 1091 1209 1
406 459 1192 1347 1
652 1125 580 1150 1
1113 917 1292 1370 1
21 1162 40 45 1
568 527 528 1064 1
401 392 334 990 1
783 765 791 1114 1
1110 1300 1179 367 1
254 207 262 997 1
1042 136 1199 1286 1
95 125 1057 1309 1
457 464 1229 1255 1
342 378 1035 1135 1
685 1197 636 1025 1
1261 631 1271 654 1
556 544 1105 1387 1
502 514 481 1283 1
15 5 1222 1268 1
1073 1194 1261 1275 1
1156 1084 201 1346 1
9 909 938 1141 1
651 609 842 1001 1
963 982 1056 1061 1
1078 1016 492 1104 1
20 18 1230 1260 1
755 1245 734 764 1
1083 991 1108 1321 1
187 1012 1084 1098 1
157 184 1187 1213 1
1065 778 784 762 1
452 492 518 1078 1
967 1043 166 174 1
987 1035 1083 1108 1
745 960 727 1307 1
64 1252 51 81 1
204 1145 1205 1303 1
194 967 1043 1328 1
918 1128 1190 1277 1
427 428 452 1078 1
360 399 398 1108 1
309 243 998 1204 1
979 1056 1195 1316 1
902 103 1235 1304 1
396 1006 1176 1319 1
959 963 1056 1061 1
1122 1005 1133 1178 1
1080 945 956 1263 1
758 783 757 1195 1
623 603 613 1171 1
679 642 824 1160 1
768 1182 810 1312 1
769 759 1215 1280 1
632 588 626 1194 1
172 140 173 1101 1
231 952 1156 203 1
120 113 995 1146 1
1106 670 1247 1272 1
709 688 1174 1234 1
93 108 61 1045 1
156 803 1265 1288 1
941 974 1146 1045 1
96 1046 107 88 1
673 661 1100 1381 1
359 270 294 1108 1
155 111 894 1306 1
1244 1021 1310 965 1
672 648 1070 1341 1
425 437 866 1238 1
941 995 1111 1146 1
92 67 28 1193 1
1045 1003 1046 1149 1
944 943 1057 1102 1
1051 1277 1306 1383 1
498 1073 1076 531 1
943 950 981 1376 1
16 4 12 1291 1
1067 1034 1262 1360 1
180 1032 149 1058 1
738 747 731 1033 1
487 864 1163 1212 1
631 1261 625 654 1
1259 1133 1364 1369 1
16 12 23 1291 1
987 941 1012 1156 1
63 79 78 1079 1
1158 354 1181 1198 1
1206 1193 1222 1327 1
987 1084 1136 1156 1
377 1232 329 1089 1
182 1090 1188 896 1
1310 965 1037 1115 1
520 508 1103 1377 1
1144 1081 1166 1294 1
381 1204 309 1107 1
818 1210 1276 1164 1
389 380 869 1014 1
447 351 417 1077 1
814 1153 1240 1342 1
506 1365 984 1112 1
234 1002 1029 1062 1
22 1222 1206 1268 1
1037 1043 1187 1345 1
313 875 1071 1159 1
38 12 35 1270 1
922 32 924 1296 1
340 1006 1071 1290 1
161 169 1156 1303 1
267 324 1279 1328 1
377 357 1232 409 1
1030 947 1361 1369 1
1015 138 1042 1131 1
310 877 1039 1062 1
1095 1106 1247 1272 1
548 1211 579 1185 1
154 172 1058 1101 1
946 1033 1095 1025 1
1196 119 995 1146 1
970 496 539 1047 1
820 1063 708 1164 1
108 96 88 1045 1
904 903 1285 1304 1
57 988 1241 1252 1
1063 651 843 1237 1
760 762 1151 817 1
650 601 641 1368 1
914 1292 921 56 1
818 1210 821 1276 1
449 502 1283 1329 1
431 430 1080 1112 1
1328 283 249 300 1
531 1073 1373 530 1
1023 943 1038 1053 1
4 16 1139 1291 1
1207 1165 1225 1231 1
348 366 1036 1300 1
749 741 818 1276 1
1022 970 1047 1155 1
1243 923 1264 1296 1
863 986 520 507 1
603 1064 568 613 1
1303 1009 952 1156 1
195 268 212 1159 1
874 269 1147 1148 1
463 447 417 1077 1
705 651 1001 1237 1
526 957 1047 447 1
77 1116 1332 1385 1
349 381 391 1110 1
272 229 1083 1321 1
1142 461 1251 1295 1
972 420 1127 1229 1
178 234 1029 1062 1
124 64 95 1057 1
758 737 765 1056 1
1157 146 189 153 1
871 365 1236 1295 1
953 997 1189 1278 1
281 1067 312 355 1
950 979 1031 1226 1
880 1088 1386 181 1
408 339 328 1027 1
795 1180 716 717 1
844 611 853 1227 1
385 801 437 1038 1
959 973 1001 1054 1
954 949 965 1019 1
1096 1013 1249 1268 1
886 1213 1191 1336 1
922 1184 1296 71 1
771 775 772 782 1
358 1232 1089 426 1
1189 218 1026 1286 1
1352 1068 27 47 1
296 305 1205 1375 1
1117 1068 1130 1292 1
1049 1290 260 1334 1
1007 1011 1092 1181 1
757 783 776 1356 1
1225 572 1363 606 1
876 1248 299 1039 1
1058 1011 1101 1386 1
968 1095 1129 1263 1
515 491 466 1109 1
1035 399 1108 1231 1
48 1170 44 89 1
912 913 1161 1273 1
450 1287 1059 397 1
976 1056 950 979 1
712 1124 713 748 1
1120 966 1081 1259 1
642 660 824 1351 1
538 520 1103 855 1
291 1006 1290 302 1
1094 961 1141 1314 1
978 1000 1063 1087 1
486 415 522 857 1
80 133 1028 1239 1
736 757 795 776 1
948 1004 1011 1152 1
127 148 178 1029 1
990 966 1259 1369 1
401 334 335 990 1
217 254 993 206 1
647 1129 1173 1341 1
430 412 1080 1112 1
681 689 1144 1294 1
564 524 853 861 1
588 587 1073 1194 1
660 1359 630 1234 1
602 578 983 1120 1
528 527 475 1064 1
685 946 1025 636 1
631 1261 1271 1040 1
1195 1093 1316 1356 1
590 634 1167 1250 1
781 774 1060 1118 1
390 348 1036 1267 1
1220 1094 1230 1314 1
448 436 372 1158 1
989 945 1263 1355 1
1080 945 989 952 1
1201 263 244 998 1
928 29 1301 1327 1
1235 74 65 902 1
877 298 879 1062 1
241 284 1269 1367 1
1074 679 841 733 1
1212 1372 1125 1036 1
659 1240 1349 1354 1
970 966 1022 1085 1
1293 1236 1295 1324 1
91 99 1128 1190 1
1193 949 1206 1222 1
791 1061 1114 1056 1
58 1052 1199 1241 1
119 1196 995 1254 1
149 98 117 1032 1
140 154 117 1101 1
200 198 160 1098 1
430 412 431 1080 1
596 1362 1016 1224 1
611 1259 1227 564 1
1337 1268 996 1340 1
621 662 673 1100 1
41 65 1220 66 1
1032 1015 1055 1128 1
511 532 542 1203 1
156 967 1097 1288 1
76 68 88 1046 1
1054 1150 1234 1359 1
1072 985 1186 1202 1
337 299 382 1039 1
790 783 1114 1356 1
1020 1240 650 999 1
376 1027 408 328 1
314 269 1089 1367 1
1258 1069 946 616 1
349 1300 308 1110 1
93 120 108 1146 1
270 261 294 1148 1
1064 624 613 1171 1
540 530 614 1073 1
943 949 951 1023 1
222 223 879 1248 1
792 1061 982 1 1
947 971 976 1388 1
975 957 1064 1229 1
761 1033 738 1182 1
65 41 1220 934 1
110 128 100 1128 1
27 47 929 1352 1
1221 1050 1324 1325 1
29 28 935 1327 1
77 116 1116 1385 1
954 1117 1299 1326 1
127 149 1029 1032 1
126 127 1029 1032 1
784 779 789 807 1
69 90 89 1332 1
547 1016 575 1104 1
1376 1355 1009 1069 1
1041 1094 1126 1235 1
708 819 820 1164 1
849 599 859 1175 1
949 943 951 988 1
687 732 650 1020 1
946 1095 1355 1247 1
1062 1248 877 1039 1
24 1170 34 1066 1
740 773 811 812 1
988 944 1241 1252 1
535 560 504 1207 1
453 519 859 984 1
722 732 813 814 1
1220 1162 40 1126 1
699 728 719 979 1
261 1321 1148 1147 1
63 78 49 1079 1
184 238 174 1043 1
1028 1308 1145 1009 1
246 210 172 1058 1
762 760 1151 778 1
1175 986 1354 1349 1
89 1045 1149 1170 1
69 62 109 1332 1
604 625 1040 1085 1
1003 1068 1117 1292 1
89 93 48 1045 1
180 1032 1256 149 1
1196 226 1290 1334 1
643 1122 1178 1315 1
770 781 1060 1186 1
636 616 946 1197 1
368 335 350 1022 1
690 715 735 1166 1
537 453 859 984 1
989 1016 1078 1104 1
975 477 1168 1255 1
530 531 588 1373 1
987 1035 1078 1317 1
134 124 1057 1239 1
1010 948 1029 1032 1
851 1160 609 1132 1
696 704 1240 814 1
501 533 480 1008 1
955 1009 1028 1079 1
918 54 919 1277 1
165 1002 1055 147 1
229 187 1084 1098 1
6 1139 1222 1340 1
298 1127 323 1062 1
725 756 715 825 1
945 986 992 1014 1
1181 1088 1090 1007 1
413 380 1014 869 1
705 733 826 841 1
742 708 1237 752 1
1006 302 1049 1290 1
35 50 49 1079 1
704 703 1331 827 1
1216 1174 834 1381 1
642 609 1160 842 1
404 420 337 972 1
97 95 1252 1309 1
126 98 127 1032 1
973 959 1036 1125 1
45 936 1126 1264 1
833 831 1315 1333 1
224 282 281 1181 1
1235 1094 1220 1218 1
694 1177 712 739 1
1015 1002 1029 1055 1
1094 1126 1220 1230 1
922 1184 32 1296 1
1013 1094 961 1141 1
814 722 1153 1342 1
1122 1150 1212 1372 1
1190 71 1052 70 1
1111 1116 1170 1332 1
908 910 1249 1253 1
1109 466 1231 1232 1
438 801 1008 480 1
992 1143 1293 1324 1
668 617 1247 1258 1
956 986 945 1014 1
1201 208 209 1131 1
1102 35 50 1266 1
1045 941 1111 1146 1
1308 1048 1375 1378 1
1026 1030 971 1361 1
547 574 516 1104 1
765 1056 1114 1195 1
758 765 783 1195 1
1322 1342 1082 1318 1
37 69 1170 1332 1
1038 437 1238 1347 1
442 389 869 1014 1
793 1 1061 1114 1
1102 1270 1079 50 1
976 1316 1093 1072 1
1128 1051 1190 1277 1
719 676 979 1018 1
766 737 729 1031 1
1039 352 1062 1127 1
181 173 182 1088 1
1009 1303 952 1145 1
577 1259 1120 1144 1
138 164 1042 1131 1
996 1013 1037 1206 1
517 546 535 1242 1
959 1056 950 1316 1
15 6 1222 1340 1
422 404 972 1255 1
1030 947 1372 1388 1
46 928 929 1301 1
583 622 983 1357 1
440 441 469 1135 1
298 1127 352 323 1
1088 880 1386 1198 1
1228 1031 777 766 1
996 1037 951 949 1
962 1040 1099 1172 1
892 893 1254 1330 1
129 1097 1285 1288 1
1010 210 1058 1256 1
1035 341 361 362 1
705 697 651 843 1
705 708 697 843 1
946 964 1025 1197 1
277 266 288 1010 1
981 953 1221 1325 1
1180 1361 1271 971 1
107 76 88 1046 1
1030 1163 1212 1372 1
598 607 597 846 1
1235 1119 1285 1304 1
1080 1121 1136 989 1
169 203 1156 1303 1
660 1359 581 630 1
444 494 487 860 1
1246 479 499 555 1
578 583 622 983 1
109 77 1116 1332 1
28 1222 935 1327 1
982 1000 1087 1151 1
555 543 1246 570 1
119 120 995 1146 1
1157 189 1189 1286 1
725 1134 1166 1172 1
849 1169 599 1175 1
279 311 278 1152 1
188 162 1239 216 1
505 536 1016 1298 1
966 947 1081 1369 1
18 1230 1260 1314 1
1143 981 1221 1325 1
1254 1334 995 1091 1
1094 1235 1220 1126 1
445 392 401 990 1
381 1204 1110 309 1
1269 995 1049 1091 1
1218 961 1265 1288 1
1092 1198 1181 1011 1
611 577 844 853 1
565 564 524 853 1
598 846 1169 1173 1
975 942 1073 1085 1
99 918 1128 1190 1
875 1044 1071 1159 1
522 1036 415 454 1
814 1020 1318 1342 1
970 983 1219 1357 1
200 229 199 1098 1
1016 575 1104 1362 1
549 562 1297 852 1
1157 83 1252 1309 1
847 621 848 1227 1
291 1006 340 1290 1
181 173 1088 1101 1
1002 165 220 147 1
582 643 1122 1178 1
988 14 1075 1337 1
1142 1384 867 1293 1
227 186 890 1091 1
932 934 1126 1230 1
476 419 420 1229 1
819 820 1164 1276 1
608 601 579 858 1
601 608 641 858 1
1007 994 1032 1128 1
666 631 839 1040 1
600 629 599 859 1
599 629 849 859 1
1051 1052 1041 994 1
186 892 893 1254 1
1010 948 1011 1152 1
1054 1074 1001 1024 1
500 513 544 1105 1
1154 1050 1185 1251 1
524 565 853 1259 1
86 157 118 1187 1
1143 992 1293 1378 1
1274 1053 1345 1023 1
961 1218 1265 1382 1
205 170 1048 1145 1
661 643 848 1178 1
139 1190 138 70 1
989 1080 1112 1263 1
958 1002 1131 1201 1
350 998 335 319 1
368 402 335 1022 1
961 1253 1314 1382 1
391 444 455 864 1
265 236 277 1248 1
107 196 158 1208 1
322 403 1077 1127 1
374 385 437 1238 1
603 552 970 1357 1
225 192 894 1217 1
333 997 287 307 1
361 362 440 1035 1
34 36 931 1137 1
1001 1000 1024 1237 1
635 591 1197 1387 1
323 276 1062 1127 1
160 152 1086 1371 1
334 958 998 990 1
110 1101 1128 1188 1
1235 74 1220 65 1
400 415 1267 390 1
1083 271 360 341 1
355 1067 1158 1181 1
447 957 1047 1077 1
755 1245 1202 1216 1
953 1030 1036 1388 1
325 374 1289 326 1
436 384 372 1004 1
1033 761 738 747 1
358 426 1089 1108 1
443 1295 871 1251 1
433 443 1295 871 1
365 400 1236 332 1
31 52 1241 1323 1
1053 1192 1246 1347 1
730 1031 667 1025 1
1030 1107 1179 1369 1
271 272 363 1083 1
1122 1005 1359 1372 1
1096 86 1187 1206 1
1240 1020 650 696 1
98 128 1032 1128 1
985 1072 1316 1388 1
82 58 1052 1199 1
216 217 215 993 1
314 269 303 874 1
828 827 1153 1331 1
1094 961 1218 1235 1
801 500 1038 1105 1
106 1046 158 1326 1
102 1090 1188 1306 1
349 1300 367 308 1
20 11 1260 1323 1
238 1043 1115 1274 1
151 159 1196 1330 1
759 1215 1280 1318 1
1056 959 1061 1316 1
469 1035 1135 1242 1
222 221 178 1062 1
552 496 970 1357 1
1084 187 201 1346 1
119 167 893 1254 1
1094 1126 1230 1323 1
191 147 127 1029 1
246 266 1010 1152 1
1045 89 1111 1170 1
480 500 801 1008 1
724 755 1202 1216 1
269 874 1089 1148 1
959 963 1325 950 1
1052 1190 1051 1184 1
932 41 934 1230 1
676 979 1167 1250 1
64 1057 1102 1252 1
280 1181 224 281 1
348 1036 1267 1300 1
745 960 1307 1134 1
1116 161 1156 1303 1
310 352 298 1062 1
960 726 691 1172 1
341 271 363 1083 1
964 977 1105 1197 1
1139 949 1266 1270 1
207 254 163 1278 1
1171 970 1219 1357 1
957 1064 1085 975 1
508 1103 1142 1358 1
943 944 988 1102 1
1302 1225 491 572 1
6 15 1222 1327 1
1231 1109 515 466 1
803 806 1265 1288 1
934 40 1126 1220 1
560 545 504 1207 1
1352 1019 1130 1301 1
971 1194 1203 1275 1
10 4 1139 1291 1
1236 1251 1295 1324 1
227 241 284 890 1
1177 1095 1247 1272 1
651 705 843 1237 1
167 151 119 893 1
260 226 227 891 1
1008 977 1069 1197 1
773 768 810 1312 1
1061 1114 1316 1356 1
653 602 663 1120 1
805 804 1218 1382 1
988 943 955 949 1
949 954 969 1019 1
778 788 786 982 1
1194 541 1203 1373 1
1374 896 182 882 1
949 1222 1139 996 1
957 972 1127 1229 1
199 252 1098 1321 1
155 111 183 894 1
1208 1045 1044 1326 1
993 981 1048 1239 1
22 43 1249 1268 1
651 609 1001 1211 1
297 1022 998 1140 1
912 141 913 1273 1
942 1140 1062 1002 1
164 190 1042 1131 1
1163 1030 1369 1372 1
72 54 1190 1243 1
324 405 312 1279 1
1191 92 130 1193 1
227 1049 1091 260 1
733 679 823 1074 1
498 458 1076 1320 1
258 211 259 1244 1
413 442 869 1377 1
1073 1320 498 1076 1
345 316 1080 379 1
568 569 613 1064 1
176 130 131 898 1
211 175 185 898 1
1123 617 1258 1302 1
1053 951 1200 1262 1
1235 74 902 1343 1
488 509 464 1229 1
710 1100 1381 673 1
329 1176 357 1209 1
1089 991 1147 1148 1
157 1043 166 1187 1
1089 1147 1209 1367 1
453 1223 519 984 1
179 178 148 1256 1
1004 1076 1092 1158 1
908 43 1096 1249 1
1082 1124 1153 1349 1
927 61 1046 1284 1
501 533 1008 1283 1
434 370 351 1077 1
1038 1023 1238 1311 1
1036 973 1125 1154 1
83 97 1252 1309 1
131 60 75 905 1
60 46 75 905 1
1003 1113 1350 1068 1
1174 724 743 1202 1
681 689 836 1144 1
797 112 118 906 1
100 918 919 1277 1
797 118 900 906 1
1119 1217 1262 1279 1
585 625 604 1085 1
623 970 603 1171 1
400 871 1236 1251 1
747 746 711 1025 1
704 1331 659 1153 1
1203 511 1282 1373 1
32 1323 1184 937 1
239 340 1071 1290 1
1010 1011 1032 1058 1
208 1201 245 244 1
15 29 935 1327 1
442 389 1014 1223 1
1185 485 1142 521 1
1004 1198 1152 279 1
412 388 431 1080 1
567 527 568 1064 1
982 1280 769 1215 1
1017 1211 1348 1185 1
168 1353 995 1371 1
631 1271 839 1040 1
255 1002 1140 1201 1
990 958 998 1022 1
156 797 174 967 1
732 814 1020 1318 1
1085 554 585 975 1
241 1091 890 1269 1
635 591 645 1197 1
944 1239 981 1057 1
544 1038 1105 1344 1
783 757 1195 1356 1
771 745 772 1307 1
1013 1096 1249 1253 1
509 457 464 1229 1
523 551 1150 1212 1
1173 1224 1263 1339 1
475 1229 419 476 1
400 332 872 1236 1
198 1086 1098 1147 1
99 91 72 915 1
129 804 806 1288 1
674 835 1099 1219 1
106 87 76 916 1
427 452 518 1078 1
474 539 473 1047 1
530 540 497 1073 1
229 1084 304 1083 1
994 1007 1092 1181 1
34 23 24 931 1
294 1321 261 252 1
1060 793 1061 1356 1
961 967 1265 1288 1
46 1130 1301 1352 1
655 684 692 1018 1
828 1124 1153 740 1
161 796 1116 1156 1
1149 1137 1003 1284 1
839 1271 691 1040 1
1080 945 952 956 1
992 981 1376 1308 1
93 48 1045 1149 1
1301 1019 60 1193 1
1114 1195 1316 1356 1
54 99 72 918 1
413 869 1014 1377 1
1145 952 1205 1303 1
779 1060 1118 781 1
945 968 984 1263 1
1005 1081 1100 1216 1
609 1160 842 1001 1
886 184 887 1213 1
1295 471 461 433 1
311 1004 383 1152 1
156 129 803 1288 1
1175 986 1349 968 1
176 185 1281 1299 1
902 901 1304 1343 1
830 723 833 1174 1
1225 560 1207 545 1
412 1080 1112 1121 1
234 275 1002 1062 1
141 87 1117 1273 1
1095 1082 1124 1338 1
44 48 34 925 1
985 1150 1359 1372 1
944 1157 1241 1252 1
61 68 1046 88 1
446 1305 434 1047 1
460 449 1319 1329 1
152 113 1086 1371 1
662 1227 1144 1100 1
429 1112 430 1298 1
1002 234 191 220 1
1189 1157 1026 953 1
47 30 27 929 1
29 46 928 929 1
343 304 273 1084 1
267 1328 193 249 1
920 47 930 1068 1
210 246 1010 1058 1
989 1121 1136 1317 1
5 1268 1337 1340 1
1092 1198 1004 1158 1
33 47 27 930 1
28 1206 22 935 1
453 506 865 984 1
47 33 920 930 1
321 276 323 1127 1
244 255 1201 245 1
826 1074 841 733 1
60 1301 928 46 1
976 950 1316 1388 1
138 1015 1055 1131 1
1117 141 1273 1299 1
379 389 956 345 1
1145 1205 1308 1375 1
459 1246 1347 499 1
1104 989 1106 1165 1
1085 942 957 975 1
848 1100 1178 1227 1
1024 1000 1065 1237 1
354 372 1004 1158 1
1096 118 1214 1187 1
553 528 509 1064 1
503 491 534 1109 1
866 425 1238 1347 1
251 1367 881 1147 1
117 154 1058 1101 1
1125 523 1150 1212 1
1075 1094 1260 1323 1
541 511 542 1203 1
354 355 373 1158 1
221 234 178 1062 1
472 990 462 402 1
615 1203 1380 1167 1
949 1301 1139 1222 1
986 956 945 968 1
1319 397 1059 1287 1
11 1075 7 1260 1
979 980 1167 1250 1
800 511 448 1282 1
1107 334 958 1204 1
1081 960 1134 1245 1
779 774 781 1118 1
26 9 909 938 1
816 815 1065 1313 1
125 146 163 1309 1
1067 1282 423 1158 1
126 98 1032 1055 1
962 1081 1166 966 1
23 24 931 1066 1
943 977 1038 1105 1
947 985 1072 1216 1
101 140 110 1188 1
1000 959 1001 1024 1
507 986 1354 1223 1
793 1 789 1061 1
3 8 9 5 1
8 3 9 940 1
942 1010 1029 1248 1
1011 948 1032 1092 1
510 584 553 1064 1
1177 694 712 829 1
976 947 1072 1180 1
1034 994 1067 1262 1
586 540 614 1073 1
405 423 373 1067 1
730 667 685 1025 1
1072 976 1316 1388 1
589 1167 633 1203 1
1366 620 601 854 1
165 138 139 1055 1
808 780 1280 1379 1
420 419 1127 1229 1
1254 1334 227 1330 1
248 182 882 1088 1
459 479 1347 866 1
1012 160 1086 1098 1
999 986 1103 1322 1
1070 659 1153 1349 1
1274 1037 1345 1043 1
750 727 716 1307 1
99 72 918 1190 1
32 1184 1264 1296 1
817 749 821 1210 1
607 597 1169 1224 1
482 1016 1121 1298 1
945 1080 989 1263 1
1386 1101 172 181 1
1037 1023 1115 1274 1
1226 627 677 1387 1
1002 147 1029 1055 1
1325 963 1376 950 1
379 432 431 1365 1
998 255 1140 1201 1
90 1116 1111 109 1
1321 991 1147 1098 1
634 676 1167 1250 1
981 1278 997 944 1
956 346 1014 1205 1
992 986 1103 1377 1
1069 1138 1283 1329 1
1066 955 1079 1170 1
627 1226 1250 1387 1
418 1229 957 419 1
1100 1133 1178 1227 1
389 956 1014 1223 1
895 228 1353 1371 1
866 1038 437 479 1
967 961 1214 1345 1
708 742 1237 826 1
1232 1108 1089 426 1
891 159 892 1330 1
923 924 1264 1296 1
1147 1086 1209 1367 1
977 1008 1105 1197 1
529 540 586 975 1
503 1059 490 450 1
1247 1258 1302 1355 1
907 908 1096 1253 1
549 523 550 1125 1
970 966 983 1155 1
662 653 837 1144 1
961 1094 1218 1314 1
692 655 1271 683 1
652 660 1054 1234 1
1353 1086 995 1371 1
1100 1081 1144 1294 1
591 533 592 1197 1
943 949 1023 1335 1
1113 920 930 1068 1
216 188 993 1239 1
211 1191 1244 1336 1
1174 724 1202 1216 1
246 1010 1058 1386 1
528 476 509 1229 1
626 589 633 1018 1
416 402 1022 1155 1
920 1068 1113 1292 1
6 2 1139 1340 1
1081 1100 1216 1294 1
1077 1140 957 1305 1
498 1073 531 497 1
356 290 259 1021 1
1082 1124 740 1153 1
1063 651 1211 843 1
371 419 403 1127 1
1344 544 1387 1105 1
78 1385 79 123 1
1305 416 446 393 1
1376 1355 946 945 1
888 1353 1091 167 1
1072 1081 1216 1245 1
712 1177 1272 1338 1
439 501 1008 1283 1
724 1174 743 723 1
611 621 847 1227 1
993 287 1143 1221 1
58 53 82 1052 1
108 151 96 1146 1
1079 1102 1028 955 1
429 482 452 1121 1
463 957 475 1064 1
559 606 572 1225 1
408 449 439 1027 1
994 1015 1052 1200 1
268 1021 212 1159 1
771 1072 1093 1186 1
742 826 1024 1237 1
93 89 94 1146 1
942 948 1168 1320 1
765 758 1056 1195 1
346 364 1014 1375 1
16 1291 1350 1352 1
859 537 984 1169 1
708 1063 843 1237 1
758 719 979 1195 1
1370 1117 1003 1326 1
20 18 933 1230 1
743 709 1174 1234 1
641 697 687 1063 1
909 22 911 1249 1
25 1241 52 1323 1
1165 572 1302 1363 1
1122 1005 1315 1333 1
953 997 1221 1300 1
332 1143 1267 1236 1
546 516 1104 1242 1
1090 102 896 155 1
968 1033 1082 1095 1
92 1191 175 105 1
1224 1016 1263 1339 1
153 97 135 1157 1
55 101 1277 1383 1
1018 633 1167 1203 1
1145 1009 1303 1385 1
1046 1045 1208 1326 1
482 1016 1298 505 1
236 266 277 1010 1
899 157 1187 1213 1
749 821 1210 1276 1
1335 954 1138 1257 1
633 615 634 1167 1
341 361 360 1108 1
1040 962 1085 1261 1
634 656 676 1250 1
1008 513 500 1105 1
711 747 1025 1033 1
195 1044 250 1159 1
329 1209 1232 1176 1
1086 991 1098 1147 1
1175 968 1173 1169 1
849 629 1070 1175 1
571 557 593 1123 1
227 891 1254 1330 1
602 578 622 983 1
38 49 62 1079 1
624 1064 613 569 1
351 322 417 1077 1
1266 1139 1270 1291 1
366 415 390 1036 1
942 958 1002 1015 1
324 405 1279 1360 1
968 1129 1173 1263 1
968 945 986 1033 1
463 526 957 1064 1
361 1083 1108 341 1
653 663 836 1120 1
721 1177 1247 1272 1
1164 1087 1210 1276 1
1118 774 1234 754 1
1064 970 1085 1171 1
6 27 1352 16 1
545 606 559 1225 1
212 185 176 1299 1
680 754 823 1351 1
822 733 823 1074 1
514 501 481 1283 1
710 724 834 1216 1
485 471 1142 508 1
1120 966 983 1081 1
361 1083 341 1035 1
982 963 1056 1379 1
1211 973 1348 1185 1
27 23 930 1350 1
1115 1191 1213 1336 1
579 521 862 1185 1
446 474 473 1047 1
1131 244 1204 998 1
83 58 1199 1241 1
1003 954 1044 1326 1
752 818 819 1164 1
1085 554 584 585 1
1097 156 237 193 1
968 984 1175 1223 1
954 1021 1044 1159 1
1176 1232 329 357 1
585 554 586 975 1
942 958 1022 1140 1
949 955 1266 1270 1
226 1196 1330 1334 1
302 396 1006 1176 1
777 737 1031 1056 1
655 692 1271 1018 1
1139 30 1301 1352 1
789 779 1118 1313 1
340 328 239 1071 1
342 1035 1084 1317 1
710 1144 689 1294 1
1097 1119 1262 1279 1
588 541 626 1194 1
986 945 992 1033 1
1052 71 53 84 1
1109 558 1123 1302 1
101 102 897 1188 1
1312 812 740 811 1
733 822 1024 1074 1
554 510 488 975 1
772 745 727 1307 1
188 125 163 1057 1
958 1030 1361 1369 1
1279 1053 1360 1262 1
235 223 179 1248 1
978 1017 1103 1368 1
958 1026 1030 1110 1
437 866 1238 1347 1
121 1346 1111 132 1
990 966 1155 1259 1
230 315 273 1084 1
1003 1019 969 954 1
732 759 813 1318 1
1053 406 1192 1347 1
1098 252 1147 1321 1
662 837 1100 1144 1
20 7 18 1260 1
1285 1262 1119 1235 1
322 321 323 1127 1
1010 1029 1248 1256 1
373 355 1067 1158 1
293 357 1176 1209 1
976 1072 1093 1180 1
957 475 1064 1229 1
714 703 1331 1341 1
89 93 1045 1146 1
779 1060 789 1118 1
1241 951 1041 1200 1
391 381 1107 1110 1
385 1038 1238 1311 1
1033 1280 1182 1228 1
1024 1061 1118 1313 1
43 907 908 1096 1
47 27 930 1068 1
361 440 399 1035 1
59 101 1306 103 1
436 448 478 1158 1
1021 1138 1311 1335 1
998 350 297 319 1
1211 548 562 1185 1
136 137 190 1042 1
1031 730 667 729 1
271 272 1083 1321 1
92 1191 105 1193 1
694 695 829 1272 1
1097 267 1279 1328 1
807 789 1061 1313 1
226 159 891 1330 1
166 967 174 797 1
557 571 502 1123 1
1122 860 1133 1163 1
942 958 1015 1275 1
292 302 1049 1176 1
1247 946 658 1258 1
482 1016 492 1121 1
690 682 1166 1219 1
181 172 173 1101 1
1113 1003 1350 1137 1
415 522 857 1154 1
1000 1001 1063 1237 1
1162 73 1264 1383 1
476 457 509 1229 1
275 1002 1062 1140 1
1094 1230 1260 1323 1
822 1024 1074 1118 1
378 363 342 1035 1
137 1052 138 1042 1
950 953 976 980 1
415 486 868 1154 1
355 405 373 1067 1
206 188 163 1057 1
108 120 119 1146 1
594 558 1109 1302 1
239 213 240 1071 1
427 428 1078 1135 1
726 698 691 1172 1
163 146 1278 1309 1
35 13 1266 1270 1
345 346 956 1205 1
182 173 896 1188 1
83 135 1157 1199 1
561 619 596 1224 1
356 395 290 1021 1
948 942 1092 1275 1
479 500 544 1038 1
502 1069 1283 1329 1
952 231 274 203 1
362 441 440 1035 1
25 1241 53 58 1
218 1189 1110 242 1
97 83 1157 1309 1
1218 1220 1235 1343 1
412 429 1121 1298 1
591 556 1105 1387 1
1176 1006 1287 1319 1
132 90 796 1111 1
113 120 94 1146 1
191 1002 220 147 1
329 314 1089 1209 1
198 252 261 1147 1
272 304 363 1083 1
944 1239 943 981 1
1012 1084 1156 1346 1
332 333 872 1267 1
598 597 537 1169 1
1050 868 1154 1267 1
289 238 1183 1274 1
129 1097 156 794 1
643 847 848 1178 1
669 646 1106 1247 1
962 1081 966 960 1
411 429 452 1121 1
1208 240 213 1071 1
1044 1071 1138 1257 1
808 982 1379 1280 1
653 662 844 1144 1
227 1049 1334 1091 1
571 1258 1069 1123 1
1290 1049 260 292 1
883 224 1181 1374 1
948 942 1076 1320 1
295 1303 203 204 1
1005 1122 1133 1372 1
1068 1352 27 1350 1
806 1265 1288 1382 1
736 757 776 1195 1
917 916 1292 1370 1
957 942 972 975 1
410 426 1231 1232 1
948 942 1010 1029 1
499 543 1192 1246 1
483 537 1169 506 1
1083 229 1098 1321 1
357 1232 409 1176 1
1008 533 1197 1283 1
8 7 940 1075 1
752 821 1164 1210 1
723 688 833 1174 1
584 510 554 975 1
1150 1122 1359 1372 1
1060 1024 1061 1118 1
989 1078 1121 1317 1
805 66 1314 1382 1
238 1115 1183 1274 1
1000 982 1061 1065 1
1024 1000 1061 1065 1
433 365 871 1295 1
210 154 172 1058 1
815 762 816 1065 1
469 535 1207 1242 1
716 960 1180 1307 1
1038 1008 1105 977 1
1050 1185 1324 1348 1
969 1335 955 1003 1
676 699 979 1250 1
290 327 258 1183 1
781 787 1060 1186 1
71 1190 1243 915 1
956 952 1080 1205 1
309 381 318 1110 1
218 318 242 1110 1
1248 1062 877 223 1
669 646 637 1106 1
456 445 990 1364 1
1039 972 1062 1248 1
670 669 618 1106 1
671 670 618 1106 1
879 223 1062 1248 1
877 1248 876 1039 1
1166 966 1081 983 1
57 39 988 1252 1
1154 548 1185 1297 1
2 939 1139 1340 1
1081 1120 1144 1166 1
968 1175 1173 1070 1
349 308 318 1110 1
222 879 1062 1248 1
1019 1003 1117 954 1
1222 996 1268 1340 1
966 1219 1166 962 1
299 382 1039 1233 1
121 114 132 1111 1
90 114 89 1111 1
1006 974 1071 1290 1
958 1085 1361 1275 1
113 114 121 1111 1
831 832 1315 1333 1
89 114 94 1111 1
1333 1005 1381 1174 1
61 1045 1046 1149 1
794 1097 1119 1285 1
365 1143 1236 1293 1
113 995 1086 1371 1
68 917 920 1113 1
33 68 920 1113 1
1028 79 1079 1385 1
68 1284 33 927 1
408 339 1027 1138 1
1258 571 593 1123 1
407 438 1008 1138 1
617 628 593 1258 1
1087 982 1210 1215 1
308 262 1189 1300 1
996 988 1075 1337 1
965 175 211 898 1
32 71 53 1184 1
693 721 1177 1247 1
1329 802 449 1319 1
122 1156 1346 161 1
701 731 1025 1247 1
246 247 1152 1386 1
1282 1067 423 1360 1
1011 1088 1386 1198 1
183 1119 1217 1304 1
257 1152 279 278 1
109 115 796 1116 1
77 115 109 1116 1
796 115 161 1116 1
115 77 116 1116 1
799 424 1192 1360 1
52 988 39 31 1
143 115 116 1116 1
1139 996 1222 1340 1
1152 257 1198 1386 1
923 54 924 1243 1
1226 980 1250 1344 1
1010 1011 1058 1386 1
624 1085 1064 584 1
93 108 1045 1146 1
1011 1152 1198 1386 1
1015 1002 1055 1131 1
664 983 1357 1219 1
972 1039 371 337 1
1039 972 371 1127 1
1073 588 1194 1373 1
1166 962 1219 1172 1
942 957 972 1127 1
972 1039 1062 1127 1
321 322 1077 1127 1
320 369 1140 1305 1
225 183 237 1119 1
742 1024 1065 1237 1
1115 965 1244 1310 1
297 1305 369 350 1
282 225 237 1119 1
944 1239 1057 943 1
432 984 1223 453 1
1171 835 665 1219 1
1189 218 232 242 1
237 183 794 1119 1
794 183 904 1119 1
970 962 1171 1219 1
153 1157 1199 1286 1
988 951 1075 1323 1
1225 560 545 1363 1
411 387 412 1121 1
74 1235 1220 1343 1
942 1320 975 1073 1
1045 974 1196 1208 1
598 648 846 1173 1
647 607 846 1173 1
14 988 1075 31 1
1107 391 1110 1179 1
313 1027 1071 328 1
756 734 1134 1245 1
1000 1063 1087 1164 1
1063 608 843 1211 1
582 563 860 1122 1
582 610 563 1122 1
1306 1007 1217 1090 1
610 582 643 1122 1
962 1085 1261 1361 1
756 734 825 1134 1
186 167 1091 1254 1
610 643 845 1122 1
19 988 39 51 1
1139 30 1352 6 1
980 1053 1192 1246 1
643 832 845 1122 1
969 1066 1270 1291 1
444 1107 1163 1179 1
1072 1093 1186 1316 1
1171 1357 665 623 1
1013 1141 1249 1268 1
1359 660 652 1234 1
1121 1112 1016 989 1
522 454 523 1125 1
1190 1052 138 70 1
580 549 550 1125 1
1016 536 1224 1298 1
416 1022 1047 1155 1
971 976 1018 1180 1
483 430 1112 1298 1
21 45 936 1126 1
932 21 933 1126 1
40 932 934 1126 1
1129 829 695 1272 1
444 494 860 1163 1
991 987 1108 1231 1
1120 690 1166 1219 1
1053 1023 1274 1289 1
966 970 983 1219 1
1056 959 950 963 1
1049 1086 1209 1287 1
941 1006 1257 1329 1
1032 117 1101 1128 1
117 110 1101 1128 1
98 91 99 1128 1
128 99 918 1128 1
98 99 128 1128 1
100 128 918 1128 1
218 318 1110 1204 1
514 533 501 1283 1
809 761 1182 1228 1
639 702 686 1129 1
72 1296 71 922 1
1203 1034 1282 1380 1
981 992 1376 1325 1
639 647 702 1129 1
21 1162 45 1126 1
968 945 1095 1263 1
209 164 165 1131 1
909 22 1249 1268 1
851 562 852 1132 1
129 1097 1288 156 1
580 851 852 1132 1
609 562 851 1132 1
536 505 482 1298 1
997 348 1300 307 1
580 642 851 1132 1
1334 1254 995 1196 1
625 1040 1085 1261 1
746 766 1031 1228 1
1192 512 1360 1380 1
444 391 1107 1179 1
1218 1285 1262 1097 1
614 654 625 1261 1
1031 963 1033 1228 1
721 670 694 1272 1
494 582 860 1133 1
582 494 564 1133 1
818 752 821 1164 1
984 956 1080 1365 1
1057 124 1102 1239 1
864 444 1163 1179 1
582 611 847 1133 1
611 582 564 1133 1
761 1033 1182 1228 1
780 809 1182 1228 1
388 316 1080 1136 1
388 1121 412 1136 1
1224 483 1298 561 1
773 1280 1312 1318 1
388 1121 1080 412 1
387 412 1121 1136 1
330 315 285 1136 1
285 230 231 1136 1
274 285 231 1136 1
951 988 1041 1323 1
812 773 1312 1318 1
316 285 274 1136 1
330 285 316 1136 1
387 330 388 1136 1
330 316 388 1136 1
412 387 388 1136 1
36 930 931 1137 1
36 33 930 1137 1
754 680 1234 1351 1
555 570 1246 1344 1
822 754 1118 1351 1
1100 1133 1227 1259 1
611 1259 564 853 1
301 356 1021 1138 1
949 954 1310 1335 1
395 375 1138 356 1
1311 356 395 1138 1
1200 943 953 944 1
1001 973 1132 1160 1
973 1054 1132 1160 1
339 408 375 1138 1
339 375 356 1138 1
408 439 375 1138 1
439 438 375 1138 1
438 407 375 1138 1
339 356 301 1138 1
243 244 998 1204 1
1280 1379 963 982 1
233 1042 1131 1204 1
4 2 939 1139 1
16 2 4 1139 1
16 6 2 1139 1
10 4 939 1139 1
225 192 1217 1374 1
1106 989 1263 1355 1
782 787 1186 1356 1
208 233 1131 1204 1
320 297 264 1140 1
320 264 275 1140 1
264 297 263 1140 1
256 264 255 1140 1
264 263 255 1140 1
297 320 369 1140 1
264 256 275 1140 1
998 297 263 319 1
103 1304 1306 1235 1
831 661 833 1315 1
627 634 1250 656 1
938 1075 9 1141 1
1013 1096 1214 1187 1
699 656 1226 1250 1
656 627 1226 1250 1
1037 1274 1345 1023 1
485 521 508 1142 1
83 57 1241 1252 1
1236 1050 1251 1324 1
1184 1243 1264 1296 1
1184 71 1243 1296 1
652 1359 1234 1150 1
1278 1057 163 1309 1
944 1057 1278 1309 1
826 705 841 1237 1
708 752 1164 1237 1
22 9 5 1268 1
286 306 347 1143 1
752 1151 1164 1237 1
1063 708 1164 1237 1
943 981 1009 1376 1
1001 1063 651 1211 1
1211 1000 1063 1348 1
177 205 204 1145 1
964 1344 980 1226 1
205 296 204 1145 1
1193 1037 1191 1206 1
605 627 1250 1344 1
177 170 205 1145 1
1119 1285 904 794 1
945 1009 1308 1376 1
86 105 1187 1206 1
1013 1096 1187 1206 1
177 145 170 1145 1
146 1157 1278 1309 1
183 904 1119 1304 1
269 251 874 1147 1
957 1022 1047 1305 1
817 752 1151 1210 1
34 44 925 1149 1
197 261 228 1147 1
760 1151 778 982 1
986 999 1103 1354 1
947 1072 1081 1216 1
644 675 835 1171 1
644 623 613 1171 1
947 985 1372 1388 1
925 61 926 1149 1
48 61 925 1149 1
1047 434 1077 1305 1
48 1170 1149 44 1
48 93 61 1149 1
603 1064 970 568 1
287 993 997 1221 1
845 610 1122 1150 1
1095 1106 1129 1263 1
184 1043 1187 1213 1
610 551 563 1150 1
105 1187 1213 899 1
610 563 1122 1150 1
124 80 1102 1239 1
973 1325 959 1348 1
1011 1010 1152 1386 1
590 605 1250 1344 1
190 171 1042 1286 1
2 5 939 1340 1
1325 973 1050 1348 1
350 1022 1140 1305 1
849 1070 1173 1175 1
550 610 581 1150 1
523 551 550 1150 1
405 423 1067 1360 1
581 610 845 1150 1
1213 1206 1187 105 1
1000 1087 1151 1164 1
1016 989 1112 1263 1
1063 608 641 843 1
288 266 278 1152 1
311 1004 1152 353 1
660 1359 652 581 1
338 311 383 1152 1
704 722 827 1153 1
722 704 814 1153 1
827 722 828 1153 1
28 1222 1327 1206 1
903 1285 1304 1343 1
722 740 828 1153 1
1285 1235 1304 1343 1
69 89 1170 1332 1
548 486 857 1154 1
1057 944 1102 1252 1
775 771 1093 1186 1
538 521 858 1358 1
521 508 1142 1358 1
858 521 1185 1358 1
495 970 496 1155 1
495 970 1155 1047 1
495 525 472 1155 1
566 525 495 1155 1
416 495 472 1155 1
416 472 402 1155 1
496 566 495 1155 1
472 990 1155 462 1
1075 938 9 8 1
496 583 566 1155 1
1084 230 1136 1156 1
406 1053 1289 1347 1
203 202 169 1156 1
169 202 161 1156 1
1053 1238 1289 1347 1
202 203 231 1156 1
1285 1119 904 1304 1
877 1248 223 876 1
1038 1053 1246 1347 1
1053 1038 1238 1347 1
312 405 1067 1279 1
1015 1026 1042 1200 1
135 97 83 1157 1
153 146 97 1157 1
518 1078 1104 1242 1
1190 1052 1051 1015 1
546 1104 1207 1242 1
1096 908 1249 1253 1
1125 522 1154 1297 1
840 679 841 1160 1
1268 940 1337 1075 1
914 75 921 1161 1
921 75 1130 1161 1
231 952 1136 1156 1
1106 1247 1302 1355 1
1082 748 1182 1312 1
1115 1023 1183 1274 1
131 912 913 1161 1
131 75 912 1161 1
327 289 1183 1274 1
912 75 914 1161 1
1312 812 1318 1342 1
968 1070 1124 1349 1
1050 973 1154 1185 1
45 40 73 1162 1
414 1378 347 1384 1
1183 1115 1244 1310 1
965 211 1191 1244 1
1238 1023 1274 1311 1
688 1174 1234 1359 1
981 993 1143 1221 1
1009 1028 1079 1385 1
946 1376 1033 1025 1
1112 1016 1224 1298 1
1069 1059 1123 1355 1
103 59 65 1162 1
489 1073 1320 497 1
73 40 59 1162 1
59 40 65 1162 1
960 1072 1180 1307 1
578 1259 983 1120 1
1072 960 1081 1245 1
1073 531 497 530 1
1183 327 1274 1311 1
887 899 1191 1213 1
1037 1115 1191 1213 1
17 988 1266 1337 1
238 1336 886 884 1
444 487 864 1163 1
168 895 1353 1371 1
984 432 956 1365 1
430 865 1112 1365 1
184 1336 238 1213 1
17 3 14 1337 1
1043 1037 1187 1213 1
143 1385 1116 116 1
974 1044 1071 1208 1
1139 1222 1301 1327 1
972 1039 1233 1248 1
177 143 144 1303 1
1050 400 1236 1251 1
76 1046 1326 1370 1
1107 444 1163 1364 1
1037 1193 1191 965 1
979 980 950 976 1
539 970 1047 567 1
107 1045 96 1208 1
107 96 159 1208 1
143 169 161 1303 1
964 950 1031 1226 1
990 445 1107 1364 1
172 246 1058 1386 1
958 1026 1110 1204 1
524 853 861 1259 1
461 485 1142 1251 1
465 489 477 1168 1
394 465 477 1168 1
394 383 465 1168 1
477 975 489 529 1
435 394 477 1168 1
670 695 694 1272 1
294 1108 1148 1321 1
394 338 383 1168 1
222 1029 1256 1248 1
1284 61 926 927 1
1169 1173 1224 1263 1
599 537 859 1169 1
1053 424 1328 1360 1
832 1122 1333 845 1
1218 961 1314 1382 1
1066 34 1137 1170 1
34 44 1149 1170 1
1137 34 1149 1170 1
1028 1102 63 80 1
37 1066 1079 1170 1
1068 1019 1003 1117 1
24 1170 1066 37 1
34 37 44 1170 1
44 69 89 1170 1
69 44 37 1170 1
1053 1034 1192 1360 1
37 1079 38 62 1
1269 1086 1353 1367 1
845 1359 581 1150 1
598 1169 849 1173 1
483 1224 1298 1112 1
806 112 1265 1382 1
225 183 1119 1217 1
1067 994 1181 1217 1
745 771 1245 1307 1
112 85 1253 1382 1
282 225 1119 1217 1
709 688 723 1174 1
364 1014 1378 1384 1
260 1290 292 291 1
709 723 743 1174 1
723 830 834 1174 1
980 971 1018 1203 1
1007 1128 1188 1277 1
985 1072 1186 1316 1
1316 976 1093 1195 1
1253 85 1314 1382 1
894 1374 192 1090 1
396 357 397 1176 1
302 357 396 1176 1
357 409 397 1176 1
1076 1073 942 1275 1
302 292 357 1176 1
357 292 293 1176 1
1320 942 975 1168 1
288 277 1010 1233 1
997 953 1189 1300 1
347 332 1143 306 1
1117 1161 1292 1130 1
1165 1104 1207 1363 1
572 1225 1363 1165 1
1156 1111 1009 941 1
914 912 1161 1273 1
721 739 720 1177 1
1129 1106 1272 1339 1
693 721 720 1177 1
721 694 739 1177 1
670 671 686 1339 1
693 720 731 1177 1
972 942 1062 1248 1
1071 1027 1138 1257 1
1248 277 299 1233 1
1300 1110 1179 1030 1
922 1243 1296 924 1
887 184 899 1213 1
1191 105 1206 1213 1
367 391 455 1179 1
367 349 391 1179 1
750 795 1093 1180 1
5 3 939 1340 1
695 686 1129 1339 1
945 956 1014 1308 1
718 692 1018 1180 1
1028 162 133 145 1
1086 991 1147 1209 1
829 712 1177 1272 1
60 1130 1019 46 1
721 694 1177 1272 1
717 718 795 1180 1
694 829 1177 1272 1
197 1086 1147 1371 1
717 692 718 1180 1
281 1067 282 312 1
804 806 1288 1382 1
1067 281 282 1181 1
355 354 281 1181 1
354 280 281 1181 1
1106 670 1272 1339 1
751 748 810 1182 1
475 528 1064 1229 1
761 738 751 1182 1
815 784 1065 1313 1
595 1104 1362 1363 1
748 1312 810 1182 1
235 1010 236 1248 1
779 753 1118 1313 1
528 509 1064 1229 1
744 1245 755 1216 1
395 290 1021 1311 1
212 211 1244 259 1
1222 22 15 1268 1
1157 1042 1199 1286 1
1023 1053 1238 1289 1
21 1162 1126 40 1
951 1041 1200 1262 1
1352 1019 969 1130 1
1033 968 1082 1349 1
87 141 1117 1326 1
961 967 1214 1265 1
941 1059 1287 1329 1
1214 112 1253 1265 1
10 17 1266 1337 1
1125 973 1132 1297 1
1051 1162 1264 1383 1
1084 1156 201 230 1
1221 333 1143 1267 1
1244 1191 1115 1336 1
32 25 937 1184 1
1185 1297 562 1132 1
864 455 1179 1212 1
454 523 1125 1212 1
1036 454 1125 1212 1
192 225 224 1374 1
521 579 858 1185 1
486 1185 1154 548 1
1301 949 1139 969 1
775 787 763 1186 1
1315 830 1333 1381 1
787 781 763 1186 1
1144 710 689 837 1
781 770 763 1186 1
157 1043 184 166 1
187 1012 1098 1346 1
157 105 899 1187 1
173 140 897 1188 1
922 1184 71 32 1
546 517 516 1242 1
954 1021 1310 1335 1
232 242 207 1189 1
207 242 262 1189 1
242 308 262 1189 1
232 207 189 1189 1
1006 941 1049 1287 1
139 91 1055 1190 1
1019 1301 60 46 1
91 70 915 1190 1
977 1023 1311 1335 1
91 139 70 1190 1
988 996 1266 1337 1
17 10 3 1337 1
1043 166 1187 1214 1
175 886 887 1191 1
364 1014 1375 1378 1
175 211 886 1191 1
175 965 211 1191 1
980 1034 1203 1380 1
1313 784 779 815 1
1024 753 1118 822 1
514 1069 571 592 1
512 459 499 1192 1
512 499 543 1192 1
799 459 512 1192 1
710 1100 1294 1381 1
424 406 799 1192 1
406 459 799 1192 1
958 998 1131 1204 1
962 960 966 1361 1
965 130 175 898 1
92 1191 130 175 1
905 60 1019 1193 1
973 1325 1050 1036 1
1078 987 1165 1207 1
1014 992 1308 1378 1
793 782 790 1356 1
87 1117 1292 1370 1
859 1223 1175 984 1
969 1066 1291 1350 1
130 92 905 1193 1
92 60 905 1193 1
389 432 956 1223 1
1092 1198 1158 1181 1
980 979 950 1226 1
655 632 626 1194 1
632 655 683 1194 1
718 795 1180 1195 1
1018 718 1180 1195 1
976 1018 1180 1195 1
736 1018 718 719 1
623 970 1357 603 1
758 757 736 1195 1
718 736 795 1195 1
758 736 719 1195 1
736 1018 719 1195 1
868 1251 1050 1154 1
714 1341 1124 713 1
1139 969 1270 1291 1
1285 1218 1262 1235 1
616 1069 592 571 1
248 257 880 1198 1
964 635 677 657 1
279 280 354 1198 1
535 546 1207 1242 1
136 135 82 1199 1
137 136 82 1199 1
153 135 136 1199 1
136 1286 153 1199 1
84 137 82 1199 1
450 1287 1232 1059 1
1063 1087 1164 1276 1
820 697 1063 1276 1
687 697 820 1276 1
944 943 951 1200 1
944 951 988 1200 1
1241 951 1200 988 1
469 517 535 1242 1
956 1263 945 984 1
749 818 821 1276 1
820 1063 1164 1276 1
1270 1102 955 1266 1
1007 1051 1128 1277 1
819 741 820 1276 1
943 951 1053 1023 1
1001 1054 1024 959 1
951 943 1053 1200 1
960 1072 1081 947 1
1053 1034 980 1192 1
980 1053 943 1200 1
1053 980 943 1038 1
977 1023 1038 1311 1
755 764 763 1202 1
770 755 763 1202 1
764 775 763 1202 1
724 755 770 1202 1
773 769 768 1280 1
1100 1144 710 1294 1
724 770 743 1202 1
1014 956 1205 1308 1
541 542 589 1203 1
481 501 439 1283 1
626 541 589 1203 1
1100 1005 1216 1381 1
1028 943 1102 1239 1
1174 1216 834 724 1
1049 1176 293 292 1
243 309 218 1204 1
1176 1049 1209 1287 1
233 243 218 1204 1
345 956 1080 1205 1
331 345 1080 1205 1
316 331 1080 1205 1
952 316 1080 1205 1
296 305 295 1205 1
305 331 295 1205 1
204 296 295 1205 1
1143 217 287 993 1
295 1303 204 1205 1
274 203 295 1205 1
331 274 295 1205 1
331 305 346 1205 1
316 274 331 1205 1
331 346 345 1205 1
981 993 1048 1378 1
992 1378 981 1308 1
22 67 43 1206 1
1269 1049 1086 1209 1
1009 941 1069 1355 1
519 484 507 1223 1
1223 442 432 484 1
931 23 1066 1350 1
86 43 67 1206 1
945 1106 1263 1355 1
1059 450 1109 1232 1
861 524 1259 1364 1
535 546 560 1207 1
524 990 1259 1364 1
151 96 1196 1208 1
96 151 159 1208 1
159 151 1196 1208 1
184 1336 1213 886 1
15 6 29 1327 1
226 240 196 1208 1
226 196 159 1208 1
1269 1049 1209 1091 1
383 948 1168 1233 1
1039 972 382 337 1
314 293 284 1209 1
1270 1102 1079 955 1
314 329 293 1209 1
917 920 1113 1292 1
329 357 293 1209 1
35 50 1079 1270 1
608 651 843 1211 1
563 1122 1150 1212 1
551 563 1150 1212 1
1212 366 1300 1036 1
1193 949 1222 1301 1
1163 487 563 860 1
563 1163 1122 1212 1
563 1163 860 1122 1
493 455 864 1212 1
487 493 864 1212 1
551 493 487 1212 1
493 551 523 1212 1
454 455 493 1212 1
454 493 523 1212 1
563 551 487 1212 1
487 1163 563 1212 1
1387 605 544 1344 1
918 1243 1190 54 1
118 1096 1214 906 1
900 118 1187 1214 1
118 900 906 1214 1
166 797 900 1214 1
1070 648 1173 1341 1
308 307 1300 348 1
687 1020 1087 1215 1
687 732 1020 1215 1
1215 1276 687 741 1
471 413 867 1384 1
1190 1051 1243 1277 1
1026 1110 1189 1300 1
998 297 1140 263 1
1067 1217 282 1279 1
769 982 1215 760 1
1063 608 1211 1017 1
1161 1117 1273 1281 1
759 732 749 1215 1
732 741 749 1215 1
687 741 732 1215 1
85 805 1314 1382 1
963 978 1000 1348 1
951 1023 1037 1345 1
66 1218 1220 1382 1
66 1220 1314 1382 1
112 804 805 1382 1
744 1245 1216 734 1
724 744 755 1216 1
724 710 744 1216 1
1187 1043 1214 1345 1
112 1253 1265 1382 1
19 13 10 1266 1
1003 1045 1046 1326 1
1065 1000 1151 1237 1
647 702 1129 1341 1
50 19 1102 1266 1
971 1018 1194 1271 1
1102 35 1266 1270 1
981 953 997 1221 1
570 590 1167 1344 1
1044 213 1208 1326 1
104 66 805 1218 1
325 406 1053 1289 1
153 189 1157 1286 1
993 981 997 1221 1
804 104 805 1218 1
9 1337 1268 940 1
171 136 1042 1286 1
682 690 664 1219 1
1045 1208 1044 974 1
835 1171 665 644 1
664 690 663 1219 1
1103 1017 1142 1358 1
521 538 508 1358 1
1234 985 1174 1202 1
1171 665 644 623 1
1341 1173 968 1129 1
1302 1165 1059 1109 1
757 776 1195 1356 1
916 87 1292 1370 1
776 783 790 1356 1
986 507 1354 576 1
1240 999 1349 1354 1
990 1259 1364 1369 1
999 986 1349 1354 1
649 999 640 620 1
453 1223 484 519 1
1017 601 1366 1368 1
600 1175 1223 1354 1
1059 1109 1123 1302 1
1328 267 193 1097 1
640 999 1240 1354 1
782 776 790 1356 1
507 484 863 1223 1
484 442 863 1223 1
863 986 507 1223 1
253 317 1375 1378 1
1104 1106 1362 1363 1
1268 1337 996 1075 1
5 15 1222 1340 1
2 6 15 1340 1
1044 954 1159 1299 1
212 176 195 1299 1
954 1117 1281 1299 1
483 1224 597 561 1
663 983 602 622 1
607 561 597 1224 1
3 5 1337 1340 1
985 959 1316 1060 1
699 728 979 1226 1
667 964 1031 1226 1
667 677 964 1226 1
947 971 1030 1361 1
959 985 1316 1388 1
729 667 1031 1226 1
700 729 1031 1226 1
950 959 1316 1388 1
700 656 677 1226 1
699 656 700 1226 1
699 700 728 1226 1
667 700 677 1226 1
729 700 667 1226 1
816 1024 1313 1065 1
512 532 1360 1380 1
1025 1031 1033 1228 1
1025 746 1031 1228 1
747 746 1025 1228 1
747 1025 1033 1228 1
543 512 1192 1380 1
965 954 1019 1281 1
60 1130 905 1019 1
1026 953 1030 1300 1
913 131 1161 1281 1
965 1019 1193 1281 1
747 767 766 1228 1
767 761 780 1228 1
532 542 1203 1380 1
747 766 746 1228 1
761 767 747 1228 1
1167 980 1203 1380 1
780 761 809 1228 1
615 1203 589 1380 1
980 1167 1246 1380 1
913 1161 1273 1281 1
1192 980 1246 1380 1
179 235 1248 1256 1
504 468 1207 1231 1
394 338 1168 1233 1
227 891 892 1254 1
426 451 467 1231 1
451 504 467 1231 1
504 515 467 1231 1
410 426 467 1231 1
468 451 399 1231 1
515 466 467 1231 1
942 948 1010 1233 1
468 504 451 1231 1
1108 1232 1089 991 1
1108 991 1231 1232 1
426 1108 1231 1232 1
503 466 1109 1232 1
450 503 1109 1232 1
466 409 410 1232 1
409 377 410 1232 1
409 466 450 1232 1
397 409 450 1232 1
466 503 450 1232 1
338 422 382 1233 1
382 277 873 1233 1
422 338 394 1233 1
371 972 337 420 1
382 299 277 1233 1
277 1248 299 265 1
186 227 892 1254 1
983 663 602 1120 1
774 1118 1234 1060 1
630 688 660 1234 1
709 754 680 1234 1
27 16 1350 1352 1
1167 590 1250 1344 1
953 950 976 1388 1
65 103 1162 1235 1
103 65 902 1235 1
943 964 977 1105 1
1022 416 1047 1305 1
1377 1142 508 1103 1
1028 1308 1009 981 1
514 1069 1283 571 1
446 1305 393 434 1
1140 320 1077 321 1
762 1065 1151 1237 1
762 742 1065 1237 1
1373 1275 1073 1076 1
1001 1074 841 1237 1
9 3 5 1337 1
1074 1001 841 1160 1
708 705 826 1237 1
742 762 752 1237 1
958 1107 1369 990 1
1028 1102 80 1239 1
162 133 134 1239 1
980 1038 1344 1105 1
1191 1244 1115 965 1
80 124 133 1239 1
133 124 134 1239 1
1353 888 1091 1269 1
1066 1003 1137 1350 1
23 16 1291 1350 1
16 23 27 1350 1
704 659 838 1240 1
659 649 838 1240 1
649 696 838 1240 1
696 649 650 1240 1
952 945 989 1355 1
946 1069 1123 1355 1
106 76 1326 1370 1
228 197 1147 1371 1
333 1221 287 997 1
58 53 1052 1241 1
112 906 1214 1253 1
85 42 908 1253 1
907 85 908 1253 1
910 42 1249 1253 1
58 83 57 1241 1
52 58 57 1241 1
57 988 52 1241 1
661 643 1178 1315 1
649 999 1240 640 1
906 907 1096 1253 1
786 780 808 1379 1
764 734 756 1245 1
771 764 756 1245 1
771 1186 764 1245 1
745 771 756 1245 1
520 471 508 1377 1
992 945 1014 1308 1
1251 400 868 1050 1
1103 978 1322 1348 1
1348 1103 1017 1142 1
1013 1037 1187 1345 1
967 1043 1328 1345 1
1043 967 1214 1345 1
1025 731 1095 1247 1
670 669 1106 1247 1
668 646 678 1247 1
693 701 668 1247 1
617 646 668 1247 1
646 669 678 1247 1
693 668 678 1247 1
701 658 668 1247 1
669 721 678 1247 1
721 693 678 1247 1
693 731 701 1247 1
669 670 721 1247 1
868 1251 486 443 1
1251 868 486 1154 1
589 1167 1203 615 1
1168 422 435 394 1
443 485 461 1251 1
400 443 871 1251 1
485 443 862 1251 1
443 486 862 1251 1
1096 1013 1214 1253 1
81 83 95 1252 1
64 81 95 1252 1
83 81 57 1252 1
81 51 57 1252 1
83 97 95 1252 1
51 39 57 1252 1
1023 1115 1183 1310 1
949 954 965 1310 1
643 832 1122 1315 1
906 85 907 1253 1
112 85 906 1253 1
908 42 910 1253 1
1122 1005 1178 1315 1
1122 832 1333 1315 1
988 1102 19 1266 1
679 1351 1074 1160 1
457 972 404 1255 1
950 979 1056 1031 1
808 982 785 1379 1
457 972 1255 1229 1
435 477 464 1255 1
421 435 464 1255 1
422 435 421 1255 1
488 1255 477 975 1
457 421 464 1255 1
404 422 421 1255 1
457 404 421 1255 1
488 975 477 529 1
127 1256 149 148 1
148 180 179 1256 1
180 235 179 1256 1
180 210 235 1256 1
149 180 148 1256 1
235 210 1010 1256 1
127 1256 148 1029 1
236 1010 210 246 1
986 1014 1223 1377 1
977 1009 1376 943 1
977 1283 1069 1138 1
1069 977 1138 1257 1
955 1009 1170 1257 1
1003 955 1170 1257 1
1044 1003 1045 1257 1
1045 1003 1170 1257 1
963 992 1322 1348 1
884 211 1244 1336 1
1336 1183 238 1115 1
1336 258 885 1244 1
1155 990 524 462 1
1259 578 577 1120 1
966 983 1155 1259 1
578 1259 565 983 1
1120 1081 1144 1259 1
1081 1100 1144 1259 1
1144 1100 1227 1259 1
844 1259 1144 1227 1
1259 844 577 853 1
1231 466 410 1232 1
844 1259 577 1144 1
1155 524 565 525 1
565 1155 983 1259 1
1155 565 578 525 1
431 430 1112 1365 1
524 1155 565 1259 1
1291 13 10 4 1
956 1263 984 1080 1
1041 951 1094 1262 1
951 961 1094 1262 1
1094 961 1235 1262 1
1041 1094 1235 1262 1
1211 973 1132 1001 1
45 73 923 1264 1
45 32 936 1264 1
973 1154 1185 1297 1
59 73 1162 1383 1
112 797 803 1265 1
112 803 806 1265 1
101 1277 1306 1188 1
803 967 797 156 1
257 1152 1198 279 1
632 1261 587 1194 1
683 632 1194 1271 1
1102 988 19 51 1
739 720 1177 1338 1
1082 748 1124 1338 1
1177 1095 1272 1338 1
717 692 1180 1271 1
692 1018 1180 1271 1
971 1194 1261 1271 1
1040 691 960 1271 1
738 751 1182 1338 1
1124 1272 712 713 1
1272 1124 712 1338 1
738 1177 1338 731 1
1033 1177 1095 731 1
35 13 19 1266 1
50 35 19 1266 1
988 19 17 1266 1
19 988 17 39 1
1096 43 1206 1268 1
9 22 909 1268 1
22 1222 15 935 1
122 1156 202 1346 1
888 241 890 1269 1
986 1175 1354 1223 1
507 576 850 1354 1
888 1353 167 889 1
850 519 507 1223 1
1266 1291 13 10 1
1053 325 1289 1328 1
35 49 38 1270 1
716 717 1180 1271 1
1166 962 1172 960 1
960 1040 962 1172 1
691 1040 960 1172 1
691 716 960 1271 1
960 716 1180 1271 1
654 683 707 1271 1
654 632 683 1271 1
683 717 707 1271 1
654 707 631 1271 1
1345 1262 1328 967 1
692 717 683 1271 1
717 716 707 1271 1
716 691 707 1271 1
87 141 912 1273 1
966 1022 1085 1361 1
1030 953 1036 1300 1
87 1292 914 56 1
1006 1287 1319 1329 1
238 283 1043 1274 1
302 292 1049 1290 1
977 1023 943 1038 1
289 327 326 1274 1
283 289 326 1274 1
974 1006 1049 1290 1
238 289 283 1274 1
291 1006 302 340 1
1076 948 1092 1275 1
1085 1073 1261 1275 1
595 671 618 1362 1
942 1073 1085 1275 1
1362 619 1339 1224 1
1376 1031 1033 1025 1
1200 971 1026 953 1
1015 1026 1200 1275 1
1015 958 1026 1275 1
1200 1092 1015 1275 1
321 1140 1127 1077 1
1092 1200 1015 994 1
574 638 595 1362 1
638 671 595 1362 1
1106 671 1339 1362 1
958 942 1085 1275 1
942 958 1085 1022 1
671 638 1339 1362 1
1224 1016 1339 1362 1
1354 1366 620 999 1
506 1365 1112 865 1
444 494 1163 1364 1
1277 110 55 100 1
110 101 1188 1277 1
1072 960 1245 1307 1
1072 1093 1180 1307 1
55 100 919 1277 1
146 1157 189 1278 1
146 189 163 1278 1
189 207 163 1278 1
965 954 1021 1310 1
1137 925 36 1284 1
1094 1041 1126 1323 1
1329 802 1027 449 1
376 1006 340 1319 1
784 807 1065 1313 1
1335 954 969 949 1
780 768 808 1280 1
615 543 1167 1380 1
773 759 769 1280 1
1281 130 965 898 1
131 905 1019 1281 1
130 1281 965 1193 1
130 131 898 1281 1
905 130 1193 1281 1
1019 905 1193 1281 1
176 185 898 1281 1
176 131 913 1281 1
131 130 905 1281 1
224 225 1217 1374 1
28 1222 1206 935 1
63 1102 1079 50 1
155 1374 896 1090 1
511 800 532 1282 1
800 448 423 1282 1
882 883 1088 1374 1
449 481 439 1283 1
61 1284 926 1149 1
36 926 927 1284 1
33 36 927 1284 1
36 925 926 1284 1
925 1137 36 34 1
1238 327 326 374 1
980 1167 1250 1344 1
903 129 904 1285 1
1038 980 1344 1246 1
129 794 904 1285 1
1059 941 1069 1329 1
870 374 1238 1289 1
326 1238 374 1289 1
233 1042 1204 1286 1
1319 1059 1329 1287 1
1026 944 1200 953 1
943 1200 953 980 1
1189 1157 953 1278 1
397 1319 1059 460 1
1026 218 1204 1286 1
218 233 1204 1286 1
189 153 171 1286 1
232 189 171 1286 1
233 232 171 1286 1
190 233 171 1286 1
218 1189 232 1286 1
233 218 232 1286 1
1086 991 1209 1287 1
1089 991 1232 1287 1
991 1089 1209 1287 1
1209 1089 1232 1287 1
325 300 326 1289 1
406 325 870 1289 1
327 1238 326 1274 1
300 283 326 1289 1
1071 974 1208 1290 1
240 1071 1208 1290 1
1208 1290 226 240 1
974 1196 1208 1290 1
1290 1208 226 1196 1
292 302 291 1290 1
1117 1113 1003 1292 1
977 1138 1257 1335 1
291 240 878 1290 1
1079 1116 1332 1170 1
340 239 291 1290 1
239 240 291 1290 1
240 226 878 1290 1
1351 1160 1054 1074 1
1054 642 660 652 1
679 1351 1160 824 1
1060 1118 1234 1351 1
1161 1117 1292 1273 1
1292 921 1161 914 1
1161 914 1273 1292 1
47 1292 921 1068 1
921 1292 1161 1130 1
1068 921 1130 1292 1
87 56 916 1292 1
916 56 917 1292 1
917 56 920 1292 1
56 47 920 1292 1
1292 47 921 56 1
295 1303 1205 203 1
1082 1153 1342 1349 1
414 433 867 1293 1
414 1378 364 347 1
365 433 414 1293 1
177 1145 1303 1385 1
792 786 982 1379 1
347 365 414 1293 1
1229 975 972 1255 1
710 1144 673 837 1
734 744 735 1294 1
744 681 735 1294 1
734 735 825 1294 1
744 710 681 1294 1
681 710 689 1294 1
1132 1125 549 580 1
1125 1132 549 1297 1
549 1132 580 852 1
443 1295 1251 461 1
1329 802 1319 1027 1
522 549 1125 523 1
1132 1125 580 1054 1
1140 942 1062 1127 1
522 856 857 1297 1
856 548 857 1297 1
522 549 856 1297 1
549 522 1125 1297 1
482 429 483 1298 1
483 429 430 1298 1
429 1112 412 430 1
1273 913 1281 1299 1
1139 6 1222 1327 1
1111 1012 1156 1346 1
29 6 30 1327 1
141 913 1273 1299 1
141 176 913 1299 1
60 1301 1193 928 1
455 367 1179 1300 1
1221 997 1267 1300 1
1036 1221 1267 1300 1
997 348 307 1267 1
997 348 1267 1300 1
262 307 997 1300 1
1325 1036 953 1221 1
1300 1212 1179 455 1
1212 1300 1030 1036 1
308 367 348 1300 1
367 366 348 1300 1
349 1300 1110 367 1
366 367 455 1300 1
1366 1354 620 576 1
1262 1097 1279 1328 1
1053 1345 1262 1328 1
29 30 929 1301 1
958 1085 1022 1361 1
1244 1021 290 1310 1
1123 558 534 557 1
646 594 572 1302 1
617 594 646 1302 1
637 646 572 1302 1
594 617 558 1302 1
594 491 572 1302 1
558 617 1123 1302 1
1119 1306 1262 1217 1
143 1385 116 144 1
203 169 204 1303 1
169 177 204 1303 1
370 1140 1305 320 1
434 370 1077 1305 1
970 957 1047 1064 1
1116 1009 1079 1385 1
1022 1140 957 942 1
1140 1022 957 1305 1
297 1305 1140 369 1
1143 332 333 306 1
350 368 1022 1305 1
368 416 1022 1305 1
370 393 369 1305 1
393 350 369 1305 1
320 370 369 1305 1
370 434 393 1305 1
297 1305 350 1140 1
368 350 393 1305 1
416 368 393 1305 1
155 894 1090 1306 1
1090 894 1217 1306 1
1119 1217 1304 1306 1
1306 1119 1262 1235 1
1235 1119 1304 1306 1
183 111 1304 1306 1
1217 183 1304 1306 1
143 1385 144 1303 1
1090 1007 1188 1306 1
1188 1007 1277 1306 1
111 183 894 1306 1
894 183 1217 1306 1
103 111 102 1306 1
101 103 102 1306 1
102 111 155 1306 1
1014 992 1378 1384 1
414 413 364 1384 1
945 952 956 1308 1
956 952 1205 1308 1
1009 981 1308 1376 1
981 950 1325 1376 1
442 520 863 1377 1
317 364 1375 1378 1
964 977 1197 1376 1
964 943 977 1376 1
1214 1013 961 1253 1
946 964 1197 1376 1
1031 1376 950 964 1
992 945 1308 1376 1
1016 547 492 1104 1
780 1280 1182 768 1
1311 356 1138 1021 1
407 395 1138 1311 1
184 1336 886 238 1
977 801 1008 1311 1
801 407 1008 1311 1
1008 407 1138 1311 1
977 1008 1138 1311 1
395 385 327 1311 1
407 385 395 1311 1
801 385 407 1311 1
290 395 327 1311 1
807 1061 1065 1313 1
1024 742 753 822 1
753 779 815 1313 1
753 815 816 1313 1
753 816 1024 1313 1
1276 978 687 1063 1
59 1306 1162 103 1
85 42 1253 1314 1
1141 18 26 938 1
18 1141 1260 938 1
18 1141 26 1314 1
1162 1051 1306 1383 1
26 42 41 1314 1
18 26 41 1314 1
42 66 41 1314 1
85 66 42 1314 1
376 1006 1319 1027 1
66 85 805 1314 1
976 1056 979 1316 1
1373 1203 1275 1282 1
541 511 1203 1373 1
943 953 950 980 1
1282 1067 1092 1158 1
344 1136 1317 315 1
365 1143 1293 347 1
452 411 1121 1317 1
1317 452 1078 1121 1
344 386 343 1317 1
386 342 343 1317 1
386 344 387 1317 1
428 386 411 1317 1
411 386 387 1317 1
344 1136 315 330 1
344 1136 387 1317 1
428 411 452 1317 1
376 798 802 1319 1
396 798 376 1319 1
340 396 376 1319 1
1334 1254 227 1091 1
460 798 397 1319 1
798 396 397 1319 1
1320 1168 383 948 1
458 384 1004 1320 1
1004 383 1320 384 1
981 992 1325 1143 1
498 489 458 1320 1
489 498 497 1320 1
489 1073 540 1320 1
489 465 458 1320 1
540 975 489 1320 1
465 384 458 1320 1
294 360 1108 1321 1
252 271 294 1321 1
272 252 199 1321 1
271 252 272 1321 1
229 272 199 1321 1
197 198 1086 1371 1
1020 1215 1318 1322 1
1036 1325 953 1388 1
1124 1070 1153 1349 1
1024 753 1313 1118 1
1182 1280 1322 1312 1
1182 1082 1312 1322 1
1312 1082 1318 1322 1
1280 1312 1318 1322 1
1215 1280 1318 1322 1
1087 963 1322 978 1
1165 1302 1059 1355 1
1020 978 1087 1322 1
1020 1087 1215 1322 1
1215 1087 1280 1322 1
1336 258 1244 884 1
1184 1241 1041 1052 1
486 1185 862 1154 1
744 1245 734 755 1
936 1126 1264 1323 1
1323 936 32 1264 1
1241 1184 1041 1323 1
1184 1241 25 1323 1
1241 1184 53 1052 1
11 20 937 1323 1
25 11 937 1323 1
195 1044 1159 1299 1
150 195 1299 1326 1
213 158 1208 1326 1
158 213 150 1326 1
107 1046 1208 1326 1
158 1046 107 1326 1
106 1046 76 158 1
158 107 1208 1326 1
1044 250 875 213 1
150 1044 250 1326 1
150 1044 1326 213 1
250 195 150 1326 1
141 106 150 1326 1
106 141 87 1326 1
106 158 150 1326 1
1053 1274 1345 1328 1
1274 1345 1328 1043 1
283 1043 1274 1328 1
283 1274 1289 1328 1
300 283 1289 1328 1
267 249 324 1328 1
249 300 324 1328 1
324 300 325 1328 1
424 324 325 1328 1
1124 828 1153 1331 1
714 703 827 1331 1
722 740 1153 1342 1
714 827 828 1331 1
1082 1312 1318 1342 1
1124 828 714 740 1
423 800 1282 1360 1
282 1067 1279 312 1
405 1067 1279 1360 1
1279 1053 1328 1360 1
406 1360 1192 424 1
1067 1262 1279 1360 1
831 630 832 1333 1
688 630 831 1333 1
832 630 845 1333 1
688 831 833 1333 1
1196 1254 1330 1334 1
260 226 891 1334 1
891 226 1330 1334 1
227 260 891 1334 1
227 891 1330 1334 1
226 260 878 1334 1
260 1290 878 1334 1
1003 955 1257 1335 1
954 1003 1257 1335 1
955 943 1009 1335 1
1009 1335 977 1257 1
955 1009 1257 1335 1
211 884 886 1336 1
703 672 1331 1341 1
1073 1076 942 1320 1
672 1070 1331 1341 1
1124 828 1331 714 1
14 988 17 1337 1
287 286 1143 306 1
988 14 17 39 1
182 1090 896 1374 1
8 1268 1075 940 1
14 3 940 1337 1
3 10 939 1337 1
731 738 1033 1338 1
1124 1272 1095 1338 1
1272 1124 1095 1129 1
739 712 751 1338 1
712 748 751 1338 1
738 739 751 1338 1
720 739 738 1338 1
738 1177 731 720 1
695 1129 1272 1339 1
670 695 1272 1339 1
1339 607 619 639 1
639 607 1173 1339 1
1173 607 1224 1339 1
18 1141 1314 1260 1
639 686 638 1339 1
686 671 638 1339 1
619 639 638 1339 1
1106 637 618 1363 1
702 647 703 1341 1
647 672 703 1341 1
713 702 714 1341 1
672 647 648 1341 1
812 722 813 1342 1
740 722 812 1342 1
129 104 1288 1343 1
1285 129 1288 1343 1
903 129 1285 1343 1
104 901 902 1343 1
901 104 903 1343 1
74 104 902 1343 1
104 129 903 1343 1
544 479 1038 1344 1
1038 479 1246 1344 1
570 605 590 1344 1
555 605 570 1344 1
605 555 544 1344 1
555 479 544 1344 1
1023 951 1053 1345 1
1345 1053 1262 951 1
1325 963 1348 1376 1
1013 1214 961 1345 1
640 999 1354 620 1
1346 121 1111 1012 1
121 187 1098 1346 1
1012 121 1098 1346 1
202 201 122 1346 1
201 142 122 1346 1
122 1156 161 202 1
201 1156 202 230 1
201 187 142 1346 1
132 122 142 1346 1
187 1084 201 273 1
796 122 132 1346 1
122 796 161 1346 1
201 1156 1346 202 1
187 121 142 1346 1
121 132 142 1346 1
459 425 866 1347 1
406 425 459 1347 1
866 1038 1347 437 1
479 1246 499 1347 1
425 406 870 1347 1
1241 1184 25 53 1
992 1348 1142 1103 1
1048 286 1378 993 1
992 963 1322 1033 1
973 1000 1348 959 1
973 1000 959 1001 1
1313 1060 1118 789 1
1322 992 1103 1348 1
992 1322 1103 986 1
37 1079 62 1170 1
826 1074 1237 841 1
457 972 1229 420 1
1348 1063 978 1000 1
764 1186 775 1202 1
989 1106 1165 1355 1
1059 987 1165 1355 1
987 952 989 1355 1
642 1054 660 1351 1
1139 969 1291 1352 1
16 1139 1291 1352 1
663 1166 836 1120 1
47 1068 1130 1352 1
969 1068 1350 1352 1
1068 969 1130 1352 1
47 46 929 1352 1
1103 1017 1366 1368 1
214 888 889 1353 1
888 1269 214 241 1
1354 629 1175 1070 1
664 983 1219 663 1
1175 1070 1349 1354 1
816 1024 1065 742 1
629 640 659 1354 1
629 659 1070 1354 1
1070 659 1349 1354 1
649 640 1240 1354 1
640 649 659 1354 1
659 649 1240 1354 1
576 620 850 1354 1
640 600 850 1354 1
620 640 850 1354 1
629 600 640 1354 1
803 967 156 1265 1
945 952 1009 1355 1
1009 952 1156 1355 1
941 1009 1156 1355 1
782 793 787 1356 1
663 983 1219 1120 1
983 664 622 663 1
1016 482 492 505 1
612 664 622 1357 1
612 622 583 1357 1
552 612 583 1357 1
623 664 612 1357 1
297 1022 350 998 1
603 612 552 1357 1
603 623 612 1357 1
496 552 583 1357 1
665 664 623 1357 1
511 531 478 1373 1
845 1122 1333 1359 1
1122 845 1150 1359 1
1366 576 620 854 1
1202 1174 1234 743 1
241 1091 1269 284 1
894 1374 1090 1217 1
1362 596 575 638 1
1034 1053 1262 1360 1
1279 1053 1262 1328 1
324 1279 1328 1360 1
424 324 1328 1360 1
834 710 1216 1381 1
800 532 1282 1360 1
512 799 1192 1360 1
512 800 1360 532 1
1211 1000 1001 1063 1
405 424 423 1360 1
423 424 799 1360 1
324 424 405 1360 1
800 423 799 1360 1
1026 958 1030 1361 1
574 575 638 1362 1
494 1133 1163 1364 1
1104 546 1207 1363 1
545 1363 606 1225 1
1165 1207 1225 1363 1
382 972 422 404 1
1225 560 1363 1207 1
546 1363 560 1207 1
573 595 618 1363 1
606 573 618 1363 1
606 618 637 1363 1
637 1106 618 669 1
606 637 572 1363 1
573 606 560 1363 1
1363 546 560 573 1
1111 1009 1170 1116 1
87 106 1326 1370 1
494 564 1133 1364 1
456 524 861 1364 1
494 456 861 1364 1
524 456 462 1364 1
444 456 494 1364 1
564 494 861 1364 1
430 431 865 1365 1
1033 1280 1228 1322 1
1163 1030 1179 1369 1
1242 516 518 517 1
1026 944 1157 1200 1
538 601 854 1366 1
531 541 588 1373 1
538 854 855 1366 1
854 576 855 1366 1
1147 1089 1148 1367 1
269 1147 1148 1367 1
1089 269 1148 1367 1
214 241 1269 1367 1
214 1269 1353 1367 1
881 228 1147 1367 1
1163 1122 1212 1372 1
228 214 1353 1367 1
241 269 284 1367 1
269 314 284 1367 1
269 214 881 1367 1
269 241 214 1367 1
214 228 881 1367 1
1368 1063 641 687 1
999 650 1020 1368 1
11 1075 1323 31 1
978 1020 999 1322 1
1020 978 999 1368 1
728 1031 1056 979 1
620 1366 601 1368 1
251 1367 1147 269 1
1063 1368 1017 978 1
251 1367 269 881 1
966 958 1361 1369 1
1081 1133 1259 1369 1
1081 947 1133 1369 1
76 106 916 1370 1
68 1046 1284 927 1
68 1046 1113 1284 1
68 916 917 1370 1
68 76 916 1370 1
1091 1353 995 167 1
534 1059 1109 1123 1
1086 1353 995 1269 1
1258 571 1069 616 1
1086 1353 1367 1371 1
1147 1086 1367 1371 1
1353 228 1367 1371 1
228 1147 1367 1371 1
120 168 995 1371 1
168 120 113 1371 1
113 120 995 1371 1
168 228 895 1371 1
1133 1163 1369 1372 1
947 1133 1369 1372 1
1372 1212 1125 1150 1
1133 1005 947 1081 1
960 726 727 691 1
1368 1063 1017 641 1
1388 985 1054 959 1
985 1054 1150 1372 1
253 205 1048 1375 1
1048 205 1145 1375 1
532 1282 1360 1380 1
767 777 766 1379 1
777 767 792 1379 1
780 767 1228 1379 1
767 766 1228 1379 1
777 792 1056 1379 1
253 317 296 1375 1
296 317 305 1375 1
808 982 1280 785 1
305 317 346 1375 1
346 317 364 1375 1
205 253 296 1375 1
766 777 1228 1379 1
977 1069 1197 1376 1
945 992 1033 1376 1
1095 1376 945 1033 1
623 970 1171 1357 1
1341 968 1070 1124 1
963 950 1033 1376 1
1009 977 1069 1257 1
259 965 212 1021 1
992 1325 1348 1376 1
992 963 1376 1348 1
963 959 1325 1348 1
992 963 1033 1376 1
317 286 347 1378 1
317 253 286 1378 1
253 215 286 1378 1
317 347 364 1378 1
603 1064 613 970 1
542 589 1203 1380 1
1282 1034 1360 1380 1
1034 1192 1360 1380 1
532 543 542 1380 1
512 543 532 1380 1
542 543 615 1380 1
589 542 615 1380 1
1088 1181 1090 1374 1
830 1174 1333 1381 1
661 830 1315 1381 1
1100 661 1178 1381 1
1005 1100 1178 1381 1
1178 661 1315 1381 1
1005 1178 1315 1381 1
673 710 834 1381 1
830 673 834 1381 1
661 673 830 1381 1
85 112 805 1382 1
804 112 806 1382 1
212 965 954 1021 1
73 923 1264 1383 1
1383 1277 54 1243 1
923 1243 1264 1383 1
54 73 1383 923 1
923 54 1243 1383 1
59 101 55 1383 1
101 59 1306 1383 1
73 55 919 1383 1
73 59 55 1383 1
123 144 116 1385 1
144 123 145 1385 1
77 123 116 1385 1
177 144 145 1385 1
123 79 145 1385 1
123 77 78 1385 1
257 247 880 1386 1
247 181 880 1386 1
247 257 278 1386 1
257 1152 278 1386 1
964 1387 1344 1226 1
591 635 556 1387 1
605 556 627 1387 1
635 677 627 1387 1
556 635 627 1387 1
627 1226 677 656 1
701 946 685 658 1
635 964 677 1387 1
677 964 657 667 1
971 947 1030 1388 1
976 953 971 980 1
971 1200 1026 1275 1
950 953 1325 1388 1
1322 968 1349 986 1
959 1325 1036 1388 1
1157 953 1278 944 1
1030 1026 971 953 1
1030 971 1388 953 1
972 382 422 1233 1
1103 538 855 1366 1
730 1031 1025 746 1
973 1325 1036 959 1
1325 959 950 1388 1
1054 1372 1125 1150 1
1054 959 1125 1388 1
1372 1054 1125 1388 1
985 1388 1054 1372 1
