 MeshVersionFormatted 2
 Dimension
 3
 Vertices
 2047
                    0                     3.556                     3.175      0
   9.778361442138E-17                    16.002                     3.175      0
     0.10818550153221                     3.556           2.3532495317995      0
     0.10818550153221                     3.556           3.9967504682005      0
     0.10818550153221                    16.002           2.3532495317995      0
     0.10818550153221                    16.002           3.9967504682005      0
     0.44635229131868                     3.556           1.5601544893338      0
     0.42536934298441                     3.556                    4.7625      0
     0.42536934298441                    16.002                    1.5875      0
     0.42536934298441                    16.002                    4.7625      0
     0.92993596973271                     3.556          0.92993596973271      0
     0.92993596973271                     3.556           5.4200640302673      0
     0.92993596973271                    16.002          0.92993596973271      0
     0.92993596973271                    16.002           5.4200640302673      0
      1.5670206201777                     3.556          0.44108372381911      0
               1.5875                     3.556                     3.175      0
      1.6109775716376                     3.556           5.9343553855995      0
               1.5875                    16.002          0.42536934298441      0
      1.5943995767887                    16.002           3.2274074887688      0
      1.5392641967023                    16.002           5.8876180233584      0
      1.6415927507661                     3.556           2.7641247658998      0
      1.6415927507661                     3.556           3.5858752341002      0
      1.6415927507661                    16.002           2.7641247658998      0
      1.6415927507661                    16.002           3.5858752341002      0
      1.7873360656563                     3.556           2.3948919217862      0
      1.8001846714922                     3.556                   3.96875      0
      1.8001846714922                    16.002                   2.38125      0
      1.8001846714922                    16.002                   3.96875      0
      2.0524679848664                     3.556           2.0524679848664      0
      2.0524679848664                     3.556           4.2975320151336      0
      2.0524679848664                    16.002           2.0524679848664      0
      2.0390049813319                    16.002           4.2799866873328      0
      2.3532495317995                     3.556          0.10818550153221      0
      2.3532495317995                     3.556           6.2418144984678      0
      2.3532495317995                    16.002          0.10818550153221      0
      2.3532495317995                    16.002           6.2418144984678      0
              2.38125                     3.556           1.8001846714922      0
              2.38125                     3.556           4.5498153285078      0
              2.38125                    16.002           1.8001846714922      0
      2.3539526531357                    16.002           4.5288693375586      0
      2.7507451754065                     3.556           1.6471347586074      0
      2.7641247658998                     3.556           4.7084072492339      0
      2.7641247658998                    16.002           1.6415927507661      0
       2.715716417802                    16.002           4.6883558549197      0
                3.175                     3.556       1.8048229752423E-17      0
                3.175                     3.556                    1.5875      0
                3.175                     3.556                    4.7625      0
                3.175                     3.556                      6.35      0
                3.175                    16.002        1.478049247444E-17      0
                3.175                    16.002                    1.5875      0
      3.2322492806522                    16.002                    4.7625      0
                3.175                    16.002                      6.35      0
      3.5858752341002                     3.556           1.6415927507661      0
      3.5858752341002                     3.556           4.7084072492339      0
      3.5858752341002                    16.002           1.6415927507661      0
      3.6338755330999           15.995867141799           4.6885248743903      0
      3.9554215035746                     3.556           1.7812093969113      0
              3.96875                     3.556           4.5498153285078      0
      3.9530069364514                    16.002           1.7936636810571      0
      3.9395531558453           15.995481202451           4.5619090573352      0
      4.2975320151336                     3.556           2.0524679848664      0
      4.2975320151336                     3.556           4.2975320151336      0
      4.2975320151336                    16.002           2.0524679848664      0
      4.2663448323022                    16.002           4.3214627821993      0
      4.5396498313008                     3.556           2.3680020661123      0
      4.5534502997571                     3.556           3.9599744031111      0
      4.5498153285078                    16.002                   2.38125      0
       4.533270963094                    16.002           3.9903110367848      0
      4.7084072492339                     3.556           2.7641247658998      0
      4.7084072492339                     3.556           3.5858752341002      0
      4.7084072492339                    16.002           2.7641247658998      0
      4.7084072492339                    16.002           3.5858752341002      0
      4.7606071408363           3.5653847512816           3.1606223072223      0
               4.7625                    16.002                     3.175      0
               6.6675       1.3577644727268E-49                     3.175      0
               6.6675                     3.556                     3.175      0
               6.6675                    16.002                     3.175      0
               6.6675                    19.558                     3.175      0
      6.7961511219363      -9.0311697011941E-35           2.3038411534575      0
      6.7976129207203        1.482032275616E-34           4.0496879409921      0
      6.7756855015322                     3.556           2.3532495317995      0
      6.7756855015322                     3.556           3.9967504682005      0
      6.7756855015322                    16.002           2.3532495317995      0
      6.7777269474017                    16.002           4.0016789545056      0
      6.7756855015322                    19.558           2.3532495317995      0
      6.7840595398638                    19.558           4.0169671851123      0
      7.0928693429844      -1.2221340403691E-34                    1.5875      0
      7.0877351128386       3.0813025185457E-34           4.7501048719496      0
      7.0928693429844                     3.556                    1.5875      0
      7.0928693429844                     3.556                    4.7625      0
      7.0928693429844                    16.002                    1.5875      0
      7.0928693429844                    16.002                    4.7625      0
      7.0728675372439                    19.558           1.6357886306908      0
      7.0928693429844                    19.558                    4.7625      0
      7.5974359697327      -9.9982214619672E-35          0.92993596973271      0
      7.5974359697327       5.1261811906376E-34           5.4200640302673      0
      7.5800239406992                     3.556          0.92559978060148      0
      7.6331905918437                     3.556           5.4547090676658      0
      7.5974359697327                    16.002          0.92993596973271      0
      7.5974359697327                    16.002           5.4200640302673      0
      7.5974359697327                    19.558          0.92993596973271      0
      7.6373715078708            19.55768633617           5.4507076464601      0
      8.2599113461251      -2.2120690781337E-35           0.4233349968099      0
                8.255       7.2734633376455E-34           5.9246306570156      0
                8.255                     3.556          0.42536934298441      0
      8.2270625903118                     3.556           5.9031935285876      0
      8.2006733871765                    16.002          0.46705561916934      0
                8.255                    16.002           5.9246306570156      0
                8.255                    19.558          0.42536934298441      0
                8.255                    19.558           5.9246306570156      0
      9.0207495317995       1.0368409901506E-34          0.10818550153221      0
      9.0705872499752       9.5246401020217E-34           6.2483757585397      0
      8.9799261073169                     3.556           0.1250951176154      0
      9.0207495317995                     3.556           6.2418144984678      0
      9.0207495317995                    16.002          0.10818550153221      0
      9.0207495317995                    16.002           6.2418144984678      0
      9.0207495317995                    19.558          0.10818550153221      0
      9.0342785600732                    19.558           6.2435956288299      0
               9.8425       2.7123970053285E-34                         0      0
               9.8425       1.1375874007422E-33                      6.35      0
      9.8183265261536           3.5365348119352        0.0031824982072387      0
      9.7543073946997                     3.556                      6.35      0
      9.7488108241377           16.010207183205         0.012334413999175      0
      9.7341130008845           15.990778054045                      6.35      0
               9.8425                    19.558                         0      0
               9.8425                    19.558                      6.35      0
             10.63625                     3.175       1.8048229752423E-17      0
      10.649828879413           3.1661801577463                      6.35      0
             10.63625                    16.383       1.8048229752423E-17      0
             10.63625                    16.383                      6.35      0
       13.02101793776                    16.383           3.1482786097911      0
              13.0175                    19.558                     3.175      0
      13.017529459279       8.1702394146979E-34           3.1846712120042      0
      13.019263512943                     3.175            3.170849608255      0
      13.069118112388       6.7650993669099E-34           2.7734740639685      0
      13.069118112388                     3.175           2.7734740639685      0
      13.071592750766                    16.383           2.7641247658998      0
      13.071592750766                    16.383           3.5858752341002      0
      13.071592750766                    19.558           2.7641247658998      0
      13.071592750766                    19.558           3.5858752341002      0
        13.0741243001       9.5731272687287E-34           3.5952092829243      0
        13.0741243001                     3.175           3.5952092829243      0
      13.225374577974       5.4534650975178E-34           2.3896402449203      0
      13.225374577974                     3.175           2.3896402449203      0
      13.230184671492                    16.383                   2.38125      0
      13.248271340669                    16.383           3.9923210061813      0
      13.230184671492                    19.558                   2.38125      0
      13.226581087984                    19.558           3.9600501798217      0
      13.235045789978       1.0878158440132E-33           3.9771107856417      0
      13.235045789978                     3.175           3.9771107856417      0
      13.475650236132       4.3247223144024E-34           2.0593273953125      0
      13.475650236132                     3.175           2.0593273953125      0
      13.482467984866                    16.383           2.0524679848664      0
      13.482467984866                    16.383           4.2975320151336      0
      13.482467984866                    19.558           2.0524679848664      0
      13.482467984866                    19.558           4.2975320151336      0
      13.489327395313       1.1996397211242E-33           4.3043497638684      0
      13.489327395313                     3.175           4.3043497638684      0
      13.802889214358       3.4557929728975E-34           1.8050457899779      0
      13.802889214358                     3.175           1.8050457899779      0
             13.81125                    16.383           1.8001846714922      0
             13.81125                    16.383           4.5498153285078      0
             13.81125                    19.558           1.8001846714922      0
             13.81125                    19.558           4.5498153285078      0
       13.81964024492       1.2851637457786E-33           4.5546254220263      0
       13.81964024492                     3.175           4.5546254220263      0
      14.184790717076        2.905893171653E-34              1.6441243001      0
      14.179764603465                     3.175           1.6462421490344      0
        14.1941247659                    16.383           1.6415927507661      0
        14.1941247659                    16.383           4.7084072492339      0
      14.167889507462                    19.558           1.6524597506233      0
      14.159761672365                    19.558           4.6941735898468      0
      14.203474063968       1.3385595970312E-33           4.7108818876118      0
      14.203474063968                     3.175           4.7108818876118      0
      14.595328787996       2.7124976733713E-34           1.5875294592786      0
      14.595328787996                     3.175           1.5875294592786      0
               14.605       3.2029368892708E-34      -1.4099832412739E-15      0
               14.605       5.4247940106569E-34                      6.35      0
               14.605                     3.175      -1.4099832412739E-15      0
               14.605                     3.175                      6.35      0
               14.605                    16.383                         0      0
               14.605                    16.383                    1.5875      0
               14.605                    16.383                    4.7625      0
               14.605                    16.383                      6.35      0
               14.605                    19.558                         0      0
               14.605                    19.558                    1.5875      0
               14.605                    19.558                    4.7625      0
               14.605                    19.558                      6.35      0
      14.614671212004         1.35618843586E-33           4.7624705407214      0
      14.614671212004                     3.175           4.7624705407214      0
      15.006525936031       2.8887860616591E-34           1.6391181123882      0
      15.006525936031                     3.175           1.6391181123882      0
        15.0158752341                    16.383           1.6415927507661      0
        15.0158752341                    16.383           4.7084072492339      0
        15.0158752341                    19.558           1.6415927507661      0
        15.0158752341                    19.558           4.7084072492339      0
      15.025209282924       1.3368488860318E-33              4.7058756999      0
      15.025209282924                     3.175              4.7058756999      0
      15.260497947022       4.8561552311905E-34           0.1879405779905      0
      15.329531032337       7.1067480456308E-34           6.1422666552836      0
      15.329531032337                     3.175          0.20773334471641      0
      15.329531032337                     3.175           6.1422666552836      0
      15.329531032337                    16.383          0.20773334471641      0
      15.329531032337                    16.383           6.1422666552836      0
      15.281119465843                    19.558          0.19385306052967      0
      15.329531032337                    19.558           6.1422666552836      0
       15.39035975508        3.422744574185E-34           1.7953745779737      0
       15.39035975508                     3.175           1.7953745779737      0
             15.39875                    16.383           1.8001846714922      0
             15.39875                    16.383           4.5498153285078      0
             15.39875                    19.558           1.8001846714922      0
             15.39875                    19.558           4.5498153285078      0
      15.407110785642       1.2818589059073E-33           4.5449542100221      0
      15.407110785642                     3.175           4.5449542100221      0
      15.720672604688       4.2779848207284E-34           2.0456502361316      0
      15.720672604688                     3.175           2.0456502361316      0
      15.727532015134                    16.383           2.0524679848664      0
      15.727532015134                    16.383           4.2975320151336      0
      15.727532015134                    19.558           2.0524679848664      0
      15.727532015134                    19.558           4.2975320151336      0
      15.734349763869       1.1949659717568E-33           4.2906726046875      0
      15.734349763869                     3.175           4.2906726046875      0
      15.974954210022       5.3962235918389E-34           2.3728892143583      0
      15.974954210022                     3.175           2.3728892143583      0
      15.979815328508                    16.383                   2.38125      0
      15.979815328508                    16.383                   3.96875      0
      15.979815328508                    19.558                   2.38125      0
      15.979815328508                    19.558                   3.96875      0
      15.976750186956       1.0856434230926E-33           3.9707534599908      0
      15.984625422026                     3.175           3.9603597550797      0
      15.985841111636       6.7493648692699E-34          0.57834829198376      0
      15.932578833388       8.4480307627753E-34           5.8017286443106      0
      15.985841111636                     3.175          0.57834829198376      0
      15.939031203351                     3.175           5.7980850239716      0
      15.985841111636                    16.383          0.57834829198376      0
      15.985841111636                    16.383           5.7716517080162      0
      15.985841111636                    19.558          0.57834829198376      0
      15.942552879256                    19.558           5.7960963515877      0
        16.1358756999       6.7012547632421E-34           2.7547907170757      0
        16.1358756999                     3.175           2.7547907170757      0
      16.138407249234                    16.383           2.7641247658998      0
      16.138407249234                    16.383           3.5858752341002      0
      16.138407249234                    19.558           2.7641247658998      0
      16.138407249234                    19.558           3.5858752341002      0
      16.140881887612       9.5092826650608E-34           3.5765259360315      0
      16.140881887612                     3.175           3.5765259360315      0
      16.192470540721       8.1041426172728E-34           3.1653287879958      0
      16.192470540721                     3.175           3.1653287879958      0
              16.1925                    16.383                     3.175      0
              16.1925                    19.558                     3.175      0
      16.537903533894       8.2658785121433E-34           1.0915007461904      0
      16.537903533894       9.7239061198534E-34           5.2584992538096      0
      16.537903533894                     3.175           1.0915007461904      0
      16.537903533894                     3.175           5.2584992538096      0
      16.537903533894                    16.383           1.0915007461904      0
      16.537903533894                    16.383           5.2584992538096      0
      16.486287371672                    19.558           1.0435225479783      0
      16.537903533894                    19.558           5.2584992538096      0
      16.944316635122       -1.942890293094E-16           1.7023428378225      0
      16.955414041862       1.0515447000114E-33           4.6309776724569      0
      16.955414041862                     3.175           1.7190223275431      0
      16.955414041862                     3.175           4.6309776724569      0
      16.955414041862                    16.383           1.7190223275431      0
      16.972822261199                    16.383           4.5836182948214      0
      16.946448073615           19.544464233222           1.7055464066613      0
      16.916628455065                    19.558           4.6892727148475      0
       17.21545431086       1.0373846222909E-33            2.426466613566      0
      17.197774685602       1.0871681575004E-33           3.9716311288182      0
       17.21545431086                     3.175            2.426466613566      0
       17.21545431086                     3.175            3.923533386434      0
       17.21545431086                    16.383            2.426466613566      0
       17.21545431086                    16.383            3.923533386434      0
       17.21545431086                    19.558            2.426466613566      0
       17.21545431086                    19.558            3.923533386434      0
             17.30375       1.0849588021314E-33                     3.175      0
             17.30375                     3.175                     3.175      0
             17.30375                    16.383                     3.175      0
       17.30038502516                    19.558           3.1464731711538      0
      8.9918938049261           7.2643046996079           5.4123173413771      0
     0.88399018433322           6.4176991616118           2.6667220923635      0
      1.0209730465029           6.5539444859129           4.0873526237699      0
      1.1029291221926           7.8846627194364           4.2122696006631      0
     0.78392959725339           9.7699558584554           2.1762374588174      0
      1.0737075942046           9.5722320952023           4.2926382382779      0
      0.7632404059626           11.955931196237           2.8028666028023      0
      1.0043527321431           13.328917651227           2.5885252175488      0
      1.0868998667062           13.316858305603            4.180247489385      0
      4.4860898776607           10.148882482735        1.276826320178E-17      0
      2.2194677504881           4.3003930220626            5.321359926385      0
      2.0786809590173           6.3762306624841          0.80121817748318      0
      2.3612797913653           7.9853860049241          0.97215064026274      0
      2.7310922418996           8.3100264876479           5.5852380956548      0
      2.3613302229005           9.6029419342491           1.0492561689489      0
      2.6081377561457           12.107726765002          0.89748605335014      0
      2.4262215816423           11.816053106487           5.4129306134857      0
      2.3805921853173           13.622215214227           5.3944052793185      0
      2.6006094263349           15.177031878228          0.84610243137216      0
      7.2089149401276           4.5289882326155            5.028166882544      0
      4.0543901807263           4.2869679520808           1.0076095198719      0
      4.0716386413006           4.4082858936428           5.4159464703026      0
      4.2081454699174           6.2415361623196          0.92272966838877      0
      4.2510296056944           5.9504189693792           5.4029029455984      0
       3.938850721707           7.6679877219828           0.9448215290591      0
      3.8417368311152           8.2923511907115            5.525611351814      0
      4.0852484174952             9.72129389773             1.01275382801      0
       4.001097017792           11.547521999702          0.69592190113743      0
      3.9550493587855           11.649306530093           5.4884545986125      0
      4.4134794215225           13.392886411454           1.1169328861313      0
      8.4077493335397           14.426195109148           1.5212247097662      0
      3.9158566710277           13.647409823224           5.3809417270552      0
      4.2711687145388           15.351160104154           1.1006828069421      0
      5.7097461037241           4.4707299817779           2.4675714547169      0
             10.63625           6.3962828034464           2.7089809642045      0
             10.63625           8.3842256244835           2.8156598977321      0
      5.8007778251671           5.9884437035158          0.91587302999953      0
      5.5515257863253           6.2717769193426           2.0152928120863      0
      6.4262613107147            5.782994036911           4.2824900034863      0
      5.9096501378284           8.1886611437708           1.0208451979054      0
      5.6081191684798           7.3708827987968           2.4672124886291      0
      5.8239115907112           8.6600809679012           3.5699697928434      0
      5.6079099834004           9.5754471785679          0.87984315123554      0
      5.3382884537755           9.8321820209474           2.1966376177252      0
      6.5218719520073           9.8922393619658            4.001386386834      0
      5.6092461643019           11.865126848834           2.2848437013577      0
      5.6449702393935           12.216168997107           4.0403891442371      0
      5.8630931823995           11.679644925717           5.4352680985398      0
      6.0259520334502           13.627009245056          0.74509216952274      0
      6.0398487795286            13.56877994757           1.7773769934523      0
      6.0081071959984           13.462905084272           3.6570985123828      0
      5.8318568102054           8.1056280966044           4.8997837177936      0
      5.1113477112055           15.191310578373           4.2842524358243      0
      5.6306869006578           14.895984170761           5.1899269702138      0
             10.63625           4.3296108643724           4.5730829631848      0
      7.8668833388373          0.77833124906293            2.246451908697      0
      7.8461397451727           1.1428019976638            4.090754598408      0
      4.3643305786296           6.2747059890164       1.4115030456296E-17      0
      7.9508901727418           2.2105457167967             2.19797071843      0
      8.0096683792763           2.8296014700124           4.3139499330353      0
      7.9479481029136           4.0499835293067           2.3449782734125      0
      7.7763550505438            4.045894722524           3.7411212842277      0
      5.9606600475932           13.958694539297           4.9857234465712      0
      7.7920580471548           6.3583206530318            2.349277155773      0
      7.6622172462173           6.3323507930741            3.782994734183      0
      8.2931804213365           2.7160795938298          0.40955449464972      0
        7.59690649021           8.1145310015713           2.4082795528282      0
      7.8834212027038           7.6898792375772            4.175421938497      0
      6.5793551084752           4.6784959681944           1.3401279922137      0
      7.6770003905256           10.074408456865          0.87024921366911      0
      8.0567549604474           9.7808448721668           2.2386255002076      0
      7.6552316834209           10.287217537236           4.3105416805148      0
      7.6457430889114           11.395138856102          0.93090067186659      0
      7.6959211380802           11.521622179717           2.1475851046766      0
      7.7614396948866           11.575731725868           4.3121740750486      0
      7.7529453033386           13.412747997002            2.170818283382      0
      7.5432736805444           13.579617247906           3.9243705689622      0
      7.7396457790519           15.277938981538          0.72480192235672      0
      7.7324923474784           15.192798325076           2.1492673740419      0
      7.7310384021832           15.188703634275           3.7893494770657      0
      7.8095910343627           15.008084391655            5.627020728451      0
      10.192402604747           1.0938147937148            2.798182159852      0
      7.8497031062869           17.110697823545           2.4797434272772      0
      7.8908590282547           17.374268390542           3.9671137540135      0
      7.8397143792877            18.56466403246           2.1781616101277      0
      13.082828325707           17.776657269061       6.9222057575469E-18      0
       16.82122610906           1.2176155340604           3.1942259913333      0
      9.5049668392926          0.88926117429164           4.2858810161281      0
      7.8231928842723           7.8916184633374           5.2284421916604      0
      9.8710599602418           2.4735694259039           1.0912310859174      0
      9.6167823881947           2.2631995001171           2.2572898782525      0
      9.9655090978066           2.0194441867019           3.7128871531824      0
      9.4964085008843           4.3491046728119            1.899813989126      0
      9.6672030474436           4.2183733486917           4.0595203553719      0
      9.5840470797405           4.3279225235166           5.2237017102068      0
      6.4011702316292           12.321065608951           1.1687269793894      0
      9.4005042483537           6.2447348501039           2.3104146542388      0
      9.6300386328449           6.3471398182672           4.1421521385412      0
      8.7942726365933           5.3393815898336           1.1009953035601      0
      9.5867201604707           8.2651164382359            0.930318232557      0
      9.4745859452623           7.8900152388171           2.1679290130011      0
      9.4807599119607           7.8242002341694           4.2328870971126      0
      6.9667663389234           7.1540750460698            5.249692076241      0
      9.4354430941348           10.167227661742           2.0712007359521      0
      9.5241885251212           9.3147930801929           4.1733665606792      0
      9.6675393941444           10.111774123828            5.347930185853      0
      9.6767640767958           11.195662940274           1.0226549887463      0
      9.4459277492866           11.570810132795           2.5189482400834      0
      9.2428658693004           11.766257471036           4.0190207354758      0
      9.6830459167575           11.360662226406           5.4447037225211      0
      9.4451386406381           13.667282605775          0.88728503806983      0
      9.4579119632389           13.721352404134           1.9945153658838      0
      9.4925185270883           13.171134525547           4.1304380055179      0
      9.5880944324516            13.58375583846           5.4476997059167      0
      9.5041798832195           15.303080309322           2.1609566194179      0
      9.2699273233375           15.495602649545           4.2389608246711      0
      9.5115176761264           17.261732033784          0.98460966559961      0
      9.4349229212879           17.208817159979           2.3566472447184      0
      9.5665163873606           17.277672977667            4.152307157658      0
      9.3609443548069           17.182986239124           5.6033820315242      0
       9.525677976527           18.693383454479           2.4996840019538      0
       9.597476860476           18.708211615773           4.4060318236708      0
      9.6475008847683           18.772110643997           5.5377231630447      0
       8.344878776258           4.8789210652149           5.2157259035296      0
      11.311883879071          0.81476774814981           2.2126758737902      0
      11.289206102113            2.108662054893           2.0819789199316      0
      11.458855868472           2.0373084871455           4.0178960447898      0
         11.623607527           2.2528225678037           5.3182275738054      0
      5.8657423096414           8.8723508290704           5.5983172123665      0
      4.6602496550401           12.316216205228       1.1727790348901E-17      0
      11.142340967753           17.519800449195           2.2595444579887      0
      11.113248680009            17.49132401358           4.1567481931132      0
      14.653868665159           2.3386567084759          0.75559797834934      0
      11.375367931354            18.60929423984           3.9818469526639      0
      12.308189401686           18.472271939935           5.6304396194724      0
      13.104468069089           1.0340860271423           1.0594804062436      0
      13.129623325637           2.1837583082055           5.2929943726693      0
      13.586590357277           17.330519075974          0.93277064453911      0
      13.748813879344           18.610240745652       3.8935795442994E-18      0
      13.886129808642           18.653391269839           5.5181882641937      0
      14.916093914878          0.64671387512141          0.86056550763201      0
             10.63625           4.1715103434157           2.6551082181606      0
      7.4412689279612           13.345522612184           5.0802762792392      0
      14.894729042074           17.257056030733          0.88877533885221      0
      15.079537901625           17.041091059147           5.5237065751762      0
      15.092885615749           18.962821386636           1.0062659199005      0
      14.880545820053           18.933110564173            5.510795403565      0
      16.486390534593           16.998550213213           2.0625731556015      0
      16.567142579956           18.646980434829           2.2986445736214      0
      11.378092754725                    16.383           1.1716035133745      0
      9.3187225335057           14.761047396552           1.1086261798535      0
       7.703033493759       3.8814107458099E-36           2.3660862817924      0
      8.9934763652112       3.6831970373006E-34           3.6427921611949      0
      7.8548840276536       2.9695545329021E-34           4.0015597878378      0
      9.4767607700319       2.0065918269828E-34           2.5640813402312      0
      4.1591797527637           8.2087735781544       1.4162556768943E-17      0
      4.4326607292765           13.424509498459       1.2052863960544E-17      0
      6.5332909487447           6.8147912728427       8.1020789614464E-18      0
      9.2100581447247           7.2356885004381                      6.35      0
             10.63625            13.65332962895          0.67440684806878      0
      8.8734776086233           8.3037617009532           5.3170560845829      0
       11.89213514271           17.463566524624           2.9346862254284      0
      8.1900634771127           13.385013490383          0.96986166071261      0
      10.949062508978           17.914884754396          0.97271776101123      0
      9.9124273162206           4.3896518535122          0.92316022394719      0
      7.6642027617016            5.910852425209           1.1125232232394      0
             10.63625           4.2991523576425           3.5841859438685      0
             10.63625           14.600918626496           6.3336017624772      0
      5.3908743542077           14.205797898833           3.9751350067623      0
      13.295082882586                    19.558            1.043293881966      0
   0.0057233716607133           4.6717811482724           3.1315266761695      0
      8.7777800757976           18.110907137218           1.5773385512653      0
              13.0175                   17.9705                     3.175      0
      4.2163344881068                     3.556           5.3056319528386      0
      13.076238266073           17.970910778059           2.7529094998415      0
      5.5980177134151                     3.556           4.0806649172177      0
       13.08094949454           17.911994582877           3.6084644118193      0
      13.243053948583           17.891648038075           2.3644784315647      0
      13.230356752383           18.063678508891           3.9689742601833      0
      13.507026970102           18.059018065132           2.0336232126978      0
      13.477713789856           17.989329998086            4.291336227569      0
      13.874863897748            18.08622226349           1.7738349322894      0
       13.82644983137           18.164297534251           4.5561113048068      0
       13.02290170123           1.1251762822533           3.1418507382027      0
      15.039081137769          0.93236816747907           4.7000305290038      0
      15.025209282924           2.1098804154001              4.7058756999      0
      13.084986378385           1.7774480622038           2.7344947032327      0
      13.068774221694           1.9549113029478           3.5563998996622      0
      15.398110156943           1.4388767801573           4.5487467967746      0
      13.236032131872           1.5368392530107           2.3755744463362      0
      13.242942499164           1.4857658267947           3.9872731843022      0
      13.475650236132                    1.5875           2.0593273953125      0
      13.489327395313           1.6227182581644           4.3043497638684      0
      13.799237988994           1.9932960491315           1.8078829808655      0
       13.81964024492                    1.5875           4.5546254220263      0
      11.244535338315                    19.558           1.1570290806986      0
      17.298314304937           1.5539030593403           3.2210815162377      0
      11.799044742515           1.2823496197389           1.0157708320954      0
      12.092148414225                    16.383           2.4505403324086      0
      6.4417029211708           15.215647017263           2.0665317497379      0
       8.582489510453           3.7986911372252            1.362656870113      0
      8.7122391998607           16.145241721385            3.283805034224      0
      15.388311843413           0.8764166092744          0.24092656829188      0
      15.384030076163           2.0246570637875          0.23850867621064      0
      4.7128023567882           14.071111296407           3.5524910778192      0
      9.8699922952216           13.626604061362      -1.9023056784749E-18      0
      16.145465250501            17.87309542757           1.6192457261067      0
      12.501150429603           17.309437469702           5.4421404339325      0
      13.843195003497           2.1751832633512      -1.1358713647911E-15      0
      10.026858956798           17.194161707312                      6.35      0
      11.412485936772           17.312513770843                      6.35      0
      11.204778115042           18.538946835025                      6.35      0
      13.735511511055           17.640025506065                      6.35      0
      5.0735989561374           5.2993647257293           1.4596867529692      0
      4.9226341193909           7.1969734887773           1.3408839697573      0
      4.7598211809353           8.5676077413822           3.1953476509279      0
      5.0060672825365           9.0313653615757           1.5966041363033      0
      4.9674432906744           10.403767440244           1.3134458681116      0
      16.537903533894            18.05498348819           5.2584992538096      0
      5.0714285205893           14.423584562403           1.0867949970644      0
      7.7824512823424                    19.558           4.1245371779579      0
      10.263546660391                    19.558           2.8997189434733      0
      10.072634476452                    19.558           4.0533278681555      0
      7.3585427414212           5.3674756906209           3.1793639515975      0
      6.9728043128488            7.121081427572           1.4999036673334      0
      6.6458058688061           6.7169616207732           2.9694132876694      0
      6.9647110323856           9.2105322078953           1.2642855932353      0
      6.6563808011723           9.2477865839119           2.7013061252249      0
      6.2598747178879           10.824154059612           1.2639805312137      0
      6.6325993784996           10.466808023681           2.6805693850436      0
      6.7500960575567           12.658673738677           2.5534291118014      0
      6.8179084550917           14.302540873525           1.2366418316158      0
      6.7946414568156           14.297931057137           2.8920547462592      0
      6.8849205753838            8.128815065525           5.7335161737399      0
      8.7970041181356           1.4132221276444           2.9991226557431      0
      8.5452903969282            5.504928562508           3.3250394796387      0
      8.4479933218018           7.3201246608026           1.3182581297823      0
      8.6772693078343           7.1382401962074           3.1639765926379      0
      15.269192276925           18.674238260884           6.1595666340538      0
      8.4717343416776           8.7863009847075           1.6054626588828      0
      8.5650669903761           8.6443619936367           3.2693822850065      0
      8.6174760480683           10.683009481599           1.3215957662023      0
      9.4240523723632       6.0013091011782E-34           4.3862706750933      0
      8.5512221064156           10.772269909669           3.2462408028269      0
       8.641516062303           12.302949923332           1.3543246370659      0
      8.2504237041719           12.492019997008           3.4360831940898      0
      11.679018240686       8.1739939141151E-34           3.8344738513143      0
      8.6923142228322           14.174892417353            3.105166999341      0
       8.847809876891           18.012635061096           3.3074461733672      0
      15.061851756254           1.0114388126682           1.6616409248519      0
       10.49900856119           1.6270281534418           1.4194072136663      0
      10.025290002733           18.421636098999           1.5262801668718      0
      15.006525936031            2.260435078839           1.6391181123882      0
      7.9077120799141           18.384083510505           4.0633158330924      0
             10.63625           9.9320546375619           1.6811264253344      0
      12.291107095994           18.605712897662           1.7931650782031      0
      6.6021490070233           7.9431077628369           4.3198365283814      0
      5.4864720194242            4.404713766901       1.1568482630152E-17      0
      5.4918653731439           5.6454058728744       1.1228135684329E-17      0
      4.5399128669104           7.1534744243642           3.9816551392073      0
      5.4145708242736           7.8546541132428       1.0857318775414E-17      0
      5.3429414910768           9.1491163961439       1.0711346707814E-17      0
      8.8079804007039            3.106769711299           3.2561219251043      0
      5.4038748646268           14.908770952103       9.0341905921998E-18      0
      1.4658095195722           6.9518772682829           4.7656316113814      0
      1.6914929027555           8.9874937120994           4.9859771776118      0
      1.5420577889422           11.042358399162           4.8531814756935      0
      7.1613238139938           5.5752783903011       6.7274973360665E-18      0
             10.63625           6.3314000589621           5.6574644470502      0
      7.2409206732554           10.995042169695       5.0890605189069E-18      0
      5.7497070218034           11.632723800183       8.9581955771665E-18      0
      5.7642122429206           12.982302763438       8.5645951588769E-18      0
      7.6897677712502           4.5413388445948       5.5685185975088E-18      0
      9.1590212352155           7.1644635904856       9.0269229692744E-19      0
      7.5538411329082           7.7732960248005       5.0878971457575E-18      0
      7.5737392418731           9.2851293353018       4.6370983403312E-18      0
      9.0960326657914           4.2143260915585       1.8477638864241E-18      0
      9.4898520242132           5.7028227149748       3.9092623097215E-19      0
      7.1359224974378           8.8907017505938           5.0457163291748      0
      6.7224776150294           11.221158835608           4.7897584090433      0
      15.836413948271           2.0320266458701           1.2530117369155      0
      2.0537642921602           12.151675068359           2.0514732932951      0
      6.4442946214069           12.953068849251           4.9266663877851      0
      7.1207780415691           14.262407602684           4.6674150282322      0
      8.7419732497905           1.4754579882882           5.1616776495821      0
      8.5171998262702           9.5057388138971           5.3365415679912      0
      8.5031286037926           10.761103969595           5.2448469641104      0
      8.3973452175402           12.837217299203           5.0720095661459      0
      8.5033173161645           14.291421909543           5.1351734793212      0
      15.267287625468           17.670752427517           6.1601127246974      0
      10.833016414143            1.204711514295           5.0994697523669      0
      8.7643821594032           12.706975530215           2.4099577870943      0
               14.605           18.632062196336                      6.35      0
      10.741403991391           18.290005082018           4.9984589691406      0
      12.190887802003           1.1073749790655           5.2301935161361      0
      4.2197369154405                     3.556          0.87869392289319      0
      6.1209604646407                     3.556           0.7966126383691      0
      4.8931098098914                     3.556         0.010903978403842      0
      12.925899768379           18.605135040485           4.8424676461023      0
      11.890954765383                    16.383           4.2078163739488      0
      5.0840844619355           7.9115222446172           5.6584314380025      0
      17.299795546645           17.511589727291           3.2085241775682      0
      11.202262871637           2.4043435276006                      6.35      0
      11.478000094376           17.356316066654      -2.0232071606672E-18      0
      4.4346063873485                    16.002                      6.35      0
      13.237875013052                    16.383           5.3193677001021      0
      12.328600802439                    16.383                      6.35      0
      9.8810029290324           17.362391742373      -2.0176240020521E-18      0
      9.9859586849145           18.477844948203      -9.9259362451027E-19      0
      12.400105711268                    16.383                         0      0
      1.3112462464795            5.451762219915           4.5459557362993      0
     0.90510762430955           13.626826505741          0.96229289945384      0
      12.398905265666           17.083313760782           3.2459656259253      0
      9.7438903504964           8.9263942346206            5.451400243823      0
      9.5164314689053           12.406733167804           5.2036020664392      0
        6.74209129741           4.4937423043838           3.9784920411227      0
      15.930783103169           17.634861285229           5.8027426839868      0
      16.024655819109           18.624564654565           5.7355727039107      0
      4.8814957118224           9.0825145685332           5.0318916926838      0
      4.9261989930908           10.697805268296           5.0954530560798      0
      8.9307509618983            2.478801355795           5.0761561661091      0
      4.1404651708544                    16.002          0.95843295273764      0
       6.017867353333           4.4498902575679           5.0957383681111      0
      6.8569493314721           12.412341136439           3.8860355765963      0
             10.63625           10.469574487669            2.457554034266      0
      4.9610212098952           5.1612782181021           4.9086181915678      0
      8.5123849407326           18.451807742476           4.9024500367451      0
      14.093625202264           2.4704950145478           5.5916849153481      0
      6.6738685390154           6.0096847372359           1.3671134781441      0
      11.996230622672           17.757874176869           3.6600855327164      0
      11.921082025254           18.461809329368           2.8811420857898      0
      12.194806168833          0.97142158055176           3.6823173321127      0
      12.382196767299           1.0530799474583           2.1360594598727      0
      9.4222386429887           16.226788893881           2.1928112707533      0
      6.7944321317641           1.1005862641398           4.0420088371551      0
      7.6329678910649           18.519429757778           5.4473286324403      0
      10.850440399153           18.086977524662      -1.3517758659771E-18      0
      11.446147466923                    16.383           5.7029579459808      0
       6.923378666948           6.9504332849416           4.1342772947126      0
      7.0928693429844           2.3638382926881                    1.5875      0
      10.506724316854           18.435341463004           3.3878171959553      0
      3.1036923838591           13.626091110399            1.596887825762      0
      5.5271276323396           4.5251177679498           3.4798917870025      0
     0.89812467302306           13.915342167388           3.3040901579917      0
      8.1814933744078             12.2499566918       2.2135461028821E-18      0
      8.5505054679986           1.4681482990233           1.5320157947853      0
       5.538416126659           6.1773021070898           3.3174490372762      0
      4.5522179643845           13.209532780988           3.9629495238809      0
      11.665945780489           2.3664732549714          0.97186928135686      0
      1.5216924567129           4.4389793253528           4.8994394819844      0
      4.8416407376776           12.602424079434            5.135817939601      0
      4.2683902357225           9.9228423437424           4.3198932889535      0
       4.880096869791           14.129622717367           4.9752302443119      0
      4.3158734984897           11.751896221809           4.2736289286485      0
      8.7960716601142           1.9876176373178            4.105205275037      0
      7.9267187201723           6.8439071422438            5.119434173677      0
      12.947409518154                     3.175           1.0622582541074      0
      11.370632253783                    19.558           4.7405144574694      0
      6.6804666227357           7.8602517183768           3.3308994969757      0
      16.775051361326           2.0872373212051           3.1000649777394      0
      5.4702342658824           10.802557323354           2.4113529145206      0
      5.6685359968974           12.517220570434           2.9032265758631      0
      8.7079524671003           6.0405020048874            5.438248762124      0
             10.63625           11.996773892109          0.75343301820239      0
      9.6118734951624           9.0924006839552           1.6526320957342      0
             10.63625           15.578817697445           1.6333843396131      0
      13.021320674785           2.1793760615803           3.1544526094629      0
      3.2189862101709           13.233996239837                      6.35      0
   0.0059967886310094           8.6170899527181           3.1294498680929      0
     0.90012098928662           12.625890194482          0.96879160874083      0
   0.0067252365809921           10.487231591915           3.1239167565809      0
      5.6044691089749                     3.556           5.6446737372851      0
   0.0026922112198954           12.378036782253           3.1954493744458      0
      2.0851788229476           8.4946721271433           2.0273680760072      0
       8.342834753843           5.2606232426468           2.1137981105569      0
  0.00083803543442011           14.417588863008           3.1813655110976      0
      12.885483730727       7.7063049733529E-34           5.2716463406976      0
      11.972755444764           18.381321475079           4.6296597768219      0
               14.605           18.343052457485                    1.5875      0
     0.89522425561667           4.4022277167247           3.2064672481802      0
      14.996685733062            17.54043090633           1.6390664050269      0
      13.441114587303          0.87282206813824           5.3495931363774      0
      1.9161915322974           14.791620013149           5.1278322880869      0
      4.5323162949118           11.166061511712       1.2376069471813E-17      0
      4.8597456410171           7.3834270217825           4.8570732708123      0
      9.8379535085477           7.1283579824291            3.081766937061      0
      9.6286962008877           9.0881292495615           2.6852036725612      0
      9.8528678395341           14.220738888759           3.1707733611678      0
               14.605           18.448321017294       7.7037197775489E-34      0
      9.6504147038169           5.3001834866502           1.2356566722415      0
             10.63625           13.106525247607           4.9931511139492      0
      9.2436791348378           4.3840781699114           2.9951964687438      0
      10.665086389501            18.85971717553          0.63383050646551      0
     0.44687212264264           8.6797150982298           4.8144123022796      0
     0.41978122762209           9.8529343407375           4.7490090961042      0
        8.48182609182            13.42595014905           4.1557168537099      0
      0.4006310364965           11.476465042441           4.7027764449667      0
     0.42806646061333           12.572069951177           4.7660149521275      0
     0.41661820052732            14.25199270354           4.7413728731938      0
      13.795156222902            18.67963542413          0.91377318465117      0
     0.10513617431502           13.551287956928           3.9735885284495      0
      16.556260441734           2.1576746009166           1.1190913232337      0
     0.10528539155229           14.995087522088           3.9747219458932      0
      14.769005545949           1.1689964426453           5.4979036354933      0
     0.44030115118662           4.9968977642938           4.7985485738725      0
       17.21545431086            17.75927538877            2.426466613566      0
      7.5844722489331           18.326601961318            3.183881662608      0
               14.605            1.013493483411                      6.35      0
      6.0700315932279           7.2814992457422           5.7236361566152      0
      10.421267391614                    19.558           1.8079040655937      0
      10.536989992543       5.7779623187708E-34           5.0406723636088      0
     0.44394896902086            7.310054918237           4.7986581071898      0
      8.0473755180885            14.09879511966                      6.35      0
      2.3523353148564           8.6133971168746          0.10856418258899      0
      11.771063437529           18.646686092463      -8.3743937784136E-19      0
      9.7840324737233           15.937676316269           1.2031818239553      0
      9.6901066665934           15.062562964062           5.2842657269775      0
             10.63625           6.6503596669055           3.7617944320767      0
             10.63625           13.776706370753           3.8410109702398      0
     0.89998403054163           8.7812042168268            3.921424499502      0
      5.2609071581737           6.2923396414352           4.6040694811462      0
             10.63625           11.355252885869           1.7674075952227      0
             10.63625           13.657357187361       1.8048229752423E-17      0
      13.068871028733           1.1318591840843           3.5571021363798      0
     0.91140462369794           11.772756325768           5.3959135099219      0
     0.91113879305963           13.195286510864           5.3955670726892      0
      4.3119966151324           10.544170721627           2.0713186185928      0
     0.44995205988674           6.0035515741306           1.5554631795995      0
      12.301663547301       3.8681537413272E-34           1.4266973541698      0
      12.266029058372                     3.175           1.8952123762724      0
      6.4745703428991           8.8066356441687       7.7380644027245E-18      0
       12.30406859406                    16.383           1.4225022317097      0
      6.2265672568438           5.8168564077932           5.5035499344603      0
      11.377952516628                    19.558                      6.35      0
      14.576426874713            17.57875408518       1.2993872880204E-19      0
      13.195337527713                    19.558                      6.35      0
      6.3382040591161           8.2794157260333           2.1164765159275      0
      12.540508758329                     3.175           4.8340681220057      0
      6.5151739965253           15.084159159479       5.9799705679712E-18      0
      1.9528652733371            4.318497872434            1.180488562124      0
      8.3433621354552           16.404948498171           4.7490509872902      0
      8.3637932847256           2.9091935572975           1.4521403794898      0
      8.5718456752113           16.448616573046           1.3273508853854      0
      2.2410989951331           6.1194180227905           1.3460836266587      0
      10.880067231483           18.678440739761           2.1816940465373      0
       2.037410994151           11.381461315828           1.2381091386552      0
      10.971875636824       4.8150259483254E-34           2.9794328991304      0
      7.2827859220295           12.182757810462           5.3313058661604      0
      1.8792300085404           15.071250920961           1.3811843975445      0
      9.0386976402331           18.105144744153             6.24417741177      0
      9.5484882407722           5.3079304082827           3.6202606243028      0
             10.63625           12.515874653232            2.375132540514      0
       7.397260642488           14.694559248856       3.6945443733758E-18      0
       12.69589733483           18.224300107724          0.87326152570104      0
             10.63625           7.5245957556959           2.7481631304236      0
      16.037681765436            18.87696581975           1.5732658734836      0
             10.63625           9.6081562952565           2.9781867062081      0
             10.63625           14.993498249514           2.6130485246044      0
      4.5657729381536                    16.002           5.5016861402609      0
      5.9324822767365                    16.002           5.5967996227911      0
      7.7218032633714           13.888824593781           5.6753451432965      0
      7.1446510088409           8.7959125944863           3.8229440055978      0
       17.20239881113          0.88231503882486           3.9590511111327      0
      17.216079249055            2.086263906567           3.9182354255934      0
      6.3689131222347            15.00758963044           4.1722462742499      0
             10.63625           10.951599456124           4.1257139334705      0
      5.2189102707778           11.253445396084           4.2854772156606      0
      8.6200487049787           10.749957824744           4.2274224046188      0
      10.277482429546            2.470542186807           4.7588868185096      0
      10.408559846182           17.207477197422           5.3655756281895      0
      8.2554948522508                    19.558           2.9980097150199      0
      9.3442117791623                    19.558           2.0633444333115      0
      11.604825654497                    19.558           2.4390442456857      0
      12.387902068407       1.0616137091364E-33           4.4869061346045      0
      3.0943368472595           4.3960022461821          0.86478601364187      0
      9.1666161839967           5.2779081873374           4.5682018549374      0
      6.6826017446107           6.0129852892226            2.345706721234      0
      10.863679017973          0.97622301390533           3.7486905666179      0
      8.1905983292472           8.8433762282344           4.4532757144749      0
      4.1359377329691           7.1949705456715           5.4552764732031      0
      12.393348254302                    16.383           4.9026916327547      0
       11.65768905409       6.8358738569106E-34           5.2031424814492      0
       5.687885620118           14.850376461445           3.1965219436424      0
      4.2237064561984           6.8508397709679           1.3996816190283      0
      2.7834495392056           4.5721506796313           1.6390485960951      0
      2.7943126278317           5.7447709824463           1.6376184433459      0
      2.7195786457093           6.5073591364693           1.6600443579001      0
       2.783019796122           7.3872380305369           1.6391051728454      0
      2.7476830038527           8.4643935978986           1.6484031515953      0
      2.7706585006111           9.4007394208011           1.6407325682728      0
      2.8046913158572           10.305249489789           1.6362520631457      0
      2.7219689530868           10.945535778662           1.6590542601661      0
      2.7323741383182           11.639906152673           1.6547442913242      0
      2.7227107689895           12.855183673442           1.6587469899584      0
      2.7175506082677           14.096796372564           1.6608843985134      0
      2.7152611009763           15.037008822073           1.6618327434846      0
      5.0629237189404                    16.002           1.0900567396674      0
      1.1072176319188           11.993106808183           3.7680514158435      0
      2.0919992057992           5.8839916309807           2.0221346121768      0
       1.096159572006           4.1827029124658           2.3567300408197      0
      2.0934425428947           7.3578452971194           2.0210271006707      0
      1.2775198942903           5.9827736656796           2.2075784607849      0
      7.0606054906457            5.116387524556           2.1559823986265      0
      1.3347161789548            9.309218368654           2.3411374856595      0
      7.5963530443853           10.578773754616           3.0282273969458      0
      2.0967134085857           11.205213439053            2.018517277152      0
      1.4708958210966           9.8342860982317           2.1087962671269      0
               1.5875            11.66355634602           5.9246306570156      0
      8.2742552940548           4.4227303732076                      6.35      0
      2.0629556226902           13.253940335393           2.0444205373239      0
      1.3418109428441           13.474912176124           1.8971607905729      0
      1.2456677128632           15.181851400336           2.0251509722844      0
      12.145250618214                     3.175           3.8459526724488      0
      4.3029605084056           5.0042965809799           1.2280949259941      0
      7.4063737453073           11.486693412629           3.2098644020929      0
      9.7260667184671           10.345221225701           3.2320296417591      0
      2.4077361674797           4.3045498253853           1.7892137417068      0
      2.4001427574922           5.1443124150344           1.7923590351083      0
      2.4109136935362            5.999189017717           1.7878975673194      0
      2.3422023899488           6.7158825080592           1.8301469565006      0
      2.2910274612023           8.9825431294922           6.2160412729475      0
      2.3532495317995           10.759848049689           6.2418144984678      0
      2.2888597327566            11.69287285376           6.2151433704257      0
      2.3636340171796           13.075862183827           6.2431816419042      0
      1.5754886751771           15.213387596033           5.9154140433176      0
               1.5875           6.0714191463441           5.9246306570156      0
      7.7478681046384           15.326810623915           4.7788839456808      0
               1.5875            7.925209573172           5.9246306570156      0
      1.5386348936738           9.7059490812949            5.887135142161      0
      1.5331355669096           13.908718029874           5.8829153603191      0
      10.026041912352           12.904316119994          0.65127850995716      0
      3.2614249617205           7.0410193043721            5.633281166206      0
      5.0257508422479           4.3211424040125           5.6583093745134      0
      7.6396094851116           9.6527342023479           3.3348582892628      0
       1.705631208012           8.0376662150846           1.5301577807877      0
      7.6365362961576           2.6186927909054           5.4500667659719      0
      3.1104657509983           11.290082402972           5.5772390107217      0
      3.6962000504784            12.75083292013           5.5107100470848      0
      3.9600390245351           4.7428221473947           4.5534235326869      0
      4.0042505211689           5.7085480273588           4.5225748205276      0
              3.96875           6.9288333193946           4.5498153285078      0
              3.96875            8.122323313437           4.5498153285078      0
      3.9315066846425           9.8057906406109           4.5652420148366      0
              3.96875           11.228429653425           4.5498153285078      0
      3.9442381433282           12.890709545477           4.5599684719802      0
              3.96875           14.206596027454           4.5498153285078      0
      3.9776067759116           15.082090202315           4.5430192853243      0
      7.6831783396337           4.8431145430145           1.0467353652112      0
      4.3099919048069           13.535713325007           4.2812939707687      0
      4.2948274472193           15.565297085964           4.2996073030852      0
      4.4692583244167           5.3554034018482                      6.35      0
      8.6871225355025           14.280210603286           4.1231900121945      0
      4.9158260742283           4.5898545940279          0.73741180250419      0
      15.351387102426           18.064838909967           1.7805663169636      0
             15.39875           17.300714088479           1.8001846714922      0
      4.8249336244918           8.4084818880097          0.81581658710678      0
      5.2524380598541           12.995299208601          0.92525860878145      0
      14.969728277446           18.828380106233           1.6355173886665      0
      14.200629741299           17.980161900774            4.709263645492      0
    0.003362618290496            11.43301706646           3.1494583782904      0
      3.1636199432155           4.9224774808447        0.0014982128983718      0
                3.175           6.9730992086351       1.3759061409294E-17      0
      3.2715310303189           8.7474918497658       1.6423887422017E-17      0
                3.175           10.991869248085       1.3759061409294E-17      0
      3.2569656592936           12.290332022962        1.553313030057E-17      0
      3.2209806072972           14.248809899141       1.5116333440261E-17      0
      6.4018096779692           11.629013046596           3.4222157358123      0
      15.404125620283           17.304751479191           4.5456904699879      0
      3.4353783718981           15.349552208749          0.96377308725905      0
      13.699405795841      -5.5511151231258E-17           5.5304409438059      0
      5.1507447523037           8.1416617507641           1.9689784524014      0
      10.691900675334            18.83926684377      -6.6046994587626E-19      0
      2.7641247658997           7.9774838931779         0.054092750766104      0
      4.9828311180743           13.933661349268           1.8802428442497      0
             10.63625           10.417269723806          0.80126642269578      0
      4.9070171345642           15.204776916787           1.8315818907178      0
      16.955414041862           2.1744762199721           1.7190223275431      0
      13.676965163628                     3.175           0.9103486070365      0
      16.955414041862           17.321978308545           4.6309776724569      0
      16.955414041862           18.416125380176           4.6309776724569      0
      16.947494425601           18.617720733232           1.7071190819363      0
      4.6940850253754           7.2484351131679           2.7295478588172      0
      5.4540787433088                    16.002           2.2668418927094      0
      17.207889511952           17.412079944925            3.944113559585      0
             10.63625           15.382636453363           5.2855854422083      0
      11.631379333404                     3.175           5.6009778819014      0
      8.4652461658397           9.8019556587498           4.1004757919661      0
      3.2382805302458           13.238932864417       1.5334650805595E-17      0
     0.91664989518452           7.4227420405881          0.94725071918938      0
      11.395676592047           18.979306497345           5.3792211420154      0
      7.0777728421838           18.622424113942           1.6239461769772      0
      14.453901840308            18.19922669657          0.68729409261445      0
   0.0046421749189572           9.5073933984842           3.1397391807673      0
      3.0042356474443           4.4918814502565           5.4406828321564      0
      3.2323754035557           5.3518387077707           5.5968853460192      0
        2.80840241712           6.1829405011708           5.3631350713457      0
      3.0777843666487           7.6415375661951           5.2351779927177      0
      6.9587244196013           13.250290823712           1.2720977075959      0
             10.63625            6.346643189414           4.7898708737201      0
      2.9805396973821           12.431121285676           5.4754033993307      0
      3.0004555533501           14.442457237788           5.3423274516856      0
      3.2219883986292           15.325487083135           5.3277682296566      0
      6.1286632353141           9.0433418524622           4.5522492642311      0
      4.3020712020562           7.1888029157679            4.291616431564      0
      7.5237935683506           7.1731430527374           3.2637256823582      0
      1.5504011845635           4.5757774795425           5.8961637347091      0
             10.63625           4.6622732235034          0.75536648648676      0
      9.5603134466412           5.2054454368477           2.3871520205581      0
      6.4836986822378           10.067399085561       7.3823374453065E-18      0
      8.2184009146393           6.4608972695885       3.6335773725638E-18      0
      12.000999516382           1.5537396797551                      6.35      0
      4.7558918493719           12.569489380686                      6.35      0
      4.6964417135398           14.452111087428                      6.35      0
      14.203474063968           1.6181129449669           4.7108818876118      0
      6.5499815080558           10.394512630721                      6.35      0
      6.7071642403966           12.510985309804                      6.35      0
      7.0216782049701           14.615374568835                      6.35      0
      8.7753719829278            8.865502985109                      6.35      0
      6.7349649890717           7.0138754354287                      6.35      0
      15.012722538798           17.194161707312           4.7097131383863      0
      6.8344899889149            8.852104786586                      6.35      0
      8.8673584395271           10.715672062669                      6.35      0
     0.10165148826524           14.964011768187           2.4028802899447      0
      2.9990260834119           6.8485793751727          0.89826939448106      0
      3.2958379620134             9.36150373259          0.90500722883883      0
      15.727532015134           17.194161707312           4.2975320151336      0
      15.727532015134           18.869081805874           4.2975320151336      0
      6.0606923874203           5.4029088949751           1.9459333838075      0
      3.3115431174468            13.07132613547          0.84284765459453      0
      7.2196812952113           10.308531626883           1.7645229026686      0
      3.6275332132015           15.452282234176           4.6911519493091      0
      3.5198686211698           4.6655015487826           4.7170971846835      0
      3.5791948068609           6.0033690811773           4.7092867441649      0
      3.5770487936682           7.5304905292794           4.7095692721616      0
      3.5724480118607           9.2823368555292           4.7101749765774      0
      3.5279585155125           10.830069159331            4.716032129888      0
      3.5375737179453           11.989642135523            4.714766264473      0
       3.521609276199            13.01014729405           4.7168680231014      0
      3.6017893817888           13.952276548709           4.7018153934277      0
      3.5858752341002           14.864748751888           4.7084072492339      0
      6.7086736459175           15.245888590263           0.8434853309396      0
      8.8648128574077           9.7332896729097           3.1714055012813      0
      10.000944876526            3.699187026706           1.5664159323634      0
      7.7196255405585           16.129875367584           3.1922240916887      0
      9.8491080752826           16.225922125594           3.2614184193281      0
      9.5296725367875           16.298756337373            5.092684941087      0
     0.85343576954745           5.6180328299175           3.4538738597789      0
      12.579652300706            17.27528319318                      6.35      0
     0.79633125107402           12.739045178099           3.4917646512982      0
      2.3736624039333           13.832041922025          0.10549809593287      0
      8.7137274622653           3.5692705448877       3.0519857569548E-18      0
      7.8132046633504                     3.556      -1.3877787807814E-17      0
        6.68720733039                     3.556       8.5410494244107E-18      0
      6.1761665713151           5.2936968825805           3.1077502950227      0
      7.5045972885557           1.4732537789704           2.9269469658161      0
      4.6410660228964           10.416797836813                      6.35      0
      4.5821716998512           11.657404451729                      6.35      0
      4.1386417963633           13.373251414819                      6.35      0
      3.2047454523029           14.231091300905                      6.35      0
      4.1816083972219            15.21026519248                      6.35      0
      9.4682648078417            18.89249571874           3.3303102092733      0
      5.8571140355426           9.5828664197157                      6.35      0
      5.7797012588478           11.856562399969                      6.35      0
      5.7787058736387           13.242269820962                      6.35      0
      11.269596313791           17.722712330488           3.3008704990623      0
      7.7431824944575            7.925209573172                      6.35      0
      7.8835792907352           9.8089512593099                      6.35      0
      7.8678800630276           11.960889873251                      6.35      0
      7.3130083669977           13.228221223161                      6.35      0
      7.9915906339605           15.295177402193                      6.35      0
      9.6460423422119           4.9730065135245                      6.35      0
      9.3243028137383           6.1423064360874                      6.35      0
      9.7079323741612           8.3409417208366                      6.35      0
      9.2222988111959           9.6853383808857                      6.35      0
      10.047492488314           10.598651343305                      6.35      0
             10.63625           14.403696157304           3.2297464525257      0
      9.7607340199845           11.425806574749                      6.35      0
      9.8061665924121           12.346221091244                      6.35      0
       9.974912191764           14.092127105398                      6.35      0
      13.275702995495                     3.175           5.4320125877028      0
                3.175           7.8999944220491       1.3759061409294E-17      0
       3.666817360217           12.438282970875            1.675120077171      0
       3.665035869854           14.728215004938           1.6743821597014      0
      3.9695767557085           10.403003876834           1.8008190634598      0
      3.9031191488277           11.447670117986           1.7729994828266      0
      3.9496285758284           13.154186048112           1.7922643182684      0
      3.9717184517439           15.190662789878           1.8024624446278      0
      7.5419041813626           12.506256464858           1.1431302512756      0
      9.8663383259686           3.3434607249721           3.0882270339921      0
      15.984625422026           1.7584232864135           3.9603597550797      0
      9.6996379564728           12.420544411303            1.573643524073      0
      15.734349763869          0.91026886914888           4.2906726046875      0
      15.709580203353           2.1842883574987           4.3099198338696      0
      8.9863195114027           2.5582586847465          0.12244688293335      0
             10.63625           15.626055045337       1.8048229752423E-17      0
             10.63625           4.1828806882673           1.4664272751678      0
             10.63625           5.4888225754125           1.5006429884943      0
             10.63625           5.3546776169503            3.308205341854      0
             10.63625           5.4000560674027           4.6794835394216      0
             10.63625           6.9853989299438            1.483624552525      0
             10.63625           7.3840707450009           5.1313674157126      0
             10.63625           8.6419285668747           1.6501695229992      0
             10.63625           7.7509210509125            3.854143636839      0
             10.63625           11.803125518698           4.2448299458057      0
             10.63625           11.183266052424           3.2066106789137      0
             10.63625           9.9178204835756            4.175625903028      0
             10.63625           12.916355756822           1.3954766787119      0
      9.3888222803083            3.525333051355           1.1036909072309      0
             10.63625           12.612512135833           3.4571535025654      0
             10.63625           14.446868561505           1.4580284733707      0
             10.63625           13.698547474655           2.6082822985015      0
             10.63625           15.532959602326          0.80467690508037      0
       2.710598431344           5.4377571920286           4.6862359155168      0
      2.7089084805281           7.0033285513375           4.6855359149691      0
      2.7641247658998           9.0385147065728           4.7084072492339      0
      7.5055494684645           11.172562361687           5.4154633930234      0
      9.6803401359852           10.739682744845           4.3130673308062      0
      9.4603425197828           17.930523283912           5.2415463454091      0
      9.0552753620673           10.109055571617           4.6366440831134      0
      11.834908137001           19.070918550216           5.8640200766298      0
      9.6342171940377            3.107455399035           5.1784571301271      0
      3.1496919628419           5.4529339791412           4.7591681336991      0
      3.1371623714267           6.9301321079571           4.7575185816955      0
      3.2193101123457           8.4513320062209           4.7566664630413      0
      9.0968098939633           10.170396249518           3.8531911220217      0
                3.175           10.201959323782                    4.7625      0
      1.9093801978268           5.3120454725407           2.2389436194801      0
     0.88853991473594           9.3502299136142          0.98388435894004      0
      3.1596813584506           11.501100534365           4.7604832625804      0
      3.1040379712783           12.384524526051           4.7531576716849      0
         3.1237993879           13.434303286801            4.755759311539      0
      3.1024337485002           14.903625034733           4.7529464717495      0
      5.0133000831696           4.3867978241959           2.3028448869521      0
      5.1583527757113           13.228739619053           4.3441019894355      0
      8.6173038384006          0.59089067861704          0.94836747475239      0
      8.9484763863994           14.097131333596                      6.35      0
      8.2405161479563           16.190753011744           2.2992569464575      0
   0.0028767852175066           5.7938142298044           3.1531486468527      0
  2.8738626001268E-17           7.2138821649036                     3.175      0
             10.63625           11.218030791217          0.89208707869292      0
      5.8166130014019                     3.556        0.0054519892019208      0
      15.992605964077           1.4180894054016          0.58463635016729      0
      16.574617349573           1.1403492018332           1.1466819002769      0
      10.064458995234           17.901816254577           2.7337753421931      0
        6.77314631473           13.998618076256           5.5987996364095      0
      16.140881887612           1.9561491529341           3.5765259360315      0
      12.173184333073                     3.175                      6.35      0
      9.5282749178577           16.922132866437           6.3086314831314      0
      9.8953636889663           17.911608325808                      6.35      0
       9.779035338194           13.265862988721                      6.35      0
      2.7398660571148           8.3412043970186           6.2927135296341      0
      2.8059161757419             9.22526702633           6.3014091927173      0
      2.8353213609665           11.380720007431           6.3052804587942      0
      3.2538391032667            4.705027484754                      6.35      0
         10.782828256           2.2753118514465           3.0649364867994      0
      10.515917339446           17.138241598262            3.237810603405      0
      3.3010507273416           6.0124235517693                      6.35      0
      2.3860210137203           6.2305101891545           6.2461289459123      0
       3.258493778247           7.6467057650131                      6.35      0
      2.3134262248656           7.7480435960277           6.2253191446372      0
      3.1040986923359           8.7545680500007           6.3406656657638      0
      3.2359603376549           9.7194667211612                      6.35      0
      2.3168280398303                     9.779           6.2370195180842      0
      3.2230899681071           10.651697147694                      6.35      0
      2.4139166589501           15.207457546263           6.2498014772786      0
      3.5784394550467                    16.002           5.5428007022396      0
       11.42611715008           1.5324180517337           2.9703699633097      0
      7.1330592902987           17.103804913513           4.8148765590731      0
      4.4655143855329           4.8954797810652           2.2713868721606      0
      4.8440825149332            4.385502796475            1.670969082396      0
      5.1303297993456           11.906080244605           1.1131465847858      0
      9.6415834681865           1.7517568566159           4.7561694718986      0
      4.4287290032375           11.833265204648           2.2234472286036      0
      4.4452182652789           12.636636080201           2.2449364532755      0
      4.4376392045311           13.562648403928           2.2350592290066      0
      4.4550513744146           14.645105310848           2.2577512105949      0
      7.5437104070888           12.673205482306           4.4687126224197      0
      4.4654105014641           15.340371280484           2.2712514878064      0
       4.243869057024           4.8402226275279            2.011290948854      0
      8.2319622772523             16.8361304149          0.44304680939031      0
      6.9059370889526           8.1505426457819          0.89829374070342      0
       2.044374150925           9.0270675773579           4.2869839253777      0
      4.2869633341358           6.1888007515449           2.0443583507094      0
      4.2975320151336           8.1181175128304           2.0524679848664      0
      4.2975320151336           9.5546130395646           2.0524679848664      0
      8.7225360809178           15.533415378621           1.0960706838796      0
      10.400724714774           17.092597104185           1.5666987322202      0
      4.2505446376046           11.464855368067            2.016413301994      0
      4.2533769880658           13.296258852234           2.0185866409422      0
      12.627038400736           2.1041424554218           1.6195167258338      0
      4.2644820335727           14.600860756057           2.0271078420625      0
      8.3448224616971           4.3387478811182          0.63887508308182      0
      9.1385377309219          0.84198819882904           1.2605377505899      0
      12.462614671235           17.264355919368            1.396598236621      0
      9.9468864177173          0.97255403397402                      6.35      0
      9.9539819903399           2.1483277598856                      6.35      0
      1.5935745993779             4.55664909418           3.2211411632075      0
      10.541876172243           17.044229300298          0.71239034273842      0
      6.8356781610041           10.753599975265           3.7175242034485      0
      1.5891166537118           14.390467980212             3.16272029592      0
      1.5917392075879           15.189597636522           3.2071999784703      0
      9.8075658004603           6.5962577978063           5.3778331309708      0
      1.6482312224435           5.1800638701063           3.6019019224574      0
      1.6382539566835           7.5209740875076           3.5605145752156      0
      1.6372949480745           8.7363209018607             3.55323018163      0
      7.2599728500668           10.104179387939           5.3876904725203      0
      8.4719366218515           11.788287154634           5.2096521488823      0
      8.6746567598561            15.63348740861           5.2014427918581      0
      8.6579091504636           17.272895615543           5.0317188377588      0
      12.499365301194           2.2051627133834           4.4424917709525      0
      3.3911759762056           12.527415407084           1.6159601071859      0
      3.3953488910604           14.548016676649           1.6165094818487      0
      3.5608273578267            10.51102675981           1.6382951352954      0
      3.5915474305246           9.8547342176128           1.6423395095922      0
       3.135940775559           11.749590614356           1.5926422444515      0
      3.1071484575871           12.520289006354           1.5964328250238      0
      3.5658371917796           13.604344155539           1.6389546924478      0
      3.1000393333165           14.662164707729           1.5973687589897      0
      4.3088705397391           7.1262378433191           2.0672446378228      0
       3.529178254036           4.3083876297015            1.634128451735      0
      3.6204554956306           4.9718860269687           1.6559163640824      0
      3.5269649176442           5.9437952326419            1.633837060471      0
      3.5641591225218           6.9649230126212           1.6387337704389      0
      3.6532904318036           7.7997242527757           1.6695170399649      0
      3.5539814509756           8.7703143046423           1.6373938545602      0
      3.5858752341002           15.425588266311           1.6415927507661      0
      11.828680118611                     3.175           2.9046627166579      0
      12.301251695693                    19.558           5.2387163154186      0
      5.3350482442549                    16.002                      6.35      0
      7.1871966483238                    16.002                      6.35      0
      1.9277846382271           12.483448227937           5.0751894314915      0
     0.13110988423075            10.32815505473           4.0520948238204      0
      5.4517439343963           11.809130142187           3.2053719065067      0
      2.7532331018697           10.062790682624           4.7038957742759      0
      2.7641247658998           11.255385858088           4.7084072492339      0
     0.91068057982961           14.841532001651           5.3949699175816      0
      5.9171242732736           4.9312485768554          0.65300400087911      0
      5.9143659219521           4.7669932832457           4.1201181409619      0
      2.7134180096606           12.608647005374           4.6874038230957      0
      2.7518078664175           15.371403086386            4.703305422422      0
      2.3332740587773           4.8967876212548           4.5130020940339      0
      2.7271743855385           4.5353970464672           4.6931019005534      0
     0.43309859584162           10.345002262045           1.5774270415634      0
      2.4473565831782           6.1500005264515           4.5771975718224      0
      2.7869436746656           6.1711114240216           4.7114114155651      0
      2.4351186800056           8.0401300141543           4.5721284663533      0
      2.8328207642651           7.8775463020017            4.717451248993      0
      2.3622599483891           10.070325404704           4.5352437494036      0
      10.535533208256       2.2191144879897E-34           1.3688299085296      0
              2.38125           11.516081163717           4.5498153285078      0
             10.63625           6.5627087934325                         0      0
      2.4072847235132           13.288773997293           4.5605992640796      0
      7.6592622566645           2.7007444583914           3.1693426682102      0
       2.440330332396           14.456292587036           4.5742872034557      0
      7.6159678824216                     3.556                      6.35      0
      2.8112266199831           14.025702642499            4.714608325965      0
      1.5944434082174           4.7962322764373          0.42249328913167      0
      4.4977945803547           7.3499313405283       1.3471453400635E-17      0
      8.8410348357216           3.5861181916904           4.6030830464732      0
        4.02403620068           6.6339961190146                      6.35      0
      4.1626051802527           7.8576311333323                      6.35      0
     0.82830428394961           6.8316745025737           3.4106078156619      0
      4.1084124722874                     9.779                      6.35      0
      5.5127615620189                     3.556                      6.35      0
      1.0245491988906           5.2812545942571           2.4758031310165      0
      5.6063605898034           10.905295031132            3.375883005531      0
      12.512151447495           2.0398872091666      -6.5693666563437E-16      0
      5.8425129600432           4.5944492219405                      6.35      0
             10.63625                     3.175           5.1254876565411      0
      6.2483353901072           5.8361886590323                      6.35      0
      5.8308903014761            8.048988536133                      6.35      0
      9.6549418445283           6.4736189617161           0.9243119880276      0
      9.7618037619219           9.7195007692786          0.87694326933308      0
      7.7211713893139           5.8807036757174                      6.35      0
      12.826837927412          0.93926518724418           4.6119051625407      0
      4.5747039235432                     3.556                      6.35      0
      6.3920889346283                     3.556                      6.35      0
      13.274668287611                     3.175                      6.35      0
      13.381254897884                    16.383          0.87980779674748      0
      8.1990179231836       1.6643104171212E-34           3.0917493251601      0
      1.1073742791149           12.545641135508           2.1315399829361      0
     0.95864193976981           4.7912273975067          0.90790910420713      0
       14.90633657414           18.022402610103           5.4865192438935      0
      1.6080727165245           7.1964636044549           0.4168478447851      0
      2.2300239632815           7.1750527416807           5.2856381418351      0
      1.5550450724809           8.9274471527473          0.45027288476274      0
      3.8669727860756           10.349537397318           5.5269467212238      0
      3.0559124143893           10.850504921763          0.92836375933127      0
      1.6195471276789           10.811420136656          0.41209498806472      0
      11.546678150093          0.73932838715975           4.4741637238096      0
      1.0095415433257           12.048263750772          0.86885246472129      0
      8.6095221572562       4.2348092483165E-34           4.8660881615781      0
      8.8289052806663                    19.558           4.6727479468318      0
      8.6192672661008      -3.4579008874719E-35           1.7019555947724      0
      8.3894148603791                    19.558           1.6879992949458      0
      1.5374755371096           13.486580853656          0.46375446341933      0
      5.3535156665193           5.3745046983098           3.9279864458151      0
      9.2000528580724                    19.558           3.4863169924816      0
      5.4606788859201           10.335530646731       1.0081146940398E-17      0
      0.9150656687707            10.81473153212           2.4437990111952      0
      12.306391419062                    19.558           1.6735718142589      0
      10.234948983809       6.0575312021186E-34           3.8428674239333      0
      5.7576583094842           15.196856949724           1.2714740580021      0
     0.40190782788544           6.0249537869572           4.7058588920543      0
      16.191623712443           1.4905699835008           3.1720785934654      0
      9.0391776070728           1.1819191463441           6.2494476571744      0
      6.6700673526604           1.1819191463441           3.1945009795291      0
      6.6743174329225           18.214265380037           3.1232164558408      0
      7.0928693429844           18.376080853656                    4.7625      0
      9.0207495317995           18.376080853656          0.10818550153221      0
      16.141916898027           18.289503444856           2.7907831951548      0
      17.302126178692           18.580154778824           3.1612339319757      0
       12.87406777251           18.303798839436                      6.35      0
      7.0928693429844           1.1819191463441                    1.5875      0
      7.0928693429844           1.1819191463441                    4.7625      0
                8.255           1.1977360132648          0.42536934298441      0
      8.2272653641023           1.1243533905932           5.9033491223895      0
      9.0044379664588            1.157334218747          0.11494197311984      0
      9.4890957971049          0.98312071910769           1.9463717598901      0
      2.0015551663062           7.1117343248064           1.2079917174412      0
      15.439879603419           18.214218958783           1.1177864830676      0
      9.9485521683629           2.1644760287447       2.4114064886372E-18      0
      11.247386022762           1.0379692273577      -3.3320434298679E-16      0
      12.329481149398          0.85041608933079      -6.6851671938087E-16      0
      10.979727753809           1.9160364139262      -1.8398019274275E-16      0
      9.2433430321253           3.3661384193803           2.0970213683134      0
      12.038252485458       4.9225587830193E-34           2.6473773533208      0
      4.0309129368326           8.6905895038896          0.98581437324134      0
      10.568867237874                    19.558           5.3947617176478      0
      5.6413458158655           7.2607777597962            3.907662652226      0
      9.4542265517268          0.83719673355031           5.4440367766689      0
      15.443229045522           1.5458305218407           1.8354332571247      0
      15.397500297975           2.4334777580373            1.800784915703      0
      2.7906710481054           8.6954266961454          0.96132189763089      0
      14.556289880542           1.0801697876975           4.7551460389069      0
      14.555861595068            2.101952732023           4.7550923063583      0
      4.3448941196463           5.1103903094205       1.4473337752926E-17      0
      4.1457008144698           9.2480947691071        1.392616573735E-17      0
      4.1258041097917           14.894298735385        1.249759506206E-17      0
      12.675745198639          0.76721726654336                      6.35      0
      8.9265858057294           8.1081477506831                      6.35      0
      8.9454360903089           11.790062228667                      6.35      0
      1.0124322925749           7.4035387031791           2.4788527123011      0
        14.1934458527          0.88867144356801          0.74171671247008      0
      5.4490425759776           6.7809366419238       1.1045915296136E-17      0
      7.0180919264511           12.134577198176       5.3930462027436E-18      0
      16.978953449401           1.0621288898033           4.5669382856935      0
      16.925226457859           2.3202846796047           4.6763498489386      0
      6.7790983098757           17.049386578694            4.004989716389      0
      6.7756855015322           18.206904498968           3.9967504682005      0
      3.2008327671688           9.3869254947632           5.5843626391536      0
      8.9653269773851            18.75893223092          0.91925113524989      0
      15.504110066408           1.0820122485237           1.0692827378975      0
      16.558334190314           1.4624823699723           5.2277918163186      0
      11.453494219492                    19.558           3.5213082772495      0
      13.400287448024                    16.383                      6.35      0
      5.4724530522969           13.458511464297           2.6639010455077      0
               14.605            2.026986966822                      6.35      0
      16.968755777214           17.642966541429           1.7553187614642      0
      7.1227419292467           2.3538215953584           4.8014307123694      0
      4.8232867377308           15.233182013295           5.3687475588259      0
      15.990918476485           17.648183468498          0.58306779856152      0
      16.542489125605           18.294346342873           1.0983929266443      0
       3.792873635445           14.444484011735          0.98384212967393      0
       9.604941652942       1.1242515462917E-34           1.0627748470176      0
      9.7123376267637                    19.558           1.0920099306053      0
      9.6785034536528                    19.558           5.2241115001861      0
     0.93241082842287            15.17459437928           3.1652516872928      0
      6.6430822406973           4.6315850560668       8.3780931462763E-18      0
      6.4563050538618           7.8580371759972       8.0365642172262E-18      0
      8.4148642377492            5.161323210877       3.4429789127736E-18      0
        7.17200179923           4.6970243703566                      6.35      0
       6.674507655845           17.296988593399           3.2282284307049      0
      4.1634057576943           12.491217514231          0.86680794684174      0
      9.0485142229688           16.900086238974           6.2533150101052      0
      6.3561755073878           14.102339131805       6.6681429602431E-18      0
      8.3462768609521           10.731856733306       2.1660763460849E-18      0
      8.4897868704504           8.4649599584295       2.3727906907179E-18      0
      9.2522273852654           14.762444388078                      6.35      0
      11.485159124588       2.8815917174192E-34      -4.8632479512758E-16      0
      12.729046076457                         0      -8.8817841970013E-16      0
      1.1954454265068           15.059295482831           4.3097816664932      0
      5.2242242642543           6.7838675201716                      6.35      0
      4.9936766447754                     3.556           4.9167697325665      0
      4.9632632371991                     3.556           1.1303903418407      0
               14.605           17.194161707312                    1.5875      0
      10.648296943008                     3.175           1.1023082457683      0
      6.1444776659903                    16.002           1.1026239713274      0
             10.63625                    16.383           5.2143742560968      0
      7.5523210397718            5.885849660674           4.9932278987557      0
      7.6184919061723           17.390188213705           5.4362208185546      0
      9.8621969831254           5.6460431775765           5.3761341995002      0
      1.4664682701094           12.430176324635           1.4854741192055      0
      12.467876899151           17.331018092805           4.3446186742595      0
       1.898362820043           4.3608127968575             2.25330174575      0
      1.9013508414091           6.1641766299485           2.2494076804911      0
     0.96996822595381           8.5672820247766           2.3668501442078      0
      1.8329285072803           8.9389810269637           2.3385774023968      0
      1.8845894985359                     9.779           2.2712514878064      0
      1.8845894985359           10.803172084319           2.2712514878064      0
      1.8712147295378           13.127348786113           2.2886818261207      0
      1.8845894985359           14.510752937975           2.2712514878064      0
      6.4812325606218           11.444578863079           2.3813796612947      0
      2.0524679848664           9.4706627565373           2.0524679848664      0
       2.106790518413           14.657163202284           2.0107848388206      0
      5.2311626922945           5.2561259184327            2.399493054327      0
      9.8508829367059           3.1935201161376         0.002386873655429      0
     0.85424433153507           9.3127562687827           3.1485729905021      0
      9.8473992924502           3.7547154778965          0.21639738860046      0
      9.6705228321656           4.0517418199312          0.21906374963693      0
       9.743700007147           3.5311949799198           0.2587157611358      0
      9.9847915706403           3.5181581406854          0.22437187265527      0
      3.2129396530534           15.759034147144           4.7575051499179      0
      9.1160024889394            4.383574980594          0.99207920684656      0
      3.0466246436487           15.875165744352           4.8908562414244      0
      9.3870801972689           4.0034396677809          0.18457579809763      0
      9.5114975992932           3.8009890010672       0.00079562455180966      0
      1.7636007862582           6.2748183145793           2.4695713118963      0
               14.605           17.507531098168                      6.35      0
       9.255904507973                     3.556         0.077226761598856      0
      9.6414403813194           3.4661421568852          0.14475266813681      0
      1.7636007862582           9.9823991682353           2.4695713118963      0
      1.7636007862582           10.952550487736           2.4695713118963      0
      1.7441531516498            12.82153718479           2.5165220551239      0
       9.657868016375            3.685747227638       4.6571404518756E-19      0
      1.7636007862582           13.689980021891           2.4695713118963      0
      1.7636007862582           14.660131341392           2.4695713118963      0
      2.7579765396116                    16.002           4.9692100448472      0
      9.2723982902093           14.501394444151           5.8065249646678      0
      3.1621054116953                    16.002           4.9450253868786      0
      7.5974359697327           18.044620113602          0.92993596973271      0
       2.969316573196                    16.002           4.9701492049923      0
      3.4580229896117                    16.002                    4.7625      0
      1.2087994158922           15.408559778692           4.9625318588418      0
      2.8948040442327           15.868124849737           4.8685146260204      0
      8.4060849722812           4.5057277036305           1.4722962113204      0
      1.5796056187914           15.506725399196           5.3718006757992      0
      5.8244469039079           12.685430568378           1.9188952477758      0
      9.5174469904878        5.507461944388E-34            5.155397792396      0
      9.8834393472582             2.85050542034        0.0015912491036193      0
      8.9122896057368           16.648111364046          0.59021622897873      0
      9.5336175109446           3.5678994025458          0.22256473132838      0
      8.5239306350225           14.759148199785                      6.35      0
      3.4251591207625           12.056101998336          0.96803190455558      0
      3.4330624068761             15.9989335709           4.7255124371951      0
      5.8885101396261           6.9927355196935           4.9112923032196      0
             10.63625                    16.383           1.1090067144881      0
      8.8234442647164           3.5270887252508          0.69839532707648      0
      8.5844209479616           6.2255159840864           1.4229772487718      0
       9.325597224126           4.3078380117429           5.8605569561067      0
      9.6938567026324           3.6229821580562          0.11167859013177      0
      7.0288674514456                    16.002                         0      0
             10.63625           3.8509021328109                      6.35      0
      13.502552855634                    16.383                         0      0
      9.8300012033894           3.3836663132117          0.13122327346063      0
             10.63625           3.7407010747997       1.8048229752423E-17      0
      1.7903682143931           15.429993077523           4.9382928065864      0
      10.300712222066           3.7183270297782                      6.35      0
        8.80480317523            15.82842487989           5.7653839418749      0
      1.8334708862456           15.393032967797           2.3378705603675      0
      9.6312650098777           3.5414011089514         0.027809614027451      0
      10.201328406653           3.8904282424948       8.1590142046827E-18      0
      2.7373146162745                    16.002                    4.7625      0
      13.697832739123       4.7099792321387E-34          0.71381947021892      0
      9.4161962155804           3.6834124352645       0.00079562455180966      0
      9.8858951318323           15.477995053936                      6.35      0
      9.6259308421034           16.686153104698           1.6403205932081      0
      10.933730659369           1.4953533676777                      6.35      0
      2.8441589489275           15.877530632806           4.7121047921304      0
      3.1024253803526           15.877530632806           4.7491768646705      0
             10.63625                     3.175           2.2712514878064      0
             10.63625                     3.175           3.9009753130822      0
      3.0587682571405                    16.002                    4.7625      0
      4.3317381107659           12.665005001622           4.2529537633999      0
      8.0987155316211                    16.002       1.4525061001957E-18      0
      10.366481243788           2.5382194348954           1.7243954338716      0
      8.0035681460403           8.5897550204418           5.5629824288226      0
      9.4822680886855           14.963229549805          0.41263484689285      0
      13.096257483539       4.7461910771411E-34           1.1338906407478      0
      8.2869337595466                     3.556       4.2107561908988E-18      0
      4.3175398621805           14.686611714858           4.2714572812062      0
      1.1854863330159           12.804131819477           3.0121344182359      0
      8.8343456147801           4.6424296546873       2.4437235788324E-18      0
      7.1244751013528           13.357492550599       4.7839976474827E-18      0
      1.5539551315278           9.8520530502891           0.4511092258713      0
      12.304493042373           18.604289973643           3.7010513076184      0
      8.2008124536827           16.849696660251           5.8830510903139      0
      9.7158425151385           3.4242641623527         0.016674774220155      0
       9.389537395228           2.4453142395566          0.58405088298651      0
      4.2537632704736           12.348223993683           2.0188830458588      0
      5.6095978544562           15.206144660453                      6.35      0
      8.7472054953548           9.7808524939686        1.330493406674E-18      0
      2.0464947463815           13.069618410514            1.135487855475      0
     0.67960677579895           14.204959043004           4.0699245560329      0
      9.3271680795467                    19.558           2.8224967547604      0
      9.4541287135571           11.489591025994      -1.0317090865269E-18      0
      9.4518650782958           3.2091299532107           6.2959072492339      0
      8.8859708186041            15.58800432826           6.0669866317634      0
      3.2507099619397           15.199352105992                      6.35      0
        8.63169769836           13.868774024931       5.6986408314862E-19      0
      8.8885256698547           15.126098385454      -4.5545710100563E-19      0
      9.5048560228356           3.2028185034033           5.8983978480537      0
      9.5287809988626           3.4291304593689         0.041301890040367      0
       13.83266545397           2.1144619063222           0.7548037673814      0
      7.5804024354821                    16.002                         0      0
      4.3715237336084           15.642748109578           5.0058049030558      0
      9.6780429897644           3.5294994849545          0.52279412038731      0
      3.3200474402942           9.9025761077564       1.5989287458829E-17      0
      9.5282299551088           8.8105814395856      -5.2891087615298E-19      0
      6.9089359146936           4.4778842141282           2.9392680072751      0
      8.8812921860118           4.3559634411363           4.7658824594403      0
       9.681325378368                     3.556       4.3628295485178E-19      0
      9.6513289893504           10.373717671164      -1.2725336105342E-18      0
      11.518177855634                    16.383       9.0241148762117E-18      0
      2.8663103413111           15.691599414535           5.0344495784883      0
      10.136070834966           3.6018848546001           6.0264365593372      0
      8.7144720395458           4.5602909379936           4.0291439034852      0
      8.6289060766843                    16.002            6.081495796798      0
      9.0338108286973           15.085016161521          0.60597260371541      0
             10.63625           15.791065814915           4.6447136365383      0
      5.9264578356526                    16.002       7.3325819874562E-18      0
      9.4330392255065            16.80938426175          0.43192764078231      0
      4.5372747469143                    16.002        1.109295627373E-17      0
      9.8789802349023           15.231078228053           1.2263222892515      0
             10.63625           4.3839057414423       2.1198630492479E-17      0
       4.544584407531           15.271518919727           4.6691516523492      0
             10.63625           14.629336321098       1.8048229752423E-17      0
      10.034800491102           3.0045337374154           5.7884692150907      0
      13.648027761019           1.1318168438569      -1.0656464918785E-15      0
      9.5622850782589           3.6314810642487         0.087660479326496      0
      8.9483654514325           4.8822179153424          0.49724049862469      0
      14.994833259676           18.849344201307           4.7111774777211      0
      3.1077699562145                    16.002           4.7439639637299      0
      10.213332444256           3.5262229560968          0.45252774133026      0
       9.524621308814           2.5389531710651          0.04184952362445      0
      1.5862921317794           14.101458960631            1.473385664087      0
      6.7868241275086           18.488247340079            2.326358509901      0
      3.0139980410667           15.926098075476            4.780768237062      0
      2.9671019740753            15.87215248905           4.7351297056435      0
               14.605           17.194161707312                    4.7625      0
      3.9242645241846           14.236795746694           1.7817581840809      0
      9.4492375196546           2.8676400263879           4.1962200119505      0
      4.2878191969339           15.140577669946           4.9972721730778      0
      8.4733240937622           15.653086492242                      6.35      0
      9.7071886940856           14.305440302394            4.385379462265      0
      8.4592568865242           15.446404699386           5.9267895838548      0
      9.9925407601063           5.0449815194255        3.411615887403E-18      0
      2.4584885228642           14.119288328787           1.0419725814525      0
      1.3016555241036            11.47497217279            1.915985843115      0
      9.9854050220113           16.577684721219          0.56368481883832      0
      10.448897157493           2.0268099795809           5.6243212875811      0
      8.8126372098249           16.060013555422          0.60919660315334      0
      4.5399802233771           5.1141945106447           3.9815673585509      0
      9.9548439140166           3.5076018184421            4.593445486057      0
      8.6871513049346           3.8888537452231                      6.35      0
             10.63625            15.75365423495           3.0940878286916      0
      5.1434443464384           4.5113296579619            4.264523275615      0
       3.106543289482           4.5739708754674           4.7534875030837      0
      9.3663805957748           15.698102471465          0.46434968535125      0
       1.778766534158            8.020499824147           3.9170420423669      0
      5.9287939583659           7.0081046354667           1.0740276434516      0
      12.227350979355                    19.558            4.171146555564      0
      6.1616669940419           4.2270160898138           3.2747646969568      0
      8.5988351366975           18.896157110197           3.8491780041599      0
      11.556799498914                     3.175           4.4565459091592      0
      3.6204966009001           15.711370207281           5.0292902352022      0
      3.2252697923852           15.467362310466           4.7558818562793      0
      9.4888357144617           3.3447279027868           0.2749675977996      0
             10.63625           8.6312635174012           4.7392399120223      0
      9.5491432747007           4.1989734871327                      6.35      0
      9.2934261085705           16.348594504103           6.2777130508333      0
      2.3249255184813           12.446356726814           4.5065960337545      0
      10.093097523078           3.3224047399093                      6.35      0
      0.4497463395927           8.0914677984801           1.5557312795064      0
      14.585343061042           18.391301612125           4.7599121148912      0
             10.63625           4.3527126128201           5.4889562197152      0
      9.1644450508789           14.864025890845      -1.1335342223825E-18      0
             10.63625           15.070166853348            5.850853016528      0
      9.1788182994342          0.76441498649531          0.57756168601339      0
      6.7756855015322           1.0544072605055           2.3532495317995      0
      9.9028210122352           3.0641839909198           1.5196281066368      0
      9.4673918180575           3.8343493919675                      6.35      0
     0.87030600884052            11.62904314218           1.0076472477489      0
      9.9794101802555            14.94399054477                      6.35      0
      9.7360574357793           8.1541995691792           3.2575267086289      0
             10.63625           12.038819863006           5.4821745256262      0
      9.9073632448704           15.558617710202       -1.401264429575E-18      0
       2.158634611608           9.7542213904882           5.2336721015045      0
      1.5599295993607            8.812964147147            1.516690444557      0
     0.93050105957295           6.6345619494109          0.92950236104767      0
      9.8411048892855           1.0491819557366      -3.1721925928967E-20      0
      1.6705348747203           13.342236367644           4.7795406699023      0
      8.9760044223771                    16.002      -9.2222377751152E-19      0
     0.92584438988999           8.3088325802875          0.93526822039876      0
      2.0697756914167           10.336836201502           2.0391873145302      0
      4.0100459607996           12.281601069222           1.8318721767082      0
      8.7632916469018           3.5418209924466           5.7732471880319      0
      9.2460447907783           3.5036045964612          0.56277938903103      0
      4.8669934137234                    16.002                    4.7625      0
     0.96904274523118           10.204673444181          0.89992828547991      0
      9.3157425461921                    16.002                      6.35      0
      9.4367887641579           16.331892524372          0.38069530048346      0
       9.263154797242           3.5560769993397                      6.35      0
      2.7943276736195                    16.002           5.6120266867633      0
      10.115111891699           15.027781661837           4.6463716457921      0
      4.4859795823214           14.740564574439           4.8452737630284      0
      11.482425401219                    16.383                      6.35      0
      1.7958034683738                     3.556           1.2580506540843      0
      1.4239614964419                     3.556            1.734497132441      0
     0.94733491635947                     3.556           2.4954412894061      0
      1.0756472462626           10.310385123847           4.4812406151462      0
      2.3672497658998                     3.556           0.9541850865122      0
     0.84242501076904                     3.556           3.2735587203262      0
     0.92993596973271           14.707973210506          0.92993596973271      0
     0.87068043631339                    16.002           3.7934376065894      0
      10.146581434707           5.1379981651424          0.58375656322201      0
             10.63625           3.7589496311434           5.7377438282706      0
      3.0533459127634                    16.002           5.1777984099847      0
       10.00494917156           14.494353014566           0.6816992804829      0
      15.679500948644           18.996329094101           2.0156124512875      0
      15.683784888649           18.175264903788           2.0188996340682      0
       1.336903643203           14.086768982902           4.7865654639198      0
      3.9180040361304                    16.002           5.1121030357371      0
      15.730654819864           17.270320483406            2.056537703225      0
      9.5202887564753           2.0023279075159           5.5972774962631      0
      9.1621846589185           5.2586881888023           5.5991782935884      0
      13.143582434198                    19.558           5.2352509295754      0
      9.2850979976782           4.0047927439173           6.0911275718113      0
      9.4465322821534           1.9150438126466           1.3731906835856      0
      5.0167352726222                    16.002           4.2611859332081      0
      1.6409397734174           13.754271942912           3.5809153787181      0
      9.0346318773841           16.451043119487           6.2475647542865      0
      8.8391976125677            16.21777379473            5.881945250969      0
      2.5968677213806                    16.002           5.1604261974373      0
       10.18526345091           3.3340429378713       7.7937304097748E-18      0
      1.6267974686572            10.06380512409           5.0480863373313      0
       2.385117249958           15.447798921318           5.3720310043415      0
      8.0240906394436           5.2928107083193           5.8404704438156      0
      9.4697848842273           15.776792366564           6.0720821262686      0
      1.6406771342611           11.120703062073           2.7710795637334      0
      3.4696505642172                    16.002           5.0342212590954      0
      10.769933629631           0.8078276685318          0.76729699495946      0
      3.5247846776067           11.635021793693           1.6335500264247      0
      9.3541774437034           15.137977084438             5.94606788697      0
      1.0631688586559           4.4051408740206           4.1140200891593      0
      8.8947674677198           1.3280569922062          0.76871228347516      0
      8.6363832574564           17.256907620046          0.88675497186133      0
      8.4204554614566           15.114271974857       8.1466538312155E-19      0
      4.8795325744739           5.6664940173771           4.3322551603471      0
      1.5932469594335           5.1559052558299           3.1313475092476      0
      13.489590586695           1.5542113646048                      6.35      0
     0.90412851352896           5.6535562363777          0.96356890146593      0
      9.0219838412442                     3.556       2.2210519908213E-18      0
      12.184262137914           2.1485402824303           2.9543696502196      0
      9.5911968775301           16.303594026459           6.3169153162753      0
      10.016100890219           15.939341934768          0.53594764842491      0
      7.3467400212954           5.2427568924272           5.5667135696781      0
      5.5369922361676           4.2715675159777           1.1350903373683      0
      12.373719921548           17.405604669725           2.3801919025349      0
      3.2503857286587           15.729522894597           4.9983223013992      0
      3.9698846947252           15.574618722447            4.548944646622      0
      3.2451370028985           14.379074507387           4.7532662883951      0
      1.6506155505816           4.3837664329447           3.6076581997853      0
      8.9326054539777           15.621246533363      -7.0477923348093E-19      0
      9.3476441847738           4.8911391596194        9.889782017405E-19      0
       9.663971515507           18.047556288587          0.71780614095639      0
      4.2975320151336           5.1731934323456           4.2975320151336      0
      9.4082556236068            3.601660002648           6.0285927130206      0
      9.0253475779754                    16.002                      6.35      0
      9.1534197484894           15.731917002769                      6.35      0
      9.9882047896671           16.528127163166           5.8303973505359      0
      9.0291298465277           13.682414262749           4.7082129114706      0
      8.1083394910964            15.60714580158       1.5301252799294E-18      0
      7.5573204691504           4.1062006689363            5.867045166317      0
      9.5497270258518           4.9375069923564          0.55698706315126      0
      1.7936083752856           10.289439466437            3.952873416508      0
      2.0734029594077           10.452741804776           1.0173545069539      0
      8.5640483013956                    16.002       1.9289864009486E-19      0
      10.621242361475           2.4232014349589          0.62025785420351      0
      3.6725338097833                    16.002                    4.7625      0
      1.6528411433797           5.0593090923746           2.7369687438971      0
      9.5644415739725           3.7680891880271          0.22554235977452      0
      1.6425566395069           5.8444507852544           2.7617977326291      0
     0.66677694723788           10.968150379198            3.220294130974      0
      8.6012258967763           16.956213484464          0.28602534549369      0
      2.0979593610329                    16.002           5.3910238842053      0
      1.6408291200203           6.7412807039753           2.7699251172779      0
       9.775912722853           3.9388018516288       7.9738985126634E-20      0
             10.63625           3.8508900937252          0.57746653126283      0
      9.1305115426809             15.2740527521          0.27146462301733      0
      1.6383918689219           7.8065111404228           2.7884378773318      0
      8.6964502360704                    16.002          0.24251466809124      0
      1.6509087997076           8.9558998316824           2.7416338341975      0
      5.1088439475069           13.931184705175       1.0089477040633E-17      0
      1.6415927507661            9.680964754359           2.7641247658998      0
      1.6323505705447           10.420692743428           2.8343260943274      0
       9.135532420887           3.8053107569246           5.8389484623973      0
      9.4130913474796           17.760228828335         0.056532721589943      0
      8.7455123983549           15.034427549707           0.2944719021464      0
      1.6661409377039           11.806761265513           2.7048602000628      0
      1.6415927507661           13.299646653757           2.7641247658998      0
      1.6322446627305           13.986414914455           2.8351305440426      0
      1.6404893082038           14.963678532351           2.7725062442808      0
      4.1240897647664            15.44497593411           4.7737952632798      0
      1.6331852232504           4.3122944320799           2.8279862776051      0
      8.1443278817156           2.1675930245693           5.0016010238715      0
      9.3029564860658                    16.002      -1.8072490438757E-18      0
      7.8707686866758           3.6143093308547           4.7642230399705      0
      9.2985455411649           16.064282461383           5.9752248038134      0
      2.9726014800529           15.753061265612            4.735853729341      0
      2.4004626073784           9.5033394422068           1.7922265489475      0
      3.8915860385083           15.727992319616           4.8622017634154      0
      16.004119242336           0.9003020670116            2.442104144421      0
      8.6684080207814                     3.556            6.095869866017      0
      8.1737422562873                    16.002                      6.35      0
      9.4442034936018           3.5462674059676         0.052436729847664      0
      9.6361539591951           12.980749009619           2.9878433405347      0
      9.3617056903683                     3.556           6.2867022283112      0
      10.084077510034           3.6138775210492          0.94946245453039      0
      5.5806997173288                     3.556           3.1061179918138      0
      5.5050149214064                    16.002           3.3943155290008      0
      4.0298971815664           10.613724098853          0.80276031071183      0
      15.976327735892           2.2777725032389           2.3761488883403      0
      8.0353572169454           17.521280384599           1.4407055083587      0
      2.3233068539529           15.567674604341           4.5053539887774      0
      9.8867380883926           3.9785520291085          0.52551258321581      0
      16.148076738918           18.049581387925           3.5625310209631      0
      8.2371350281921           1.8242887963198           5.9109223820079      0
      15.979815328508           17.868558858228                   3.96875      0
      9.8324208054304           3.2502814229788          0.28726644100018      0
      8.7566392727042           2.1187339256505          0.84326142011239      0
      8.8986374372499           3.8711420458698       2.4721963344318E-18      0
      5.1516472997114           4.0294515529734           3.1576706196534      0
     0.10176955210977           11.653155089869            3.948016493988      0
      8.6873465889654           1.9423952270894           6.1037144778108      0
     0.11443953189306           4.8908106226577           4.0118490331172      0
      9.3225182202989           16.016926440453         0.068456899997593      0
     0.10087047696333           6.0264675904841           3.9411873402468      0
      2.8852872336287                    16.002                    4.7625      0
      1.4166733965396           6.2447085414304           1.4564522245342      0
     0.10028212299513              8.0424073653           3.9367183481731      0
     0.10115347854849           9.1328454633125           3.9433369507011      0
      1.7803838446014           12.203717229972            3.920946575174      0
      8.4755236728669           4.1600336322691       3.5416719194942E-18      0
      1.2992676586315           13.297693836156           1.2599642752833      0
      9.0387878915962           4.3128424807615                      6.35      0
      9.3680497128372                    16.002            6.287537434714      0
      9.1072147539906            16.24014259427           6.0011064152092      0
      9.6230071124482           3.0058666184643          0.34137245842188      0
      1.8116170466244           5.4650144262172           1.2214186356099      0
      1.2158609859584           12.303181895976           4.4239087504622      0
      8.5067766973742           6.3176497325466           4.3899727941547      0
      8.7345469834452           3.9099011337383          0.31121380289761      0
       8.796444551621           3.9739963660291           5.4254936687362      0
      7.8868775535236           14.235758146873          0.64660849199484      0
      8.9890683302907           3.8410782950805                      6.35      0
      3.1426023486143           5.0725626413965           1.5917652317209      0
       3.120322763976           6.4250751836011           1.5946983946837      0
      1.6025397800835           10.543056470757           1.6222904883339      0
      3.1849825737631           7.8619802377469           1.5888142307683      0
      3.1168234937615            8.978496910847           1.5951590823472      0
      8.1211648763735           4.3088679126633           4.5945836976481      0
      3.1753139195499           9.8229567218465           1.5875413282928      0
      9.3596773798645           16.341126818784          0.87769325961758      0
      3.1404908211918           10.931490001754           1.5920432195798      0
      11.507320656314           17.258230223905           5.0305347815642      0
      10.152134941989            16.21543496624           1.6545011332316      0
      9.2579359949368           3.9163754365461          0.46715473967301      0
      9.1017796401903           16.206614832851          0.41174604400204      0
       17.21545431086           18.658637694385            2.426466613566      0
       1.566555576502           12.648928856579           5.9085594356179      0
      9.2238638548985           15.779612375878      -1.5347649239149E-18      0
      8.8187640998329           15.625865490855                      6.35      0
      6.1157396253821           9.4161639703738           1.7901895865762      0
       1.091457227112           11.503671158774           3.3776218092124      0
       7.934107964705           15.128637926999       2.1273856988572E-18      0
      1.3484523890247           14.167164743459           4.0669320055025      0
      9.1635397936363           15.787110438631           6.0019613497658      0
      9.8515586029126           3.8580108553183                      6.35      0
      9.9958862933151           15.240078337219          0.49773817403006      0
      4.7074822990597           4.1366755818417           3.5881082613553      0
      2.1682469599698           5.2473316046815           5.3036612882527      0
      9.3939544276378           4.4027172533757          0.35971628468501      0
      10.059267458929           15.896167575075           5.5466464926821      0
      2.4261157607231           15.150208889363           4.5683993350855      0
      9.1733612735766            3.285312483163          0.33523852557602      0
      9.0414188733028           16.021643993424           5.9218589149491      0
      8.8965678921155            4.288837625976           0.4592715930358      0
      8.8401764214386           16.242797298259          0.18298133284358      0
      9.0881775930707           3.0456094675082           6.2506915711416      0
      9.2299463663569           3.8168322696873        1.589636692241E-18      0
      8.7893826883852           4.0020781937639           5.9685264874799      0
      9.3215831654614           3.5969526413102          0.26630542073341      0
      9.5081625884596            15.71018098532                      6.35      0
      9.9948077718875            16.66693833167           1.1448600802335      0
      8.4351809174123           14.887560959244          0.63848892913828      0
      7.7638287896054           4.6606779871219           5.7083890715388      0
       5.126144879672           4.1373510819221           3.6942424847745      0
     0.97783283379649           10.146616198676           3.6404093067687      0
      8.7525715169185           17.255273639918           1.6524904655754      0
             10.63625           9.5111909573373           5.3025232862967      0
      4.8915102045785           10.618075327304           2.0751525584516      0
      8.3054696402039           3.9123848580537           5.1493653497423      0
      9.4761920617978           4.1516734186485       8.3516156019251E-19      0
      2.3260614529113           4.5800141883503          0.11944717254255      0
      9.6108222766426           3.2414179653631         0.030500950915367      0
        1.33602923504           10.776150796293           2.0319441995164      0
      2.3015111228288           6.0040942386739          0.12961625222349      0
      8.7419704782987           16.466252577982           5.4922546343206      0
      0.9970624028407             10.0459971311           2.7731319071069      0
      2.3532495317995           7.2261031697732          0.10818550153221      0
     0.66115555465585           10.843270508396           1.2802174263837      0
      9.0801130817934            14.51765991265          0.47154124482961      0
      1.7636007862582           10.467474827985           2.4695713118963      0
      2.3532194146414           9.9112812554338          0.10819797646756      0
      2.3532495317995           12.622944194999          0.10818550153221      0
      9.4983119320116           15.736256629815       -2.266284163346E-18      0
      3.7895188506571            15.79138418355           4.6240553013653      0
      2.0817159958694            5.067193449331            2.030025196679      0
      2.3532495317995           15.194552403465          0.10818550153221      0
     0.10818550153221            10.51130051063           2.3532495317995      0
      9.2735133854046           3.3328539583267         0.074908508905288      0
      2.0340947447358            6.643997451605           2.0764124575858      0
      1.6398078540483           15.269614536815           3.5723175975155      0
               1.5875           6.0320509106929          0.42536934298441      0
      3.4364192266133           15.802687466273            4.728083505899      0
      8.6621411735906           15.332488045407       1.0315394105672E-19      0
      1.2122928670337           12.587789847859           2.6350381347368      0
      2.6949570357951           15.689204548998            4.679757037346      0
      9.8776676838675           4.4402714441829       7.1668348511014E-19      0
      4.3202347065487             13.9426678019           1.4692144461691      0
      10.067329243988           4.1921729429411                      6.35      0
      1.5915946672952           7.2475715133632            3.143897914052      0
      1.5907671160167           8.4943406886243           3.1501837900794      0
      9.5344915821498           3.5462674059676        0.0015912491036193      0
               1.5875            9.770958107579                     3.175      0
     0.85985563689898           14.628557707593           3.6794017288446      0
       2.704200639083           15.839272866468           4.8325690418103      0
      9.7856352648974           16.634826081301        0.0074863844008983      0
      1.5886671305622           10.948464405626           3.1838652367683      0
      1.1970853090576           10.482474155081           3.2073698334103      0
               1.5875           12.099031502043                     3.175      0
      2.9832906317767                    16.002           4.7254279274599      0
      9.0341333618729           17.803086356179          0.65146217675825      0
      1.5900040875113            13.39728114165           3.1559795669874      0
      10.010884566212           2.9487437884233          0.59696033679006      0
     0.41677814535944           12.517348919778           1.6082409858232      0
       8.626056675127           14.199525644975          0.74762437791393      0
      9.2294028421263           3.7483862617811           6.1900443219926      0
       9.195196441791           2.6466787231236           1.3466137627237      0
      1.5972144401371           6.2182305664236           3.1012115013759      0
      8.8670094832317           4.6157391633895           5.8015265867234      0
      1.7765194156728           6.6696870049487           1.7519836366264      0
      9.0260666963897           16.256191232363          0.10748548353383      0
     0.12922702756175           7.0669911517073           4.0475492057141      0
      8.8358596109881            2.836742609214          0.78209930182454      0
      4.5824046154796           13.649595468784           2.4599274985953      0
      4.6866746042469           8.7105071573017           3.6383424803741      0
      3.6276775914544           15.762928835872           4.6910921458786      0
      2.3452237710297           13.050725719975           1.8278285692562      0
      4.7013800426711           10.402090190776           3.6028404114898      0
      7.8450936861525           4.2291473693721           5.2385556450132      0
      4.7115576577565           11.998460658381           3.5619455056081      0
      4.7084072492339           13.174944811146           3.5858752341002      0
      4.7084072492339           15.059290437852           3.5858752341002      0
      4.5541619914418           4.1546746769468           3.9582562273937      0
      5.5360767712631           10.702268755154                      6.35      0
      5.0305069488216            9.060509534019                      6.35      0
      8.7185350612011           5.1781626762659                      6.35      0
      4.5558892161609             6.13291448617           3.9540863380515      0
      1.5502090709818           9.7164437291728           1.2940075269099      0
      1.3056934170072           7.3801507482758           1.6698031154084      0
     0.61447390494022           12.698596292527           2.8031085247508      0
      1.7690172835257           4.8843618322932           1.5576439081038      0
      1.6579479519897           9.6419363842836           3.6253601827096      0
      4.5188415316342           11.138363393585           1.4517852864983      0
      5.4781376391465           9.8987541433614           4.1127625648552      0
      1.2052967925029           13.233181187552           3.4225750872672      0
      7.0826781471238           17.686848227884           1.6121037232636      0
     0.44242908838135           9.6379432113729           1.5652673069445      0
      9.5855985339277            16.15064381178           5.8848254435216      0
      13.694731146806                    19.558            5.529203624617      0
      8.4290015611725           3.1475067447224           5.3695969047607      0
      3.9683945060313           14.628421099134           5.3679228166208      0
      8.2194634316362            4.184082408657           5.6729522912818      0
       5.070407979192           12.911135100637           2.0099289060358      0
             10.63625           5.5090108473816       1.8048229752423E-17      0
             10.63625           7.8105585620647                         0      0
             10.63625           9.2325255422557       1.8048229752423E-17      0
             10.63625           11.022870475454       1.8048229752423E-17      0
      10.097989330815           15.102606026106       3.8617047539006E-18      0
             10.63625           12.600981160047       1.8048229752423E-17      0
      7.5899499039852           1.9372869217555          0.93969200055761      0
      9.7375020016428           2.8945792129372           6.3361767512746      0
      15.985841111636           1.5548579999712           5.7716517080162      0
      8.5099417168043           14.646001568267       6.9538128683011E-19      0
      11.524969644088       9.2735093997382E-34                      6.35      0
      13.212098982409       7.1653221751204E-34                      6.35      0
      4.5498153285078           8.2407341361533                   3.96875      0
      9.2254558123095            16.51971290699           5.8358640719261      0
      4.5185715064313           9.7798386340974           4.0094677416746      0
      4.5505233208255           12.303480663988           3.9670407553446      0
      9.3372388372751           15.633891229764           5.6778488037162      0
      9.4730795841148           15.376404965529      -2.1035026088656E-18      0
      4.5555475544073           14.134306566995           3.9549111824908      0
      4.5598931509583           15.204318074823           3.9444199843607      0
      9.0072185712747           17.701317397569           0.1137902088935      0
      7.9805427405333           3.1105618575607             5.71403219478      0
      1.6392491858914           12.688983721196           2.7819259084353      0
      1.5929393453541           12.781425461478           3.2163159298442      0
      2.3008786279004           4.8446175579224           6.2201217597991      0
      3.8775790871923            11.11860659815           1.2610040019594      0
       9.399635930331           16.430132979999         0.058304160863648      0
       2.301862678638           15.606313674431           4.8694995898727      0
      9.3165740509794           3.0466941762378          0.62921173261997      0
      9.1403709735563           16.085189472639            5.645767380669      0
      1.8619217373237           10.006532649676           1.7138302098717      0
      9.3827079309997           2.9912945982576         0.060532774254766      0
      1.2016154003713           11.420030112093           2.8517210185921      0
      8.5661113723154           16.412704882916          0.29650279316288      0
      9.8346921959531           15.511566091071           5.9493383141409      0
      1.1295566924061           9.3892213073181           1.7325538059646      0
      1.6587988734049            14.59762389724           4.4756811702639      0
      4.2124038846235           11.867519391638           1.3678074158561      0
      5.0393669284008           11.397728197477           1.9663871488986      0
      8.6638292463107           3.1447753425495           6.0939732755323      0
      3.9595494043213           12.903291036248           1.3139271655074      0
      1.4414689122038           11.693085650046           1.1489997427017      0
      9.0157858092292           1.9325617709694          0.11370327961788      0
      9.7315701321557           3.8055487598173           5.8145716111015      0
       4.525429019737           12.654509271409           1.5082594177741      0
      2.5928286671094            14.99576906513           5.1137723754267      0
        8.64187518667           16.430755275353           6.0848796062799      0
       2.751636224012           14.815346638017           4.7032343258097      0
      15.341391574031           18.346215748671          0.21443093198954      0
      1.4185721492759           4.6923489163631           1.9505794301842      0
      10.023179976326           16.571573141522                      6.35      0
      8.3520408534325           15.372303600647          0.37369564724074      0
      1.7767357159158           13.993885745597            3.912139213424      0
      8.8557836170615                     3.556                      6.35      0
      8.3027903240703           17.775487653899           5.9444260573957      0
      3.9377356743526           15.400202236923           5.2379725525541      0
      1.3949525540625           5.4831030496255           1.7825052577313      0
      16.189550362123           17.713732547036           3.1525952759683      0
      8.7913013306659            15.51972847354          0.40627529158779      0
      1.7711777284914           4.9817248742441           2.4512789551956      0
      9.1998104295165           2.7059758582776           5.7444882394691      0
      9.1419386724191           3.3729782591205           5.5711626513101      0
      1.3166793339589           4.7172722732377           2.6231569028991      0
      9.3765573757633           15.386907863358                      6.35      0
      15.754346987227           1.0747238968751           2.0889863261336      0
      15.720672604688           2.1324589681346           2.0456502361316      0
      1.3523348107105           10.341654420052           2.2987874617062      0
      7.5974359697327           16.994780035598          0.92993596973271      0
       17.22287743685           2.1661880096773           2.4893967258889      0
      1.5939324996023           11.463400603206           3.1261403146905      0
       9.658397944668           14.544944249072      -2.3868374746098E-18      0
      8.8070128824486           15.265739324609                      6.35      0
      9.2506566381459                     3.556                         0      0
       8.313160851156                     3.556                      6.35      0
      1.0387844924357           10.132421980593           1.6763475068719      0
      8.5082857813274           15.590831102001       4.5179570313237E-19      0
      4.7557134724288           12.055240133666           1.8096394296731      0
      1.5929239306592           10.413822872752            3.216198843612      0
             10.63625                    16.383           3.2174895615019      0
     0.10818550153221           6.1668267404645           2.3532495317995      0
      8.9724399596551           16.565955173052          0.12819598150687      0
     0.12413118690173           7.7509161106759           2.3147532419191      0
      1.8876490339786           10.333725660146           2.2672642235883      0
     0.12798115264848           4.6004672700784           2.3054586023986      0
     0.10429401953773           8.6492119758214           2.3828082721637      0
      8.2707185103494           3.0985973839677           5.9311414771826      0
     0.10818550153221           9.6184888629086           2.3532495317995      0
      0.1126580133601           11.381213545674           2.3424519330867      0
      8.9685003167368           3.0546599451582          0.12982783503451      0
     0.10041887325841           12.625237940512           2.4122429304522      0
     0.10794533426196           13.854596994632           2.3550737833303      0
      2.3039277505163            14.41347606707           6.2265303955158      0
      7.6298435913952           16.340222118395           4.2153351252077      0
     0.92792550835806           5.2824180384235           5.4174439459927      0
      0.9577378273167           6.6649817482839           5.4413971459074      0
     0.92993596973271            7.925209573172           5.4200640302673      0
     0.89235806419279           9.9094134588046           5.3710915503094      0
      1.5374755371096           8.0834578931208          0.46375446341933      0
      4.5176064127026           4.3250147533789           2.3392745236909      0
      4.5468011668059            5.605156498223           2.3773218679922      0
      9.0350139096618            17.18232468845          0.10630756056011      0
      6.6696420534068           2.3814612716492           3.1587294890255      0
      2.3475674219422           15.261013115266           1.8260302226607      0
      1.0569569337575            11.00828285601           3.9518037035696      0
              2.38125           7.7302777755441           1.8001846714922      0
       2.404102962076           8.8078826975703           1.7907186646599      0
      1.0139733027816           14.324304958454           2.3646307407958      0
      2.3740969764464           10.353756621548           1.8056733795106      0
      2.4036495577827           11.300676223619           1.7909064708674      0
              2.38125           12.218562722307           1.8001846714922      0
      2.3520818255115           13.795930551181           1.8225661989673      0
              2.38125           14.499142832896           1.8001846714922      0
      2.5269855985696           5.2976848897933           0.8612895767686      0
      2.4709249481099           10.580034098745           5.4539112855063      0
     0.45411053408639           4.7082735226388           1.5500437505102      0
     0.42164699731193           7.0727565409759           1.5964865374063      0
     0.40850971046321            8.926038548537           1.6282027534893      0
      15.372067496883           18.347790050259            4.560867583177      0
      5.4962089470442           8.8390695302834           2.6481656877836      0
      5.9658314924564           10.898745181579           4.3706171835862      0
      3.2944877724804           11.537265613235                      6.35      0
      5.4386363000857           14.604984431336           2.2871449561551      0
                3.175           12.231496968495                      6.35      0
      7.8321983595511           5.2023094277039           4.2184413051731      0
             15.39875            19.04795213414           1.8001846714922      0
      9.6662070469048            1.496796800197          0.78415003146192      0
      14.595328787996           1.4246940945464           1.5875294592786      0
      16.144320117595           1.2003675581805           2.8160463880926      0
        16.1358756999           2.3638382926881           2.7547907170757      0
      1.6450723521843            10.52420018321           3.5942757350357      0
      1.6402932137183           11.668304285108           3.5760042702245      0
      1.6415927507661           12.824136824618           3.5858752341002      0
      1.6423771925085           14.642214038842           3.5877690439937      0
      8.7856013899036                    16.002                      6.35      0
      7.5974359697327           1.6142409527422           5.4200640302673      0
      4.3085348788575           8.1218196553626           4.2831928039548      0
      4.2975320151336           4.2176287195161           4.2975320151336      0
      4.2981143584391           6.2127708529225           4.2967730905622      0
      15.942678664724          0.80498098561911            5.796025321177      0
       17.20129732243           1.2287566309681           2.3879522688055      0
      6.7793358930908           2.2272940987104           2.3444367069908      0
      4.5498153285078           7.1562448926145                   2.38125      0
      4.5868100080204           12.120771105963           2.4705630570149      0
      4.5868100080204             12.9238749819           2.4705630570149      0
      4.7142421032061           4.8315269559677           2.8084448819564      0
      4.5874280434858           4.7988383510866           2.4720551266174      0
      5.3207480517942           5.1384273503928           3.1926549210612      0
      4.6858306097289           9.4951276133978           2.7096199366139      0
 -4.3837270079992E-17           13.305697754419                     3.175      0
     0.44687212264264           10.678588629232           4.8144123022796      0
     0.11092779900008           12.552003285629           4.0033709599395      0
      4.6815487819477           10.363617237204           2.6992826899127      0
     0.92993596973271           10.785044283513           5.4200640302673      0
      4.7108549388238           11.445131489374           2.7827168141688      0
               1.5875           10.705895213414           5.9246306570156      0
      4.7114625993812           13.873257353378           2.7873324543472      0
                3.175           6.0462039952211       1.3759061409294E-17      0
      4.7084072492339            6.167303406652           2.7641247658998      0
      15.727532015134           18.121056920726           4.2975320151336      0
      5.8559729876302           14.401252176197                      6.35      0
      7.8007175276302           8.8826375260141                      6.35      0
      7.9608212264443           6.8993787233514                      6.35      0
      7.6342249529196           10.787094371607                      6.35      0
       4.537794382623           8.1269450768133           2.3655839983174      0
      4.5498153285078            9.050255447096                   2.38125      0
       4.518588692046           10.092596556611           2.3405546550545      0
             10.63625           8.8041766124892           3.7487149558371      0
      4.5498153285078           11.051299299068                   2.38125      0
      1.6374199077175           6.3936175128191           3.5541793443523      0
      2.3278776674832           7.1457178780183           4.5088612973562      0
      2.3415702363226           8.9556853866108           4.5193679749615      0
      1.5374755371096            14.41347606707          0.46375446341933      0
      9.2767170888126           12.570525344113      -8.3527702856794E-19      0
      4.5498153285078           11.021419776395                   3.96875      0
     0.92993596973271            8.852104786586           5.4200640302673      0
      2.0301005332701           7.1393962562873           4.2683821846876      0
               4.7625           4.5317741907913                     3.175      0
      4.7561157461028           5.6465864389702            3.126506777204      0
               4.7625           7.3996527617334                     3.175      0
      4.7597102701079           9.7875739022312           3.1961901023017      0
      4.7544120718046            11.16881730272           3.2364339138539      0
      4.7586517851859           12.574715330215           3.2042300935009      0
               4.7625           14.026123430249                     3.175      0
      4.7581761707439           15.098626817769           3.2078427438547      0
         1.2708292707           6.6341517209405           2.1050355519448      0
      7.2698578978072           16.707467314265           3.5004220479516      0
     0.96973875652919           11.130677407795            0.899394217227      0
      1.7636007862582            4.482104188285           2.4695713118963      0
      1.7636007862582           5.6787068467074           2.4695713118963      0
      2.3184763024216           11.335819209497          0.12258904474806      0
       1.800802851707           6.9996597913257            2.380444371859      0
      1.8078878135462           8.1762205536784           2.3712110698246      0
      1.7717136075888           9.5164787129333           2.4499852286109      0
      1.8197735534133            11.99024546447           2.3557212720549      0
      4.6902352669905           4.7060126783305           3.6297462800875      0
      4.7091995559329           5.5843701814846           3.5798570672326      0
      4.7139405236677           6.9068599820916           3.5438458420625      0
      8.2898972997112            2.599946787648           5.9390855918462      0
       14.14259287334           1.5366064597995           1.6619051672482      0
      3.9315720598597           4.4596044953302            1.784785064465      0
      3.5810003462157           5.3173709289707           0.8813832423832      0
      3.9631685030721           5.5178088327506           1.7978727397663      0
      3.8980570800703           6.3942200241974           1.7709027052935      0
      3.9795476270302           7.2411787305586           1.8084699821186      0
      3.9531670829292           8.2709978817796           1.7937300159001      0
       4.019783288023           9.2753669466484           1.8393438906776      0
      5.1005728877145            9.847300049904            5.710021975505      0
      15.329531032337           1.3544888443601           6.1422666552836      0
      4.7174518452614           15.198627157906           2.8328252933734      0
       4.714434196778           12.798200126742           2.8099039774948      0
      4.7004127140579           8.3006728736698            2.744824250653      0
      6.6400224865672           15.095434922019           5.3861422477381      0
      8.2993990779965           17.812995556318          0.40697864272141      0
      14.654916872859           1.2885587313351         0.014311876916316      0
      11.740725728823                     3.175      -4.4408920985006E-16      0
      13.262968490169           3.1716283669292      -9.2709486807149E-16      0
      6.7756855015322           2.1051783524965           3.9967504682005      0
      8.8044953494562           9.4297197710012          0.95882773937796      0
      8.6932029725904           11.605359922124          0.63826898780027      0
      1.7791157873875           15.332582667251           3.9178852142503      0
      8.8568742163955            15.10389801507           5.7191640593938      0
      1.8114162470226           4.5029906029259           3.9833872742082      0
      1.8264105282849           5.3318564235708           4.0029282019968      0
       1.792616393301           6.1722100865819           3.9504785601469      0
      1.8001846714922           7.1677288837501                   3.96875      0
      1.8001846714922           8.9640258209797                   3.96875      0
       1.807697632715           11.372000458629           3.9785410816908      0
      1.8348899316953           12.872546870831           4.0139787756677      0
      1.8255559478255           13.560092959122           4.0018144910589      0
      1.8448629505754           14.685206472097           4.0269758669162      0
      2.0169628726003           4.9245950916831           4.2512608519629      0
      2.0524679848664           6.1332361527663           4.2975320151336      0
      2.0524679848664           7.9822977773085           4.2975320151336      0
      2.0212683625685            9.859687807766            4.256871875732      0
     0.41822822584631           14.990375075526           1.6047401818453      0
     0.45434397125987           11.499110588731           1.5497395292628      0
     0.42536934298441           13.525493705399                    1.5875      0
      9.0795267016222           2.4501065796873           6.2495526596761      0
      15.960614452057           18.686431718464           2.3562269306287      0
      15.979815328508           17.525717777127                   2.38125      0
      16.138407249234           17.194161707312           2.7641247658997      0
       2.070890689235           11.028712653588           4.3116682533873      0
      2.0427148671694           12.100138349634           4.2848215046867      0
      2.0774606642073           12.999749257503           4.3167095724939      0
      2.0524679848664           14.160504266399           4.2975320151336      0
      2.0524679848664           15.179498536822           4.2975320151336      0
      11.234448214307                    19.558                         0      0
      12.729046076457                    19.558                         0      0
      1.5458770827287            12.05299290195           0.4573077307251      0
      2.0764817370063            4.386417087399           2.0340415847668      0
       12.28664502217                    19.558                      6.35      0
      6.8330403746929           11.535605650041                      6.35      0
       8.611610828465           13.082818279004                      6.35      0
             10.63625           4.4406330881301                      6.35      0
             10.63625           10.754968793134           5.1703812248006      0
      2.9658298460948           5.9816255183436          0.97176825537282      0
      3.1303084008731           7.9123623308403          0.75614340165867      0
             10.63625           14.485195278425           5.2875686557635      0
             10.63625           15.085943397173           3.9355155775346      0
             10.63625           16.366822776317           2.3047771054091      0
             10.63625                    16.383           4.0787485121936      0
             10.63625           5.6671326296327                      6.35      0
             10.63625           7.1686494516282                      6.35      0
             10.63625           8.1863147456973                      6.35      0
             10.63625                     9.779                      6.35      0
             10.63625           11.632790426828                      6.35      0
             10.63625           13.349740068667           6.3417342444438      0
      4.5779992229387           14.375315955668           2.4492919401757      0
      4.5868100080204            15.17660518253           2.4705630570149      0
     0.82810855227413           7.9651668373196           3.2654214063552      0
             10.63625           15.659971972152                      6.35      0
      6.7756855015322            17.40863521814           2.3532495317995      0
        14.1941247659           17.796609635954           1.6415927507661      0
      1.6508204377912                    16.002                    4.7625      0
      2.5197096215061                    16.002                    4.7625      0
      5.7440123831648                    16.002                    4.7625      0
      4.2000424204739                    16.002                    4.7625      0
      11.585138861515                    16.383           3.3514616111875      0
      9.6722358501716           15.151489119055           3.3052665479714      0
      7.7837454846022           8.2278070535123           1.0280348162321      0
      5.5406727345968                     3.556           1.8258485986263      0
      6.0662290797299           9.9993110477021           5.2566443575772      0
      13.644776179548           17.488477947256           5.4853429840712      0
 Tetrahedra
 7598
 641 950 1080 279 0
 531 233 208 1211 0
 1944 1755 320 323 0
 1088 415 471 158 0
 1426 1371 928 907 0
 904 218 226 264 0
 634 367 944 279 0
 799 993 292 544 0
 2013 1271 1169 1806 0
 215 1829 259 251 0
 1441 76 81 1388 0
 194 423 204 236 0
 842 662 1600 288 0
 1161 1297 1418 423 0
 290 2020 722 1877 0
 1943 319 320 1208 0
 2008 287 1629 1470 0
 285 1159 1706 1578 0
 617 634 1268 343 0
 804 589 1996 1660 0
 288 321 496 305 0
 1045 404 1033 1532 0
 229 245 741 268 0
 722 1198 902 290 0
 799 1041 1229 993 0
 768 1212 903 1639 0
 252 1225 260 970 0
 1504 1270 641 950 0
 502 1888 514 343 0
 722 764 2020 765 0
 1472 1862 1467 813 0
 298 1268 1535 402 0
 1012 561 325 329 0
 425 196 206 238 0
 734 859 427 485 0
 779 1731 1701 1955 0
 1806 1951 1461 1169 0
 1601 1893 269 240 0
 1221 1846 280 1017 0
 857 858 1607 497 0
 1007 295 878 1008 0
 791 1088 1443 405 0
 1913 651 1751 927 0
 359 567 1321 691 0
 1555 770 769 1166 0
 511 1886 328 1235 0
 1675 787 1552 1763 0
 283 1800 1758 1839 0
 1052 1368 1841 1051 0
 638 365 1833 475 0
 910 47 54 872 0
 477 137 591 131 0
 237 211 195 424 0
 1984 24 1702 1493 0
 207 1231 251 231 0
 1326 1793 1853 1664 0
 1040 1042 1141 1165 0
 981 733 1463 314 0
 1384 1590 2041 1582 0
 1407 1222 1342 177 0
 684 271 277 2005 0
 388 956 1464 593 0
 1111 324 640 845 0
 1306 1716 1617 1313 0
 451 140 1364 455 0
 276 1024 246 248 0
 647 698 1620 1619 0
 567 1985 695 1086 0
 630 1938 598 1779 0
 1283 1414 1280 790 0
 74 1599 1973 861 0
 336 301 1136 840 0
 1993 1470 1500 287 0
 1356 429 1691 1497 0
 1199 485 832 833 0
 833 235 209 422 0
 241 2005 249 277 0
 225 263 217 426 0
 741 742 365 1183 0
 2037 422 870 657 0
 1918 639 1932 1803 0
 1288 1566 1340 1287 0
 638 365 1183 1892 0
 972 1609 1367 1734 0
 1081 281 1933 925 0
 1435 621 1676 1959 0
 1304 1279 286 789 0
 296 661 879 1132 0
 1048 1047 492 1057 0
 861 854 1181 1886 0
 592 951 2028 2029 0
 1276 1571 782 1275 0
 284 1677 1489 1554 0
 855 216 224 261 0
 166 415 958 158 0
 2029 592 952 384 0
 60 1696 1539 1590 0
 862 264 226 272 0
 596 1410 1882 1161 0
 879 310 1009 917 0
 852 328 1886 1235 0
 1044 1377 52 1482 0
 872 1660 1120 289 0
 638 742 1024 1183 0
 875 292 1125 1163 0
 771 1093 1166 294 0
 1143 1953 1821 780 0
 319 849 1975 1883 0
 1273 1487 778 1814 0
 576 299 1215 45 0
 759 1272 486 584 0
 547 2026 1270 977 0
 416 588 364 1332 0
 759 1272 1644 486 0
 411 1382 176 179 0
 411 1978 179 482 0
 891 629 631 942 0
 333 976 372 977 0
 629 310 891 631 0
 947 561 1023 421 0
 923 1843 2025 1434 0
 972 1734 1853 344 0
 947 1023 739 421 0
 1272 486 584 459 0
 404 627 1068 476 0
 421 561 562 355 0
 421 562 567 355 0
 404 708 1068 627 0
 566 421 567 355 0
 566 947 739 421 0
 566 1055 421 355 0
 402 754 373 1389 0
 876 510 441 1362 0
 634 346 367 279 0
 279 346 367 439 0
 381 346 367 634 0
 1420 1050 370 747 0
 999 747 599 1420 0
 481 1231 1978 419 0
 1943 494 320 1883 0
 1903 232 200 197 0
 320 494 1943 1736 0
 407 1971 597 1746 0
 956 1220 388 955 0
 1145 635 1068 1382 0
 494 1883 1943 1975 0
 579 1149 407 1746 0
 1540 879 918 1010 0
 1403 443 1494 1708 0
 1906 316 1864 1061 0
 1268 1152 1535 1516 0
 544 799 806 292 0
 394 923 2025 2023 0
 198 464 214 234 0
 1691 1378 389 1726 0
 678 185 417 2012 0
 870 417 667 713 0
 454 82 594 90 0
 1595 570 386 524 0
 408 835 549 550 0
 185 417 870 678 0
 988 1402 429 393 0
 1980 179 1382 487 0
 438 389 985 988 0
 8 1523 4 1614 0
 1405 484 438 1497 0
 548 348 351 507 0
 604 811 829 300 0
 467 214 464 1773 0
 971 214 467 1773 0
 234 1773 464 214 0
 971 214 1773 254 0
 1493 1702 1260 1246 0
 234 254 1773 214 0
 1537 609 409 440 0
 609 943 409 440 0
 1537 451 609 440 0
 451 608 609 440 0
 609 608 943 440 0
 711 317 604 699 0
 723 534 409 442 0
 530 409 442 723 0
 723 609 534 751 0
 510 327 1254 1362 0
 474 534 723 442 0
 530 723 442 474 0
 474 723 534 751 0
 342 444 607 503 0
 445 976 372 333 0
 23 5 1246 19 0
 515 342 503 444 0
 530 688 474 1244 0
 806 292 1038 1163 0
 966 441 1362 876 0
 810 1037 292 1038 0
 810 1038 292 1163 0
 186 185 205 424 0
 407 899 1149 512 0
 940 1971 407 1746 0
 2046 557 899 407 0
 447 1947 761 329 0
 1483 1423 2023 2022 0
 394 1423 2023 1483 0
 1783 1742 447 1012 0
 447 1947 329 1742 0
 986 371 1292 479 0
 1292 443 371 986 0
 1326 479 1292 1070 0
 540 834 434 539 0
 339 479 720 97 0
 434 1206 841 303 0
 1614 658 1 449 0
 1848 449 1 658 0
 1190 278 243 250 0
 526 1423 666 2043 0
 171 448 678 163 0
 171 185 678 448 0
 271 426 2005 684 0
 529 1203 627 476 0
 404 627 476 529 0
 588 582 1072 364 0
 511 478 1886 761 0
 478 77 761 511 0
 1783 483 447 1742 0
 483 1947 447 1742 0
 534 155 448 1179 0
 187 206 188 425 0
 697 2023 1423 2022 0
 279 367 944 439 0
 905 497 858 266 0
 701 484 1770 438 0
 415 1156 889 1529 0
 1025 1156 889 415 0
 1153 655 660 573 0
 655 752 1153 157 0
 655 660 165 157 0
 1129 1150 1765 978 0
 506 740 320 637 0
 194 423 898 183 0
 1748 538 1208 1961 0
 1208 538 699 663 0
 1902 663 699 538 0
 260 741 268 229 0
 515 444 503 888 0
 1747 1152 950 641 0
 444 436 503 888 0
 414 1145 476 1068 0
 687 512 381 330 0
 476 627 1068 1145 0
 1020 559 1021 680 0
 559 855 1021 680 0
 614 605 1187 102 0
 1211 855 559 253 0
 512 944 897 381 0
 635 708 627 1068 0
 172 188 418 187 0
 627 635 1068 1145 0
 687 512 897 381 0
 1080 547 1270 877 0
 938 583 737 1044 0
 1147 1350 1432 333 0
 1644 413 489 486 0
 486 489 1191 413 0
 919 510 478 1181 0
 323 740 320 506 0
 131 451 591 138 0
 477 591 1537 440 0
 1537 451 440 591 0
 451 608 440 591 0
 235 209 422 193 0
 323 740 881 320 0
 359 691 739 567 0
 428 409 477 1072 0
 77 357 478 83 0
 944 381 1926 897 0
 944 1926 381 634 0
 1420 1050 633 370 0
 599 1137 1420 338 0
 599 999 1420 1137 0
 1406 1429 1503 747 0
 892 660 415 473 0
 532 685 527 362 0
 605 527 362 532 0
 1187 362 532 605 0
 1228 362 685 532 0
 1228 362 532 1187 0
 183 1418 170 184 0
 2042 1034 1843 2025 0
 1937 389 484 1378 0
 588 1072 416 364 0
 183 184 204 423 0
 382 794 665 735 0
 2042 1272 608 410 0
 220 266 258 905 0
 1645 1325 2024 644 0
 2024 393 644 736 0
 1537 534 409 609 0
 393 1645 2024 644 0
 454 1262 90 601 0
 1262 650 90 601 0
 601 1250 298 711 0
 601 711 298 317 0
 604 317 711 601 0
 238 425 1410 596 0
 212 238 196 1410 0
 862 277 1822 580 0
 781 444 347 607 0
 607 546 347 315 0
 607 315 347 906 0
 444 546 347 607 0
 781 607 347 906 0
 684 1822 277 580 0
 613 1185 335 80 0
 613 335 1193 80 0
 189 682 178 200 0
 1414 1623 590 1174 0
 247 239 1892 275 0
 1414 2001 590 1623 0
 983 794 735 984 0
 663 699 1261 302 0
 1139 579 304 1746 0
 597 579 1746 304 0
 711 302 699 604 0
 1095 907 1094 620 0
 1094 772 620 907 0
 1149 687 1261 579 0
 194 204 423 183 0
 687 1324 1261 579 0
 663 1261 1324 579 0
 1261 302 699 711 0
 153 416 458 161 0
 743 77 511 761 0
 84 1599 77 743 0
 602 1055 524 355 0
 473 415 158 471 0
 415 473 158 166 0
 602 325 329 640 0
 355 602 329 509 0
 2024 1645 393 612 0
 480 923 393 612 0
 603 382 533 735 0
 2024 612 393 923 0
 282 544 1990 698 0
 544 1860 672 282 0
 904 218 264 256 0
 404 1105 1349 1033 0
 1105 405 1033 1532 0
 862 242 272 226 0
 901 654 1246 2 0
 901 2 1246 5 0
 180 190 606 174 0
 228 266 220 905 0
 1214 606 174 892 0
 227 265 273 427 0
 1214 190 174 606 0
 635 472 160 152 0
 1068 152 635 708 0
 892 415 606 174 0
 1077 793 508 845 0
 228 858 274 266 0
 642 385 700 969 0
 1272 459 154 457 0
 1768 385 1018 642 0
 642 969 700 985 0
 584 154 1272 459 0
 584 1272 154 759 0
 119 1469 1520 1201 0
 219 734 265 227 0
 616 130 748 1267 0
 1072 416 458 153 0
 926 486 489 1191 0
 604 1262 811 300 0
 1262 1154 811 300 0
 656 413 486 577 0
 616 486 489 585 0
 458 416 460 161 0
 2037 416 161 460 0
 585 1485 489 616 0
 615 442 582 693 0
 2047 162 459 461 0
 620 772 1426 907 0
 162 837 461 2047 0
 759 1644 616 486 0
 670 976 729 372 0
 1237 485 426 2004 0
 650 1155 90 601 0
 1352 626 1012 1780 0
 1324 381 617 535 0
 1324 535 617 1208 0
 381 346 634 617 0
 428 582 1072 588 0
 617 346 634 343 0
 617 381 346 535 0
 1742 1780 1012 626 0
 757 519 346 740 0
 277 272 862 242 0
 670 514 340 1395 0
 710 588 428 1072 0
 257 734 265 219 0
 414 470 472 1068 0
 414 472 1382 1068 0
 1108 738 1976 1369 0
 473 415 471 660 0
 513 366 633 335 0
 1108 1976 895 1369 0
 513 366 370 633 0
 182 203 181 422 0
 1467 1956 813 652 0
 1467 652 813 1870 0
 1399 1401 542 775 0
 975 1150 1494 668 0
 975 375 1150 668 0
 610 725 756 403 0
 790 727 1492 13 0
 1492 1999 790 13 0
 159 472 414 470 0
 237 424 195 205 0
 794 386 382 522 0
 387 522 794 995 0
 794 386 522 387 0
 572 656 413 1644 0
 572 412 656 410 0
 572 656 1644 410 0
 572 412 636 656 0
 477 1072 409 1537 0
 186 195 424 205 0
 572 413 656 868 0
 1499 1502 832 485 0
 1963 472 414 159 0
 255 1237 485 426 0
 1848 3 658 1 0
 592 951 439 979 0
 592 439 380 979 0
 509 602 640 845 0
 279 951 979 439 0
 549 1049 496 507 0
 458 416 678 460 0
 549 662 496 1049 0
 279 439 979 380 0
 225 426 271 263 0
 1012 1780 629 1352 0
 2005 426 271 241 0
 1214 1236 606 892 0
 1177 549 496 507 0
 1177 662 496 549 0
 827 1783 1012 626 0
 362 480 1857 922 0
 1742 626 1012 1783 0
 1899 335 1170 96 0
 335 1170 563 1899 0
 526 394 2043 480 0
 1899 1170 1195 96 0
 1170 1195 563 1899 0
 358 394 526 480 0
 655 573 1153 752 0
 655 1775 573 760 0
 526 2043 393 480 0
 357 526 393 480 0
 358 526 357 480 0
 561 325 329 602 0
 355 561 329 602 0
 2031 392 669 956 0
 559 855 680 253 0
 255 263 426 217 0
 151 414 707 611 0
 1139 304 1141 1746 0
 664 1463 981 733 0
 1039 1139 304 1141 0
 353 793 602 524 0
 1900 663 538 1777 0
 182 193 203 422 0
 642 1937 385 969 0
 643 378 518 1982 0
 1374 385 642 1937 0
 1374 385 1768 642 0
 979 877 376 696 0
 235 203 193 422 0
 1080 1270 376 877 0
 643 980 378 1151 0
 1151 1982 378 643 0
 1402 990 644 988 0
 644 393 988 736 0
 393 1402 644 988 0
 1033 1105 1349 1350 0
 399 750 688 530 0
 559 1211 253 233 0
 578 410 1272 2042 0
 1020 559 680 233 0
 658 4 1614 1 0
 1491 4 658 1 0
 1272 656 608 410 0
 658 1523 1081 925 0
 507 374 351 1224 0
 2042 943 1034 410 0
 507 374 1224 549 0
 682 1972 686 178 0
 178 686 682 848 0
 548 507 351 1224 0
 241 426 271 225 0
 645 134 1532 466 0
 645 465 1532 134 0
 548 507 1224 549 0
 1072 534 732 442 0
 500 751 723 688 0
 523 969 570 386 0
 671 587 1244 125 0
 1595 969 386 570 0
 467 1773 464 682 0
 1595 390 969 570 0
 523 390 570 969 0
 1272 577 656 486 0
 603 700 386 983 0
 759 486 616 585 0
 656 486 413 1644 0
 355 524 509 354 0
 355 354 509 511 0
 1271 1169 1461 648 0
 1644 489 616 486 0
 355 511 509 329 0
 310 646 936 937 0
 698 2034 282 1619 0
 672 698 282 1619 0
 698 2034 647 1286 0
 855 253 216 261 0
 732 534 693 442 0
 364 582 732 693 0
 582 732 693 442 0
 382 385 533 1151 0
 1127 403 725 1205 0
 1127 707 403 1205 0
 531 192 233 201 0
 1149 512 687 330 0
 381 1324 687 330 0
 1149 512 897 687 0
 687 381 897 711 0
 542 510 919 1181 0
 542 510 1181 498 0
 542 510 1254 919 0
 542 327 510 498 0
 510 327 542 1254 0
 411 176 1891 531 0
 176 201 531 411 0
 1324 381 687 711 0
 730 969 386 1595 0
 730 390 969 1595 0
 390 969 985 730 0
 298 711 1268 317 0
 317 1268 381 711 0
 1173 363 101 450 0
 1230 450 1173 101 0
 516 1463 380 664 0
 1883 495 715 849 0
 715 495 318 849 0
 319 318 715 503 0
 1398 924 1662 1267 0
 1398 924 394 695 0
 527 939 1442 400 0
 501 939 400 1176 0
 1171 501 400 1176 0
 394 1483 2023 1398 0
 350 740 323 812 0
 1077 812 323 508 0
 1349 404 708 1105 0
 445 670 976 420 0
 102 614 605 110 0
 534 448 2012 1179 0
 732 534 448 2012 0
 732 448 678 2012 0
 732 693 534 2012 0
 870 417 185 667 0
 1261 579 1139 1149 0
 1139 1149 579 1746 0
 667 870 1813 185 0
 886 420 371 975 0
 267 239 1591 223 0
 396 409 530 1022 0
 500 723 399 688 0
 855 224 269 261 0
 399 688 723 530 0
 409 609 619 943 0
 164 418 837 172 0
 172 418 837 1453 0
 670 371 886 420 0
 619 399 500 723 0
 671 530 474 1244 0
 671 530 442 474 0
 671 474 442 693 0
 671 474 693 2011 0
 1259 1202 1258 707 0
 390 985 989 730 0
 1382 176 179 168 0
 1225 229 741 260 0
 655 848 660 1776 0
 355 674 830 567 0
 355 526 674 524 0
 355 566 674 567 0
 707 1202 1258 476 0
 462 466 610 702 0
 350 740 557 323 0
 702 466 610 469 0
 743 761 511 329 0
 1240 485 833 255 0
 734 485 832 1199 0
 734 1199 424 237 0
 668 1150 556 377 0
 668 375 1150 377 0
 886 976 729 670 0
 926 486 1191 2047 0
 670 886 976 420 0
 434 303 840 1136 0
 531 482 201 233 0
 967 420 371 670 0
 353 558 845 1077 0
 561 558 602 726 0
 419 1231 231 481 0
 531 176 192 201 0
 481 419 199 231 0
 175 177 419 199 0
 175 191 199 419 0
 1979 635 627 1145 0
 635 472 856 160 0
 231 1231 191 207 0
 414 1382 1145 1068 0
 462 702 610 141 0
 141 702 610 469 0
 1439 607 315 436 0
 145 137 456 1537 0
 1537 1072 456 145 0
 612 1345 694 721 0
 2024 1645 612 1345 0
 480 923 612 396 0
 2024 396 612 923 0
 755 607 781 906 0
 755 503 607 316 0
 404 1532 611 1068 0
 1215 299 839 45 0
 231 199 191 419 0
 691 739 2017 947 0
 663 302 1261 758 0
 810 302 758 1138 0
 1138 1261 302 758 0
 1035 302 810 1138 0
 119 1201 1520 1258 0
 1893 276 1833 269 0
 275 1892 267 239 0
 1149 687 897 1261 0
 1261 687 897 711 0
 1149 687 579 330 0
 897 711 1148 1261 0
 1324 687 1261 711 0
 180 606 190 202 0
 1214 202 464 190 0
 515 375 1327 1150 0
 1771 1609 344 720 0
 344 1609 972 1734 0
 687 1324 579 330 0
 1208 319 637 504 0
 663 579 1324 330 0
 1208 319 504 625 0
 451 132 609 1364 0
 268 245 741 275 0
 1903 252 232 213 0
 633 366 563 335 0
 633 563 1584 335 0
 633 366 370 1050 0
 526 390 309 393 0
 354 390 309 526 0
 569 1346 889 406 0
 1903 197 213 232 0
 1153 471 415 660 0
 391 1595 697 987 0
 666 1595 697 391 0
 699 604 302 1902 0
 254 214 222 971 0
 1612 776 285 927 0
 1991 1895 1868 776 0
 931 536 1019 575 0
 353 1055 524 602 0
 793 524 509 602 0
 601 1146 711 604 0
 958 415 1025 716 0
 601 1146 604 811 0
 312 906 781 347 0
 781 1388 339 502 0
 742 968 1225 1226 0
 864 406 1443 716 0
 1250 787 1552 1675 0
 2031 392 2022 669 0
 230 270 262 1226 0
 1183 1024 245 741 0
 245 741 1024 968 0
 1230 1977 450 1309 0
 502 504 343 342 0
 502 342 343 514 0
 1977 1230 109 1309 0
 230 222 1226 262 0
 262 222 1226 254 0
 1541 658 1081 1075 0
 394 567 805 358 0
 383 984 794 995 0
 416 1072 732 364 0
 416 732 678 364 0
 967 670 541 372 0
 967 1350 420 445 0
 1767 980 1151 378 0
 246 742 270 230 0
 893 558 2016 994 0
 994 558 2016 726 0
 726 561 558 326 0
 1405 484 701 438 0
 382 520 385 1151 0
 382 386 385 520 0
 1209 1050 569 366 0
 699 1324 711 317 0
 746 387 995 522 0
 353 522 746 350 0
 865 746 1003 522 0
 353 522 387 746 0
 180 1236 606 202 0
 1214 682 464 202 0
 995 522 794 1003 0
 746 995 1003 522 0
 1370 1391 1151 1387 0
 717 1254 731 919 0
 717 919 542 1254 0
 1516 1152 1747 641 0
 539 540 834 318 0
 376 380 979 696 0
 519 383 757 380 0
 519 757 346 380 0
 366 1170 431 521 0
 530 723 474 688 0
 380 346 439 757 0
 557 757 367 346 0
 439 367 757 346 0
 778 16 1488 21 0
 415 1529 889 573 0
 962 496 705 1063 0
 1981 76 82 1131 0
 1131 76 82 340 0
 273 278 243 1190 0
 717 919 1399 542 0
 2047 584 486 459 0
 2047 162 584 459 0
 573 415 1529 660 0
 1180 360 725 433 0
 813 1956 779 652 0
 1869 813 652 1870 0
 755 316 504 503 0
 319 316 503 504 0
 342 755 504 503 0
 298 711 1535 1268 0
 1540 1134 879 1010 0
 569 889 573 406 0
 655 760 573 752 0
 1168 760 752 573 0
 726 947 566 421 0
 726 561 894 947 0
 726 561 326 894 0
 1754 705 1932 1066 0
 962 1754 1066 705 0
 429 390 988 393 0
 393 429 390 309 0
 1395 754 1888 402 0
 330 535 381 1324 0
 1395 754 402 1389 0
 1272 486 459 577 0
 569 1775 573 889 0
 569 1775 889 1346 0
 1432 1137 372 1420 0
 97 89 347 575 0
 569 1775 760 573 0
 97 551 1247 826 0
 781 826 347 444 0
 689 1775 760 569 0
 1073 569 1775 689 0
 826 551 1247 546 0
 1073 1346 1775 569 0
 444 826 347 546 0
 358 511 526 355 0
 526 357 354 511 0
 358 357 526 511 0
 526 511 354 355 0
 390 730 989 1595 0
 754 376 641 1270 0
 514 754 376 1630 0
 754 376 1630 641 0
 1240 1241 485 255 0
 920 382 349 522 0
 865 1003 920 522 0
 255 1241 485 1237 0
 629 326 598 745 0
 629 307 822 598 0
 822 629 598 632 0
 598 935 326 629 0
 1218 889 1529 573 0
 1145 476 1203 1201 0
 1145 476 627 1203 0
 598 935 629 307 0
 1145 627 1979 1203 0
 629 745 598 632 0
 390 989 988 736 0
 756 610 525 725 0
 366 756 1180 360 0
 670 729 514 1395 0
 886 729 514 670 0
 756 725 525 1180 0
 514 376 754 729 0
 729 375 886 514 0
 514 729 754 1395 0
 1106 656 868 636 0
 712 636 868 1207 0
 572 868 636 1207 0
 2045 1263 1536 575 0
 572 868 656 636 0
 1536 536 1115 575 0
 792 1966 492 301 0
 1284 1048 492 312 0
 739 562 567 421 0
 320 637 715 506 0
 389 390 988 429 0
 429 389 390 309 0
 1932 1803 1680 1754 0
 951 1219 896 439 0
 1297 2047 491 418 0
 571 1297 491 418 0
 837 1161 418 2047 0
 566 739 567 421 0
 639 507 322 496 0
 691 567 2017 739 0
 508 1944 639 322 0
 566 739 2017 567 0
 577 413 418 1505 0
 714 413 1505 418 0
 418 1191 714 413 0
 783 349 508 352 0
 381 1152 1926 897 0
 381 1926 1152 634 0
 793 783 508 352 0
 783 508 812 1077 0
 1168 610 525 756 0
 618 337 1905 1192 0
 1168 756 525 689 0
 574 299 45 53 0
 1077 783 508 793 0
 783 508 349 812 0
 703 1109 1649 786 0
 295 1649 786 801 0
 744 983 995 982 0
 995 984 983 744 0
 461 837 418 2047 0
 577 461 418 2047 0
 164 837 418 461 0
 848 165 660 173 0
 1139 1261 758 579 0
 810 758 304 1139 0
 1199 237 1240 1813 0
 1240 237 1199 1241 0
 1921 1877 839 1965 0
 681 1493 6 10 0
 1595 524 386 387 0
 655 573 1218 660 0
 1595 391 524 387 0
 1755 2046 323 1884 0
 345 1059 505 2044 0
 176 201 411 179 0
 411 201 482 179 0
 295 1109 786 1649 0
 1770 484 1937 809 0
 628 12 38 17 0
 920 382 522 794 0
 289 38 34 17 0
 273 1648 427 265 0
 332 1924 631 341 0
 631 942 341 1924 0
 1924 942 341 1023 0
 332 331 447 631 0
 927 1720 776 285 0
 1797 1720 1653 1834 0
 516 515 345 379 0
 345 515 518 379 0
 757 346 557 740 0
 345 379 518 519 0
 557 346 535 740 0
 349 352 520 908 0
 168 1382 856 179 0
 168 856 1382 472 0
 967 1420 372 541 0
 1233 609 132 1364 0
 22 4 658 1491 0
 133 462 610 141 0
 1314 1292 1070 377 0
 377 668 375 886 0
 97 479 720 105 0
 1314 1070 826 377 0
 653 886 377 375 0
 514 886 653 375 0
 668 975 375 886 0
 2045 1536 1263 1048 0
 696 977 376 976 0
 43 297 35 49 0
 109 1230 101 1309 0
 511 357 510 478 0
 656 412 1364 608 0
 656 1440 1106 577 0
 516 343 346 883 0
 342 343 516 883 0
 337 1131 513 541 0
 932 316 504 755 0
 557 535 330 881 0
 1131 933 337 513 0
 932 316 755 906 0
 350 757 557 740 0
 557 740 881 323 0
 312 1284 932 906 0
 1197 360 513 433 0
 430 75 334 79 0
 37 1486 718 1490 0
 541 1420 372 1137 0
 503 607 1439 436 0
 407 512 1149 330 0
 407 512 330 557 0
 933 337 334 1192 0
 37 41 1490 795 0
 330 320 535 1208 0
 1208 617 504 637 0
 881 2046 557 323 0
 847 311 1242 1217 0
 986 1204 479 720 0
 1255 520 385 1983 0
 1439 318 539 493 0
 353 387 522 524 0
 516 379 345 519 0
 524 522 386 387 0
 353 524 522 793 0
 966 523 441 354 0
 946 947 566 726 0
 1937 389 441 523 0
 1921 301 336 840 0
 623 441 523 1937 0
 806 1163 1038 804 0
 550 835 549 374 0
 22 4 1523 658 0
 76 594 454 82 0
 856 635 1382 472 0
 1455 1356 1397 1691 0
 1402 1064 429 393 0
 1823 1568 1437 1397 0
 793 352 508 1281 0
 793 352 509 524 0
 587 530 671 1244 0
 793 524 522 352 0
 1378 441 623 1937 0
 1065 409 442 530 0
 793 352 1281 509 0
 587 530 442 671 0
 345 2044 503 1059 0
 1262 811 601 604 0
 650 1146 601 811 0
 561 558 325 602 0
 1155 1146 601 650 0
 554 348 887 505 0
 1262 650 601 811 0
 711 1146 829 604 0
 604 1146 829 811 0
 602 558 325 845 0
 574 61 299 57 0
 602 640 845 325 0
 809 389 1937 969 0
 809 1937 642 969 0
 985 389 809 969 0
 527 939 749 1442 0
 809 969 642 985 0
 1500 1993 1655 2009 0
 2009 1470 296 1500 0
 347 1536 1115 575 0
 322 495 1652 1883 0
 1652 318 495 321 0
 1883 495 1652 715 0
 1652 495 318 715 0
 322 1652 495 321 0
 655 165 660 848 0
 753 45 1490 33 0
 574 299 53 57 0
 516 1463 519 380 0
 345 515 503 2044 0
 1905 1131 89 81 0
 339 1131 81 89 0
 1999 901 790 5 0
 1649 295 1109 802 0
 295 786 1919 801 0
 802 295 1109 878 0
 983 386 730 700 0
 450 363 101 1309 0
 1230 1309 450 101 0
 2045 65 1048 61 0
 1712 1711 2034 1569 0
 778 1488 1487 25 0
 778 1488 25 21 0
 1921 301 840 902 0
 1778 924 398 1549 0
 1813 1240 422 203 0
 1813 422 713 203 0
 1217 542 311 498 0
 1004 1165 1229 913 0
 1217 1572 542 498 0
 279 641 1926 634 0
 279 641 950 1926 0
 361 1015 83 91 0
 1165 1004 1229 1878 0
 607 315 906 316 0
 755 607 906 316 0
 781 932 755 906 0
 312 932 781 906 0
 312 492 1284 906 0
 316 492 315 906 0
 493 316 319 1906 0
 478 83 357 91 0
 1754 1932 1803 1066 0
 1270 949 373 1454 0
 1270 949 1454 2026 0
 492 1864 316 1061 0
 805 567 562 358 0
 805 567 359 562 0
 709 505 1059 554 0
 2044 1059 505 554 0
 358 830 567 355 0
 567 1550 830 1423 0
 674 1550 830 567 0
 416 713 422 181 0
 416 1332 713 181 0
 994 726 2016 946 0
 522 349 783 352 0
 793 522 783 352 0
 522 783 812 350 0
 350 522 783 793 0
 524 526 570 354 0
 1905 337 89 1131 0
 524 391 1595 526 0
 339 337 1131 89 0
 1888 514 1630 754 0
 1395 514 1888 754 0
 1371 1694 1174 928 0
 1168 525 610 752 0
 814 1584 338 1761 0
 1238 1899 1584 814 0
 899 944 897 512 0
 1149 899 897 512 0
 723 751 474 688 0
 9 790 27 5 0
 13 27 9 790 0
 359 739 562 567 0
 359 562 739 1023 0
 739 1023 947 895 0
 674 526 391 524 0
 967 420 670 445 0
 1349 420 371 967 0
 353 558 602 845 0
 793 509 845 602 0
 1382 179 411 1978 0
 558 1884 325 845 0
 1144 845 325 1884 0
 1605 858 862 274 0
 1977 1722 1188 1230 0
 1605 274 862 1190 0
 244 274 1605 1190 0
 693 2012 474 534 0
 372 754 977 729 0
 729 754 977 376 0
 16 22 658 1491 0
 474 1179 534 2012 0
 522 783 349 812 0
 2011 474 693 2012 0
 812 522 920 349 0
 432 80 335 75 0
 1158 933 75 335 0
 1158 335 75 432 0
 812 349 506 508 0
 80 75 1185 335 0
 1185 335 75 933 0
 1694 866 928 907 0
 369 720 337 541 0
 339 541 337 720 0
 600 59 311 63 0
 939 399 527 749 0
 500 399 619 939 0
 1373 749 399 939 0
 635 708 1979 627 0
 1150 515 375 379 0
 1150 379 378 515 0
 978 1150 375 379 0
 978 379 378 1150 0
 1198 779 813 1750 0
 1750 1956 779 813 0
 361 363 1757 2036 0
 516 883 346 345 0
 637 504 345 883 0
 740 637 345 346 0
 636 412 1233 1440 0
 2027 547 1080 979 0
 950 2026 547 2027 0
 519 345 346 740 0
 516 346 519 345 0
 2019 744 995 982 0
 995 984 744 2019 0
 529 1197 1243 1127 0
 529 1243 1520 1127 0
 529 1243 1197 1890 0
 1890 1520 529 1243 0
 27 790 23 5 0
 647 1275 1846 1849 0
 307 816 1887 935 0
 629 307 935 816 0
 1220 388 900 565 0
 2040 84 743 1599 0
 355 674 526 830 0
 358 526 830 355 0
 830 391 526 1423 0
 674 391 526 830 0
 596 1882 595 1161 0
 643 665 379 980 0
 898 1161 595 1882 0
 587 442 615 671 0
 587 671 615 850 0
 447 631 1012 341 0
 341 561 629 1012 0
 843 294 1694 1954 0
 353 387 524 566 0
 355 674 566 524 0
 387 391 524 566 0
 674 391 566 524 0
 1055 566 524 355 0
 353 566 524 1055 0
 1975 1943 860 319 0
 319 1906 860 1975 0
 533 385 700 853 0
 1767 1151 533 853 0
 853 385 1151 533 0
 1260 28 2010 1984 0
 362 480 361 527 0
 361 527 480 396 0
 382 643 518 1982 0
 388 1220 900 955 0
 852 498 854 1886 0
 566 2017 392 567 0
 1770 1937 642 809 0
 364 582 1072 732 0
 582 1072 732 442 0
 1086 567 359 805 0
 359 739 691 895 0
 1483 2022 2023 863 0
 853 385 1018 1768 0
 1767 1151 853 1391 0
 1391 385 1151 853 0
 1204 479 720 339 0
 1233 609 751 132 0
 609 132 139 751 0
 805 743 92 358 0
 1649 296 802 1109 0
 1227 1950 1857 84 0
 802 296 878 1109 0
 362 1950 922 1857 0
 1227 1857 92 84 0
 2017 392 1014 1028 0
 1208 319 320 637 0
 1208 535 637 320 0
 946 726 894 947 0
 1251 362 685 1228 0
 748 1644 616 1267 0
 1976 743 92 805 0
 463 200 197 1903 0
 463 200 189 197 0
 1612 285 838 651 0
 838 1852 651 285 0
 661 1856 1043 803 0
 342 515 345 516 0
 515 379 516 375 0
 342 515 516 375 0
 1086 100 805 359 0
 602 524 509 355 0
 1976 1023 562 359 0
 745 1938 598 632 0
 602 561 1055 355 0
 366 431 513 360 0
 366 360 1180 431 0
 1108 108 359 100 0
 374 835 1049 1316 0
 1996 1163 543 804 0
 543 1989 1997 1940 0
 1996 804 543 589 0
 1124 544 806 292 0
 804 1163 1038 1036 0
 1998 1990 544 284 0
 1997 806 544 1860 0
 543 690 1860 282 0
 1041 1466 1878 1112 0
 636 412 501 1233 0
 1514 1919 545 1861 0
 501 412 636 572 0
 545 1868 1629 1991 0
 1520 119 1258 1127 0
 2040 743 92 1976 0
 2040 743 84 92 0
 1976 743 805 562 0
 843 306 662 408 0
 851 1212 692 291 0
 2021 291 1212 851 0
 959 841 851 2021 0
 525 133 610 141 0
 525 1205 610 133 0
 340 514 339 502 0
 1694 843 866 907 0
 350 746 865 522 0
 350 865 812 522 0
 350 565 865 746 0
 350 865 757 812 0
 350 812 323 1077 0
 783 1077 812 350 0
 340 670 339 514 0
 350 783 1077 793 0
 348 1982 518 554 0
 1370 348 554 1982 0
 2040 331 743 332 0
 350 865 564 757 0
 350 565 564 865 0
 2040 331 1599 743 0
 1976 341 743 562 0
 339 514 653 502 0
 339 670 653 514 0
 431 335 366 513 0
 597 579 407 1746 0
 597 407 579 330 0
 432 335 80 88 0
 430 79 334 87 0
 431 335 1158 432 0
 430 334 95 87 0
 279 950 1080 2027 0
 641 1270 1080 950 0
 279 1080 979 2027 0
 279 437 950 2027 0
 703 1629 675 676 0
 348 518 505 554 0
 554 518 505 2044 0
 345 505 518 2044 0
 407 899 512 557 0
 348 349 505 518 0
 279 437 2027 951 0
 167 1963 1342 159 0
 1342 414 159 1963 0
 1324 1261 699 711 0
 397 572 619 400 0
 876 354 441 510 0
 1109 703 704 1629 0
 1148 829 1261 711 0
 1065 442 409 428 0
 1619 282 1733 2034 0
 362 397 480 527 0
 480 527 397 396 0
 674 566 1550 567 0
 111 1013 1243 1457 0
 1243 1013 1071 1457 0
 736 390 989 666 0
 558 1084 994 893 0
 104 1184 1209 1195 0
 1163 806 292 1124 0
 1106 413 998 868 0
 712 868 490 1207 0
 572 490 868 1207 0
 572 490 413 868 0
 946 994 1085 565 0
 712 1106 998 868 0
 1819 398 1087 996 0
 1087 996 605 1819 0
 167 1963 1222 1342 0
 1222 414 1342 1963 0
 556 1765 1150 1494 0
 1494 1150 556 668 0
 1403 1765 1425 1494 0
 517 425 596 1161 0
 1241 734 859 265 0
 1648 859 427 265 0
 860 1943 1922 319 0
 319 1906 1922 860 0
 374 876 966 1362 0
 374 1362 327 876 0
 374 327 328 876 0
 1374 642 1770 1937 0
 1374 642 1768 1770 0
 339 89 97 720 0
 618 720 97 89 0
 1883 849 715 319 0
 715 849 318 319 0
 849 493 318 319 0
 463 213 1903 197 0
 495 318 849 834 0
 279 1926 950 437 0
 491 2047 926 1191 0
 1662 863 1267 2035 0
 1483 863 2023 1398 0
 383 564 439 592 0
 757 439 383 564 0
 680 559 253 233 0
 557 535 881 740 0
 740 535 881 320 0
 597 1755 881 320 0
 407 557 881 2046 0
 481 1231 1020 482 0
 1203 1890 1200 1469 0
 506 1652 1883 322 0
 506 1652 715 1883 0
 506 345 715 505 0
 486 577 413 2047 0
 2047 486 1191 413 0
 231 1231 251 1020 0
 2047 1191 418 413 0
 577 418 413 2047 0
 544 1998 1935 1060 0
 544 1060 1990 1998 0
 353 793 1077 845 0
 353 522 350 793 0
 353 1077 793 350 0
 520 352 351 908 0
 508 349 908 352 0
 506 349 505 908 0
 348 505 349 908 0
 2045 312 1598 81 0
 876 509 966 354 0
 1750 1880 867 1468 0
 16 658 1583 778 0
 663 1261 699 1324 0
 663 1324 699 1208 0
 1208 1324 535 330 0
 363 93 869 1415 0
 1750 1880 1472 867 0
 1792 1564 2039 2038 0
 1750 867 1472 1862 0
 1122 874 1123 992 0
 1246 19 1493 24 0
 1851 871 647 1286 0
 647 871 1620 1286 0
 1986 589 1995 1987 0
 1155 1146 650 1142 0
 488 1026 398 1549 0
 2015 413 714 1191 0
 882 1900 819 663 0
 882 663 538 1900 0
 883 343 617 504 0
 342 343 883 504 0
 883 637 617 346 0
 883 637 346 345 0
 1851 649 871 1286 0
 871 1110 1620 1286 0
 1739 1736 1755 1779 0
 1944 1736 1755 1739 0
 584 2047 184 170 0
 568 596 1161 517 0
 517 188 425 571 0
 374 509 328 1316 0
 374 876 328 509 0
 1262 650 811 1154 0
 884 289 1660 1789 0
 1146 1250 1155 601 0
 592 1447 383 1679 0
 585 486 489 926 0
 584 486 1234 2047 0
 877 547 1270 977 0
 502 343 317 1888 0
 669 392 2022 1423 0
 877 977 376 696 0
 877 1270 376 977 0
 1743 1947 761 447 0
 1207 712 126 490 0
 502 932 504 755 0
 502 932 755 781 0
 1176 749 1442 1171 0
 1249 551 826 546 0
 2046 407 940 1971 0
 444 1249 826 546 0
 444 888 1249 546 0
 1373 750 399 749 0
 1176 939 1442 749 0
 501 400 1245 1171 0
 631 1924 332 891 0
 968 1226 222 971 0
 1071 1172 1243 1197 0
 682 200 463 1903 0
 682 200 189 463 0
 1457 1890 1071 1243 0
 2043 666 736 2023 0
 1071 1890 1197 1243 0
 374 509 966 876 0
 970 229 260 221 0
 517 425 188 206 0
 595 1923 497 846 0
 2047 461 459 577 0
 596 212 238 258 0
 595 256 846 497 0
 238 206 425 596 0
 595 596 497 1923 0
 432 335 88 96 0
 151 468 611 143 0
 431 1170 335 432 0
 885 974 975 443 0
 151 1357 707 414 0
 407 1149 940 1746 0
 407 1149 899 940 0
 456 155 534 147 0
 519 665 349 920 0
 757 383 519 865 0
 1072 409 1537 534 0
 665 382 920 794 0
 812 920 519 349 0
 757 865 519 812 0
 665 794 920 383 0
 514 670 653 886 0
 1272 1364 608 656 0
 1171 1442 605 499 0
 668 975 886 371 0
 1269 1819 605 614 0
 531 233 192 208 0
 1544 530 587 1230 0
 1544 530 442 587 0
 133 135 1205 462 0
 490 413 1191 489 0
 943 412 608 609 0
 451 132 139 609 0
 320 1208 1736 1943 0
 133 1205 610 462 0
 141 469 610 149 0
 469 1088 610 1153 0
 534 139 456 147 0
 1780 745 629 632 0
 456 453 139 534 0
 457 148 140 1440 0
 457 156 148 577 0
 468 135 465 611 0
 62 452 1901 58 0
 572 490 401 1027 0
 1027 126 490 401 0
 903 1216 1386 305 0
 903 1212 1206 1103 0
 1103 305 1206 903 0
 1125 1163 1124 992 0
 1641 903 293 1166 0
 768 293 1641 903 0
 1202 1145 476 414 0
 500 939 619 501 0
 768 293 903 1212 0
 1103 305 903 1641 0
 939 400 619 501 0
 1216 903 841 1206 0
 840 2021 902 303 0
 753 299 45 839 0
 447 1742 329 1012 0
 519 665 920 383 0
 718 1683 753 33 0
 1247 1115 575 347 0
 536 1115 575 1247 0
 462 135 611 465 0
 455 457 140 1364 0
 451 609 608 1364 0
 140 132 451 1364 0
 609 139 453 534 0
 1370 1255 520 1391 0
 1023 561 562 421 0
 1023 562 739 421 0
 451 453 609 139 0
 739 359 1023 895 0
 884 289 628 1660 0
 884 628 289 17 0
 30 12 38 628 0
 30 38 1119 628 0
 369 513 541 337 0
 513 370 541 633 0
 2046 326 558 1884 0
 341 561 1012 329 0
 986 371 921 443 0
 663 699 302 1902 0
 1484 1239 331 1404 0
 371 921 443 974 0
 1204 371 921 986 0
 371 1204 921 1349 0
 1349 974 921 371 0
 597 821 598 630 0
 348 887 548 554 0
 298 1675 1250 1552 0
 641 1152 1926 634 0
 381 634 1152 1268 0
 839 1877 1686 1683 0
 550 374 1224 1362 0
 1200 1890 1367 1807 0
 958 606 174 180 0
 1156 606 180 1236 0
 958 1156 606 180 0
 840 959 851 2021 0
 840 959 2021 303 0
 840 434 959 303 0
 39 35 297 18 0
 638 276 475 1833 0
 1892 365 1904 1833 0
 1883 1929 1912 322 0
 1918 639 1144 1944 0
 1978 481 419 199 0
 571 418 714 188 0
 1268 1152 641 634 0
 1516 1152 641 1268 0
 517 596 425 206 0
 568 1161 596 595 0
 1330 919 1399 717 0
 568 423 595 204 0
 568 423 1161 595 0
 423 204 568 184 0
 576 536 1536 575 0
 1061 492 1864 1057 0
 1061 1966 492 1057 0
 1061 493 1097 1906 0
 1183 245 247 741 0
 1097 1968 493 1061 0
 1509 1078 622 1897 0
 1621 1629 1992 1896 0
 2007 1629 1992 1621 0
 1410 187 425 196 0
 898 236 595 423 0
 196 187 425 206 0
 151 470 611 468 0
 151 159 1357 414 0
 1410 425 1161 596 0
 185 424 1813 205 0
 1234 2047 491 184 0
 521 1317 366 1170 0
 457 577 459 156 0
 164 577 1505 156 0
 164 577 156 459 0
 456 155 458 534 0
 1813 424 237 205 0
 469 1088 1153 471 0
 473 660 471 157 0
 1088 1153 415 573 0
 713 870 1813 667 0
 870 364 417 713 0
 165 660 473 157 0
 1020 1231 1021 559 0
 531 559 1231 482 0
 215 207 1829 251 0
 715 637 345 506 0
 1883 506 320 715 0
 543 690 1859 1860 0
 1997 282 1860 544 0
 1905 933 337 1131 0
 1905 1866 933 1131 0
 659 422 193 182 0
 892 660 473 173 0
 661 879 1043 1856 0
 257 734 219 211 0
 211 734 424 237 0
 162 2047 584 170 0
 1453 1161 837 1418 0
 171 186 678 185 0
 974 975 443 371 0
 443 975 668 371 0
 587 1544 1230 1188 0
 942 561 629 341 0
 1163 804 806 543 0
 2019 2030 953 2029 0
 1463 380 1931 383 0
 980 379 314 665 0
 543 1859 804 806 0
 1722 1865 1785 1576 0
 1931 314 1463 665 0
 341 942 631 629 0
 1862 692 291 1162 0
 1902 302 818 604 0
 888 515 552 553 0
 515 888 503 553 0
 742 475 741 365 0
 408 435 835 550 0
 1073 120 689 1775 0
 876 1362 327 510 0
 876 327 328 510 0
 525 725 610 1205 0
 1107 1108 1369 738 0
 390 988 989 985 0
 389 988 390 985 0
 458 678 163 460 0
 1161 898 423 1418 0
 39 297 35 43 0
 925 1140 1933 1729 0
 600 1401 311 49 0
 1399 542 919 1181 0
 1678 396 361 721 0
 1399 542 1181 775 0
 167 1891 175 1222 0
 1542 1568 1437 1823 0
 311 1217 1401 542 0
 171 678 186 657 0
 678 657 424 186 0
 187 418 172 1453 0
 773 772 1426 620 0
 173 682 660 848 0
 1214 1213 682 892 0
 958 415 716 158 0
 415 158 1088 716 0
 1602 361 450 363 0
 339 340 76 1131 0
 339 81 1131 76 0
 1905 1866 1131 76 0
 1905 76 1131 81 0
 1849 1275 1846 1881 0
 647 2034 1846 1275 0
 1765 1150 975 978 0
 684 271 426 1237 0
 589 804 1859 1858 0
 444 546 607 436 0
 444 607 503 436 0
 444 546 436 888 0
 1251 1227 362 1228 0
 2036 1251 685 1186 0
 1905 1192 337 933 0
 1905 1458 1192 933 0
 1189 250 1822 1190 0
 250 1605 1822 1190 0
 1616 1733 281 1140 0
 521 689 366 1317 0
 959 841 2021 303 0
 1855 1913 286 622 0
 959 434 841 303 0
 651 285 1852 1854 0
 799 806 807 544 0
 544 1939 806 807 0
 827 310 823 629 0
 339 826 781 653 0
 502 781 653 339 0
 1619 698 1620 672 0
 679 651 1913 927 0
 631 891 332 1239 0
 1874 560 1271 724 0
 1271 1427 1461 1806 0
 1271 1806 1461 1169 0
 1998 1514 545 1489 0
 1689 291 692 1162 0
 715 503 345 504 0
 1896 927 1629 287 0
 1509 1655 1897 622 0
 663 304 820 758 0
 325 1741 1144 745 0
 319 503 715 504 0
 758 819 820 663 0
 758 819 663 302 0
 637 715 345 504 0
 319 715 637 504 0
 865 997 383 1003 0
 997 995 383 1003 0
 865 997 564 383 0
 564 997 384 383 0
 997 995 384 383 0
 927 651 1612 1915 0
 1755 323 881 320 0
 597 407 881 2046 0
 1755 2046 881 323 0
 998 413 490 868 0
 618 1905 337 89 0
 712 998 490 868 0
 998 490 413 2015 0
 541 670 340 1395 0
 541 1395 340 1137 0
 712 2015 490 998 0
 729 375 514 376 0
 976 375 729 376 0
 376 313 375 664 0
 416 364 870 713 0
 618 337 1771 720 0
 375 376 976 313 0
 516 376 375 664 0
 671 442 615 693 0
 514 376 375 516 0
 2024 1065 1645 1345 0
 2025 397 924 748 0
 1334 1567 1403 1340 0
 1350 370 747 1420 0
 1156 1529 606 1236 0
 1595 989 697 987 0
 666 989 697 1595 0
 745 1780 1938 632 0
 1619 282 690 1733 0
 1145 487 1382 1407 0
 469 157 1153 149 0
 469 1153 610 149 0
 149 1153 752 157 0
 149 752 1153 610 0
 1209 1073 1184 112 0
 541 670 1395 372 0
 604 1431 1545 1902 0
 604 1545 818 1902 0
 541 372 1395 1137 0
 1640 1389 1681 1137 0
 111 1194 1013 1457 0
 366 569 689 756 0
 1013 1194 1524 1457 0
 476 1520 707 403 0
 1520 1127 707 403 0
 476 1258 707 1520 0
 1127 1258 1520 707 0
 1675 1763 1740 402 0
 98 1586 1681 1761 0
 495 1929 1883 322 0
 577 1106 1505 156 0
 714 413 1106 1505 0
 1175 625 932 1911 0
 454 621 1598 1676 0
 1780 1741 325 745 0
 1372 1715 681 1260 0
 1246 1715 1260 681 0
 539 709 540 318 0
 1644 578 410 1272 0
 823 307 629 816 0
 758 304 912 810 0
 1901 1262 604 300 0
 604 300 817 1901 0
 1902 302 819 818 0
 821 597 598 1165 0
 822 629 823 307 0
 597 1971 598 1165 0
 827 310 824 823 0
 824 310 631 1762 0
 1208 1736 330 320 0
 1736 597 330 320 0
 557 1355 367 757 0
 439 367 1355 757 0
 1777 1736 597 330 0
 1777 330 1208 1736 0
 714 188 418 1760 0
 16 1488 658 778 0
 1241 734 265 257 0
 565 900 564 384 0
 565 945 564 900 0
 1240 255 833 235 0
 1240 422 203 235 0
 865 746 997 1003 0
 995 1003 794 383 0
 746 995 997 1003 0
 865 383 920 1003 0
 920 794 1003 383 0
 1143 280 1016 925 0
 925 1140 1616 281 0
 607 546 315 436 0
 946 566 1085 726 0
 357 526 309 393 0
 1614 925 449 1016 0
 925 589 281 1182 0
 987 730 983 386 0
 748 489 1027 488 0
 393 1064 309 357 0
 748 488 1027 398 0
 1840 1526 1816 1551 0
 987 386 983 387 0
 987 730 386 1595 0
 987 1595 386 387 0
 523 570 390 354 0
 908 352 351 507 0
 508 908 507 352 0
 980 665 314 735 0
 508 352 507 1281 0
 397 1022 619 1034 0
 526 1423 2043 394 0
 830 1423 526 394 0
 358 526 394 830 0
 1829 855 1830 1591 0
 186 424 836 657 0
 1829 1591 259 855 0
 1088 406 405 573 0
 1016 280 1017 1140 0
 610 405 573 1088 0
 829 302 711 604 0
 1261 302 711 829 0
 811 1154 829 300 0
 811 1146 829 1154 0
 1017 280 1844 1846 0
 280 1017 1844 1016 0
 173 682 848 178 0
 682 660 848 686 0
 848 686 660 1776 0
 1779 1739 745 1755 0
 1739 1144 745 1755 0
 1110 1868 1612 675 0
 1914 1110 675 1868 0
 2024 1325 1645 1065 0
 1439 436 1223 539 0
 1439 315 1223 436 0
 748 130 488 1549 0
 1127 403 360 725 0
 1197 433 1127 360 0
 1267 1549 130 748 0
 529 360 1127 403 0
 2025 924 1398 1267 0
 2025 410 748 1644 0
 360 1197 529 1127 0
 725 360 1127 433 0
 365 1904 475 275 0
 1264 422 182 169 0
 1892 1904 365 275 0
 982 983 387 987 0
 169 181 422 182 0
 416 2037 161 169 0
 390 736 988 393 0
 393 390 736 666 0
 678 424 870 185 0
 237 734 257 211 0
 400 1176 939 1442 0
 1171 400 1442 1176 0
 500 1176 939 501 0
 2037 416 460 678 0
 211 734 1889 424 0
 659 833 422 1199 0
 1157 416 1332 588 0
 288 1177 321 540 0
 659 422 209 193 0
 2037 657 870 678 0
 305 288 321 540 0
 657 424 836 1199 0
 934 598 307 935 0
 934 1971 1745 940 0
 1745 1971 2046 940 0
 890 326 941 935 0
 1843 923 2025 1034 0
 2024 396 923 1034 0
 859 734 427 265 0
 1745 326 941 893 0
 598 1938 630 632 0
 822 598 630 632 0
 904 862 1607 857 0
 572 490 1207 401 0
 401 126 490 1207 0
 732 416 678 458 0
 732 1072 416 458 0
 1766 378 1150 978 0
 1766 378 552 1150 0
 592 952 384 564 0
 952 896 564 592 0
 952 564 896 945 0
 952 951 896 592 0
 1766 1150 1129 978 0
 388 900 953 955 0
 1766 1150 552 1129 0
 1220 566 1085 946 0
 946 1220 566 2017 0
 1220 593 1085 566 0
 2017 1220 566 593 0
 581 889 1346 406 0
 571 418 1191 714 0
 571 418 491 1191 0
 284 1286 1110 1677 0
 588 1072 1157 416 0
 696 313 376 664 0
 376 696 976 313 0
 328 1235 1764 1316 0
 1974 640 1764 1235 0
 500 688 399 750 0
 1349 420 974 371 0
 1259 414 707 1357 0
 1097 493 1062 1906 0
 1929 849 1062 495 0
 1709 1069 498 1242 0
 1069 1242 311 498 0
 1697 1005 1821 1814 0
 1953 1005 1143 1821 0
 1164 1467 1006 1472 0
 1881 1467 1472 1006 0
 1464 2031 956 2030 0
 1868 675 1629 1612 0
 1868 1562 1653 1718 0
 380 383 439 592 0
 380 439 383 757 0
 15 1135 718 1683 0
 803 1114 661 808 0
 629 325 561 326 0
 942 629 561 326 0
 1401 311 775 600 0
 698 647 1620 1286 0
 679 622 1913 654 0
 958 415 174 606 0
 1156 415 606 1529 0
 610 1205 725 403 0
 958 1156 415 606 0
 1135 11 718 1160 0
 1605 1190 250 244 0
 610 405 1088 466 0
 684 427 1189 1190 0
 243 1189 1190 250 0
 791 1088 405 466 0
 865 522 920 812 0
 499 1187 94 1228 0
 1251 1228 685 1186 0
 1228 685 78 499 0
 1415 363 85 78 0
 749 85 363 78 0
 1018 385 700 642 0
 853 385 700 1018 0
 679 287 927 622 0
 1612 1629 1868 776 0
 1612 1629 776 927 0
 1048 492 792 1057 0
 1047 1284 1011 1048 0
 792 1964 299 1048 0
 438 484 1770 809 0
 302 1138 1035 829 0
 534 1072 732 458 0
 1619 282 672 690 0
 362 719 1857 480 0
 570 526 390 354 0
 570 1595 390 526 0
 619 723 500 751 0
 353 746 565 350 0
 865 565 997 746 0
 619 723 751 609 0
 565 995 997 746 0
 708 136 465 144 0
 708 1068 144 465 0
 1532 136 465 708 0
 708 1532 1068 465 0
 362 397 605 1087 0
 605 527 397 362 0
 1286 1851 649 1688 0
 1227 1950 362 1857 0
 1227 362 1228 1187 0
 806 543 1859 1860 0
 354 526 309 357 0
 511 357 354 510 0
 431 433 513 360 0
 1858 683 589 628 0
 354 309 510 357 0
 431 360 1180 433 0
 1630 279 376 380 0
 1630 279 380 346 0
 353 793 845 602 0
 516 1630 376 380 0
 516 1630 380 346 0
 1443 406 405 1088 0
 1881 1467 1006 1800 0
 1158 334 433 1172 0
 1197 513 334 433 0
 334 1172 1197 433 0
 1158 334 513 433 0
 406 569 405 573 0
 1514 1861 807 1919 0
 1168 569 573 405 0
 1919 545 1861 1917 0
 352 349 520 522 0
 386 522 520 382 0
 520 522 349 382 0
 800 807 1878 1041 0
 1917 1914 545 1861 0
 610 1532 405 466 0
 791 405 1532 466 0
 292 799 806 1038 0
 569 1050 747 370 0
 1070 551 826 1249 0
 381 557 367 346 0
 444 377 826 1249 0
 1860 282 690 672 0
 1858 589 683 1182 0
 330 512 381 557 0
 330 381 535 557 0
 381 557 512 367 0
 735 383 794 665 0
 569 1050 370 366 0
 366 756 370 569 0
 984 383 794 735 0
 535 557 381 346 0
 703 675 545 1914 0
 134 465 1532 136 0
 569 756 370 405 0
 569 370 747 405 0
 589 1182 1858 1859 0
 807 544 1939 1861 0
 544 672 1860 1939 0
 714 418 1505 1760 0
 966 354 509 352 0
 352 524 570 354 0
 524 352 509 354 0
 714 2015 1106 413 0
 1019 536 576 575 0
 966 354 352 523 0
 352 570 523 354 0
 2024 409 477 428 0
 1065 409 2024 428 0
 1386 1600 305 288 0
 797 722 796 777 0
 118 1171 605 110 0
 110 118 728 605 0
 527 1022 396 399 0
 409 1022 396 1034 0
 767 1639 1638 1212 0
 496 322 1063 495 0
 474 671 1244 125 0
 2011 671 474 125 0
 1577 1691 1674 1774 0
 429 1064 309 393 0
 1823 1577 1397 1674 0
 1023 562 561 341 0
 1976 1023 359 895 0
 1490 41 46 763 0
 2032 852 1054 1886 0
 854 861 775 63 0
 619 751 500 1233 0
 619 751 1233 609 0
 1011 1048 1284 312 0
 1536 1263 576 575 0
 1867 39 297 727 0
 537 301 1215 492 0
 678 424 185 186 0
 1154 1032 300 48 0
 1032 300 829 1154 0
 2004 485 2003 427 0
 495 1206 305 834 0
 597 304 1746 1141 0
 670 371 653 886 0
 1901 452 300 58 0
 339 371 653 670 0
 598 2046 1745 1971 0
 1269 362 1046 1187 0
 1227 1046 92 1857 0
 1251 362 1227 1950 0
 518 379 378 643 0
 378 643 379 980 0
 78 499 86 1228 0
 2017 392 1028 956 0
 260 229 970 1225 0
 1071 1013 1524 1457 0
 2031 392 956 1028 0
 624 1172 1071 1197 0
 1457 1890 1524 1071 0
 624 1890 1197 1071 0
 1172 1013 624 1071 0
 742 276 246 270 0
 865 383 519 920 0
 742 638 1024 276 0
 865 920 519 812 0
 350 757 740 812 0
 638 742 1183 365 0
 1225 970 252 1232 0
 776 1612 1653 1868 0
 85 1173 363 93 0
 378 1982 1256 518 0
 749 750 363 1173 0
 750 688 530 1244 0
 881 535 330 320 0
 749 399 363 750 0
 597 881 330 320 0
 750 530 1230 1244 0
 611 404 1045 1532 0
 404 360 403 1045 0
 611 403 1045 404 0
 1105 1033 404 1532 0
 1045 756 1033 360 0
 554 505 887 709 0
 548 348 507 887 0
 548 887 507 549 0
 558 1884 845 1077 0
 1084 1927 893 945 0
 641 1270 376 1080 0
 946 726 2016 894 0
 1572 542 327 1254 0
 731 1254 1362 510 0
 478 1181 1886 861 0
 332 1924 341 1976 0
 798 722 797 777 0
 1931 383 735 665 0
 544 1060 1935 1997 0
 544 1997 1990 1060 0
 1877 722 1628 796 0
 847 1217 49 311 0
 763 41 795 1490 0
 1641 1639 903 1103 0
 50 49 297 43 0
 847 50 49 297 0
 45 53 753 46 0
 533 382 643 665 0
 382 643 1151 533 0
 382 735 665 533 0
 1766 980 1767 378 0
 1100 902 1101 301 0
 299 839 1965 1215 0
 1766 980 378 978 0
 839 753 1965 1877 0
 946 900 1927 565 0
 902 1101 1638 1636 0
 1638 902 2021 303 0
 1224 623 1362 966 0
 351 623 966 523 0
 1983 1937 523 385 0
 1085 1220 388 593 0
 946 947 2017 566 0
 1635 1636 1100 2020 0
 2021 1638 303 1103 0
 1426 844 297 1242 0
 1242 844 297 1217 0
 1555 1637 1749 1795 0
 1166 1091 1790 1521 0
 1093 1166 294 1322 0
 291 1467 1862 813 0
 1255 1391 385 520 0
 1151 520 385 1391 0
 1370 1151 1391 520 0
 1151 520 1370 1982 0
 1164 1467 291 1212 0
 1976 1924 341 1023 0
 1976 1023 341 562 0
 825 1404 1359 828 0
 508 1652 506 322 0
 508 349 506 908 0
 779 1869 798 1198 0
 291 1869 813 1198 0
 1162 290 1468 1703 0
 508 908 506 1652 0
 572 1027 401 996 0
 1198 798 1731 722 0
 718 2014 37 795 0
 392 593 669 956 0
 956 593 669 1464 0
 1049 835 1764 1316 0
 1049 1316 1764 324 0
 2013 1371 1174 648 0
 1874 1371 294 1271 0
 381 367 944 634 0
 381 512 944 367 0
 1867 39 727 31 0
 396 1022 530 399 0
 399 1022 530 723 0
 1022 399 619 723 0
 2014 29 718 37 0
 790 31 13 27 0
 1338 790 23 27 0
 1977 1525 1832 1058 0
 1050 563 633 366 0
 1209 563 1050 366 0
 1050 1503 1429 747 0
 1209 563 1503 1050 0
 676 1629 704 703 0
 703 1109 704 1649 0
 1222 414 1963 1382 0
 1891 1978 419 1222 0
 682 1972 1236 686 0
 572 1207 636 501 0
 565 945 1084 564 0
 771 724 770 1873 0
 660 1218 1529 573 0
 1775 1218 1776 655 0
 1529 1776 1218 660 0
 655 1775 1218 573 0
 656 412 1440 1364 0
 636 412 1440 656 0
 1077 1144 845 508 0
 372 670 976 445 0
 1077 323 1144 508 0
 1873 770 1872 724 0
 967 1350 445 372 0
 967 445 670 372 0
 1386 842 1600 288 0
 1166 1386 842 1600 0
 795 718 1490 37 0
 1237 1241 485 859 0
 339 541 1131 337 0
 684 1237 2004 427 0
 339 89 720 337 0
 292 1030 799 1029 0
 942 947 561 1023 0
 942 561 947 894 0
 895 1023 947 942 0
 97 479 105 1070 0
 345 518 349 519 0
 345 505 349 518 0
 506 345 505 349 0
 1789 872 48 34 0
 1666 1070 1622 1631 0
 1891 1382 176 411 0
 1891 1382 1963 176 0
 1022 409 530 723 0
 409 1022 619 723 0
 1209 104 1170 112 0
 1038 292 799 1029 0
 366 360 370 756 0
 756 1033 370 405 0
 872 1789 289 34 0
 1139 579 758 304 0
 663 758 579 304 0
 756 725 360 403 0
 686 1529 682 660 0
 1045 360 403 756 0
 1045 1033 756 405 0
 1325 1065 428 1076 0
 582 1076 129 428 0
 395 1065 1673 1076 0
 1789 289 17 884 0
 500 1373 399 939 0
 500 750 399 1373 0
 586 1076 395 1428 0
 500 1373 939 1176 0
 514 516 342 343 0
 514 516 375 342 0
 514 1630 516 343 0
 514 1630 376 516 0
 932 594 1388 502 0
 781 932 1388 502 0
 1208 699 625 317 0
 625 1748 1175 699 0
 699 317 1175 625 0
 1748 699 625 1208 0
 1789 289 34 17 0
 420 974 371 975 0
 2017 593 956 1220 0
 698 282 1083 1990 0
 282 1438 1083 1990 0
 1083 698 1990 1753 0
 665 382 349 920 0
 518 382 349 665 0
 819 1900 820 663 0
 1902 882 819 663 0
 718 753 1683 1877 0
 1635 1965 1877 2020 0
 873 1032 1036 1789 0
 304 1002 913 912 0
 849 318 493 834 0
 1062 493 303 834 0
 310 816 936 646 0
 849 1062 834 493 0
 301 902 1921 2020 0
 2021 291 1689 902 0
 1100 2020 902 301 0
 310 936 816 629 0
 766 902 1638 1636 0
 1638 766 291 902 0
 810 1139 1037 1138 0
 1103 2021 1206 303 0
 875 304 1002 292 0
 304 1039 1229 292 0
 1030 1229 1040 1039 0
 1030 1040 1229 1041 0
 743 77 761 1599 0
 801 815 1878 295 0
 1322 1093 1094 294 0
 1887 815 878 307 0
 1887 295 878 815 0
 1539 1590 2041 60 0
 802 878 296 646 0
 817 300 54 58 0
 847 1096 297 1242 0
 1262 1154 300 452 0
 979 547 1080 877 0
 979 1080 376 877 0
 279 1080 376 979 0
 711 1152 381 897 0
 1148 1250 711 1152 0
 711 1152 897 1148 0
 708 404 1068 1532 0
 1535 1152 1268 711 0
 711 1268 381 1152 0
 302 1902 819 663 0
 922 1015 361 480 0
 480 394 2043 923 0
 236 256 846 595 0
 77 922 83 361 0
 2036 361 77 83 0
 2036 361 1251 77 0
 1950 361 922 77 0
 1251 361 1950 77 0
 395 1319 1865 1400 0
 2041 60 828 1539 0
 817 1901 300 58 0
 300 873 910 872 0
 54 300 452 58 0
 289 1660 1789 872 0
 307 1165 1885 815 0
 52 1377 1043 1482 0
 1848 1844 1016 1143 0
 304 810 292 875 0
 302 873 1035 874 0
 1733 2034 1140 1017 0
 810 304 292 1037 0
 302 1035 810 874 0
 991 1122 1660 874 0
 300 872 1032 873 0
 873 829 1035 1032 0
 872 300 1032 48 0
 550 1572 327 1254 0
 816 307 1887 878 0
 1122 1123 874 991 0
 151 414 611 470 0
 151 159 414 470 0
 1208 617 637 535 0
 317 504 617 343 0
 1906 316 1061 493 0
 632 822 629 823 0
 597 1165 1141 1971 0
 827 824 310 631 0
 836 211 424 195 0
 598 2046 1884 326 0
 506 1883 1944 322 0
 2046 558 326 893 0
 987 391 1595 387 0
 478 861 1886 761 0
 334 933 513 337 0
 1158 513 933 335 0
 1498 211 734 1889 0
 1459 921 1265 1597 0
 921 1265 1597 974 0
 1264 422 169 2037 0
 659 422 182 1264 0
 1349 974 1265 921 0
 835 435 1572 550 0
 542 327 498 1572 0
 1889 734 1499 832 0
 1498 734 1499 1889 0
 836 1199 424 1889 0
 836 424 186 195 0
 519 383 380 1463 0
 983 386 603 794 0
 427 2004 1189 2003 0
 650 1142 1146 1154 0
 650 1146 811 1154 0
 170 837 162 2047 0
 1034 943 619 410 0
 735 983 603 794 0
 290 1162 1198 1689 0
 855 1210 1021 1829 0
 855 559 1021 1210 0
 902 290 1198 1689 0
 1211 855 1210 559 0
 290 1686 902 2020 0
 1495 1454 1710 2018 0
 1981 82 338 1131 0
 1981 1866 76 1131 0
 854 498 1181 1886 0
 666 989 954 697 0
 666 989 736 954 0
 1314 377 826 653 0
 1683 45 839 753 0
 1943 625 1961 1942 0
 1922 1942 625 1943 0
 1234 2047 926 491 0
 515 378 552 1256 0
 515 518 378 1256 0
 905 497 258 596 0
 605 397 996 1087 0
 515 518 1256 2044 0
 515 1256 552 553 0
 2044 553 1256 515 0
 756 360 725 1180 0
 1439 1223 493 539 0
 898 210 236 194 0
 898 595 1161 423 0
 236 204 595 423 0
 850 587 671 125 0
 759 1644 1267 616 0
 1267 578 1644 759 0
 1863 1047 1011 1048 0
 55 311 49 600 0
 374 966 1224 1362 0
 511 761 1235 329 0
 1883 1943 319 320 0
 529 1890 1197 1507 0
 624 1507 1197 1890 0
 849 1928 1975 1929 0
 1350 1349 1033 967 0
 1350 1033 370 967 0
 854 861 63 67 0
 55 59 311 600 0
 1349 371 1204 967 0
 1916 322 639 1944 0
 311 49 847 55 0
 511 1235 328 509 0
 852 1069 854 498 0
 1069 1067 852 1053 0
 324 640 1764 1974 0
 523 389 969 1937 0
 450 1544 530 395 0
 1977 450 1722 1230 0
 723 409 534 609 0
 409 723 619 609 0
 364 732 678 2012 0
 364 693 732 2012 0
 678 417 364 2012 0
 339 97 347 826 0
 781 347 826 339 0
 907 1089 1095 1094 0
 339 97 89 347 0
 1242 1104 847 1096 0
 347 81 89 339 0
 81 347 781 339 0
 1891 1978 411 482 0
 503 436 1439 318 0
 539 318 1439 436 0
 539 318 436 1248 0
 503 1059 436 318 0
 908 351 348 507 0
 349 908 520 348 0
 520 351 348 908 0
 1248 318 436 1059 0
 562 329 511 355 0
 358 562 511 355 0
 562 329 743 511 0
 358 562 743 511 0
 904 1607 497 857 0
 375 978 664 313 0
 375 379 664 978 0
 976 420 886 975 0
 886 375 976 975 0
 976 975 375 313 0
 372 729 977 976 0
 1822 277 2005 684 0
 862 277 249 1822 0
 1822 277 249 2005 0
 1805 960 1252 1474 0
 669 391 697 987 0
 355 354 526 524 0
 401 1171 605 118 0
 118 401 728 605 0
 457 1440 140 1364 0
 579 407 1149 330 0
 319 637 715 320 0
 319 1883 320 715 0
 1440 457 577 656 0
 994 1084 1927 893 0
 1927 900 945 565 0
 569 760 1168 573 0
 689 760 1168 569 0
 405 756 610 1168 0
 689 1168 756 569 0
 405 1168 610 573 0
 1350 405 1033 1105 0
 366 513 370 360 0
 864 406 1025 581 0
 1033 756 370 360 0
 1064 393 721 357 0
 357 1015 393 721 0
 694 393 721 1064 0
 721 1015 393 612 0
 393 612 694 721 0
 544 993 1126 1466 0
 544 799 1041 807 0
 993 1041 1466 544 0
 95 1192 624 1771 0
 1194 95 624 1771 0
 95 1013 624 1172 0
 95 1194 624 1013 0
 334 95 624 1172 0
 1192 95 624 334 0
 1978 199 419 177 0
 1258 476 1201 1520 0
 1793 1476 986 1385 0
 1111 1741 1144 325 0
 1945 1144 1111 1741 0
 1945 1918 1111 1144 0
 517 571 425 1161 0
 1918 324 1111 1144 0
 568 517 1161 571 0
 1237 485 427 859 0
 426 255 1237 263 0
 426 1237 271 263 0
 448 732 678 458 0
 458 534 155 448 0
 458 155 163 448 0
 1002 1229 913 1004 0
 1002 993 1229 1004 0
 527 939 619 399 0
 527 400 619 939 0
 527 400 397 619 0
 527 619 397 1022 0
 527 619 1022 399 0
 534 732 448 458 0
 458 448 163 678 0
 374 966 509 352 0
 374 507 352 1281 0
 374 352 507 351 0
 374 509 1281 352 0
 581 1025 889 406 0
 1025 415 889 406 0
 2010 661 1132 1663 0
 374 352 351 966 0
 307 815 878 915 0
 42 34 289 38 0
 2039 1792 1512 1564 0
 42 872 34 48 0
 289 34 42 872 0
 1126 1514 1878 545 0
 543 1988 589 281 0
 1997 543 806 1860 0
 1163 543 1997 1934 0
 874 1036 1163 804 0
 1986 628 589 1523 0
 1514 544 807 1861 0
 524 1595 570 526 0
 390 989 666 1595 0
 1995 1987 589 1996 0
 526 1595 390 666 0
 2039 1707 1716 1792 0
 874 1163 1036 810 0
 296 1009 816 878 0
 1009 878 1008 816 0
 883 343 346 617 0
 1246 790 1871 901 0
 1718 1562 1797 1178 0
 637 617 346 535 0
 1025 1156 415 958 0
 1459 1597 1265 1724 0
 368 1265 1724 1459 0
 395 1076 1673 1428 0
 342 444 781 607 0
 342 607 781 755 0
 464 682 1213 463 0
 342 653 781 444 0
 653 826 781 444 0
 394 1086 695 924 0
 924 748 398 1549 0
 1267 1549 748 924 0
 464 1214 1213 682 0
 1648 1190 427 684 0
 1189 1190 1822 684 0
 862 580 1822 1190 0
 684 2004 1189 427 0
 1868 1719 1718 1894 0
 1991 776 1868 1629 0
 387 982 593 388 0
 174 473 415 166 0
 892 473 415 174 0
 637 504 883 617 0
 740 637 346 535 0
 596 905 1882 212 0
 212 258 596 905 0
 595 1882 596 1923 0
 904 1607 862 226 0
 905 258 497 266 0
 1605 858 274 228 0
 255 485 833 1502 0
 264 857 904 256 0
 210 904 256 218 0
 1241 237 734 257 0
 1199 237 734 1241 0
 244 1190 250 278 0
 905 220 212 258 0
 905 266 858 228 0
 925 1614 1523 589 0
 1607 242 862 226 0
 887 1177 507 549 0
 1177 321 507 496 0
 887 321 507 1177 0
 1607 1605 858 862 0
 846 497 256 904 0
 916 823 816 915 0
 1266 478 83 861 0
 1181 478 1266 861 0
 910 873 300 302 0
 758 912 911 810 0
 819 820 912 758 0
 1502 485 2004 426 0
 2004 1499 485 1502 0
 24 1702 1493 1246 0
 508 506 323 1944 0
 77 357 511 478 0
 1436 1120 872 1000 0
 431 335 513 1158 0
 431 1158 513 433 0
 914 815 307 915 0
 823 816 310 916 0
 1004 914 1165 913 0
 914 913 821 1165 0
 875 912 304 810 0
 912 758 820 304 0
 917 916 823 310 0
 44 2039 1707 1716 0
 917 823 824 310 0
 912 820 913 304 0
 304 1229 913 1002 0
 848 178 686 1776 0
 873 302 910 911 0
 911 819 912 758 0
 879 880 1043 1377 0
 911 810 874 302 0
 273 1190 427 1648 0
 911 758 810 302 0
 911 818 819 302 0
 873 874 911 1000 0
 911 874 873 302 0
 910 300 54 817 0
 915 822 823 307 0
 822 914 307 915 0
 914 815 1165 307 0
 322 507 1652 321 0
 913 597 821 1165 0
 1878 1165 1004 815 0
 917 824 1762 310 0
 911 819 758 302 0
 878 816 307 915 0
 915 307 823 816 0
 1878 1165 815 1042 0
 295 815 1113 1007 0
 916 310 917 1009 0
 986 1728 1204 720 0
 369 1204 720 541 0
 1459 1204 921 986 0
 792 831 299 1215 0
 1965 753 839 299 0
 1204 369 1459 1349 0
 369 1204 541 967 0
 1965 299 1215 792 0
 1349 1204 369 967 0
 1000 991 872 873 0
 790 31 727 13 0
 727 39 13 31 0
 1134 1009 879 296 0
 727 39 18 13 0
 509 1281 845 324 0
 374 509 324 1281 0
 374 507 1281 324 0
 542 498 775 311 0
 854 775 311 63 0
 854 498 311 775 0
 45 299 574 576 0
 451 455 591 138 0
 138 1272 455 591 0
 138 1272 591 2042 0
 760 752 525 1168 0
 348 505 507 887 0
 29 1486 718 37 0
 2029 384 952 953 0
 345 2044 518 515 0
 520 523 385 1983 0
 356 1064 357 309 0
 510 1633 1362 731 0
 395 1065 442 530 0
 1076 1065 428 442 0
 45 1490 46 753 0
 753 763 718 1490 0
 707 611 476 403 0
 476 611 1068 404 0
 157 655 660 1153 0
 469 1153 157 471 0
 471 157 660 1153 0
 1745 941 326 935 0
 700 386 730 969 0
 759 486 585 584 0
 385 969 386 700 0
 585 486 1234 584 0
 1234 486 585 926 0
 447 1783 631 331 0
 562 341 743 329 0
 631 332 341 447 0
 743 331 761 447 0
 164 418 577 461 0
 564 900 952 384 0
 577 461 459 164 0
 1505 418 577 164 0
 564 945 952 900 0
 1885 934 307 935 0
 442 534 409 1072 0
 480 719 394 397 0
 719 924 394 397 0
 2025 394 924 397 0
 2025 923 394 397 0
 474 1179 751 534 0
 357 480 393 1015 0
 1015 480 393 612 0
 1015 480 612 396 0
 361 480 1015 396 0
 480 394 923 397 0
 1997 1860 282 543 0
 895 359 948 691 0
 1369 332 1924 891 0
 1108 895 359 948 0
 2023 394 2043 1423 0
 407 2046 597 1971 0
 1927 994 893 2016 0
 589 804 543 1859 0
 1996 589 543 1988 0
 1438 1997 1990 282 0
 673 672 284 1861 0
 1025 716 406 864 0
 2028 951 592 979 0
 279 2027 979 951 0
 1084 945 557 564 0
 1084 557 945 899 0
 1130 1470 1109 296 0
 557 945 1925 564 0
 899 1925 557 945 0
 951 2027 979 2028 0
 812 345 506 349 0
 812 519 345 349 0
 664 978 733 313 0
 740 345 506 812 0
 519 345 740 812 0
 572 489 490 1027 0
 572 489 413 490 0
 572 413 489 1644 0
 748 572 489 1644 0
 572 489 1027 748 0
 1089 1322 907 960 0
 143 135 468 611 0
 561 325 558 326 0
 899 2046 407 940 0
 942 1023 561 341 0
 1965 1635 1100 2020 0
 1095 1242 1096 1090 0
 753 45 299 53 0
 1150 515 378 552 0
 1730 1328 1670 1632 0
 946 994 726 1085 0
 495 1063 305 1970 0
 501 412 619 1233 0
 619 412 501 572 0
 1819 1087 1269 605 0
 619 501 400 572 0
 967 371 1204 670 0
 1180 689 525 756 0
 1073 569 689 1209 0
 339 1204 371 670 0
 1112 1878 1229 1004 0
 1042 1040 1878 1165 0
 1040 1229 1878 1165 0
 572 1207 501 400 0
 689 760 525 1168 0
 190 464 198 202 0
 198 464 234 202 0
 190 606 1214 202 0
 606 1236 1214 202 0
 852 2032 1735 1920 0
 1773 464 202 234 0
 202 464 1773 682 0
 480 397 923 396 0
 1034 396 923 397 0
 397 396 1022 1034 0
 527 1022 397 396 0
 1809 1805 308 1252 0
 592 979 380 1447 0
 852 1069 1054 854 0
 963 1754 1066 962 0
 2028 979 592 1447 0
 358 357 511 77 0
 922 480 358 357 0
 922 77 357 358 0
 382 533 385 700 0
 614 1819 605 110 0
 823 629 1352 827 0
 700 382 533 603 0
 1521 1091 1790 963 0
 110 728 1819 605 0
 1709 1095 1242 308 0
 382 386 700 385 0
 382 700 386 603 0
 1900 821 597 630 0
 1742 1012 1780 325 0
 325 329 1742 1012 0
 1809 1474 1805 1252 0
 1900 630 597 1777 0
 50 55 847 49 0
 1090 1242 1104 961 0
 342 503 504 345 0
 342 515 503 345 0
 342 883 516 345 0
 342 504 883 345 0
 1104 55 847 50 0
 97 1247 347 826 0
 826 1247 347 546 0
 1131 633 338 335 0
 1981 1131 338 335 0
 1015 721 357 91 0
 1552 1250 298 1155 0
 1064 721 99 357 0
 721 91 99 357 0
 298 1155 90 98 0
 970 1232 968 971 0
 1155 298 90 601 0
 1155 1250 298 601 0
 98 1552 298 1155 0
 1232 968 971 1226 0
 968 222 1226 230 0
 1324 381 711 317 0
 663 330 1324 1208 0
 742 246 968 230 0
 971 254 1773 1232 0
 971 254 1232 1226 0
 1903 252 213 970 0
 260 252 970 221 0
 2027 950 1080 547 0
 950 1270 1080 547 0
 950 2026 1270 547 0
 1232 1226 1225 968 0
 1367 1609 1807 1890 0
 316 315 492 301 0
 316 315 301 493 0
 316 492 1061 301 0
 316 301 1061 493 0
 1327 375 377 1150 0
 1327 1150 377 888 0
 444 1327 377 888 0
 892 415 1529 606 0
 565 387 995 746 0
 353 746 387 565 0
 353 1085 565 387 0
 1085 388 565 387 0
 565 387 388 995 0
 1529 682 660 892 0
 892 660 1529 415 0
 1236 682 1529 892 0
 892 1529 1236 606 0
 352 522 386 524 0
 352 523 386 520 0
 352 570 524 386 0
 352 523 570 386 0
 352 522 520 386 0
 317 381 617 1324 0
 1324 699 1208 317 0
 317 617 504 1208 0
 1324 317 1208 617 0
 664 380 696 981 0
 2023 2043 666 1423 0
 984 383 735 1931 0
 696 380 664 376 0
 1242 1217 297 847 0
 1217 297 847 49 0
 981 380 1463 664 0
 2025 578 410 1644 0
 913 597 1165 1229 0
 1229 597 304 913 0
 929 113 1610 1631 0
 1307 392 695 957 0
 1307 567 695 392 0
 1985 695 1307 567 0
 2024 393 736 1434 0
 1285 1608 1513 1333 0
 1608 1333 1285 1684 0
 1385 1287 1290 1289 0
 1385 1287 1289 1560 0
 1287 1340 1412 1290 0
 1423 666 2023 697 0
 484 389 1937 809 0
 1604 1708 1340 1288 0
 438 389 484 809 0
 809 389 985 438 0
 1646 1661 1604 1288 0
 1288 1708 1340 1566 0
 1646 1604 1560 1288 0
 1661 1288 1708 1604 0
 1312 1114 10 1260 0
 661 1114 803 1315 0
 1087 924 398 1687 0
 1114 14 803 1315 0
 1312 1114 1260 661 0
 1312 14 10 1114 0
 332 738 1369 1976 0
 406 1429 1147 747 0
 406 581 1147 1429 0
 1147 1429 1406 747 0
 1385 1287 1412 1290 0
 1718 1842 1894 1719 0
 1289 1287 1329 1560 0
 850 671 615 693 0
 405 791 1105 1350 0
 1446 1299 1289 1608 0
 1385 1412 1608 1290 0
 113 1646 1476 1671 0
 390 985 969 389 0
 1476 1326 1646 113 0
 1399 919 1330 1266 0
 661 1312 1114 1315 0
 1312 14 1114 1315 0
 541 1131 513 633 0
 1315 803 20 14 0
 1564 803 1315 1515 0
 541 1131 633 338 0
 1315 803 1564 20 0
 2036 685 363 1415 0
 1187 102 499 94 0
 387 391 593 982 0
 552 1387 378 1766 0
 113 1326 1646 1631 0
 113 1646 1610 1631 0
 1269 605 362 1187 0
 982 391 593 669 0
 387 391 982 987 0
 987 391 982 669 0
 933 1192 334 1458 0
 95 87 334 1192 0
 1318 1724 127 1513 0
 1289 1287 1290 121 0
 1981 1185 335 613 0
 1319 721 1058 1798 0
 395 1319 1642 721 0
 1319 721 1525 1058 0
 1289 1290 1608 1333 0
 1319 395 1525 721 0
 1513 1608 1290 1333 0
 1591 259 1904 267 0
 267 1892 1591 239 0
 1330 919 731 356 0
 2018 1495 1331 1710 0
 1330 99 919 356 0
 948 359 1424 1321 0
 948 359 1321 691 0
 1595 730 989 987 0
 712 1106 868 636 0
 1291 1588 1293 1348 0
 720 105 479 1326 0
 582 615 586 442 0
 1658 1835 1497 1356 0
 582 1076 586 129 0
 582 442 586 1076 0
 1769 1405 1658 1835 0
 787 1747 1516 1152 0
 1734 1728 986 720 0
 1250 787 1516 1152 0
 1318 1200 127 1724 0
 1200 1890 368 1367 0
 368 1507 1367 1890 0
 1825 1074 1503 1406 0
 2026 950 1270 949 0
 719 924 1087 1687 0
 1293 1538 1308 1496 0
 888 436 503 553 0
 503 553 436 1059 0
 2044 515 503 553 0
 2044 553 503 1059 0
 1293 1588 1291 1538 0
 677 676 679 287 0
 704 287 676 677 0
 1393 1538 1293 1496 0
 1730 373 1328 1632 0
 864 1147 406 581 0
 1293 1393 1588 1538 0
 1350 747 1443 1147 0
 1328 373 1710 1808 0
 2025 1644 748 1267 0
 1328 373 949 1710 0
 2025 578 1644 1267 0
 586 1544 395 442 0
 615 587 586 442 0
 810 1001 912 911 0
 1459 369 1354 1349 0
 368 1354 1459 369 0
 404 529 369 1354 0
 616 130 489 748 0
 1349 404 369 1354 0
 1354 529 369 368 0
 586 442 395 1076 0
 586 587 1544 442 0
 1287 1340 1290 121 0
 1513 1290 1340 121 0
 581 128 1147 1429 0
 1331 1495 1336 1710 0
 1921 1965 839 1215 0
 492 537 315 1115 0
 347 492 315 1115 0
 546 315 1115 347 0
 1115 492 537 831 0
 1215 301 1921 1965 0
 932 317 594 502 0
 127 1567 1334 1412 0
 932 317 1116 594 0
 621 1175 1116 932 0
 711 1146 1250 1148 0
 711 1146 1148 829 0
 661 1312 1315 1335 0
 748 489 616 1644 0
 1335 1312 1260 661 0
 1564 1315 1335 1515 0
 1335 2010 1792 661 0
 1335 1260 2010 661 0
 1515 1564 1792 1335 0
 384 592 383 1679 0
 995 984 2019 384 0
 864 1147 581 128 0
 1292 479 1314 1070 0
 593 391 392 669 0
 1292 1409 1666 1070 0
 1409 1666 1661 1292 0
 243 427 1189 2003 0
 1646 1661 1294 555 0
 1001 1000 911 874 0
 1669 555 1646 1294 0
 1607 1605 228 858 0
 864 581 1025 128 0
 684 1189 2004 2005 0
 1331 1495 128 1336 0
 1336 1495 128 1394 0
 1646 1661 1288 1294 0
 1646 1288 1560 1294 0
 1073 1346 1429 1074 0
 1985 1424 1376 1337 0
 1239 1107 738 737 0
 1107 938 737 1239 0
 1337 1687 108 1511 0
 1985 1376 1781 1337 0
 1337 1794 1687 1511 0
 1794 1781 1656 1337 0
 511 510 354 328 0
 511 354 509 328 0
 1055 561 421 355 0
 726 947 421 561 0
 1055 561 726 421 0
 1194 1807 1524 1196 0
 1200 1203 127 1557 0
 1007 878 915 1008 0
 878 815 295 1007 0
 1334 1567 1340 1412 0
 1560 1604 1287 1288 0
 1604 1340 1567 1412 0
 1622 930 105 1070 0
 1549 1267 130 2035 0
 281 1140 1082 1933 0
 281 1082 1140 282 0
 1082 2034 1140 282 0
 105 97 1070 930 0
 40 1707 44 2039 0
 1044 938 1377 880 0
 1762 880 1377 938 0
 1603 1792 1707 40 0
 1707 40 1792 2039 0
 1393 1515 1118 880 0
 581 1429 1074 128 0
 1406 1772 1074 128 0
 128 1429 1074 1406 0
 1792 1515 1118 1393 0
 1662 924 695 1781 0
 1662 1781 695 1799 0
 1762 917 879 918 0
 1707 1792 1118 1393 0
 1515 803 1315 661 0
 1515 1315 1335 661 0
 546 1115 1247 347 0
 661 1515 1792 1335 0
 1043 803 1515 661 0
 405 1532 1105 791 0
 708 404 1532 1105 0
 1832 107 721 99 0
 1662 1267 1549 2035 0
 1730 373 949 1328 0
 543 1988 1989 1996 0
 1989 1988 543 281 0
 1504 373 949 1730 0
 1504 949 1747 1730 0
 344 97 720 105 0
 1247 347 575 97 0
 407 557 330 881 0
 597 407 330 881 0
 1636 765 766 902 0
 766 1198 291 902 0
 1568 1437 1397 1356 0
 434 303 1136 834 0
 1568 1437 1356 1782 0
 493 303 834 1136 0
 97 931 575 1247 0
 918 879 880 1010 0
 1356 1437 1658 1782 0
 99 1064 357 356 0
 1658 1356 429 1437 0
 325 745 629 1780 0
 1622 551 930 1070 0
 930 97 1070 551 0
 341 631 1012 629 0
 1426 1936 928 1174 0
 310 631 629 827 0
 631 629 827 1012 0
 1010 1118 880 1445 0
 824 1762 918 917 0
 2034 282 1083 698 0
 1541 1523 1081 658 0
 757 519 740 812 0
 518 379 665 519 0
 518 379 643 665 0
 518 643 382 665 0
 1265 708 627 1979 0
 1445 1118 880 1393 0
 404 708 627 1265 0
 1349 708 404 1265 0
 1321 1307 1257 1014 0
 282 281 1733 1140 0
 1700 113 1671 1298 0
 1321 1307 1014 567 0
 1946 329 640 1235 0
 640 1946 325 329 0
 903 1212 841 1206 0
 1320 1560 1289 1329 0
 1206 305 1216 903 0
 1299 1333 1289 1608 0
 910 1000 872 873 0
 1206 2021 841 303 0
 1684 1333 1299 1608 0
 872 1660 1789 873 0
 1206 841 2021 1212 0
 339 479 97 1314 0
 339 371 1314 653 0
 339 1314 826 653 0
 417 364 870 678 0
 339 97 826 1314 0
 339 371 479 1314 0
 1878 1919 295 545 0
 2006 545 1554 1998 0
 916 1008 915 816 0
 915 1008 878 816 0
 694 1064 721 1642 0
 1642 1437 694 1064 0
 1858 628 589 1660 0
 587 1188 1230 117 0
 1762 879 917 310 0
 374 835 1316 328 0
 513 633 1131 335 0
 126 401 728 118 0
 1316 835 1764 328 0
 95 1172 103 1013 0
 1560 1566 1303 1295 0
 103 1172 111 1013 0
 1512 1716 1306 1393 0
 99 1064 356 107 0
 2045 1536 347 575 0
 1147 747 1443 406 0
 1443 406 864 1147 0
 2045 347 81 89 0
 312 1536 347 2045 0
 312 2045 347 81 0
 2045 575 347 89 0
 1512 1393 1306 1496 0
 8 26 4 1523 0
 810 875 912 1001 0
 911 810 1001 874 0
 812 740 323 506 0
 54 452 300 48 0
 54 300 872 48 0
 1500 1260 677 1114 0
 54 872 47 48 0
 734 1241 859 485 0
 1150 515 552 888 0
 1129 556 1765 1150 0
 2039 1716 1306 1512 0
 1767 980 533 1151 0
 677 1260 681 10 0
 1260 10 677 1114 0
 1637 1473 1795 1872 0
 812 506 323 508 0
 1007 914 915 815 0
 1819 1365 1269 1087 0
 1819 1365 1087 398 0
 878 1007 915 815 0
 1445 1393 1538 1588 0
 1293 1538 51 1308 0
 914 1004 815 1007 0
 1617 1293 1351 1310 0
 1308 1538 51 1519 0
 1310 1293 1308 1496 0
 916 1008 816 1009 0
 1540 917 879 1009 0
 664 379 733 978 0
 1520 1469 1203 1201 0
 1306 1393 1310 1496 0
 1393 1293 1310 1496 0
 1367 1507 368 1728 0
 1367 368 1793 1728 0
 2038 2010 1792 1335 0
 2038 1260 2010 1335 0
 2038 2010 32 1792 0
 2010 28 2038 32 0
 1376 1396 116 1337 0
 1376 1656 1781 1337 0
 2038 1260 28 2010 0
 1422 1376 1651 1836 0
 169 416 1157 161 0
 169 416 181 1157 0
 1117 1109 1130 1450 0
 2008 1450 1130 1109 0
 432 335 96 1170 0
 1034 2042 2024 409 0
 477 440 409 2042 0
 440 943 409 2042 0
 2042 409 477 2024 0
 2042 943 409 1034 0
 695 1307 1462 1522 0
 695 1462 1799 1522 0
 1799 1462 1828 1522 0
 430 75 1158 334 0
 1462 1257 1828 1522 0
 286 789 1159 2001 0
 1133 787 106 1552 0
 1433 1670 106 787 0
 789 788 1279 1271 0
 1279 1271 1159 789 0
 1774 1691 1378 1455 0
 903 841 293 1386 0
 903 1212 293 841 0
 1693 841 293 692 0
 1212 692 293 841 0
 294 1322 843 907 0
 339 340 1131 541 0
 1322 842 294 843 0
 1693 841 1386 293 0
 1388 340 339 502 0
 1577 1691 1774 1455 0
 339 670 340 541 0
 1380 1668 1772 1375 0
 1380 1772 1825 1406 0
 787 106 1763 1670 0
 1292 377 1409 1070 0
 1552 106 1763 787 0
 377 1553 668 1292 0
 1133 1838 106 787 0
 1838 1433 106 787 0
 556 1553 377 1409 0
 1249 1409 377 1070 0
 2037 678 460 171 0
 1764 1053 852 1067 0
 1707 1118 1588 1393 0
 1249 556 377 1409 0
 1668 1772 1825 1380 0
 986 443 1597 1604 0
 986 443 1604 1646 0
 1888 514 343 1630 0
 1888 343 1268 1630 0
 1445 1118 1393 1588 0
 806 543 1997 1163 0
 806 1997 1124 1163 0
 1311 1323 56 1704 0
 2035 1799 1344 124 0
 1404 1421 1239 1384 0
 737 1239 1384 1477 0
 1239 1820 1384 1421 0
 1796 1664 1793 1446 0
 1796 1446 1793 1627 0
 1384 1404 1477 1239 0
 1793 1476 1385 1446 0
 1011 312 2045 1048 0
 1385 1604 1597 1412 0
 1796 1684 1446 1627 0
 1385 1604 1560 1646 0
 726 558 602 353 0
 1796 1700 1664 1446 0
 1652 506 715 505 0
 726 602 1055 353 0
 1793 1446 1385 1627 0
 1652 506 505 908 0
 1385 1597 1724 1412 0
 1492 13 727 18 0
 1610 113 1669 1646 0
 557 1925 1355 564 0
 557 564 1355 757 0
 896 1925 564 1355 0
 113 1669 1646 1671 0
 439 1355 896 564 0
 439 1355 564 757 0
 605 527 1442 400 0
 113 1669 1671 1298 0
 319 493 1439 316 0
 1439 493 315 316 0
 319 1439 493 318 0
 1820 1762 880 918 0
 918 879 1762 880 0
 1837 1669 113 1298 0
 1053 1067 1764 1052 0
 542 498 1181 775 0
 1762 879 1377 880 0
 1610 1669 113 1531 0
 1531 1669 113 1837 0
 1306 1716 1313 1393 0
 557 1925 512 1355 0
 854 498 775 1181 0
 899 512 557 1925 0
 1306 1393 1313 1310 0
 557 1355 512 367 0
 1393 1293 1313 1310 0
 1313 1393 1588 1293 0
 499 685 1442 532 0
 605 1442 532 499 0
 499 749 1442 685 0
 852 1053 1054 1069 0
 825 1484 1762 824 0
 918 824 825 1762 0
 100 719 1086 805 0
 1857 100 92 805 0
 1857 100 805 719 0
 1429 1503 1074 1406 0
 1184 563 1503 1209 0
 1503 1074 2002 1184 0
 1281 1144 845 324 0
 1281 1144 324 639 0
 1883 849 1975 1929 0
 1922 316 1906 319 0
 1281 507 639 324 0
 1378 1362 441 1633 0
 1378 1362 1633 731 0
 623 441 1378 1362 0
 1911 932 621 312 0
 1229 1039 304 1141 0
 1229 597 1165 1141 0
 1922 316 1864 1906 0
 598 307 822 1165 0
 849 319 1906 493 0
 508 507 322 639 0
 1017 1733 2034 1619 0
 914 1165 822 307 0
 508 1652 322 507 0
 508 908 1652 507 0
 1484 1421 825 1762 0
 1393 1515 880 1482 0
 1393 880 1496 1482 0
 1336 1394 128 1451 0
 175 1891 528 419 0
 1710 1394 1336 1657 0
 1394 1406 128 1451 0
 1710 1808 1394 1657 0
 282 544 698 672 0
 698 544 284 672 0
 1328 1632 373 1575 0
 1826 373 1632 1575 0
 1892 1904 267 1591 0
 1213 682 892 173 0
 1453 1161 418 837 0
 126 401 1027 728 0
 1446 1320 1289 1299 0
 1397 1356 429 1691 0
 1064 1397 1437 429 0
 1064 1397 429 1674 0
 29 1487 1273 2014 0
 1397 1437 429 1356 0
 2014 1487 1273 1814 0
 1397 429 1674 1691 0
 1658 1497 429 1356 0
 1322 1521 306 1802 0
 1521 1166 1322 306 0
 1307 957 1462 1257 0
 1307 1257 1462 1522 0
 873 302 1035 829 0
 873 300 302 829 0
 586 1428 395 1400 0
 395 1642 1400 1428 0
 1425 1765 556 1494 0
 586 1717 1428 1400 0
 1428 1642 1400 1480 0
 901 654 1871 1246 0
 1446 1320 1385 1289 0
 1717 1480 1428 1400 0
 107 99 1383 356 0
 1594 1320 1446 1299 0
 1446 1671 1385 1320 0
 1671 1320 1446 1594 0
 976 375 886 729 0
 1484 1404 331 1359 0
 828 825 1404 1582 0
 342 1327 653 444 0
 1384 828 1477 1404 0
 653 375 1327 342 0
 1477 828 331 1404 0
 1484 825 1404 1359 0
 408 843 1252 435 0
 1549 130 124 2035 0
 603 386 382 794 0
 101 363 869 1309 0
 735 603 382 794 0
 1799 1662 124 2035 0
 1662 1759 1799 124 0
 560 1271 1159 1279 0
 1020 1021 1231 251 0
 1020 1231 481 231 0
 1654 356 1383 731 0
 1327 377 653 444 0
 653 375 377 1327 0
 342 515 1327 444 0
 342 375 1327 515 0
 1432 1350 372 333 0
 1551 356 1383 1654 0
 372 333 373 1432 0
 999 747 1147 1406 0
 999 1432 1137 373 0
 1630 754 641 402 0
 1630 641 1268 402 0
 295 545 786 1109 0
 545 786 1109 703 0
 295 545 1109 1128 0
 1128 545 1109 2007 0
 404 1265 627 529 0
 404 529 1354 1265 0
 1349 404 1354 1265 0
 430 334 1172 95 0
 749 1173 363 85 0
 1116 317 604 601 0
 1175 317 604 1116 0
 538 699 1748 1208 0
 699 538 1748 1902 0
 663 579 597 304 0
 127 1412 1334 1513 0
 663 597 579 330 0
 820 663 597 304 0
 1900 597 663 1777 0
 663 597 330 1777 0
 663 597 1900 820 0
 1287 1303 1329 1560 0
 533 643 980 665 0
 643 980 1151 533 0
 533 735 665 980 0
 127 1724 1412 1513 0
 566 1055 726 421 0
 887 540 321 1177 0
 1287 1566 1340 121 0
 341 562 561 329 0
 355 561 562 329 0
 361 91 1832 721 0
 1015 361 721 91 0
 1622 105 1358 929 0
 1832 91 99 721 0
 1193 335 1899 96 0
 416 713 870 422 0
 1413 1807 1367 972 0
 1560 1566 1287 1303 0
 867 1750 1468 1198 0
 529 1557 1265 627 0
 597 598 2046 1755 0
 597 1971 2046 598 0
 1162 867 1468 1198 0
 1265 529 1354 368 0
 368 1557 1265 529 0
 629 325 326 745 0
 1884 326 558 325 0
 1420 999 1432 1137 0
 745 326 1884 325 0
 1432 747 1147 999 0
 612 396 1345 721 0
 2024 1345 612 396 0
 2024 1065 1345 396 0
 395 1065 396 1345 0
 1432 1420 747 999 0
 369 370 967 541 0
 1033 369 370 967 0
 369 370 541 513 0
 369 360 370 513 0
 369 1033 370 360 0
 166 958 415 174 0
 521 431 366 1180 0
 1724 1413 1200 1367 0
 1724 1318 1200 1413 0
 1780 629 1352 632 0
 823 629 632 1352 0
 2037 657 678 171 0
 1181 854 861 775 0
 1399 1181 919 1266 0
 1399 1181 1266 775 0
 298 340 1586 90 0
 398 1026 488 1027 0
 298 402 1740 1640 0
 1640 1137 1681 1586 0
 1627 1684 1318 1796 0
 310 296 646 937 0
 310 296 816 646 0
 1027 401 996 728 0
 937 296 879 310 0
 398 728 1026 1027 0
 1009 310 879 296 0
 310 296 1009 816 0
 1750 867 1862 1198 0
 1976 805 92 100 0
 1976 805 100 359 0
 986 1204 371 479 0
 1204 371 479 339 0
 1198 813 1862 1750 0
 1326 1664 1853 113 0
 720 1326 344 105 0
 1564 36 20 1043 0
 1043 803 1564 1515 0
 1564 803 1043 20 0
 1404 825 1421 1582 0
 1484 825 1421 1404 0
 1026 1253 398 1778 0
 1026 398 1549 1778 0
 1026 398 1253 728 0
 1289 1287 121 1329 0
 1938 1741 745 1739 0
 1299 1329 1289 121 0
 1594 1408 1299 1339 0
 1144 1945 1739 1741 0
 1266 919 91 478 0
 745 1741 1144 1739 0
 1266 1181 861 775 0
 527 605 397 400 0
 827 631 1783 1359 0
 285 1360 1720 1706 0
 927 286 1360 1751 0
 1578 1706 285 1720 0
 927 1360 1720 285 0
 1242 1217 311 498 0
 1287 1303 121 1329 0
 1394 1808 1406 122 0
 1287 1566 121 1303 0
 1394 1406 1451 122 0
 122 1406 1380 1808 0
 1185 1866 1981 933 0
 937 1043 1377 879 0
 1594 1713 1408 1339 0
 1422 948 1593 108 0
 1424 108 1396 1337 0
 1422 1424 1376 1836 0
 363 1415 1757 2036 0
 1757 363 1309 869 0
 888 1150 377 556 0
 2036 1186 685 1415 0
 1186 1228 685 78 0
 552 1150 888 556 0
 888 377 1249 556 0
 1269 605 1187 614 0
 1424 108 1337 1086 0
 1166 842 294 1322 0
 948 1836 1424 1422 0
 359 1086 108 1424 0
 1166 842 1322 306 0
 359 948 1424 108 0
 1112 1041 1229 1878 0
 1042 1040 1041 1878 0
 1040 1229 1041 1878 0
 122 1772 1380 1406 0
 1329 1303 1390 1339 0
 29 1486 1487 718 0
 684 1822 580 1190 0
 1285 1333 1513 121 0
 801 815 1887 1031 0
 1365 1687 1087 398 0
 1406 122 1772 1451 0
 1835 1356 1658 1782 0
 1266 478 91 83 0
 1456 2022 446 1462 0
 1769 1835 1658 1782 0
 563 1184 1195 1209 0
 1252 1809 1474 1802 0
 111 1194 1457 1196 0
 1457 1194 1524 1196 0
 369 360 513 1197 0
 1655 1715 1372 1260 0
 1372 679 287 677 0
 1260 1500 677 1372 0
 622 679 287 1372 0
 360 369 529 1197 0
 1196 1890 1524 1457 0
 247 741 245 275 0
 1469 1457 1890 1196 0
 1468 1198 1618 290 0
 1856 879 1043 937 0
 1162 1198 1468 290 0
 1636 765 902 2020 0
 1469 1457 1196 111 0
 624 513 337 334 0
 513 624 1197 334 0
 369 513 337 624 0
 513 624 369 1197 0
 1455 1356 1835 1782 0
 1333 1366 1285 1684 0
 1289 1290 1333 121 0
 1513 1333 1290 121 0
 1299 121 1289 1333 0
 1684 1366 1299 1333 0
 1321 1985 1257 1307 0
 1430 721 107 1064 0
 1798 1667 1430 1570 0
 1798 1430 721 107 0
 1823 1430 107 1064 0
 661 296 808 1500 0
 2009 1500 296 661 0
 704 1500 677 1114 0
 1114 1500 661 808 0
 781 81 339 1388 0
 932 594 1441 1388 0
 312 932 1441 1388 0
 76 340 339 1388 0
 1388 594 76 340 0
 312 81 781 1388 0
 1641 903 1166 305 0
 1032 1789 872 48 0
 1064 1430 721 1642 0
 1166 1386 1600 305 0
 1091 1166 1600 305 0
 1166 1641 305 1091 0
 1166 903 1386 305 0
 718 11 1487 1160 0
 1560 1288 1566 1295 0
 1389 754 373 372 0
 1395 754 1389 372 0
 1294 1288 1560 1295 0
 1487 11 1879 1160 0
 1669 1295 1294 1560 0
 1684 1381 1299 1366 0
 1687 719 924 1086 0
 1339 1329 1299 121 0
 1339 1713 1303 1390 0
 129 582 428 1392 0
 1826 999 599 1137 0
 1029 1039 1037 292 0
 1229 1141 1040 1039 0
 1885 1165 1042 815 0
 1673 1065 1325 1076 0
 1428 1076 1673 1325 0
 1640 1395 1888 402 0
 1640 1395 402 1389 0
 340 514 1888 1395 0
 1137 1395 1389 372 0
 1376 1424 1396 1337 0
 424 1813 1199 870 0
 1888 754 1630 402 0
 1888 1630 1268 402 0
 422 1240 1199 833 0
 1796 1700 1446 1684 0
 1337 1511 108 1396 0
 108 1396 1511 1811 0
 1700 1381 1446 1684 0
 737 1384 1239 1820 0
 737 1501 1384 1820 0
 2041 1384 737 1501 0
 1820 938 737 1044 0
 1662 863 1398 1267 0
 662 306 1049 408 0
 408 662 549 1049 0
 844 1426 928 907 0
 866 844 907 435 0
 928 866 844 907 0
 737 1820 1239 938 0
 907 1426 1242 844 0
 1549 130 1815 124 0
 1662 1549 124 2035 0
 1549 1759 1662 124 0
 1402 694 1064 393 0
 694 990 644 1402 0
 393 694 644 1402 0
 1497 1835 389 1691 0
 1815 1533 1549 124 0
 1759 1533 124 1549 0
 292 1038 1037 1029 0
 1717 1791 1400 1865 0
 1452 1221 1275 1846 0
 1400 1845 1865 1791 0
 1452 1750 1880 1472 0
 1221 1452 1750 1880 0
 1319 1647 1642 1430 0
 1319 1642 721 1430 0
 1845 1647 1480 1319 0
 1265 1557 1979 627 0
 127 1979 1265 1557 0
 44 1341 1716 1617 0
 1341 1716 1617 1306 0
 90 594 601 298 0
 1205 707 403 611 0
 737 1239 1477 2040 0
 1477 331 2040 1239 0
 511 510 1886 478 0
 1181 498 510 1886 0
 478 510 1886 1181 0
 1029 292 1030 1039 0
 511 510 328 1886 0
 1031 1042 800 815 0
 1380 1406 999 1808 0
 999 1406 1147 1808 0
 1592 1634 1670 1433 0
 393 2024 923 1434 0
 394 2043 923 2023 0
 1495 1808 1406 1394 0
 1350 1420 372 967 0
 307 815 1885 1887 0
 801 815 295 1887 0
 878 816 296 646 0
 1406 1495 1147 1808 0
 1380 999 1826 1808 0
 44 1716 1707 1347 0
 44 1716 1347 1617 0
 1291 1348 1293 51 0
 670 729 1395 372 0
 1395 729 754 372 0
 663 330 1208 1777 0
 1293 1291 51 1538 0
 1166 842 306 1600 0
 1245 126 401 1207 0
 101 363 93 869 0
 599 1420 1050 633 0
 120 1073 1209 112 0
 581 1346 1429 406 0
 366 689 1209 1317 0
 1073 120 1209 689 0
 541 370 1420 633 0
 128 1147 1429 1406 0
 1617 1416 1351 1293 0
 704 676 287 1629 0
 1721 1617 1416 1351 0
 721 1015 612 396 0
 361 1015 721 396 0
 1470 287 1629 704 0
 1629 704 1109 1470 0
 1069 311 965 63 0
 727 39 297 18 0
 1343 1669 1671 1560 0
 1427 1278 1637 784 0
 1343 1295 1669 1560 0
 1444 1538 909 880 0
 361 527 396 450 0
 1477 64 1508 828 0
 361 450 363 527 0
 450 527 396 399 0
 450 399 363 527 0
 1477 1404 331 1239 0
 1508 828 64 68 0
 1508 331 828 68 0
 828 1508 1477 331 0
 768 293 1212 1870 0
 1427 1958 560 1159 0
 1820 1444 909 880 0
 1049 1754 662 496 0
 662 1754 1600 496 0
 662 1177 496 288 0
 662 496 1600 288 0
 1671 1343 1320 1594 0
 1223 301 336 537 0
 1421 1762 1820 825 0
 1820 918 825 1762 0
 336 301 1223 1136 0
 1073 1346 569 1429 0
 1209 1073 569 1429 0
 385 1983 1374 1255 0
 569 747 1429 406 0
 1346 406 569 1429 0
 569 1050 1429 747 0
 1209 1050 1429 569 0
 1374 1937 1983 385 0
 1421 1820 1582 825 0
 1582 1820 909 825 0
 1669 1294 1646 1560 0
 1351 1293 51 1308 0
 1351 1348 51 1293 0
 1396 1376 116 1898 0
 1721 1351 1348 1411 0
 108 1424 1396 1422 0
 948 1422 1424 108 0
 918 1820 825 909 0
 631 1239 331 1484 0
 1484 631 1359 331 0
 399 363 750 450 0
 750 1230 450 1173 0
 750 363 1173 450 0
 399 750 530 450 0
 450 1230 750 530 0
 414 470 1068 611 0
 909 880 1538 1445 0
 1893 638 1892 1833 0
 1320 1560 1385 1289 0
 1446 1608 1385 1627 0
 1506 1328 1448 1808 0
 1735 1235 1764 852 0
 1506 1808 1448 1460 0
 1235 1908 1764 1974 0
 1624 1328 949 1448 0
 1449 1253 1778 1510 0
 1449 1778 1759 1587 0
 1911 621 1941 312 0
 1435 1116 604 601 0
 1435 601 1262 454 0
 1435 1116 601 454 0
 328 1235 852 1764 0
 2032 1920 1886 1973 0
 1974 1907 1908 1764 0
 1284 625 1922 1942 0
 496 962 305 1063 0
 1242 311 965 1069 0
 1914 1489 545 1861 0
 965 311 59 63 0
 545 1914 1868 1489 0
 1336 1394 1451 122 0
 1310 1293 1351 1308 0
 1054 1886 854 2033 0
 556 1494 668 1553 0
 1242 961 1419 965 0
 1403 1494 1425 1708 0
 1425 1494 556 1553 0
 1494 975 668 443 0
 1494 885 975 443 0
 1403 885 1494 443 0
 47 1120 872 1436 0
 47 1436 872 910 0
 1863 1011 65 1048 0
 1734 1367 972 1793 0
 965 1104 1242 961 0
 801 815 1031 800 0
 1042 1885 815 1031 0
 1402 1437 1064 694 0
 1658 694 1402 990 0
 1135 15 718 11 0
 336 301 1215 537 0
 1568 1356 1397 1455 0
 1989 1997 1438 282 0
 434 540 1216 834 0
 540 305 1216 834 0
 1216 288 305 540 0
 1014 392 1307 957 0
 543 281 1182 690 0
 695 392 1423 2022 0
 567 695 392 1423 0
 543 1182 1859 690 0
 392 957 2022 695 0
 1014 567 1307 392 0
 1577 1397 1691 1455 0
 1997 544 1990 282 0
 1861 672 284 544 0
 545 675 1868 1914 0
 1868 675 545 1629 0
 586 1717 1400 1865 0
 279 437 1219 944 0
 1219 944 896 439 0
 279 439 944 1219 0
 1441 594 76 1388 0
 312 1441 81 1388 0
 1441 1116 621 454 0
 1441 1116 454 594 0
 312 1441 621 1598 0
 967 1204 541 670 0
 1299 1320 1289 1329 0
 339 541 1204 670 0
 1594 1320 1299 1408 0
 1049 1802 306 1754 0
 1069 965 1242 1419 0
 1382 1891 1222 1978 0
 1844 280 706 1880 0
 1846 280 1844 1880 0
 1880 1846 280 1221 0
 1978 419 1222 177 0
 1378 441 389 1726 0
 1937 389 1378 441 0
 1880 280 1949 1221 0
 1880 280 706 1949 0
 2033 2032 1886 1973 0
 1223 315 537 436 0
 316 504 625 932 0
 548 351 623 1224 0
 932 502 504 317 0
 317 625 504 932 0
 1298 1343 1671 1594 0
 842 306 662 843 0
 1837 1343 1298 1594 0
 709 554 1059 553 0
 567 1985 1321 1307 0
 1898 1651 1376 1548 0
 1424 1985 1376 1836 0
 1235 1974 1947 1920 0
 691 567 1321 1014 0
 1205 403 610 611 0
 1908 1235 1735 1920 0
 1480 1647 1642 1319 0
 1319 1642 1480 1400 0
 395 586 1865 1576 0
 1700 1298 1671 1594 0
 586 1400 395 1865 0
 1863 1011 69 65 0
 1700 1671 1446 1594 0
 1812 1118 1663 1810 0
 1271 1159 2001 1725 0
 789 1159 2001 1271 0
 1623 1271 2001 648 0
 95 1013 103 1194 0
 1172 1013 1071 1243 0
 1172 1013 1243 111 0
 789 2001 1623 1271 0
 103 1013 111 1194 0
 1271 1725 2001 648 0
 1363 1555 1693 1167 0
 1117 1109 1450 1128 0
 1500 704 677 287 0
 482 559 1231 1020 0
 435 1242 308 1572 0
 435 1572 308 835 0
 1572 498 308 835 0
 332 331 743 447 0
 1704 1538 51 1291 0
 341 332 743 447 0
 332 743 1976 341 0
 1572 1242 308 498 0
 1311 51 1704 1519 0
 1311 51 1323 1704 0
 1519 51 1704 1538 0
 295 545 1919 786 0
 599 563 1584 633 0
 1322 842 843 306 0
 306 843 1252 408 0
 843 1322 306 1252 0
 599 1420 633 338 0
 541 633 1420 338 0
 966 441 876 354 0
 1682 1661 1543 555 0
 1141 597 304 1229 0
 1596 1375 1546 122 0
 1333 121 1285 1366 0
 1375 1380 1546 122 0
 1460 122 1546 1808 0
 1508 1599 331 72 0
 750 1230 1173 1244 0
 1508 331 68 72 0
 1771 97 720 344 0
 1366 121 1299 1333 0
 1728 369 1204 720 0
 1349 1204 921 1459 0
 1459 1728 369 1204 0
 1184 104 1209 112 0
 1771 720 97 618 0
 1366 1339 1299 121 0
 1986 1523 26 30 0
 312 932 1388 781 0
 695 957 1462 1307 0
 1347 1313 1716 1588 0
 1347 1313 1417 1617 0
 1313 1716 1588 1393 0
 1021 1231 251 1829 0
 1130 1117 1134 296 0
 1134 1117 1009 296 0
 551 930 97 931 0
 97 551 931 1247 0
 1560 1303 1408 1295 0
 1343 1295 1560 1408 0
 1257 1985 1522 1307 0
 1343 1408 1320 1594 0
 1985 1781 1522 695 0
 1985 1836 1522 1376 0
 1836 1985 1522 1257 0
 1949 1296 1955 1565 0
 1014 392 957 1028 0
 1118 1515 1810 880 0
 1118 1515 1792 1810 0
 1560 1303 1329 1408 0
 1381 1594 1299 1339 0
 563 1209 1195 1170 0
 1170 563 366 335 0
 1209 563 366 1170 0
 1700 1594 1446 1381 0
 1475 1632 106 1670 0
 1381 1594 1446 1299 0
 933 513 1131 335 0
 1761 1804 1475 106 0
 1761 1632 106 1475 0
 1252 306 408 1049 0
 408 1049 549 835 0
 328 510 354 876 0
 328 354 509 876 0
 1113 1878 1128 1126 0
 2006 1126 1128 545 0
 545 1878 1126 1128 0
 1338 790 1283 1280 0
 1685 1278 1847 1637 0
 1956 779 1955 1750 0
 1793 1664 1476 1446 0
 1326 1476 1793 1664 0
 1081 925 1933 1528 0
 1671 1343 1560 1320 0
 907 844 1242 435 0
 1242 844 1217 435 0
 1343 1408 1560 1320 0
 1320 1408 1560 1329 0
 1041 807 1878 1466 0
 1428 1534 1480 123 0
 1466 1041 807 544 0
 1095 1242 907 620 0
 363 869 1757 1415 0
 363 85 93 1415 0
 1242 1426 907 620 0
 658 1075 16 1583 0
 1415 685 363 78 0
 1415 1186 685 78 0
 1791 1480 1615 123 0
 1717 1480 1791 123 0
 925 1933 1528 1729 0
 308 1242 907 1095 0
 1083 1712 1286 1714 0
 1082 1711 1933 1140 0
 1034 923 2025 397 0
 1329 1303 121 1390 0
 1339 1390 1329 121 0
 1753 1714 1677 1894 0
 1481 1460 122 1596 0
 365 742 475 638 0
 1637 784 1473 1872 0
 1164 692 291 1862 0
 2038 1312 10 1260 0
 1335 1312 1315 2038 0
 1474 960 1252 1802 0
 1312 14 1315 2038 0
 550 374 549 1224 0
 2038 1312 1260 1335 0
 2038 14 10 1312 0
 1487 7 778 1879 0
 1487 11 7 1879 0
 824 1484 1359 825 0
 1837 1343 1594 1713 0
 1730 1328 949 1624 0
 813 1452 1275 1467 0
 1730 949 1747 1624 0
 1750 1452 1275 813 0
 1221 1750 1452 1275 0
 1742 329 1946 1947 0
 1974 1235 1947 1946 0
 1583 21 16 778 0
 787 1624 1730 1747 0
 1730 1328 1624 1670 0
 1235 1947 1946 329 0
 787 1670 1730 1624 0
 332 1369 1239 891 0
 1319 1480 1845 1400 0
 395 1642 1319 1400 0
 69 1611 312 1941 0
 1482 1043 52 36 0
 1482 1043 880 1377 0
 1318 1608 1513 1285 0
 1482 880 1044 1377 0
 1013 1194 624 1524 0
 722 777 1618 1628 0
 1071 1013 624 1524 0
 1198 1750 1618 1731 0
 1608 1285 1318 1684 0
 1524 1890 624 1071 0
 1194 1609 624 1524 0
 1609 1524 1890 624 0
 1852 1854 285 2000 0
 2000 1725 1854 285 0
 703 545 1629 1109 0
 1109 545 1629 2007 0
 1209 1503 1429 1050 0
 1073 1503 1074 1429 0
 1184 1503 1074 1073 0
 1408 1329 1299 1339 0
 1408 1713 1303 1339 0
 1408 1320 1299 1329 0
 1771 1609 1194 344 0
 695 1423 1483 2022 0
 394 1423 1483 695 0
 545 675 703 1629 0
 394 695 1483 1398 0
 695 2022 1483 863 0
 2007 545 1629 1991 0
 695 863 1483 1398 0
 1175 604 699 1527 0
 699 1748 1527 1902 0
 604 699 1527 1902 0
 1175 699 1748 1527 0
 1771 624 720 337 0
 1907 324 1764 1974 0
 1771 624 337 1192 0
 44 1617 1347 1721 0
 1918 1907 1974 324 0
 813 1750 1452 1472 0
 1472 1452 813 1467 0
 1836 1985 1257 1321 0
 1347 1313 1588 1417 0
 1143 1879 1844 706 0
 122 1380 1546 1808 0
 1350 370 405 747 0
 312 1441 1598 81 0
 1441 454 1598 76 0
 1522 1257 1828 1836 0
 1417 1588 1348 1293 0
 1801 2009 661 1500 0
 661 1260 1500 1114 0
 1485 130 489 616 0
 843 866 907 435 0
 8 12 30 628 0
 843 435 907 1252 0
 1486 718 15 11 0
 1242 907 435 308 0
 1385 1604 1412 1287 0
 495 1929 322 1063 0
 1252 435 907 308 0
 1385 1412 1724 1608 0
 778 3 7 1488 0
 1424 1376 1396 1422 0
 1396 1422 1593 108 0
 1551 1526 1816 1654 0
 26 22 4 1523 0
 1417 1313 1588 1293 0
 1490 15 718 33 0
 125 587 1244 117 0
 4 1614 1523 658 0
 120 1209 1317 112 0
 1317 689 1209 120 0
 126 1245 401 118 0
 16 1491 658 1488 0
 1411 1351 1348 51 0
 1647 1642 1430 1437 0
 1260 1493 681 10 0
 658 1488 1 3 0
 875 1163 1125 992 0
 1246 1493 19 5 0
 993 1112 1126 1466 0
 1416 1348 1351 1293 0
 1490 763 46 753 0
 1008 295 1117 1113 0
 878 295 1117 1008 0
 545 1878 1128 295 0
 1109 878 1117 296 0
 1117 296 1130 1109 0
 2009 2008 1130 1470 0
 366 1317 1209 1170 0
 1495 1147 128 1406 0
 81 1441 1598 76 0
 582 442 1076 428 0
 2038 1315 20 14 0
 1564 1315 2038 1335 0
 2038 1315 1564 20 0
 1021 1829 259 855 0
 1721 1416 1348 1351 0
 1428 1534 123 129 0
 1416 1417 1348 1293 0
 1721 1416 1417 1348 0
 931 1247 536 575 0
 709 318 539 1248 0
 321 540 887 709 0
 105 1326 1853 113 0
 344 1326 1853 105 0
 1853 1734 1326 344 0
 1085 946 565 1220 0
 988 1497 389 429 0
 438 1497 389 988 0
 1405 1497 438 988 0
 988 1497 429 1402 0
 1497 1402 988 990 0
 990 1405 988 1497 0
 1393 880 1538 1496 0
 1496 880 1538 1044 0
 1792 1707 1716 1393 0
 1666 1361 555 1622 0
 1500 1470 704 287 0
 1600 962 496 1754 0
 1372 1655 1260 1500 0
 555 1622 1610 1631 0
 743 447 761 329 0
 341 447 743 329 0
 599 1050 747 1503 0
 1635 46 763 753 0
 1073 1209 1503 1429 0
 1184 1209 1503 1073 0
 1009 1134 879 1540 0
 515 1150 1327 888 0
 444 515 1327 888 0
 1501 1820 737 1044 0
 444 888 377 1249 0
 1144 1884 1755 323 0
 1501 1519 1444 1044 0
 780 1618 1949 1274 0
 1618 1731 1750 1949 0
 1242 1090 1104 1096 0
 1255 348 548 554 0
 1501 1044 1444 1820 0
 402 1504 641 1747 0
 402 1504 373 754 0
 402 754 641 1504 0
 402 1747 1730 1504 0
 1381 1339 1299 1366 0
 1249 1543 1409 1361 0
 450 530 1544 1230 0
 395 530 442 1544 0
 1544 1722 1230 1188 0
 395 586 1576 1544 0
 1722 1576 1188 1544 0
 1848 1143 449 658 0
 1143 449 658 925 0
 1848 1143 1016 449 0
 1146 1250 601 711 0
 1143 1016 449 925 0
 1258 476 1202 1201 0
 1145 476 1201 1202 0
 99 919 357 91 0
 919 510 357 478 0
 919 356 99 357 0
 919 357 91 478 0
 529 1890 1507 368 0
 1437 694 1534 1642 0
 529 1507 369 368 0
 395 1345 396 721 0
 510 441 1362 1633 0
 395 1678 1525 721 0
 973 1465 1534 123 0
 753 1635 46 1098 0
 356 309 357 510 0
 356 731 1633 510 0
 745 326 598 1884 0
 354 441 510 309 0
 395 1642 1345 721 0
 1678 395 396 721 0
 1271 1159 1725 1427 0
 1725 1159 285 1427 0
 1725 1271 1427 1461 0
 2000 1725 1427 1461 0
 1998 1514 1489 284 0
 2045 65 1011 1048 0
 574 1263 299 61 0
 1514 1861 1489 284 0
 1048 1263 61 299 0
 1901 1262 300 452 0
 1489 1677 1868 1554 0
 1489 1554 1998 284 0
 673 1110 1489 284 0
 673 1110 1914 1489 0
 1661 1409 1543 1361 0
 1249 1409 1070 1361 0
 2040 332 738 1239 0
 1454 949 1710 2018 0
 1454 949 2018 2026 0
 772 1371 1426 907 0
 508 1144 845 1281 0
 508 1144 1281 639 0
 150 158 716 1088 0
 845 793 508 1281 0
 1666 1409 1361 1070 0
 977 1270 373 1454 0
 977 1270 1454 2026 0
 1454 949 373 1710 0
 392 1014 567 2017 0
 1484 631 1762 824 0
 1126 1466 1878 1514 0
 1126 544 1466 1514 0
 1514 1998 1126 544 0
 1998 1126 545 1514 0
 824 631 1359 1484 0
 631 1239 1484 1762 0
 372 373 977 754 0
 372 977 373 333 0
 333 977 373 1454 0
 284 698 672 1620 0
 1267 924 1662 1549 0
 284 698 1620 1286 0
 1553 1292 377 1409 0
 1515 1043 880 1482 0
 1564 1482 1043 1515 0
 1515 1043 1810 880 0
 1494 443 1553 1708 0
 343 1268 1630 634 0
 317 617 381 1268 0
 1553 1494 668 443 0
 1425 1494 1553 1708 0
 1553 668 1292 443 0
 1553 1292 1409 1661 0
 1708 443 1553 1661 0
 1670 1575 1328 1506 0
 1624 1328 1448 1506 0
 641 1080 376 279 0
 1624 1506 1448 1460 0
 1504 754 641 1270 0
 1624 1506 1460 1634 0
 1679 383 384 984 0
 384 984 2019 1679 0
 1670 1632 1328 1575 0
 778 1814 1487 1879 0
 1160 1814 1879 1487 0
 1711 2034 1140 1082 0
 1688 785 782 283 0
 1268 1516 1535 402 0
 787 1747 402 1516 0
 402 1516 1747 641 0
 402 1516 641 1268 0
 1360 1723 1579 286 0
 286 1279 1159 789 0
 1756 286 1723 1360 0
 1581 1246 790 1871 0
 1865 1319 1845 1400 0
 1449 1510 1778 1626 0
 1981 335 338 1238 0
 1178 1301 1518 1574 0
 1718 1518 1574 1178 0
 284 1286 1620 1110 0
 1811 1511 1778 1510 0
 1811 1778 1511 1687 0
 1238 338 82 90 0
 1337 1511 1396 116 0
 1958 560 1159 1279 0
 1337 1794 1511 1665 0
 2013 1169 1271 648 0
 145 710 1072 153 0
 1811 116 1511 1510 0
 1510 1778 1626 1511 0
 1552 1133 1250 1155 0
 146 154 1272 759 0
 1552 787 1250 1133 0
 79 1458 334 87 0
 1458 1192 334 87 0
 1511 1794 1778 1626 0
 80 335 1193 88 0
 1396 116 1511 1811 0
 1512 1515 1482 1564 0
 1458 79 334 75 0
 1185 1981 335 933 0
 1458 75 334 933 0
 1562 649 1110 1612 0
 1185 1458 1905 933 0
 1512 1515 1393 1482 0
 1110 1677 649 1562 0
 1512 1393 1496 1482 0
 1865 1845 1319 1563 0
 1185 1458 933 75 0
 1666 1622 555 1631 0
 1646 1666 555 1631 0
 1542 1556 1840 1570 0
 1379 1568 1577 1455 0
 1865 1319 1525 1563 0
 1525 721 1832 1058 0
 847 1104 1242 311 0
 2006 545 1991 1554 0
 1865 395 1525 1319 0
 721 1602 1525 1832 0
 1804 114 1475 1592 0
 1173 1230 109 117 0
 1318 1724 1513 1608 0
 1469 1243 1890 1457 0
 1469 1243 1457 111 0
 1459 1354 1265 1349 0
 1349 921 1265 1459 0
 1571 1712 1286 1275 0
 368 1265 1459 1354 0
 1513 1412 1340 1290 0
 1513 1724 1412 1608 0
 1092 305 1641 1091 0
 1871 789 1414 1280 0
 790 1871 1414 1280 0
 286 622 1723 1580 0
 1095 1242 620 1096 0
 1628 1821 1530 1160 0
 789 1280 1279 788 0
 1279 1280 789 1304 0
 1432 333 373 1147 0
 999 1147 1432 373 0
 999 1808 1147 373 0
 1147 333 373 1454 0
 1454 373 1147 1808 0
 1147 1454 1808 1495 0
 1271 560 1427 724 0
 724 784 1427 1637 0
 1539 909 825 1582 0
 1915 676 287 679 0
 679 287 1915 927 0
 1629 676 287 1915 0
 1915 287 1629 927 0
 1974 1918 640 1946 0
 560 1271 1427 1159 0
 1918 324 1974 640 0
 828 825 1582 1539 0
 298 1535 1250 1675 0
 1535 1152 1250 1516 0
 298 711 1250 1535 0
 1250 1152 1535 711 0
 1535 1516 1250 1675 0
 1049 306 662 1754 0
 662 306 1600 1754 0
 1380 1825 999 1406 0
 299 753 53 1098 0
 1098 53 46 753 0
 1544 450 1230 1722 0
 305 1063 495 496 0
 395 1576 1722 1544 0
 1438 282 1083 1082 0
 1367 1796 1413 972 0
 972 1793 1367 1796 0
 1092 1091 962 305 0
 805 719 394 358 0
 1857 805 92 358 0
 1857 805 358 719 0
 2001 286 1854 1159 0
 22 658 1541 1075 0
 22 1523 1541 658 0
 22 1523 1986 1541 0
 1098 299 753 1099 0
 792 1966 1099 1964 0
 1625 124 1517 1759 0
 1852 649 1562 838 0
 1517 1828 1672 1548 0
 1852 838 1562 285 0
 1496 1044 1538 1519 0
 1376 1836 1828 1548 0
 1558 1311 1704 1519 0
 1519 1538 1444 1044 0
 1068 152 708 144 0
 1376 1522 1828 1836 0
 907 1322 1094 294 0
 1096 50 1104 847 0
 1089 907 1322 1094 0
 1990 544 284 698 0
 1104 55 311 847 0
 965 55 59 311 0
 965 1104 55 311 0
 965 1104 311 1242 0
 495 1970 1062 1063 0
 1964 299 61 57 0
 296 1117 1009 878 0
 1117 878 1008 1009 0
 1964 61 299 1048 0
 1506 1575 1328 1808 0
 1832 1058 721 107 0
 1328 1575 373 1808 0
 1826 373 1575 1808 0
 1962 1761 1786 1850 0
 1549 130 488 1815 0
 924 1549 1778 1759 0
 1269 719 1365 100 0
 719 1269 1365 1087 0
 1778 1026 1759 1549 0
 1909 1911 1941 312 0
 329 447 1012 341 0
 2020 1636 1100 902 0
 1877 1921 2020 1965 0
 119 1243 1469 111 0
 1922 316 1284 1864 0
 1864 1284 492 316 0
 1284 625 932 316 0
 1330 356 731 1383 0
 1607 497 858 905 0
 904 256 857 497 0
 1550 391 830 1423 0
 674 391 830 1550 0
 904 264 862 857 0
 674 566 391 1550 0
 1550 392 391 1423 0
 566 392 391 1550 0
 846 256 210 904 0
 1140 2034 1221 1017 0
 98 1133 1552 1155 0
 1330 99 356 1383 0
 1868 1562 1718 1719 0
 1675 787 1763 402 0
 298 402 1675 1740 0
 835 1572 327 550 0
 1954 1166 1555 1693 0
 1985 695 1522 1307 0
 1555 1954 724 1166 0
 1840 1705 1816 1526 0
 1774 1674 1577 1526 0
 529 1203 1557 627 0
 1557 1203 1979 627 0
 127 1979 1557 1203 0
 1674 1816 1577 1526 0
 1108 948 359 108 0
 507 1049 1803 324 0
 1108 1976 359 895 0
 1568 1542 1437 1782 0
 332 1369 1924 1976 0
 1542 1650 1437 1782 0
 649 1688 1677 1286 0
 1807 1469 1890 1196 0
 1764 324 1316 640 0
 929 1610 113 1531 0
 1912 1944 1883 322 0
 1445 1588 1538 1291 0
 845 325 1111 1144 0
 1704 1538 1291 1445 0
 1651 1836 1376 1548 0
 1725 1427 285 2000 0
 1242 961 1095 1419 0
 127 1265 1567 1412 0
 1597 1567 1265 1412 0
 1597 1265 1567 974 0
 285 1427 1178 2000 0
 1144 1077 845 1884 0
 2000 1178 285 1852 0
 640 325 1111 845 0
 845 324 640 509 0
 509 793 845 1281 0
 918 917 879 1540 0
 509 1316 324 640 0
 827 626 1012 1352 0
 1012 1352 629 827 0
 571 418 1161 1297 0
 568 1297 423 184 0
 1603 1792 40 32 0
 2038 32 40 1792 0
 290 722 1628 1877 0
 1555 769 1872 293 0
 1533 1759 124 1625 0
 1371 1694 907 294 0
 1408 1303 1713 1295 0
 1122 874 992 1163 0
 992 1163 1124 1934 0
 1119 1660 1120 991 0
 991 1660 1122 1119 0
 1343 1295 1408 1713 0
 1122 874 1163 804 0
 443 1567 885 974 0
 1660 872 1120 991 0
 1444 1704 909 1538 0
 1544 586 1576 587 0
 1124 292 993 544 0
 993 544 1126 1935 0
 1544 1576 1188 587 0
 1134 1132 296 879 0
 909 1538 1704 1445 0
 1996 1163 1122 1934 0
 1128 1117 1109 295 0
 543 1997 1934 1940 0
 1496 1538 1308 1519 0
 1124 292 1125 993 0
 1425 1553 556 1543 0
 1113 1004 1878 1112 0
 47 48 872 42 0
 1441 454 621 1598 0
 1441 454 76 594 0
 1436 1000 872 910 0
 42 1120 872 47 0
 992 875 810 1001 0
 874 1001 1123 992 0
 1542 1379 1568 1823 0
 871 649 1110 1286 0
 875 1125 1001 992 0
 1379 1542 1568 1782 0
 501 619 500 1233 0
 991 874 873 1000 0
 872 1000 1120 991 0
 874 1123 1000 991 0
 1437 1534 1480 1642 0
 1070 105 1622 1631 0
 1658 694 1534 1437 0
 1129 552 556 1150 0
 973 1658 1534 1465 0
 1123 1001 874 1000 0
 1534 973 123 129 0
 1823 1542 1379 1705 0
 694 990 1325 644 0
 1631 105 1622 929 0
 283 1881 1275 1851 0
 1286 283 1275 1851 0
 782 1275 1286 283 0
 1064 1437 1402 429 0
 1800 1275 782 283 0
 1881 1275 1800 283 0
 1604 1708 1403 1340 0
 1604 1403 1567 1340 0
 1604 1567 1597 1412 0
 1513 1412 1334 1340 0
 875 1002 1125 292 0
 1596 122 1546 1460 0
 1575 1546 1727 114 0
 1996 1660 1119 1122 0
 1634 1575 1727 114 0
 129 1325 428 1076 0
 902 303 1638 1101 0
 1428 1325 129 1076 0
 1428 1325 694 1534 0
 1628 1821 1160 1752 0
 1113 815 1004 1007 0
 1044 938 880 1820 0
 1762 1820 880 938 0
 937 1377 938 1762 0
 1164 1467 1862 291 0
 1812 879 1134 1010 0
 563 1613 1606 1195 0
 1118 880 1810 1010 0
 1195 563 1899 1606 0
 1680 1803 496 1754 0
 496 705 1680 1754 0
 742 276 475 638 0
 1803 639 1680 496 0
 1680 1930 705 496 0
 1555 1749 1478 1363 0
 1514 1919 1878 545 0
 1547 1548 116 1479 0
 1466 807 1878 1514 0
 1466 544 807 1514 0
 1244 1230 1173 117 0
 567 1423 830 394 0
 358 830 394 567 0
 567 695 1423 394 0
 805 394 1086 567 0
 1086 394 695 567 0
 1178 649 1688 1562 0
 1962 1606 1584 599 0
 1317 112 1209 1170 0
 1245 1171 401 118 0
 1852 649 1178 1562 0
 1011 69 312 1909 0
 298 1586 98 90 0
 298 1640 1740 1586 0
 1586 1137 1681 1761 0
 69 1909 1941 312 0
 1011 1863 69 1909 0
 1624 1670 1328 1506 0
 1624 1670 1506 1634 0
 772 1371 907 294 0
 986 479 1292 1326 0
 986 1292 1646 1326 0
 986 1326 1646 1476 0
 1437 1534 123 1480 0
 1437 1615 1480 123 0
 1782 1437 1465 1695 0
 1465 1437 1534 123 0
 293 1282 1870 1589 0
 202 1972 1236 682 0
 1589 293 768 1870 0
 1239 1369 738 1107 0
 541 340 1131 338 0
 1131 82 338 340 0
 1606 563 1584 599 0
 90 82 340 338 0
 90 338 340 1586 0
 1586 338 340 1137 0
 541 338 1137 340 0
 1584 1899 563 1606 0
 443 668 1292 371 0
 1606 563 599 1613 0
 694 1534 1325 990 0
 377 668 886 371 0
 653 371 377 886 0
 1314 371 377 653 0
 1314 371 479 1292 0
 1292 371 377 1314 0
 377 668 371 1292 0
 107 356 1383 1551 0
 107 1816 356 1551 0
 1868 1612 1653 1562 0
 107 1840 1816 1551 0
 1761 814 98 1586 0
 90 814 1586 98 0
 1761 338 1586 1137 0
 1238 338 90 814 0
 115 1471 1542 1570 0
 1737 1704 909 1444 0
 104 1209 1170 1195 0
 104 96 1195 1170 0
 69 1598 312 1611 0
 1385 1604 1287 1560 0
 73 1611 1598 69 0
 621 1598 1676 1611 0
 1598 73 70 1611 0
 312 621 1611 1598 0
 1295 1288 1566 1682 0
 497 596 905 1923 0
 596 1882 905 1923 0
 1479 1672 1625 124 0
 1011 2045 69 65 0
 1011 312 69 2045 0
 2045 312 69 1598 0
 937 296 646 802 0
 1593 948 1108 108 0
 337 1192 624 334 0
 1192 337 1771 618 0
 2041 1558 1590 1501 0
 999 1503 599 747 0
 60 1558 1696 1590 0
 1825 1503 599 999 0
 2041 1558 60 1590 0
 986 921 1597 443 0
 921 1597 443 974 0
 1563 1319 1058 1798 0
 1563 1319 1525 1058 0
 443 1597 1567 974 0
 1563 1525 1977 1058 0
 416 1332 364 713 0
 1157 416 181 1332 0
 507 1049 496 1803 0
 1779 1755 745 598 0
 549 507 374 1049 0
 816 1887 936 646 0
 1166 903 293 1386 0
 1089 907 1095 960 0
 964 960 1095 1805 0
 816 936 1887 890 0
 1246 2 1493 5 0
 416 870 678 2037 0
 657 1264 2037 422 0
 659 422 1264 657 0
 960 907 1095 1805 0
 1154 300 452 48 0
 683 1614 1523 8 0
 305 962 496 1600 0
 305 1091 962 1600 0
 1600 496 305 288 0
 508 507 639 1281 0
 324 507 639 1803 0
 1782 1650 1437 1695 0
 721 1678 1525 1602 0
 363 1309 1602 1757 0
 1525 450 1977 1602 0
 1602 1678 361 721 0
 450 1977 1602 1309 0
 1757 361 1602 363 0
 374 1316 1049 324 0
 374 507 324 1049 0
 374 509 1316 324 0
 1252 1802 1049 1809 0
 1249 1622 1070 551 0
 832 659 1199 833 0
 99 919 91 1266 0
 657 424 1199 870 0
 657 1199 659 422 0
 1335 1564 1792 2038 0
 1823 1577 1568 1397 0
 1482 880 1496 1044 0
 482 1231 1891 1978 0
 1577 1568 1397 1455 0
 1514 1861 545 1489 0
 1514 544 1861 284 0
 1486 11 1487 718 0
 1488 1491 658 1 0
 1570 1430 107 1823 0
 2038 10 1493 1260 0
 778 658 3 1488 0
 1798 1570 1430 107 0
 753 1490 718 33 0
 1570 1556 1840 107 0
 1823 1570 1840 107 0
 1493 1260 681 1246 0
 1609 624 1728 720 0
 1771 624 1609 720 0
 1507 624 1609 1890 0
 1194 1609 1524 1807 0
 1194 624 1609 1771 0
 1609 1807 1890 1524 0
 929 113 1631 105 0
 1326 1070 1631 105 0
 778 1488 7 1487 0
 1420 747 599 1050 0
 720 1326 479 986 0
 1326 986 1793 1476 0
 720 986 1734 1326 0
 2013 1371 648 1271 0
 1486 15 718 1490 0
 1956 1750 1275 813 0
 317 625 932 1175 0
 1175 317 1116 932 0
 563 1184 1613 1195 0
 1503 2002 1613 1184 0
 1004 914 815 1165 0
 1744 1262 1901 62 0
 1744 1262 62 66 0
 1744 1435 1262 454 0
 1744 1262 66 454 0
 1262 1435 1744 1901 0
 1670 1575 1634 114 0
 1958 784 1278 1427 0
 1427 1301 1278 1958 0
 1468 1618 706 1530 0
 1572 327 498 835 0
 424 1813 237 1199 0
 1143 1848 1844 1879 0
 1809 1841 1049 1764 0
 1368 1841 1809 1052 0
 148 457 577 1440 0
 148 1440 577 156 0
 1694 1371 2013 294 0
 1954 724 2013 1167 0
 938 583 1044 52 0
 1377 938 1044 52 0
 2007 1629 1621 1991 0
 1623 648 590 1174 0
 1623 2001 590 648 0
 1623 1371 1271 648 0
 648 1623 1371 1174 0
 1468 1750 1618 1198 0
 1414 788 789 1371 0
 151 611 707 143 0
 1823 1379 1568 1577 0
 485 427 734 2003 0
 2004 485 427 1237 0
 1872 724 1555 1637 0
 919 510 731 356 0
 1577 1816 1705 1526 0
 1816 1705 1823 1577 0
 919 357 510 356 0
 1294 1661 1682 555 0
 1646 1292 1666 1326 0
 1646 555 1610 1631 0
 1807 1609 972 344 0
 328 852 1886 498 0
 1886 498 510 328 0
 852 835 498 328 0
 328 327 835 498 0
 1292 1666 1661 1646 0
 510 498 327 328 0
 1699 1121 283 1851 0
 649 1688 1851 1699 0
 1699 649 1688 1178 0
 1669 555 1294 1682 0
 1294 1661 1288 1682 0
 291 1467 813 1870 0
 1386 1216 903 841 0
 2041 64 1477 828 0
 1163 875 292 810 0
 1137 1632 1681 1761 0
 1137 1632 1761 1826 0
 993 1112 1229 1004 0
 1330 717 731 919 0
 1869 291 813 1870 0
 1661 1543 555 1361 0
 1378 1633 441 1726 0
 510 441 1633 309 0
 356 1633 309 510 0
 1774 1674 1526 1654 0
 2042 410 1034 2025 0
 1361 555 1661 1666 0
 1731 779 798 1198 0
 1733 690 1182 281 0
 1616 281 1733 1182 0
 1821 1752 1814 1160 0
 1752 718 1814 1160 0
 790 31 1283 727 0
 1581 1079 1246 1078 0
 173 189 682 178 0
 1371 1414 788 1875 0
 340 1395 1640 1137 0
 298 1640 1586 340 0
 340 1137 1640 1586 0
 340 1395 1888 1640 0
 1137 1395 1640 1389 0
 298 1888 1640 340 0
 1353 107 1383 1551 0
 1440 412 1233 1364 0
 1145 1407 414 1202 0
 1271 1461 1725 648 0
 705 1930 1063 496 0
 1708 1661 1543 1682 0
 2035 1799 1462 1344 0
 1456 1799 1462 2035 0
 589 1859 543 1182 0
 589 1182 543 281 0
 633 1584 338 335 0
 599 1584 338 633 0
 1462 1799 1828 1344 0
 1435 1744 1676 454 0
 1744 70 454 66 0
 1238 1899 335 1584 0
 621 1435 1676 454 0
 1676 1744 70 454 0
 1435 1744 1959 1676 0
 621 1676 1959 1941 0
 828 1582 1404 1384 0
 1404 1582 1421 1384 0
 695 1522 1799 1781 0
 1421 1820 1384 1582 0
 1582 1820 1590 909 0
 1384 1820 1590 1582 0
 1528 1075 1081 658 0
 814 1899 1584 1606 0
 1435 1744 1901 1431 0
 694 1325 1645 644 0
 393 694 1645 644 0
 1645 694 393 612 0
 1645 694 612 1345 0
 1645 1065 1673 1345 0
 1645 1325 1673 1065 0
 789 1371 1623 1414 0
 1875 1414 1426 1371 0
 789 2001 1414 1623 0
 789 788 1271 1371 0
 789 1371 1271 1623 0
 1162 1198 1689 291 0
 1689 1198 902 291 0
 446 2022 2031 957 0
 1462 2022 446 957 0
 695 957 2022 1462 0
 925 1140 1016 1616 0
 392 957 2031 2022 0
 1614 1616 925 1016 0
 1553 1661 443 1292 0
 1689 851 692 291 0
 1543 1553 1409 1661 0
 1708 1553 1543 1661 0
 1292 1661 443 1646 0
 1646 443 1604 1661 0
 443 1661 1708 1604 0
 1453 898 1161 1418 0
 1284 625 1911 932 0
 1284 316 1922 625 0
 1909 1942 1911 1284 0
 1710 1495 1336 1394 0
 604 1435 601 1262 0
 1901 1435 604 1262 0
 1242 1095 1709 1419 0
 1252 408 435 835 0
 1252 435 308 835 0
 1252 1049 408 835 0
 1492 727 1426 297 0
 1492 18 727 297 0
 1809 308 835 1252 0
 1049 1809 835 1252 0
 1504 950 1747 949 0
 1363 1167 1478 1555 0
 1167 1555 1951 1478 0
 1463 380 981 1931 0
 383 1447 380 1931 0
 697 1423 669 2022 0
 1653 1562 1797 1718 0
 391 666 1423 697 0
 776 1612 285 1653 0
 537 1115 536 1247 0
 536 1115 537 831 0
 1612 1562 285 1653 0
 536 831 537 1215 0
 1612 838 285 1562 0
 1895 1653 1834 1718 0
 1437 1647 1642 1480 0
 599 563 633 1050 0
 599 563 1050 1503 0
 287 622 1372 1655 0
 1500 287 677 1372 0
 673 672 1620 284 0
 1372 287 1655 1500 0
 1500 287 1655 1993 0
 706 1949 280 780 0
 1994 2009 1655 1817 0
 1897 1509 1817 1655 0
 1897 1994 1655 1817 0
 338 1238 1584 814 0
 338 1238 335 1584 0
 1500 296 808 704 0
 704 296 808 1649 0
 1470 704 296 1500 0
 1470 704 1109 296 0
 724 1427 1951 1637 0
 724 1555 1951 1167 0
 1109 296 704 1649 0
 724 1427 1806 1951 0
 724 1637 1951 1555 0
 828 1582 2041 1539 0
 737 1384 2041 1477 0
 973 1405 990 1658 0
 1658 1437 1402 694 0
 1658 1402 1497 990 0
 990 1405 1497 1658 0
 828 1582 1384 2041 0
 2041 828 1477 1384 0
 1409 1361 1661 1666 0
 1646 1666 1631 1326 0
 1666 555 1661 1646 0
 1911 625 1960 1175 0
 923 1434 2025 2023 0
 1326 1666 1631 1070 0
 97 479 1070 1314 0
 97 1070 826 1314 0
 1434 2043 736 2023 0
 2043 1434 923 2023 0
 1250 787 1675 1516 0
 1449 1778 1587 1626 0
 1656 1517 1781 1587 0
 1626 1794 1778 1587 0
 114 1668 1380 1375 0
 1656 1587 1781 1794 0
 1998 544 1514 284 0
 1790 1802 1754 306 0
 1398 924 695 1662 0
 1456 863 1799 2035 0
 44 2039 1716 1341 0
 695 863 1398 1662 0
 1662 924 1781 1759 0
 647 2034 698 1619 0
 2039 1792 1716 1512 0
 970 252 213 221 0
 1428 1534 1642 1480 0
 694 1428 1534 1642 0
 1144 325 745 1884 0
 544 1860 806 1939 0
 2010 661 1663 1792 0
 1663 661 1810 1792 0
 1282 782 785 1800 0
 1467 1275 782 1800 0
 782 1282 1467 1800 0
 785 1795 1749 1637 0
 658 1081 1528 925 0
 1140 1711 1933 1729 0
 1286 1275 647 1851 0
 1083 1712 1082 2034 0
 1275 647 1851 1849 0
 1590 909 1539 1582 0
 1590 1444 909 1820 0
 1582 1590 2041 1539 0
 1868 1677 1719 1894 0
 1868 1562 1719 1677 0
 1590 1820 1384 1501 0
 1590 1501 1444 1820 0
 1818 1433 1634 1592 0
 1838 1818 1592 1433 0
 1670 1475 1632 1575 0
 1804 1592 1475 106 0
 1440 1106 577 156 0
 1475 1670 106 1592 0
 1918 1907 1803 1932 0
 1670 1475 114 1592 0
 1051 1907 1932 1803 0
 1716 1792 1393 1512 0
 113 1326 1631 105 0
 789 788 1414 1280 0
 377 1070 826 1249 0
 1427 1278 1685 1637 0
 1874 784 560 724 0
 1427 1958 784 560 0
 560 784 1427 724 0
 1427 1301 1685 1278 0
 1577 1705 1379 1526 0
 1705 1379 1823 1577 0
 1033 1349 369 967 0
 368 1724 1200 1367 0
 1627 1796 1413 1367 0
 1367 1796 1793 1627 0
 1350 445 372 333 0
 1367 1724 1793 368 0
 1447 979 380 981 0
 1447 1931 383 984 0
 693 534 474 442 0
 294 1874 1271 724 0
 402 1730 373 1504 0
 1343 1713 1408 1594 0
 114 1375 1546 1596 0
 1481 1727 1596 114 0
 1727 1546 1596 114 0
 359 567 1985 1321 0
 1763 1632 1670 106 0
 454 1676 1598 70 0
 1676 1598 70 1611 0
 1676 1744 1659 70 0
 1676 1611 1659 1941 0
 1642 1673 694 1428 0
 1145 1980 635 1382 0
 1428 1673 694 1325 0
 622 1580 1078 1723 0
 1645 1673 694 1345 0
 1645 1325 694 1673 0
 1642 1673 1345 694 0
 1774 1691 1726 1378 0
 1064 1674 429 309 0
 1378 1726 1774 1633 0
 1203 529 1557 1890 0
 1509 1723 622 1078 0
 1674 309 356 1633 0
 356 1674 1064 309 0
 1035 1138 810 1037 0
 2000 1121 1178 1699 0
 2000 1699 1178 1852 0
 1676 1611 70 1659 0
 98 106 1763 1552 0
 298 1740 1675 1552 0
 298 1535 1675 402 0
 1810 879 880 1043 0
 1535 1516 1675 402 0
 1611 73 70 1659 0
 1675 787 402 1516 0
 1946 1741 1111 325 0
 1780 325 1741 1742 0
 777 1274 1821 1005 0
 1953 1274 1005 1821 0
 1694 294 2013 1954 0
 294 724 2013 1954 0
 294 724 1954 1166 0
 1288 1682 1708 1566 0
 1294 1288 1295 1682 0
 1669 1682 1294 1295 0
 1178 1427 1690 2000 0
 1178 1690 1121 2000 0
 1685 1427 1637 1690 0
 1677 649 1562 1688 0
 1110 1286 649 1677 0
 1504 1270 373 754 0
 977 754 373 1270 0
 1382 1978 1407 487 0
 1504 949 373 1270 0
 450 396 361 1678 0
 395 450 1525 1678 0
 1678 450 1525 1602 0
 1602 450 361 1678 0
 450 395 396 1678 0
 1680 322 496 639 0
 1916 322 1930 1680 0
 1680 1930 496 322 0
 1680 1916 322 639 0
 1178 1427 1685 1690 0
 1178 1839 1121 1690 0
 1690 1178 1839 1685 0
 1685 1839 1831 1178 0
 1463 733 379 314 0
 852 1069 498 1709 0
 852 1709 1067 1069 0
 664 379 1463 733 0
 1463 314 379 665 0
 1389 373 402 1632 0
 1640 1389 402 1681 0
 1740 1681 402 1763 0
 1640 1681 402 1740 0
 1586 1681 1640 1740 0
 1681 1632 402 1763 0
 1681 402 1632 1389 0
 1603 1792 1118 1707 0
 1495 1406 128 1394 0
 1765 975 1150 1494 0
 1765 885 975 1494 0
 1403 885 1765 1494 0
 1802 1368 1474 1066 0
 1368 1066 1841 1051 0
 972 1853 1793 1796 0
 1368 1802 1841 1066 0
 393 1434 923 2043 0
 1734 1793 972 1853 0
 1734 1367 1793 1728 0
 1557 529 368 1890 0
 1200 1557 1724 368 0
 368 1200 1557 1890 0
 1687 924 398 1778 0
 1253 398 1778 1687 0
 1811 1510 1778 1253 0
 1574 1300 1831 1692 0
 1847 1692 1831 1300 0
 1259 1342 414 1357 0
 1259 1202 414 1407 0
 1839 1690 1478 1121 0
 1614 925 658 449 0
 593 982 1464 388 0
 388 982 1464 2019 0
 1839 1749 1006 1478 0
 388 2030 2019 1464 0
 1839 1121 1478 1758 0
 1839 1006 1758 1478 0
 1406 1503 999 747 0
 1825 1503 999 1406 0
 599 1613 1503 1825 0
 429 1726 389 309 0
 1577 1397 1674 1691 0
 1674 429 309 1726 0
 1455 1356 1691 1835 0
 1898 1548 116 1547 0
 1880 706 1468 1618 0
 1622 105 930 1358 0
 1610 1631 1622 929 0
 1342 159 414 1357 0
 855 1904 1601 1591 0
 293 1282 1467 1870 0
 1020 482 559 233 0
 1446 1289 1385 1608 0
 293 1282 1589 1872 0
 1637 1749 1478 1555 0
 1385 1290 1608 1289 0
 191 1231 231 419 0
 1426 1414 1174 1371 0
 1896 1723 1756 1509 0
 208 216 1211 253 0
 1896 287 1509 1756 0
 2040 1599 331 1508 0
 1896 287 1993 1509 0
 1697 1005 1814 1273 0
 1824 1005 1273 1814 0
 475 275 741 365 0
 259 223 1591 215 0
 695 2022 863 1456 0
 1456 695 1462 1799 0
 1601 855 216 224 0
 695 863 1799 1456 0
 695 1662 1799 863 0
 695 1462 2022 1456 0
 1513 1608 1412 1290 0
 1360 1787 1720 1706 0
 1178 1518 1301 1427 0
 1578 1787 1706 1720 0
 1236 1214 202 682 0
 1555 1637 1951 1478 0
 463 682 1213 189 0
 1628 796 777 1697 0
 1690 1637 1478 1951 0
 798 1701 779 1731 0
 467 1903 682 463 0
 1079 1246 1702 24 0
 1260 1984 1493 28 0
 1984 24 1493 28 0
 1610 1669 555 1646 0
 463 682 467 464 0
 1302 1159 1578 1706 0
 1164 293 1693 1363 0
 1564 1043 1482 36 0
 1791 1480 1732 1615 0
 1437 115 1647 1615 0
 173 682 189 1213 0
 1617 1417 1416 1293 0
 1721 1617 1417 1416 0
 1501 1558 1444 1519 0
 1945 1111 1946 1741 0
 1792 1515 1512 1564 0
 1948 1599 1743 761 0
 1792 1515 1393 1512 0
 1530 1135 1628 1160 0
 1985 1376 1522 1781 0
 1781 1522 1828 1376 0
 1656 1376 1828 1548 0
 1898 1376 116 1548 0
 1376 116 1548 1656 0
 468 152 1068 144 0
 16 22 1075 658 0
 8 30 26 1523 0
 1986 1523 22 26 0
 682 892 1236 1214 0
 1893 248 276 240 0
 1549 924 1662 1759 0
 428 582 442 1072 0
 1892 1904 275 267 0
 1517 1828 1548 1656 0
 1449 1587 1625 116 0
 116 1625 1656 1587 0
 1893 248 638 276 0
 1893 248 1183 638 0
 1449 1510 1626 116 0
 1510 1626 116 1511 0
 1511 1794 1626 1665 0
 1449 1626 1587 116 0
 1665 1794 1626 1587 0
 1724 1608 1318 1627 0
 1627 1608 1385 1724 0
 1724 1627 1413 1367 0
 1367 1627 1793 1724 0
 1627 1385 1793 1724 0
 1751 1159 286 1706 0
 1751 1360 1706 286 0
 1360 1579 1706 286 0
 1360 1787 1706 1579 0
 1302 1159 1706 286 0
 1302 286 1706 1579 0
 1724 1318 1413 1627 0
 1375 1772 1380 122 0
 1284 1864 492 1047 0
 1067 308 964 1709 0
 1709 964 1067 1419 0
 1069 1709 1067 1419 0
 1448 1328 1710 1808 0
 1506 1808 1546 1575 0
 1826 1546 1808 1575 0
 1428 1325 1534 129 0
 1534 129 1325 990 0
 1194 1609 1807 344 0
 1869 813 779 652 0
 718 1877 1628 796 0
 1635 1877 763 764 0
 1628 777 796 722 0
 1118 1810 1812 1010 0
 966 623 1362 441 0
 966 623 441 523 0
 1372 654 681 1715 0
 622 286 927 1913 0
 1246 654 1715 681 0
 1655 622 1372 1715 0
 1878 815 1113 295 0
 1897 622 1655 1715 0
 815 1885 1887 1031 0
 145 1072 456 153 0
 1046 1227 362 1857 0
 1046 362 1227 1187 0
 499 1228 94 86 0
 1272 577 459 457 0
 1717 123 129 1428 0
 146 457 1272 154 0
 361 1757 91 2036 0
 600 311 775 63 0
 1379 1577 1774 1455 0
 1143 1005 1814 1821 0
 1774 1577 1379 1526 0
 1719 1714 1894 1677 0
 1677 1562 1719 1688 0
 1719 1714 1688 1574 0
 1200 1807 1367 1413 0
 1367 1609 972 1807 0
 1903 682 1773 467 0
 1861 673 1489 284 0
 1914 673 1489 1861 0
 1232 1773 467 1903 0
 1781 1376 1828 1656 0
 1722 450 395 1544 0
 395 450 1722 1525 0
 1865 395 1722 1525 0
 1781 1828 1517 1656 0
 1793 1385 986 1724 0
 1691 1726 389 429 0
 1726 441 389 309 0
 1726 1633 441 309 0
 1674 1691 429 1726 0
 1726 309 1674 1633 0
 611 468 470 1068 0
 468 152 470 1068 0
 909 880 1445 918 0
 1724 127 1265 1557 0
 545 1919 786 703 0
 1175 604 1527 1431 0
 1527 1748 1431 1902 0
 150 1088 469 158 0
 604 1527 1431 1902 0
 1175 1527 1748 1431 0
 467 1903 463 213 0
 395 1673 1642 1428 0
 395 1673 1345 1642 0
 1734 1609 1367 1728 0
 1036 1037 810 1038 0
 1793 368 986 1728 0
 1459 368 369 1728 0
 292 1229 1030 1039 0
 1609 624 1507 1728 0
 986 368 1459 1728 0
 624 369 1507 1728 0
 787 1763 402 1730 0
 402 373 1730 1632 0
 787 1730 402 1747 0
 402 1632 1730 1763 0
 1505 413 1106 577 0
 1497 1658 429 1402 0
 1402 1658 429 1437 0
 1274 1731 777 1618 0
 722 1731 1618 777 0
 777 1731 798 722 0
 568 1297 1161 423 0
 1731 1274 777 1701 0
 798 1701 1731 777 0
 1367 1507 1609 1890 0
 1609 1507 1367 1728 0
 1507 369 368 1728 0
 1234 184 584 2047 0
 1344 1799 1828 1672 0
 1517 124 1799 1759 0
 1799 1828 1672 1517 0
 850 671 693 2011 0
 115 1647 1430 1437 0
 1437 1615 1647 1480 0
 1845 1647 1732 1480 0
 1319 1667 1647 1430 0
 1845 1480 1732 1791 0
 1845 1667 1647 1319 0
 1497 1691 389 429 0
 438 484 389 1497 0
 389 1835 1378 1691 0
 1356 1497 1691 1835 0
 484 1835 389 1497 0
 1835 484 389 1378 0
 1743 1783 331 1784 0
 1359 631 1783 331 0
 1909 1284 1922 1942 0
 1909 1284 1864 1922 0
 1918 324 640 1111 0
 1542 1471 115 1650 0
 1946 1918 640 1111 0
 1650 1471 115 1585 0
 184 2047 491 1297 0
 1280 1414 1283 788 0
 1414 1283 788 1875 0
 418 2047 491 1191 0
 2010 1792 1603 32 0
 1242 1572 1217 498 0
 1710 373 1454 1808 0
 1495 1454 1808 1710 0
 1734 1609 1728 720 0
 1734 720 1326 344 0
 344 1609 1734 720 0
 1734 1728 1793 986 0
 1431 1435 1744 1959 0
 1874 1738 1371 788 0
 772 1738 1371 1874 0
 1794 1656 1665 1337 0
 589 925 1614 1182 0
 1376 116 1656 1337 0
 1665 1587 1656 1794 0
 298 1740 1552 98 0
 1563 1845 1319 1798 0
 298 1740 98 1586 0
 98 1681 1740 1763 0
 1586 1681 1740 98 0
 937 879 1762 310 0
 879 1377 937 1762 0
 1271 1371 294 2013 0
 1657 1394 1336 122 0
 294 1271 2013 724 0
 1657 1808 1394 122 0
 1460 1808 1657 122 0
 2041 1590 1384 1501 0
 293 1749 1467 1282 0
 1800 1282 1467 1749 0
 1448 1808 1657 1460 0
 1696 909 1539 1590 0
 1800 785 1282 1749 0
 529 1203 476 1520 0
 1590 1737 909 1444 0
 1696 1737 909 1590 0
 1427 1951 1637 1690 0
 1761 1584 338 599 0
 1761 1137 599 338 0
 1962 1584 1761 599 0
 1306 1313 1617 1310 0
 1481 1634 1727 114 0
 108 719 1687 1086 0
 1365 719 108 100 0
 719 1365 1687 1087 0
 108 100 719 1086 0
 1241 1240 485 1199 0
 30 8 628 1523 0
 683 628 12 8 0
 1241 485 734 1199 0
 927 1751 1360 285 0
 285 1159 1751 1706 0
 285 1360 1706 1751 0
 1159 1854 285 1751 0
 1854 651 285 1751 0
 1962 814 1786 1761 0
 814 338 1586 1761 0
 1664 113 1671 1700 0
 1664 113 1476 1671 0
 1326 1476 1664 113 0
 1853 1700 1664 1796 0
 1752 1697 1628 1821 0
 1628 796 1697 1752 0
 718 1628 1752 796 0
 1825 999 599 1826 0
 1808 999 1826 373 0
 1826 1632 1475 1575 0
 1962 1804 1761 1850 0
 1962 1825 599 1761 0
 1826 1668 1380 114 0
 114 1380 1826 1546 0
 1826 1546 1575 114 0
 742 1024 741 968 0
 1826 1575 1475 114 0
 1337 1665 1511 116 0
 686 1236 682 1529 0
 1511 1665 1626 116 0
 116 1665 1626 1587 0
 1665 1656 116 1337 0
 116 1587 1656 1665 0
 1667 115 1430 1570 0
 1667 115 1647 1430 0
 1845 1732 1647 1667 0
 1903 467 1232 970 0
 970 1903 467 213 0
 1083 1714 1286 1753 0
 1105 1532 136 134 0
 1532 134 1105 791 0
 1542 115 1437 1650 0
 1650 115 1437 1615 0
 1749 1164 1363 293 0
 1749 293 1467 1164 0
 1903 1972 1773 682 0
 1234 2047 486 926 0
 1650 1585 115 1615 0
 115 1430 1570 1823 0
 200 1972 1903 682 0
 1790 1754 1600 306 0
 115 1437 1430 1823 0
 962 1754 1600 1790 0
 115 1542 1437 1823 0
 1823 1542 1840 1570 0
 285 1725 1854 1159 0
 814 338 90 1586 0
 909 1820 880 918 0
 932 1116 621 1441 0
 502 594 1388 340 0
 932 1116 1441 594 0
 312 932 621 1441 0
 1471 1556 1542 1570 0
 312 492 347 1536 0
 312 1048 492 1536 0
 492 831 1115 1536 0
 347 492 1115 1536 0
 792 299 831 1048 0
 1823 115 1542 1570 0
 1048 831 492 1536 0
 1006 1749 1467 1164 0
 175 419 528 191 0
 131 591 2042 138 0
 1800 1467 1006 1749 0
 1800 1006 1839 1749 0
 477 131 591 2042 0
 137 451 1537 591 0
 131 451 137 591 0
 1749 1363 1164 1006 0
 477 137 1537 591 0
 531 1210 559 1211 0
 713 422 181 203 0
 1756 287 622 927 0
 1756 1723 622 1509 0
 1756 287 1509 622 0
 1133 1552 106 98 0
 1858 628 884 12 0
 683 1523 628 8 0
 1858 628 12 683 0
 98 1763 1740 1552 0
 986 1597 1724 1385 0
 127 1724 1265 1412 0
 1597 1265 1724 1412 0
 462 645 1532 466 0
 466 791 142 134 0
 791 466 1532 134 0
 301 493 762 1061 0
 1722 450 1977 1525 0
 1996 1163 804 1122 0
 1671 1646 1385 1560 0
 1372 622 654 1715 0
 1671 1646 1476 1385 0
 622 679 1372 654 0
 1320 1671 1385 1560 0
 1629 1992 1896 287 0
 1476 1671 1385 1446 0
 1664 1671 1476 1446 0
 1804 1668 1826 114 0
 283 1800 1881 1758 0
 1629 1470 1109 2008 0
 1121 1758 283 1851 0
 1804 114 1826 1475 0
 1662 1759 1781 1799 0
 1517 1672 124 1625 0
 604 1431 1901 1545 0
 604 1901 817 1545 0
 1344 1799 1672 124 0
 1799 1672 124 1517 0
 1893 1183 1892 638 0
 638 365 1892 1833 0
 1985 1781 695 1086 0
 1985 1424 1337 1086 0
 1086 924 1687 1794 0
 1086 1687 108 1337 0
 924 695 1781 1086 0
 1732 1647 115 1615 0
 1732 1647 1615 1480 0
 1433 1592 106 1670 0
 1604 1340 1412 1287 0
 1560 1287 1566 1288 0
 1604 1288 1340 1287 0
 150 1088 142 469 0
 1088 150 791 716 0
 791 150 1088 142 0
 1761 1826 599 1137 0
 1590 1558 1444 1501 0
 1696 1558 1737 1590 0
 284 1753 1554 1990 0
 1554 1990 1998 284 0
 477 591 440 2042 0
 591 608 440 2042 0
 1675 1763 1552 1740 0
 98 1681 1763 106 0
 107 1064 356 1816 0
 1681 1632 1763 106 0
 1064 721 107 99 0
 787 1670 1763 1730 0
 1763 1632 1730 1670 0
 1269 1046 362 719 0
 1137 373 1389 1632 0
 1137 373 1632 1826 0
 1137 1389 373 372 0
 1826 999 1137 373 0
 1137 1681 1632 1389 0
 359 1086 100 108 0
 1432 372 1137 373 0
 605 728 996 401 0
 1826 1380 1825 999 0
 1962 1804 1825 1761 0
 1962 2002 1825 1804 0
 1445 880 1538 1393 0
 145 137 1537 477 0
 477 1072 1537 145 0
 710 1072 477 145 0
 138 1272 146 457 0
 605 401 400 1171 0
 1637 1278 1473 784 0
 759 578 1272 138 0
 2047 459 486 577 0
 996 728 605 1819 0
 1819 1253 1365 398 0
 1449 1759 1625 1587 0
 1533 1759 1625 1449 0
 1819 1253 398 728 0
 1684 1381 1446 1299 0
 1684 1299 1446 1608 0
 556 668 377 1553 0
 1592 1634 114 1670 0
 462 1532 610 466 0
 1670 1475 1575 114 0
 1818 1634 114 1592 0
 611 1532 610 462 0
 1568 1356 1455 1782 0
 1954 724 1167 1555 0
 2013 1806 1169 1951 0
 1379 1568 1455 1782 0
 468 465 144 1068 0
 828 1404 1359 331 0
 1784 828 1359 331 0
 964 1095 1709 308 0
 1709 1095 964 1419 0
 1575 1546 1506 1727 0
 1506 1575 1727 1634 0
 1670 1575 1506 1634 0
 973 1769 1658 1465 0
 973 1405 1658 1769 0
 1693 1166 1555 293 0
 682 202 1972 1773 0
 1309 363 1602 450 0
 1602 1309 1832 1757 0
 1269 1087 362 605 0
 1269 719 362 1087 0
 1695 1437 1465 123 0
 1695 1615 1437 123 0
 1695 1585 1615 123 0
 1406 1451 1772 128 0
 1700 1671 1664 1446 0
 1853 113 1664 1700 0
 1298 1669 1671 1343 0
 1837 1669 1298 1343 0
 2007 545 2006 1128 0
 1396 1376 1898 1422 0
 1422 1376 1898 1651 0
 992 810 875 1163 0
 292 1002 1125 993 0
 1112 1041 1466 993 0
 1113 1004 815 1878 0
 1578 1427 1797 285 0
 1518 1578 1301 1427 0
 1806 1427 1461 1951 0
 1427 1461 1951 1690 0
 1153 573 1088 610 0
 1774 1691 1674 1726 0
 1892 247 365 1183 0
 1183 741 247 365 0
 1892 365 247 275 0
 1726 1674 1774 1633 0
 1378 1633 1774 731 0
 1455 1691 1378 1835 0
 1444 1519 1704 1538 0
 1618 1198 722 290 0
 1618 1731 722 1198 0
 290 722 1618 1628 0
 1558 1519 1704 1444 0
 1558 1311 56 1704 0
 184 423 1418 1297 0
 1161 418 2047 1297 0
 1283 31 1867 727 0
 1782 1437 1658 1465 0
 1769 1782 1658 1465 0
 1273 25 1487 29 0
 1069 1242 1709 1419 0
 102 605 1171 110 0
 1479 1548 1625 1672 0
 499 605 1171 102 0
 102 605 1187 499 0
 488 1026 1549 1815 0
 1026 1759 1533 1449 0
 1479 1548 116 1625 0
 1952 25 21 778 0
 1286 1851 1688 283 0
 1688 283 1851 1699 0
 1699 1688 283 1178 0
 1313 1293 1617 1310 0
 1617 1313 1417 1293 0
 738 1239 737 2040 0
 925 589 1081 281 0
 1569 1955 1221 1956 0
 1569 1956 1221 1275 0
 1583 1952 21 778 0
 790 1280 1305 1871 0
 780 1296 280 1561 0
 1838 1433 1592 106 0
 1433 1624 1670 787 0
 1433 1634 1670 1624 0
 780 1949 1618 706 0
 1517 1548 1672 1625 0
 1517 1548 1625 1656 0
 456 1072 1537 534 0
 457 656 1272 577 0
 23 790 1338 1581 0
 2007 1128 1450 1109 0
 1608 1684 1318 1627 0
 1578 1958 1427 1159 0
 1627 1684 1446 1608 0
 785 1831 283 1688 0
 1556 1353 1551 107 0
 1587 1625 1517 1759 0
 1253 398 1687 1365 0
 1347 1716 1707 1588 0
 1871 1492 790 1414 0
 1347 1716 1313 1617 0
 468 465 1068 611 0
 1716 1707 1588 1393 0
 476 414 1068 611 0
 604 302 818 817 0
 910 817 911 302 0
 911 817 818 302 0
 1881 1849 1275 1851 0
 1800 1006 1881 1758 0
 1881 1275 1467 1800 0
 1656 1625 1517 1587 0
 1548 116 1625 1656 0
 1919 295 801 1878 0
 802 296 1649 808 0
 1347 1617 1417 1721 0
 1671 1669 1646 1560 0
 1680 705 1932 1754 0
 962 496 1754 705 0
 578 410 2042 2025 0
 1095 1242 1090 961 0
 1408 1303 1329 1339 0
 1506 1546 1460 1727 0
 1481 1460 1596 1727 0
 1460 1546 1596 1727 0
 1794 924 1778 1759 0
 1026 1253 1778 1449 0
 1026 1778 1759 1449 0
 1687 924 1778 1794 0
 1253 1778 1811 1687 0
 1695 1650 1437 1615 0
 1695 1585 1650 1615 0
 74 72 1743 1599 0
 297 1492 18 1936 0
 1732 115 1647 1667 0
 2034 1569 1221 1275 0
 2013 724 1951 1167 0
 741 742 1183 1024 0
 1520 476 1201 1203 0
 828 68 331 1784 0
 72 331 68 1784 0
 586 1076 1428 129 0
 586 1717 129 1428 0
 286 789 2001 1871 0
 395 1865 1722 1576 0
 1239 938 1820 1762 0
 1175 621 1435 1959 0
 621 1175 1435 1116 0
 604 1175 1435 1431 0
 1431 1175 1435 1959 0
 1435 1175 604 1116 0
 1794 1759 1781 924 0
 1587 1517 1781 1759 0
 1985 1337 1781 1086 0
 924 1781 1794 1086 0
 1460 1634 1506 1727 0
 1467 1276 652 1282 0
 604 1435 1901 1431 0
 534 1179 751 139 0
 986 921 1459 1597 0
 986 1597 1459 1724 0
 368 1459 1724 986 0
 60 1558 56 1696 0
 1558 1704 1737 1444 0
 1558 1704 56 1737 0
 1590 1558 1737 1444 0
 1696 1558 56 1737 0
 1703 290 1468 1618 0
 1703 1618 1468 1530 0
 1722 1785 1188 1576 0
 1785 1722 1188 1977 0
 1612 649 838 1562 0
 1868 1562 1110 1612 0
 1110 1677 1562 1868 0
 1720 1578 1834 1797 0
 1786 1761 98 106 0
 1786 814 98 1761 0
 563 1503 1613 1184 0
 563 1503 599 1613 0
 1962 1606 599 1613 0
 1750 1731 779 1955 0
 1481 1634 1460 1727 0
 556 1553 1409 1543 0
 1708 1553 1425 1543 0
 1862 813 1472 1750 0
 368 1724 1265 1557 0
 1302 1706 1578 1787 0
 280 1140 1729 1711 0
 415 406 1025 716 0
 1787 1788 1360 1720 0
 1896 927 1788 1720 0
 927 1788 1720 1360 0
 1787 1723 1360 1788 0
 1979 1980 635 1145 0
 395 1065 1076 442 0
 2034 1140 1221 1711 0
 1157 1072 588 710 0
 1718 1518 1178 1797 0
 1685 1178 1301 1427 0
 1818 1634 1481 114 0
 1401 311 542 775 0
 1166 1790 306 1521 0
 1521 1790 306 1802 0
 1143 925 1528 1561 0
 1070 97 826 551 0
 1790 1166 306 1600 0
 1703 290 1618 1628 0
 1877 1686 290 2020 0
 621 1435 454 1116 0
 1583 1827 778 658 0
 1500 1655 1801 2009 0
 1827 658 1583 1528 0
 1630 346 634 279 0
 1630 641 376 279 0
 1754 1803 496 1049 0
 1630 641 279 634 0
 1630 1268 641 634 0
 1754 1841 1802 1066 0
 279 437 951 1219 0
 1051 1066 1841 1803 0
 279 439 1219 951 0
 283 1121 1839 1758 0
 782 1282 1276 1467 0
 1717 1400 1791 1480 0
 1717 123 1428 1480 0
 1623 1414 1371 1174 0
 1731 1274 1701 1955 0
 1618 1274 1731 1949 0
 1581 790 1246 23 0
 1731 1955 1949 1274 0
 834 1136 434 539 0
 539 834 493 318 0
 434 834 1206 303 0
 834 305 1216 1206 0
 2010 1792 1663 1603 0
 1280 1304 1305 1871 0
 1663 1792 1118 1603 0
 576 831 1215 299 0
 2039 2038 40 1792 0
 1557 1200 1203 1890 0
 1520 1890 1203 1469 0
 1520 529 1203 1890 0
 1774 1633 1674 731 0
 1674 1633 356 731 0
 534 147 155 1179 0
 1086 1794 1687 1337 0
 1587 1794 1778 1759 0
 1687 1794 1778 1511 0
 1587 1759 1781 1794 0
 1794 1781 1337 1086 0
 1044 1538 1444 880 0
 1427 1578 1301 1958 0
 1637 784 1872 724 0
 1637 785 1795 1847 0
 1041 799 544 993 0
 1036 1038 810 1163 0
 1365 1811 1687 1253 0
 1305 1338 1280 790 0
 719 1365 108 1687 0
 101 1173 1230 109 0
 1677 1894 1554 1753 0
 1554 1677 1753 284 0
 560 788 1271 1279 0
 293 1795 1749 1282 0
 1795 1277 1282 1473 0
 1795 1473 1282 1872 0
 785 1282 1749 1795 0
 1795 785 1282 1277 0
 293 1795 1282 1872 0
 428 442 409 1072 0
 710 1072 428 477 0
 791 405 1443 1350 0
 1644 578 1272 759 0
 1627 1318 1413 1796 0
 604 817 818 1545 0
 285 1720 776 1653 0
 1797 1578 1518 1427 0
 1653 1562 285 1797 0
 1720 1653 285 1797 0
 1720 1578 1797 285 0
 1802 963 1790 1754 0
 1066 1802 1754 963 0
 1897 1078 622 1246 0
 1897 622 1715 1246 0
 1246 622 1715 654 0
 1078 1246 1871 622 0
 1246 1871 622 654 0
 1420 1432 1350 372 0
 1349 1350 420 967 0
 1083 698 1753 1286 0
 1753 698 284 1286 0
 1798 721 1058 107 0
 1798 1667 1319 1430 0
 1798 1319 721 1430 0
 1660 1036 804 1789 0
 2042 608 943 410 0
 440 608 943 2042 0
 1799 1662 2035 863 0
 1799 1522 1828 1781 0
 1781 1517 1799 1759 0
 1387 552 378 1256 0
 1226 222 971 254 0
 1743 761 331 447 0
 1254 1362 327 550 0
 611 1045 610 1532 0
 1800 782 785 283 0
 283 785 1800 1839 0
 2008 2009 1993 1470 0
 1817 1993 2009 1655 0
 692 1212 293 1164 0
 1260 1801 661 1500 0
 1500 1655 1260 1801 0
 293 1212 1870 1467 0
 1994 1801 1260 1655 0
 2010 1801 661 1260 0
 1801 1994 1260 2010 0
 1066 1802 963 1474 0
 780 706 1143 280 0
 1330 919 99 1266 0
 1844 706 280 1143 0
 1370 348 1255 554 0
 1918 639 1803 324 0
 1918 1907 324 1803 0
 1051 1841 1907 1803 0
 1200 1557 127 1724 0
 844 297 1217 49 0
 1489 1110 1868 1677 0
 462 611 1532 465 0
 462 465 1532 645 0
 1868 1895 1894 1718 0
 443 1708 1403 1604 0
 443 1403 1567 1604 0
 1385 986 1597 1604 0
 443 1567 1597 1604 0
 1509 287 1655 622 0
 1993 1509 287 1655 0
 1509 1655 1993 1817 0
 293 1467 1164 1212 0
 545 1868 1991 1554 0
 1894 1868 1554 1991 0
 804 1996 1122 1660 0
 1382 487 179 1978 0
 1382 1407 414 1145 0
 1734 1326 1793 1853 0
 1401 311 49 1217 0
 1653 1720 776 1895 0
 1720 1653 1834 1895 0
 776 1868 1653 1895 0
 351 623 1224 966 0
 374 966 351 1224 0
 1804 1668 1825 1826 0
 1674 1816 1526 1654 0
 1387 1982 1256 378 0
 385 1255 1374 1391 0
 1374 1937 623 1983 0
 964 1095 308 1805 0
 1805 1095 308 907 0
 934 1971 1141 1165 0
 1042 934 1141 1165 0
 384 900 952 953 0
 451 455 608 591 0
 1537 137 453 451 0
 451 1537 609 453 0
 1658 694 990 1534 0
 1658 1437 1534 1465 0
 973 1658 990 1534 0
 990 973 1534 129 0
 1658 1405 1497 1835 0
 308 1764 835 852 0
 852 835 308 498 0
 852 1709 498 308 0
 852 308 1067 1709 0
 852 1067 308 1764 0
 1703 1628 1618 1530 0
 1628 1821 1618 1530 0
 2013 1271 1806 724 0
 2013 724 1806 1951 0
 1374 1768 385 1391 0
 1506 1808 1460 1546 0
 1448 1808 1710 1657 0
 1710 1808 1495 1394 0
 1067 308 1809 964 0
 1809 1067 964 1368 0
 1809 1067 1764 308 0
 1809 1368 1052 1067 0
 1814 1143 1821 1879 0
 1879 778 1143 1848 0
 1766 378 1767 1387 0
 1386 288 305 1216 0
 1515 1043 661 1810 0
 661 879 1810 1043 0
 1792 1515 661 1810 0
 1118 1810 1792 1663 0
 1305 1580 1871 1304 0
 108 1511 1687 1811 0
 1365 108 1687 1811 0
 1052 1907 1841 1764 0
 1052 1907 1051 1841 0
 1824 1952 1814 1273 0
 1273 1814 1697 2014 0
 778 1814 1952 1273 0
 1474 960 1802 963 0
 960 1802 963 1521 0
 963 1521 1802 1790 0
 1768 385 1391 853 0
 1982 1370 1151 1387 0
 1387 1982 378 1151 0
 1836 1321 948 1424 0
 1326 1292 1666 1070 0
 1292 1646 443 986 0
 1249 1361 1070 1622 0
 1160 718 1814 1487 0
 1628 1752 1160 718 0
 718 1814 2014 1752 0
 1443 791 716 1088 0
 1960 1911 1941 1942 0
 1815 1026 1549 1533 0
 1759 1026 1533 1549 0
 1551 1816 356 1654 0
 1674 731 356 1654 0
 356 1816 1064 1674 0
 1601 1904 1892 1591 0
 466 142 1088 469 0
 610 466 1088 469 0
 1618 1949 1880 706 0
 187 1410 425 1453 0
 1453 1161 1410 425 0
 1453 418 1161 425 0
 1410 196 425 238 0
 1410 596 212 238 0
 2014 1697 1752 1814 0
 183 1418 184 423 0
 183 898 1418 423 0
 194 898 423 236 0
 1679 1447 383 984 0
 455 1364 608 1272 0
 138 457 455 1272 0
 457 1364 455 1272 0
 1537 609 453 534 0
 1537 453 137 456 0
 898 1161 1882 1410 0
 1326 479 1070 105 0
 986 1793 1734 1326 0
 1375 1380 114 1546 0
 1530 1821 1879 1160 0
 324 1841 1764 1049 0
 1841 324 1803 1049 0
 1803 324 1841 1907 0
 1841 1907 324 1764 0
 1820 1044 1444 880 0
 393 666 736 2043 0
 1764 308 835 1809 0
 1434 393 736 2043 0
 918 880 1445 1010 0
 1618 777 1274 1821 0
 1618 780 1821 1274 0
 780 1953 1821 1274 0
 1064 1823 1437 1397 0
 1064 1823 1397 1674 0
 1816 1823 1064 1674 0
 107 1823 1064 1816 0
 1827 1824 1559 1952 0
 1824 1827 1814 1952 0
 1735 1235 1908 1764 0
 1735 1235 852 1920 0
 1881 1275 1452 1467 0
 1908 1764 1053 1735 0
 1277 1847 785 1300 0
 813 1275 1956 1467 0
 1774 1674 1654 731 0
 1674 356 1816 1654 0
 1772 1074 1825 1406 0
 1221 1956 1750 1275 0
 1825 2002 1074 1772 0
 1823 1437 1430 1064 0
 1825 2002 1772 1668 0
 1804 2002 1825 1668 0
 587 1230 1244 117 0
 587 530 1244 1230 0
 501 400 1207 1245 0
 293 1555 1749 1795 0
 1555 1749 1363 293 0
 293 1555 1795 1872 0
 1546 1380 1826 1808 0
 1668 1380 1825 1826 0
 630 1779 597 1777 0
 93 1173 363 101 0
 508 1144 639 1944 0
 1271 1427 1806 724 0
 1871 1414 2001 1492 0
 1944 1755 323 1144 0
 1827 1143 778 658 0
 1143 658 1827 1528 0
 1999 1871 1492 790 0
 1143 1528 1827 1559 0
 1492 1414 727 790 0
 1877 290 1703 1628 0
 1628 1877 1135 1703 0
 1628 1135 718 1160 0
 1799 1828 1517 1781 0
 1478 1839 1749 1637 0
 1252 1322 907 843 0
 1252 960 1805 907 0
 1252 1805 308 907 0
 960 907 1252 1322 0
 1448 1328 949 1710 0
 1205 135 611 462 0
 528 191 419 1231 0
 1221 1955 1949 1750 0
 1472 1452 1467 1881 0
 167 1342 1222 177 0
 1259 1407 1342 177 0
 1978 1222 1407 177 0
 1642 1437 1064 1430 0
 1106 998 413 2015 0
 490 413 2015 1191 0
 712 2015 998 1106 0
 1257 1014 1307 957 0
 1753 1714 1286 1677 0
 1719 1714 1677 1688 0
 1677 1286 1753 284 0
 1049 1764 835 1809 0
 1049 306 1802 1252 0
 1809 1802 1049 1841 0
 1274 1949 780 1296 0
 1532 465 611 1068 0
 708 1532 136 1105 0
 591 1272 455 608 0
 578 2042 1272 138 0
 453 1537 534 456 0
 1814 1697 1752 1821 0
 1839 785 1749 1637 0
 466 1088 142 791 0
 1249 556 1409 1543 0
 1666 1361 1622 1070 0
 1852 1562 1178 285 0
 451 1364 608 455 0
 1440 1364 1233 132 0
 1797 1427 1178 285 0
 1440 1364 132 140 0
 1797 1562 285 1178 0
 1797 1518 1178 1427 0
 1847 1831 785 1300 0
 790 1871 901 1999 0
 1239 1762 1820 1421 0
 1484 1239 1421 1762 0
 1484 1421 1239 1404 0
 1225 970 968 229 0
 1894 1895 1868 1991 0
 252 1232 970 1903 0
 1797 1834 1653 1718 0
 1017 1616 1140 1733 0
 1834 1518 1718 1797 0
 996 748 1027 398 0
 1957 782 1282 1276 0
 1427 1461 1690 2000 0
 887 505 321 709 0
 1865 1525 1977 1563 0
 1387 1982 1370 1256 0
 1865 1722 1977 1525 0
 1865 1722 1785 1977 0
 1761 1804 1826 1475 0
 1014 567 2017 691 0
 1761 1825 599 1826 0
 1761 1804 1825 1826 0
 1939 544 672 1861 0
 1880 1750 1618 1468 0
 1322 1802 306 1252 0
 1802 960 1252 1322 0
 1239 1369 332 738 0
 938 1107 737 583 0
 574 576 299 1263 0
 576 536 831 1536 0
 1048 299 831 1263 0
 1263 831 576 299 0
 1048 831 1536 1263 0
 706 780 1821 1618 0
 706 1821 1879 1530 0
 1879 706 1143 1821 0
 1821 706 1143 780 0
 90 594 298 340 0
 1618 1821 706 1530 0
 82 340 594 90 0
 76 594 82 340 0
 1321 1836 1985 1424 0
 1898 1422 1593 1396 0
 98 1761 1681 106 0
 1068 152 470 472 0
 1761 1632 1681 106 0
 1761 1632 1475 1826 0
 1839 1637 1478 1690 0
 1016 280 1143 1844 0
 1709 1242 498 308 0
 73 1941 1611 69 0
 1847 785 1795 1277 0
 1637 1278 1847 1473 0
 1078 1246 1897 1079 0
 1079 1246 1897 1702 0
 1426 727 1414 1876 0
 1414 1283 1876 727 0
 1414 1283 727 790 0
 1897 1715 1260 1246 0
 1702 1897 1260 1246 0
 1556 1551 1840 107 0
 107 1840 1823 1816 0
 1949 1221 1750 1880 0
 1750 1955 1949 1731 0
 1834 1578 1518 1797 0
 1232 1225 970 968 0
 141 610 752 149 0
 1153 752 573 610 0
 1628 777 1618 1821 0
 777 1005 1821 1697 0
 591 1272 608 2042 0
 1697 777 1628 1821 0
 1143 1824 1559 1827 0
 1824 1143 1005 1814 0
 1879 1143 778 1814 0
 1800 785 1749 1839 0
 1839 283 1831 1178 0
 1800 1006 1758 1839 0
 927 1896 776 1720 0
 1895 776 1896 1720 0
 927 1896 1629 776 0
 1621 1629 1896 776 0
 1895 1621 1896 776 0
 29 1487 2014 718 0
 718 1487 2014 1814 0
 1810 880 879 1010 0
 476 529 1520 403 0
 529 1127 1520 403 0
 1810 879 1812 1010 0
 1810 1132 1812 879 0
 1132 1810 661 879 0
 1999 790 13 9 0
 1824 1827 1143 1814 0
 1143 1827 778 1814 0
 1841 1066 1754 1803 0
 1754 1841 1049 1802 0
 1841 1754 1049 1803 0
 1896 287 1756 927 0
 1992 287 1993 1896 0
 1842 1714 1894 1719 0
 1842 1714 1719 1574 0
 1677 1714 1286 1688 0
 782 1286 1688 283 0
 1714 1286 1688 1573 0
 927 286 1756 1360 0
 927 622 1756 286 0
 1896 927 1756 1788 0
 927 1756 1788 1360 0
 312 1048 1536 2045 0
 61 2045 1263 1048 0
 534 147 1179 139 0
 1440 457 656 1364 0
 456 458 1072 534 0
 424 1199 734 1889 0
 456 1072 458 153 0
 211 1498 734 219 0
 211 1889 836 424 0
 1690 1685 1839 1637 0
 1178 1121 283 1699 0
 1121 1178 283 1839 0
 1888 343 317 1268 0
 601 594 317 298 0
 1116 601 594 317 0
 594 1888 298 340 0
 298 1888 402 1640 0
 298 1888 1268 402 0
 594 1888 317 298 0
 1889 832 836 1199 0
 485 1502 832 833 0
 298 1888 317 1268 0
 454 594 601 90 0
 454 601 594 1116 0
 217 1502 426 255 0
 227 265 427 734 0
 1760 188 418 172 0
 1760 418 164 172 0
 621 1611 1676 1941 0
 1205 611 135 143 0
 1205 707 611 143 0
 1052 1809 1067 1764 0
 1953 1296 780 1561 0
 780 1274 1296 1953 0
 280 1729 1561 1565 0
 280 1221 1140 1711 0
 1714 1571 1286 1573 0
 629 310 823 816 0
 631 891 1239 1762 0
 1661 1682 1708 1288 0
 1476 1646 986 1385 0
 1600 1091 962 1790 0
 1385 986 1604 1646 0
 762 1101 301 1967 0
 1949 1221 1565 1955 0
 1221 1711 1565 1569 0
 1569 1221 1711 2034 0
 1967 301 762 1061 0
 1839 283 785 1831 0
 1637 1839 785 1831 0
 835 1764 328 852 0
 1947 1886 761 1235 0
 291 1198 1862 1162 0
 291 813 1862 1198 0
 1991 1629 1621 776 0
 545 1489 1868 1554 0
 545 1554 1998 1489 0
 469 1088 471 158 0
 1611 73 1659 1941 0
 1153 1088 415 471 0
 1153 660 415 573 0
 1660 873 874 1036 0
 874 804 1122 1660 0
 1660 873 1036 1789 0
 255 485 1502 426 0
 1845 1400 1480 1791 0
 1845 1667 1319 1798 0
 1230 109 117 1188 0
 1178 1574 1688 1831 0
 1178 1574 1719 1688 0
 1562 1688 1178 1719 0
 477 440 1537 409 0
 1143 1528 1559 1561 0
 1561 925 1528 1729 0
 1962 1584 814 1761 0
 814 1606 1584 1962 0
 1795 1847 1277 1473 0
 1178 1301 1574 1831 0
 1752 796 1697 2014 0
 718 1752 2014 796 0
 718 796 2014 795 0
 1688 1831 283 1178 0
 782 1688 1573 785 0
 785 1688 1300 1831 0
 1850 1761 1786 106 0
 1850 1804 1761 106 0
 925 1729 1561 280 0
 816 890 1887 935 0
 1795 1637 1847 1473 0
 785 1831 1847 1637 0
 1853 1664 1793 1796 0
 1046 1857 362 719 0
 964 960 1805 1474 0
 618 337 720 89 0
 964 1805 308 1809 0
 964 1474 1805 1809 0
 1809 1368 964 1474 0
 550 835 374 327 0
 550 327 374 1362 0
 1574 1692 1831 1301 0
 1847 1301 1831 1692 0
 1827 1583 1952 1559 0
 1827 1528 1583 1559 0
 1685 1301 1178 1831 0
 937 936 310 891 0
 1745 2046 893 940 0
 942 326 894 941 0
 942 326 941 890 0
 896 945 564 1925 0
 1927 994 946 565 0
 1927 994 2016 946 0
 1368 1802 1809 1841 0
 1809 1368 1474 1802 0
 1504 950 949 1270 0
 71 1973 861 74 0
 1302 1706 1787 1579 0
 1360 1723 1787 1579 0
 1246 23 1079 1581 0
 1206 1103 303 1969 0
 1969 303 1206 1062 0
 1573 1688 1574 1300 0
 1712 2034 1275 1569 0
 334 624 1197 1172 0
 286 622 1580 1871 0
 77 861 761 1599 0
 743 1599 761 331 0
 2024 1065 428 1325 0
 296 808 1856 661 0
 803 661 1856 808 0
 296 1856 808 802 0
 1714 1688 1574 1573 0
 1505 418 164 1760 0
 1855 654 1871 901 0
 1999 1855 1871 901 0
 1571 1957 782 1573 0
 593 669 1464 982 0
 1579 1304 1302 286 0
 813 779 1198 1869 0
 1989 282 1438 1082 0
 2034 1082 1083 282 0
 1718 1842 1719 1574 0
 1286 1571 782 1573 0
 1161 571 1297 568 0
 925 1523 1081 589 0
 1712 1569 1275 1571 0
 443 1567 1403 885 0
 280 780 1949 1296 0
 1949 280 1296 1565 0
 1581 1871 790 1305 0
 1565 1561 280 1296 0
 1561 1953 1559 1143 0
 1143 1953 1559 1824 0
 1143 1561 780 280 0
 1561 1953 1143 780 0
 2021 291 851 1689 0
 1953 1143 1005 1824 0
 1581 1338 1305 790 0
 1571 782 1275 1286 0
 286 1279 1304 1302 0
 1723 1580 1579 286 0
 1578 1958 1159 1302 0
 1573 782 1286 1688 0
 1573 1300 785 1688 0
 1831 1688 1300 1574 0
 1580 1304 1579 286 0
 1580 1871 1304 286 0
 1581 1580 1871 1305 0
 1127 1243 1520 119 0
 431 1170 366 335 0
 521 1180 366 689 0
 167 1222 175 177 0
 1259 414 1202 707 0
 856 1382 1980 179 0
 707 414 1202 476 0
 1963 1382 414 472 0
 611 414 707 476 0
 1222 419 175 177 0
 1414 590 1492 1174 0
 531 1210 1231 559 0
 1492 1426 1174 1936 0
 1426 727 1492 1414 0
 528 191 1231 207 0
 595 1882 1923 846 0
 1923 846 904 497 0
 1891 531 528 1231 0
 411 531 1891 482 0
 799 1229 292 993 0
 1041 1229 1030 799 0
 528 207 1231 1210 0
 1231 1210 531 528 0
 661 296 879 1856 0
 802 296 1856 937 0
 1629 927 1612 1915 0
 1612 1629 1915 676 0
 681 679 1372 677 0
 1994 2009 1801 1655 0
 1260 1372 677 681 0
 855 1591 1601 1830 0
 1210 1829 855 1830 0
 549 835 1049 374 0
 512 1925 944 1355 0
 899 944 512 1925 0
 512 1355 944 367 0
 896 1925 1355 944 0
 439 944 896 1355 0
 439 944 1355 367 0
 855 1830 1211 1210 0
 831 492 792 1048 0
 1057 792 1048 1964 0
 1057 1048 61 1964 0
 1829 1591 215 259 0
 1871 2001 286 1855 0
 1363 293 1693 1555 0
 800 801 815 1878 0
 1919 801 800 1878 0
 1893 276 269 240 0
 1961 1777 1208 1736 0
 804 1660 1858 589 0
 1591 267 223 259 0
 1119 1660 589 628 0
 1858 1660 804 884 0
 228 1605 244 274 0
 1601 1904 855 1833 0
 855 1601 269 224 0
 832 485 734 1499 0
 485 2003 734 1499 0
 1889 734 832 1199 0
 249 862 242 277 0
 1607 228 905 858 0
 1140 280 1729 925 0
 1605 862 242 249 0
 2034 1846 1221 1017 0
 1286 1712 2034 1275 0
 1616 925 281 1182 0
 1756 622 1723 286 0
 19 23 1079 1246 0
 6 681 2 1493 0
 1138 302 1261 829 0
 623 351 548 1255 0
 749 363 685 78 0
 673 1620 1110 284 0
 1243 433 1197 1172 0
 1127 1243 433 1197 0
 676 675 1612 1629 0
 1259 1407 414 1342 0
 1254 919 510 731 0
 439 896 592 564 0
 951 896 592 439 0
 1243 119 1469 1520 0
 1248 1059 436 553 0
 1248 709 1059 553 0
 934 1165 598 1971 0
 1141 1746 1971 934 0
 890 326 935 629 0
 936 629 891 942 0
 629 310 936 891 0
 1212 1103 1639 1638 0
 893 899 1084 945 0
 893 2046 899 940 0
 2016 326 941 894 0
 893 326 941 2016 0
 1639 1212 903 1103 0
 581 1346 1074 1429 0
 388 1085 565 1220 0
 772 907 1094 294 0
 1093 1322 1094 1521 0
 772 294 1094 1093 0
 1164 1467 1472 1862 0
 774 297 50 1096 0
 824 631 827 1359 0
 1635 1965 1100 1099 0
 1098 753 1635 1099 0
 1635 753 1965 1099 0
 767 1638 766 291 0
 1212 1638 767 291 0
 1639 767 768 1212 0
 774 297 1096 1426 0
 763 718 1877 753 0
 1635 2020 1877 764 0
 1636 764 765 2020 0
 768 903 1641 1639 0
 1643 770 771 1166 0
 1166 1643 1521 1093 0
 1643 1521 1091 1166 0
 766 765 1198 902 0
 772 294 1093 771 0
 771 1643 1166 1093 0
 1096 773 774 1426 0
 1096 773 1426 620 0
 383 984 995 384 0
 794 984 983 995 0
 669 391 392 1423 0
 1643 1641 769 1166 0
 1091 1641 1643 1166 0
 1643 769 770 1166 0
 774 50 297 43 0
 1096 50 847 297 0
 697 1423 391 669 0
 1096 1242 1426 297 0
 1093 1521 1166 1322 0
 1242 1426 620 1096 0
 910 872 54 300 0
 1693 1386 1166 293 0
 1698 49 297 844 0
 1954 294 842 843 0
 1877 290 1686 1703 0
 1703 1877 1135 1686 0
 762 303 1968 493 0
 834 495 1206 1062 0
 1970 495 1206 305 0
 1069 854 311 63 0
 1069 498 311 854 0
 1954 1166 842 294 0
 844 297 1698 928 0
 1698 297 49 35 0
 1683 45 753 33 0
 1683 718 15 33 0
 293 1693 692 1164 0
 1703 290 1686 1162 0
 1205 611 610 462 0
 1981 335 1193 613 0
 1628 718 1135 1877 0
 1167 1555 1693 1954 0
 657 678 424 870 0
 1703 1135 1628 1530 0
 1135 1686 1877 1683 0
 414 1222 1407 1382 0
 1114 704 1500 808 0
 1467 1956 652 1276 0
 1467 1282 652 1870 0
 923 2024 1843 1434 0
 2042 1034 2024 1843 0
 2024 923 1843 1034 0
 1047 1864 492 1057 0
 1047 1011 1284 1910 0
 1910 1011 1284 1909 0
 1163 1997 1124 1934 0
 544 1998 1126 1935 0
 1453 898 1410 1161 0
 925 1528 658 1143 0
 1976 562 805 359 0
 1108 359 1976 100 0
 738 1976 92 100 0
 1108 1976 738 100 0
 759 138 1272 146 0
 772 1426 1371 1875 0
 1698 297 35 18 0
 1936 18 297 1698 0
 928 297 1698 1936 0
 832 659 836 1199 0
 657 836 659 1199 0
 296 879 1856 937 0
 77 357 83 922 0
 1015 357 83 91 0
 922 357 1015 480 0
 922 1015 357 83 0
 1857 480 358 922 0
 922 77 358 84 0
 1857 84 922 358 0
 1857 358 92 84 0
 1581 1078 1871 1580 0
 1857 719 358 480 0
 5 790 23 1246 0
 2025 924 394 1398 0
 1989 1082 281 282 0
 1079 1246 24 19 0
 1711 1712 2034 1082 0
 1581 1078 1246 1871 0
 1714 1286 1571 1712 0
 1854 286 2001 1855 0
 1854 1913 286 1855 0
 980 379 978 733 0
 1676 1744 1959 1659 0
 2032 1920 852 1886 0
 538 1777 1208 1961 0
 861 2033 854 1886 0
 861 761 1973 1886 0
 1736 1944 1755 320 0
 1208 1777 538 663 0
 1012 1780 325 629 0
 1221 1017 280 1140 0
 1846 2034 1221 1275 0
 1880 1221 1452 1846 0
 281 1733 690 282 0
 281 543 282 690 0
 281 1989 282 543 0
 1989 281 1082 1933 0
 1230 109 1188 1977 0
 1525 1602 1977 1832 0
 1286 2034 647 1275 0
 1832 1602 361 721 0
 1757 1832 361 91 0
 1852 649 1699 1178 0
 1602 1977 1832 1309 0
 1159 1854 1751 286 0
 1751 651 285 927 0
 1896 1756 1723 1788 0
 1854 1913 1751 286 0
 1725 2001 1854 1159 0
 1767 378 1151 1387 0
 1767 1387 1151 1391 0
 853 1767 1391 1768 0
 622 1871 1855 654 0
 1855 622 286 1871 0
 286 789 1871 1304 0
 1807 1196 1890 1524 0
 1635 753 1877 1965 0
 1635 1877 753 763 0
 1877 763 796 718 0
 873 1032 1789 872 0
 991 873 1660 872 0
 840 1689 1686 902 0
 765 722 1198 902 0
 1162 1686 1689 290 0
 1689 1686 902 290 0
 1212 851 841 2021 0
 692 1212 1164 291 0
 1870 1212 291 1467 0
 597 1755 320 1736 0
 799 1229 1030 292 0
 993 1041 1229 1112 0
 1878 807 1919 1514 0
 800 1042 1878 815 0
 800 1878 1042 1041 0
 1919 1878 800 807 0
 1694 843 907 294 0
 1902 663 538 882 0
 699 317 604 1175 0
 878 646 802 1887 0
 1887 295 802 878 0
 1649 295 802 801 0
 802 295 1887 801 0
 1492 1426 1936 297 0
 1783 1743 447 483 0
 928 297 1426 844 0
 297 928 1426 1936 0
 1997 544 1124 1935 0
 1120 872 289 42 0
 1119 1120 1660 289 0
 831 792 492 1215 0
 792 492 1215 301 0
 1997 544 806 1124 0
 604 300 829 302 0
 873 300 829 1032 0
 910 1000 873 911 0
 817 300 604 302 0
 910 300 817 302 0
 301 303 1136 840 0
 301 303 840 902 0
 762 493 301 303 0
 493 1223 301 1136 0
 301 303 493 1136 0
 1101 902 303 301 0
 1101 301 303 762 0
 663 758 1261 579 0
 810 1139 304 1037 0
 1138 1261 758 1139 0
 810 758 1139 1138 0
 1216 1206 841 434 0
 1062 303 1206 834 0
 834 1206 1216 434 0
 1103 1206 2021 1212 0
 842 662 306 1600 0
 962 963 1754 1790 0
 1091 1166 1790 1600 0
 963 1091 1790 962 0
 598 934 1745 935 0
 1165 934 598 307 0
 1042 934 1165 1885 0
 1089 1322 1521 1094 0
 289 1660 1119 628 0
 629 816 890 936 0
 1117 878 1109 295 0
 1112 1126 1466 1878 0
 1132 1812 1663 1810 0
 1572 435 1242 1217 0
 1132 661 1810 1663 0
 1762 310 631 891 0
 937 1762 891 310 0
 991 1660 873 874 0
 1117 1128 1113 295 0
 1126 1113 1878 1112 0
 296 1132 1134 1130 0
 1812 1132 1134 879 0
 1120 38 42 289 0
 38 289 1120 1119 0
 312 492 906 347 0
 1284 492 316 906 0
 1284 316 932 906 0
 1439 315 493 1223 0
 319 1439 503 316 0
 319 504 625 316 0
 1813 422 870 713 0
 1208 317 625 504 0
 540 321 834 318 0
 495 318 834 321 0
 505 318 1652 321 0
 709 321 540 318 0
 709 505 321 318 0
 1803 507 639 496 0
 1162 1862 867 1198 0
 1077 323 1884 1144 0
 558 323 1884 1077 0
 2046 558 323 1884 0
 745 598 1755 1884 0
 1144 508 323 1944 0
 1144 1884 745 1755 0
 598 2046 326 1745 0
 2046 326 1745 893 0
 509 1235 1316 640 0
 1764 1316 1235 640 0
 509 602 329 640 0
 1012 629 325 561 0
 1946 1742 1741 325 0
 629 326 942 890 0
 942 561 894 326 0
 1947 1973 761 1886 0
 631 942 1924 891 0
 1924 942 1023 895 0
 1822 862 1605 249 0
 1607 862 242 1605 0
 1584 1899 335 563 0
 1899 1193 1238 335 0
 1981 335 1238 1193 0
 502 781 342 653 0
 653 377 826 444 0
 502 514 653 342 0
 502 340 514 1888 0
 502 1888 594 340 0
 343 346 634 1630 0
 317 617 1268 343 0
 343 1630 516 346 0
 1256 518 554 2044 0
 350 564 557 757 0
 1255 520 351 348 0
 348 351 1255 548 0
 353 1077 350 558 0
 855 1211 1830 216 0
 1601 855 1830 216 0
 994 350 558 353 0
 994 350 353 565 0
 1084 565 1927 945 0
 1927 565 1084 994 0
 1021 259 1829 251 0
 855 1591 259 1904 0
 207 1231 1829 251 0
 1021 559 1231 1210 0
 1021 1210 1231 1829 0
 567 355 562 358 0
 691 739 947 895 0
 207 1829 1231 1210 0
 855 253 1211 216 0
 2036 685 361 363 0
 685 363 527 361 0
 1442 685 527 532 0
 605 527 532 1442 0
 1187 532 499 605 0
 1228 532 685 499 0
 1228 532 499 1187 0
 1520 1243 1890 1469 0
 1200 1469 1890 1807 0
 1757 361 1832 1602 0
 2036 91 361 83 0
 2036 361 685 1251 0
 976 729 977 376 0
 516 379 664 375 0
 279 979 376 380 0
 516 376 664 380 0
 519 383 1463 665 0
 592 380 383 1447 0
 1463 383 1931 665 0
 1125 292 1124 1163 0
 387 794 983 995 0
 565 900 384 388 0
 2019 995 384 388 0
 565 388 384 995 0
 384 388 953 2019 0
 388 900 384 953 0
 38 628 289 1119 0
 628 289 17 38 0
 623 1937 523 1983 0
 523 1937 969 385 0
 1994 1984 1260 2010 0
 30 628 1986 1523 0
 628 1995 1119 30 0
 566 391 593 387 0
 2017 392 593 566 0
 388 2030 1464 956 0
 2017 392 956 593 0
 2010 2009 661 1801 0
 526 390 393 666 0
 526 391 666 1423 0
 567 392 1550 1423 0
 1848 778 658 3 0
 399 396 450 530 0
 605 996 397 400 0
 397 572 400 996 0
 572 1027 996 748 0
 1027 996 398 728 0
 1819 728 398 996 0
 1848 778 3 7 0
 611 476 403 404 0
 404 360 529 403 0
 404 529 476 403 0
 1045 756 403 610 0
 611 403 610 1045 0
 569 756 405 1168 0
 1855 1871 2001 1999 0
 1168 752 610 573 0
 1758 1881 283 1851 0
 1879 778 1848 7 0
 572 619 412 410 0
 608 656 412 410 0
 943 412 410 608 0
 943 412 619 410 0
 656 1364 457 1272 0
 1999 790 9 5 0
 655 1218 1776 660 0
 789 2001 1871 1414 0
 884 628 17 12 0
 243 1189 427 1190 0
 209 255 235 833 0
 243 1190 427 273 0
 678 870 416 364 0
 243 427 227 273 0
 209 255 1502 217 0
 2004 426 241 225 0
 422 659 209 833 0
 1240 422 235 833 0
 833 1502 209 255 0
 243 427 2003 227 0
 481 1978 1231 482 0
 1891 528 419 1231 0
 1978 411 1382 1891 0
 1891 1231 419 1978 0
 322 1929 1912 1930 0
 1803 639 1932 1680 0
 312 621 1941 1611 0
 849 1906 1928 1062 0
 1185 1905 1866 933 0
 1981 338 82 1238 0
 482 531 1891 1231 0
 531 201 482 411 0
 1876 727 1283 1867 0
 1199 833 1240 485 0
 657 870 1199 422 0
 422 1240 1813 1199 0
 870 422 1813 1199 0
 1813 185 870 424 0
 1877 763 764 796 0
 722 764 797 796 0
 722 764 765 797 0
 718 1490 763 795 0
 1874 1371 1271 788 0
 718 795 763 796 0
 1873 724 1872 784 0
 1873 1874 724 784 0
 722 797 765 798 0
 1876 1414 1875 1283 0
 1738 1875 1371 788 0
 1555 1637 1795 1872 0
 1869 767 766 291 0
 1870 767 1869 291 0
 1870 1212 767 291 0
 774 727 1867 297 0
 766 798 1869 1198 0
 774 1867 727 1876 0
 722 902 2020 290 0
 1874 294 1371 772 0
 43 1867 39 297 0
 771 1874 724 1873 0
 724 771 770 1166 0
 771 724 294 1166 0
 722 798 765 1198 0
 798 766 765 1198 0
 1874 771 294 772 0
 1876 773 1875 1426 0
 1876 774 773 1426 0
 774 727 1426 1876 0
 1414 1876 1875 1426 0
 1875 773 772 1426 0
 1872 769 768 293 0
 1166 769 1555 293 0
 1872 1555 724 770 0
 770 1555 724 1166 0
 1867 774 297 43 0
 1371 1174 1426 928 0
 772 1875 1371 1738 0
 774 1426 727 297 0
 764 796 722 1877 0
 766 1198 1869 291 0
 1872 293 768 1589 0
 771 724 1874 294 0
 1174 1694 1371 2013 0
 1846 1275 1452 1881 0
 904 862 264 226 0
 857 862 1607 858 0
 1175 1911 932 621 0
 1284 1911 312 932 0
 1909 1911 312 1284 0
 1911 1960 1959 1175 0
 1942 1911 1941 1909 0
 621 1911 1959 1175 0
 597 1755 1779 598 0
 598 1938 745 1779 0
 679 622 927 1913 0
 1489 1110 1914 1868 0
 654 679 1372 681 0
 927 651 1915 679 0
 1919 545 1917 703 0
 703 1914 545 1917 0
 1880 1618 1750 1949 0
 1198 779 1750 1731 0
 1271 1874 788 560 0
 1280 789 1304 1871 0
 1999 1871 2001 1492 0
 898 595 846 1882 0
 597 304 913 820 0
 913 820 821 597 0
 1900 821 820 597 0
 598 1165 822 821 0
 630 822 821 598 0
 914 821 822 1165 0
 1012 631 447 1783 0
 1410 1882 212 596 0
 1965 301 1921 2020 0
 1877 1686 2020 1921 0
 907 1371 928 1694 0
 495 849 1883 1929 0
 849 1975 1906 319 0
 1975 1883 1929 1912 0
 1970 1206 495 1062 0
 992 810 874 1001 0
 992 874 810 1163 0
 292 1229 304 1002 0
 993 1002 1229 292 0
 497 1923 905 1607 0
 1923 497 904 1607 0
 875 1002 304 912 0
 634 1926 279 944 0
 279 1926 437 944 0
 960 1521 1089 1322 0
 1802 1521 960 1322 0
 375 975 1150 978 0
 1447 981 380 1931 0
 981 314 1463 1931 0
 1770 809 642 985 0
 935 307 1885 1887 0
 1770 809 985 438 0
 1001 875 912 1002 0
 1125 1002 875 1001 0
 1048 1047 1284 492 0
 1057 1966 492 792 0
 1165 934 307 1885 0
 1062 1968 493 1097 0
 493 849 1062 1906 0
 1141 1165 1229 1040 0
 925 281 1933 1140 0
 1083 1712 2034 1286 0
 1007 1113 295 1008 0
 1128 1878 1113 295 0
 992 1163 1934 1122 0
 993 544 1935 1124 0
 304 1039 292 1037 0
 304 1139 1039 1037 0
 1478 1363 1749 1006 0
 1938 1780 745 1741 0
 597 1779 1755 1736 0
 1736 1777 597 1779 0
 1974 1235 1946 640 0
 816 878 1887 646 0
 543 1989 1940 1996 0
 1163 543 1934 1996 0
 543 1940 1934 1996 0
 1793 1724 986 368 0
 967 370 1420 541 0
 1350 967 370 1420 0
 734 427 227 2003 0
 734 1498 1499 2003 0
 175 419 1222 1891 0
 1848 778 1143 658 0
 658 1614 1523 925 0
 660 686 1529 1776 0
 1955 1221 1565 1569 0
 1571 1275 1956 1569 0
 1637 1839 1831 1685 0
 1159 1302 1958 1279 0
 1159 285 1427 1578 0
 1159 1279 286 1302 0
 1831 1685 1847 1637 0
 1580 622 1078 1871 0
 1648 1237 427 859 0
 1648 684 427 1237 0
 325 329 1946 1742 0
 684 426 2004 1237 0
 1750 1956 1221 1955 0
 1601 1833 1893 1892 0
 362 361 922 1950 0
 1950 77 922 84 0
 1950 84 922 1857 0
 1227 77 1950 84 0
 1251 1950 1227 77 0
 1251 361 362 1950 0
 922 361 1015 83 0
 742 246 1024 968 0
 1226 270 742 230 0
 1024 246 742 276 0
 248 1024 638 276 0
 898 210 846 236 0
 898 846 595 236 0
 1990 698 284 1753 0
 1083 2034 698 1286 0
 1988 1933 1081 281 0
 1211 208 253 233 0
 559 482 531 233 0
 1081 1988 589 1987 0
 1988 1081 589 281 0
 1140 2034 1733 282 0
 1081 589 1986 1987 0
 1997 543 282 1989 0
 1933 281 1988 1989 0
 1036 804 874 1660 0
 1756 1723 1788 1360 0
 2008 1993 287 1470 0
 2009 1130 296 1470 0
 1992 2008 287 1629 0
 473 660 165 173 0
 1897 1715 1655 1260 0
 1212 767 768 1870 0
 1872 770 769 1555 0
 229 1225 741 968 0
 609 534 751 139 0
 525 141 610 752 0
 916 1009 816 310 0
 1503 2002 1825 1613 0
 1614 589 1182 683 0
 683 1614 589 1523 0
 683 1523 589 628 0
 1962 1613 599 1825 0
 1503 2002 1074 1825 0
 925 1616 1614 1182 0
 1660 1789 804 884 0
 1858 628 1660 884 0
 1166 1954 842 1693 0
 839 1877 1683 753 0
 1135 1683 1877 718 0
 2025 924 1267 748 0
 1350 747 1147 1432 0
 1350 1420 747 1432 0
 971 1773 467 1232 0
 467 1232 970 971 0
 280 1711 1729 1565 0
 1536 831 1115 536 0
 1536 1263 831 576 0
 2039 1716 1341 1306 0
 1718 1574 1719 1178 0
 658 1075 1583 1528 0
 778 1827 1583 1952 0
 280 1561 925 1143 0
 280 1565 1949 1221 0
 1221 280 1565 1711 0
 1061 493 762 1968 0
 1063 495 1929 1062 0
 1063 1929 322 1930 0
 1063 322 496 1930 0
 1966 1964 792 1057 0
 313 975 375 978 0
 980 379 733 314 0
 696 313 664 733 0
 735 665 314 1931 0
 892 173 682 660 0
 1743 1783 447 331 0
 1784 1359 1783 331 0
 1693 1166 1386 842 0
 1641 768 769 293 0
 1972 178 682 200 0
 229 741 245 968 0
 742 741 1225 968 0
 1226 230 742 968 0
 1916 1680 1930 1932 0
 1916 639 1932 1918 0
 1047 1284 1864 1910 0
 1975 1906 1928 849 0
 1910 1284 1864 1909 0
 1909 1011 1863 1910 0
 1945 1918 1946 1111 0
 494 1944 320 1883 0
 1912 1916 322 1930 0
 74 1599 1743 1948 0
 1973 1948 761 1599 0
 1909 1284 312 1011 0
 1942 625 1911 1284 0
 1929 1928 1062 849 0
 1908 1235 1920 1974 0
 1932 1930 705 1680 0
 1932 1916 1680 639 0
 1916 1918 1944 639 0
 1144 1755 1739 1944 0
 1961 625 1960 1942 0
 1208 1736 1943 1961 0
 1676 1659 1959 1941 0
 320 1944 494 1736 0
 492 315 537 301 0
 537 1215 831 492 0
 493 315 301 1223 0
 537 1223 301 315 0
 1223 493 539 1136 0
 495 1062 834 849 0
 539 834 1136 493 0
 67 854 861 2033 0
 495 834 305 321 0
 540 321 305 834 0
 1177 321 496 288 0
 496 495 305 321 0
 597 1746 1971 1141 0
 598 1971 1745 934 0
 598 1745 326 935 0
 890 629 935 816 0
 629 890 942 936 0
 1762 891 1239 938 0
 1369 938 1239 891 0
 1369 938 1107 1239 0
 1943 1208 1961 625 0
 1743 1947 1948 761 0
 1973 1948 1599 74 0
 1743 1947 447 483 0
 312 347 781 81 0
 1388 76 81 339 0
 502 755 504 342 0
 502 343 504 317 0
 502 317 594 1888 0
 381 634 1268 617 0
 1941 621 1911 1959 0
 1743 331 1599 72 0
 709 505 318 1059 0
 1248 709 318 1059 0
 715 1059 505 345 0
 715 503 1059 345 0
 320 740 535 637 0
 887 505 507 321 0
 1652 908 505 507 0
 558 1077 350 323 0
 350 1084 323 557 0
 558 323 350 1084 0
 2046 557 1084 899 0
 2046 558 893 1084 0
 893 899 2046 1084 0
 506 323 1944 320 0
 1944 1883 494 1975 0
 893 558 326 2016 0
 2016 726 558 326 0
 2016 726 326 894 0
 919 478 1266 1181 0
 77 478 861 83 0
 358 77 511 743 0
 84 92 743 358 0
 84 743 77 358 0
 562 743 805 358 0
 1924 895 1023 1976 0
 1944 1945 1739 1144 0
 1944 1918 1945 1144 0
 640 325 1946 1111 0
 1276 1957 782 1571 0
 624 337 369 720 0
 541 1420 1137 338 0
 339 541 720 1204 0
 514 375 653 342 0
 279 439 380 346 0
 516 346 380 519 0
 554 1982 518 1256 0
 348 1982 1370 520 0
 1370 348 520 1255 0
 1370 554 1256 1982 0
 1982 382 349 518 0
 518 665 349 519 0
 782 1573 1957 785 0
 1573 1300 1957 785 0
 1982 349 382 520 0
 1957 1282 782 785 0
 865 383 564 757 0
 1467 1275 1956 1276 0
 1952 778 1273 25 0
 1338 790 27 31 0
 865 565 564 997 0
 1338 1283 790 31 0
 1255 520 1983 351 0
 351 623 523 1983 0
 1467 1275 1276 782 0
 520 523 1983 351 0
 1983 351 623 1255 0
 1374 623 1255 1983 0
 353 566 1085 387 0
 946 1220 900 565 0
 1955 1296 1949 1274 0
 523 390 441 354 0
 354 390 441 309 0
 566 947 2017 739 0
 1823 1542 1705 1840 0
 1816 1577 1823 1674 0
 1840 1705 1823 1816 0
 1277 1282 1957 785 0
 358 394 480 719 0
 719 394 1086 805 0
 359 1086 1424 1985 0
 359 567 1086 1985 0
 359 1321 1985 1424 0
 1277 1300 785 1957 0
 1685 1301 1847 1278 0
 1301 1685 1847 1831 0
 362 397 719 480 0
 719 1087 397 362 0
 1273 778 1487 25 0
 527 399 363 749 0
 499 749 1171 1442 0
 605 1442 1171 400 0
 366 689 1180 756 0
 404 369 529 360 0
 404 1033 369 360 0
 1349 369 404 1033 0
 569 405 747 406 0
 1350 370 1033 405 0
 1350 405 1443 747 0
 1065 530 396 409 0
 409 619 1022 1034 0
 2024 1034 409 396 0
 2024 409 1065 396 0
 397 1034 619 410 0
 397 619 572 410 0
 397 572 748 410 0
 410 2025 397 1034 0
 2025 410 397 748 0
 748 488 130 489 0
 398 488 1549 748 0
 1960 625 1911 1942 0
 322 1944 1916 1912 0
 1208 625 1748 1961 0
 1218 1775 889 573 0
 1959 1911 1941 1960 0
 1960 1748 1431 1175 0
 415 573 889 406 0
 415 716 1088 406 0
 415 1088 573 406 0
 1975 1883 1943 319 0
 1739 1779 745 1938 0
 1748 1175 1960 625 0
 1960 1175 1431 1959 0
 1961 625 1748 1960 0
 1743 1784 331 72 0
 827 1012 1783 631 0
 1779 597 598 630 0
 1901 452 62 1262 0
 1508 2040 1477 331 0
 394 1398 2023 2025 0
 167 1891 1222 1963 0
 1891 1382 1222 1963 0
 1407 1222 414 1342 0
 1963 472 168 1382 0
 168 472 160 856 0
 1092 1970 305 962 0
 1965 1099 1966 1100 0
 301 1966 1100 1965 0
 303 1968 1102 1101 0
 1966 792 1099 1965 0
 305 1970 1092 1103 0
 301 1967 1101 1100 0
 1100 301 1967 1966 0
 301 1061 1967 1966 0
 1968 1101 762 1967 0
 1967 762 1968 1061 0
 303 1969 1103 1102 0
 1102 303 1969 1968 0
 303 1062 1969 1968 0
 1970 1103 1206 1969 0
 1969 1206 1970 1062 0
 1964 57 53 299 0
 1964 53 1098 299 0
 1968 493 303 1062 0
 1101 762 303 1968 0
 1966 492 301 1061 0
 1965 792 301 1966 0
 1100 2020 301 1965 0
 1102 1638 303 1101 0
 1964 1098 1099 299 0
 169 181 416 422 0
 170 1418 2047 184 0
 305 1641 1103 1092 0
 1161 1418 1297 2047 0
 902 1636 1100 1101 0
 1418 2047 184 1297 0
 448 185 678 2012 0
 303 1638 1102 1103 0
 1103 1212 2021 1638 0
 187 425 188 418 0
 571 418 188 425 0
 571 1161 418 425 0
 187 425 418 1453 0
 1970 305 962 1063 0
 1103 1206 305 1970 0
 1912 1975 1883 1944 0
 2033 1973 1886 861 0
 1973 861 67 71 0
 1920 1947 1235 1886 0
 1052 1907 1764 1908 0
 1947 1886 1920 1973 0
 1973 1948 1947 761 0
 430 334 1158 1172 0
 536 831 1215 576 0
 537 315 546 436 0
 67 2033 861 1973 0
 537 315 1115 546 0
 537 1115 1247 546 0
 1971 1746 940 934 0
 1980 487 1382 1145 0
 1369 1976 895 1924 0
 1978 1222 1382 1407 0
 641 1152 950 1926 0
 1747 1504 641 950 0
 1981 933 1131 335 0
 1866 1981 933 1131 0
 1993 2009 1500 1470 0
 1921 902 840 1686 0
 2020 722 1877 764 0
 764 1635 2020 1636 0
 2020 902 1921 1686 0
 765 722 902 2020 0
 839 1877 1921 1686 0
 810 1035 1037 1036 0
 1035 873 1036 874 0
 1035 1036 810 874 0
 873 1035 1036 1032 0
 840 1689 902 2021 0
 1638 902 291 2021 0
 291 1638 2021 1212 0
 1212 692 841 851 0
 840 851 1689 2021 0
 1984 1493 1702 1260 0
 1987 589 1996 1988 0
 169 416 2037 422 0
 1119 589 1995 628 0
 1995 1986 30 628 0
 1995 589 1986 628 0
 1119 1996 589 1660 0
 1995 1119 1996 589 0
 88 335 1193 96 0
 1493 681 2 1246 0
 1677 1894 1868 1554 0
 531 559 233 1211 0
 1895 1991 1621 776 0
 846 210 256 236 0
 1276 1571 1275 1956 0
 1897 1994 1260 1655 0
 1984 1260 1897 1994 0
 1984 1702 1897 1260 0
 1762 938 937 891 0
 244 274 1190 278 0
 1068 472 635 152 0
 472 635 1382 1068 0
 1980 635 1382 856 0
 2011 850 671 125 0
 460 678 163 171 0
 336 301 1921 1215 0
 1489 1677 284 1110 0
 426 225 2004 217 0
 2004 2003 485 1499 0
 1616 1017 1140 1016 0
 426 2004 1502 217 0
 734 1498 2003 219 0
 925 280 1016 1140 0
 734 219 2003 227 0
 1017 2034 647 1619 0
 647 1846 2034 1017 0
 1562 1178 1718 1719 0
 2004 426 2005 241 0
 426 684 2004 2005 0
 241 2005 277 271 0
 2005 1189 1822 684 0
 1183 1024 638 248 0
 1629 1992 2008 2007 0
 316 319 1922 625 0
 625 319 1922 1943 0
 287 1993 2008 1992 0
 506 320 1944 1883 0
 508 506 1944 322 0
 1144 324 1111 845 0
 324 1144 1918 639 0
 509 1235 640 329 0
 1920 852 1886 1235 0
 511 1235 509 329 0
 328 509 1235 1316 0
 511 1886 1235 761 0
 861 77 761 478 0
 2007 545 1991 2006 0
 1998 1126 2006 545 0
 1973 1599 761 861 0
 1629 1109 2007 2008 0
 2007 1450 2008 1109 0
 2009 1130 1132 296 0
 2009 296 1132 661 0
 2009 661 1132 2010 0
 2009 1994 1801 2010 0
 1130 2008 1109 1470 0
 334 933 75 1158 0
 334 513 933 1158 0
 506 637 345 740 0
 1392 582 428 588 0
 362 922 361 480 0
 685 361 527 362 0
 1251 361 685 362 0
 1442 749 527 685 0
 499 749 685 78 0
 685 363 749 527 0
 516 379 1463 664 0
 516 379 519 1463 0
 519 665 1463 379 0
 920 794 522 1003 0
 983 386 794 387 0
 526 391 1595 666 0
 526 666 393 2043 0
 480 2043 393 923 0
 1045 756 610 405 0
 404 1045 1033 360 0
 610 1045 405 1532 0
 1045 1033 405 1532 0
 365 275 741 247 0
 409 943 619 1034 0
 943 609 619 412 0
 608 1364 609 412 0
 1233 412 619 609 0
 1233 412 609 1364 0
 1821 1814 1879 1160 0
 1414 1492 1426 1174 0
 1414 2001 1492 590 0
 1822 1605 862 1190 0
 956 669 2031 1464 0
 2031 392 1028 957 0
 2030 388 955 956 0
 1373 749 939 1176 0
 2035 1456 446 1462 0
 951 952 2029 592 0
 956 1220 593 388 0
 953 955 2030 388 0
 953 388 2030 2019 0
 384 953 2029 2019 0
 696 733 664 981 0
 979 696 380 981 0
 2029 2028 592 1679 0
 2029 592 384 1679 0
 666 954 2023 697 0
 666 954 736 2023 0
 384 1679 2019 2029 0
 2028 1447 592 1679 0
 1405 1835 484 1497 0
 906 492 315 347 0
 503 1439 607 316 0
 1439 315 607 316 0
 319 503 1439 318 0
 505 1652 318 715 0
 715 318 505 1059 0
 715 503 318 1059 0
 322 495 496 321 0
 507 321 322 496 0
 1652 507 505 321 0
 374 835 328 327 0
 1051 1066 1803 1932 0
 1056 854 1054 1069 0
 1863 1057 1048 61 0
 1056 854 1069 63 0
 1863 1047 1048 1057 0
 1056 854 63 67 0
 1764 852 1053 1735 0
 1908 1052 1053 1764 0
 67 854 2033 1056 0
 1053 1735 852 2032 0
 2032 1053 1054 852 0
 852 854 1054 1886 0
 1054 1886 2033 2032 0
 2044 1059 554 553 0
 1054 2033 854 1056 0
 2044 554 1256 553 0
 348 505 908 507 0
 1052 1809 1764 1841 0
 348 1982 349 518 0
 348 349 1982 520 0
 1863 1048 65 61 0
 351 966 352 523 0
 520 352 523 351 0
 986 1728 1459 1204 0
 529 1197 369 1507 0
 624 1507 369 1197 0
 624 369 1728 720 0
 515 379 378 518 0
 379 978 378 980 0
 1151 1982 643 382 0
 382 520 1151 1982 0
 520 386 385 523 0
 523 385 969 386 0
 700 969 730 985 0
 523 389 441 390 0
 309 441 389 390 0
 523 389 390 969 0
 1047 1011 1910 1863 0
 395 1065 1345 1673 0
 1642 694 1345 721 0
 450 396 395 530 0
 395 530 396 1065 0
 2038 1493 28 1260 0
 738 332 2040 1976 0
 2041 60 64 828 0
 387 995 983 982 0
 597 2046 881 1755 0
 598 2046 1755 1884 0
 2046 323 1084 557 0
 2046 323 558 1084 0
 738 2040 92 1976 0
 2040 743 1976 332 0
 631 332 331 1239 0
 1239 332 331 2040 0
 350 1084 557 564 0
 350 565 1084 564 0
 558 1084 350 994 0
 994 1084 350 565 0
 726 602 561 1055 0
 726 994 558 353 0
 1085 994 353 565 0
 726 566 353 1055 0
 726 994 353 1085 0
 726 566 1085 353 0
 1209 569 689 366 0
 1962 1613 1825 2002 0
 977 376 754 1270 0
 592 384 383 564 0
 564 565 384 997 0
 565 995 384 997 0
 1085 593 388 387 0
 566 593 1085 387 0
 388 995 982 2019 0
 995 388 982 387 0
 566 391 392 593 0
 566 392 1550 567 0
 719 394 924 1086 0
 397 748 398 924 0
 924 398 397 1087 0
 719 397 1087 924 0
 1087 398 397 996 0
 397 572 996 748 0
 397 748 996 398 0
 605 401 996 400 0
 996 401 572 400 0
 400 1245 401 1207 0
 572 401 1207 400 0
 1245 400 401 1171 0
 406 1443 405 747 0
 1088 716 1443 406 0
 748 572 1644 410 0
 656 486 1644 1272 0
 410 656 1644 1272 0
 868 413 656 1106 0
 636 1440 1106 656 0
 656 413 577 1106 0
 1235 761 1947 329 0
 584 162 154 459 0
 153 1157 416 161 0
 710 1157 1072 153 0
 153 416 1157 1072 0
 176 1382 1963 168 0
 1099 299 753 1965 0
 299 792 1099 1964 0
 1965 1215 301 792 0
 1099 792 299 1965 0
 1913 927 1751 286 0
 622 1855 1913 654 0
 1913 651 1854 1751 0
 1246 901 5 790 0
 1246 681 2 654 0
 1895 1868 1653 1718 0
 927 285 1612 651 0
 1541 1523 1986 1081 0
 1081 1523 1986 589 0
 416 2037 422 870 0
 1418 837 2047 1161 0
 170 837 2047 1418 0
 1814 1827 778 1952 0
 1601 240 269 224 0
 1893 638 1833 276 0
 1833 365 1904 475 0
 1601 1833 855 269 0
 1601 1893 1833 269 0
 1892 1904 1601 1833 0
 1046 100 92 1857 0
 1269 1046 719 100 0
 1046 1857 719 100 0
 342 503 607 755 0
 502 755 342 781 0
 1641 293 769 1166 0
 1599 1743 761 331 0
 1943 319 1208 625 0
 End
